user_id,cycle_number,age,height_cm,weight_kg,bmi,last_period_start,previous_cycle_length,cycle_length_2,cycle_length_3,cycle_length_4,cycle_length_5,average_cycle_length_3,average_cycle_length_5,cycle_std_dev,previous_period_duration,usual_period_duration,flow_intensity,spotting_before_period,spotting_between_periods,cycle_irregularity_history,stress_level,anxiety_level,sleep_hours,sleep_quality,exercise_frequency_days,exercise_intensity,daily_steps,work_study_load,recent_travel,major_life_change,weight_change_30d_kg,calorie_change_per_day,meal_skipping,diet_change_recently,recent_illness,pcos_diagnosis,thyroid_condition,endometriosis,fibroids,hormonal_contraception,emergency_contraception_recent,medication_change_recently,actual_next_period_start,actual_next_cycle_length,days_until_next_period
U00001,2,37,160.4,53.0,20.6,2026-05-24,33,33,31,34,36,32.33,33.4,1.62,5,4,Medium,0,0,0,8,7,9.7,3,5,Low,11175,9,0,0,1.0,-101,0,0,0,0,0,0,1,0,0,0,2026-06-30,37,37
U00002,2,22,155.2,54.2,22.5,2026-07-15,31,29,33,31,31,31.0,31.0,1.26,4,4,Medium,0,0,0,6,4,8.3,2,5,Moderate,13351,4,0,0,-0.9,-359,0,0,0,0,0,0,0,0,0,0,2026-08-15,31,31
U00003,5,18,167.4,54.9,19.6,2026-07-17,26,26,27,27,25,26.33,26.2,0.75,3,3,Medium,0,0,0,5,4,7.5,10,7,Moderate,5782,5,0,1,0.1,144,0,1,0,0,0,0,1,1,0,0,2026-08-12,26,26
U00004,11,32,163.3,50.9,19.1,2026-07-18,28,26,30,26,30,28.0,28.0,1.79,4,3,Light,0,1,0,8,10,5.7,2,2,High,2579,7,1,0,1.8,-168,0,0,0,0,0,1,0,0,0,0,2026-08-17,30,30
U00005,8,26,156.5,56.6,23.1,2026-04-09,27,25,29,28,28,27.0,27.4,1.36,6,5,Light,0,0,0,6,5,7.2,8,3,High,10674,2,0,0,0.5,-89,1,0,1,0,0,0,0,0,0,0,2026-05-05,26,26
U00006,4,28,160.8,63.1,24.4,2026-05-06,27,26,24,28,28,25.67,26.6,1.5,5,4,Heavy,0,0,0,6,7,6.1,2,5,Low,2618,3,0,0,0.0,70,0,0,0,0,0,0,0,1,0,1,2026-06-05,30,30
U00007,8,19,148.5,51.2,23.2,2026-04-10,26,27,29,29,26,27.33,27.4,1.36,3,3,Medium,0,0,0,9,2,6.0,9,4,Low,8822,2,0,0,2.1,161,1,0,0,0,0,0,0,1,0,0,2026-05-07,27,27
U00008,6,26,153.3,66.7,28.4,2026-02-22,28,26,28,30,23,27.33,27.0,2.37,4,3,Medium,0,1,0,3,3,8.3,4,1,High,5390,4,0,0,-0.3,-669,0,0,0,0,0,0,0,0,0,0,2026-03-24,30,30
U00009,3,32,153.3,66.7,28.4,2026-02-21,29,28,28,29,30,28.33,28.8,0.75,7,5,Light,0,0,0,6,6,5.0,5,2,Low,4952,8,0,0,-1.1,279,0,0,0,0,0,0,0,0,0,0,2026-03-23,30,30
U00010,8,26,155.9,58.3,24.0,2026-06-28,27,25,28,30,27,26.67,27.4,1.62,7,7,Medium,0,0,0,2,3,6.3,4,0,Moderate,10409,8,0,0,-0.1,321,1,0,1,0,0,0,0,0,0,0,2026-07-26,28,28
U00011,4,37,157.5,55.1,22.2,2026-07-12,28,28,29,32,30,28.33,29.4,1.5,6,7,Medium,0,1,0,7,6,7.7,10,2,Low,10584,1,1,0,0.1,24,0,0,1,0,0,0,1,0,0,0,2026-08-10,29,29
U00012,5,36,171.9,51.4,17.4,2026-01-05,27,29,29,26,25,28.33,27.2,1.6,7,7,Medium,0,0,0,5,3,7.0,7,1,Low,4092,2,0,0,-1.6,-11,0,0,0,0,0,0,0,0,0,0,2026-02-03,29,29
U00013,2,34,163.6,60.2,22.5,2026-02-26,31,30,33,32,33,31.33,31.8,1.17,3,5,Medium,0,1,0,2,3,8.7,3,3,Moderate,7713,7,0,0,0.1,-352,0,0,0,0,0,0,0,0,0,0,2026-03-27,29,29
U00014,3,38,163.1,59.3,22.3,2026-01-25,30,29,29,32,27,29.33,29.4,1.62,5,7,Light,0,0,1,7,8,7.1,7,3,Moderate,6099,8,1,0,-0.4,57,0,0,0,1,0,0,0,0,1,0,2026-02-25,31,31
U00015,2,34,158.0,65.9,26.4,2026-02-13,32,33,28,32,31,31.0,31.2,1.72,5,7,Heavy,0,1,1,5,8,7.7,10,0,Low,3934,2,1,0,-1.5,-632,0,0,0,1,0,0,0,0,0,0,2026-03-21,36,36
U00016,8,22,159.9,47.8,18.7,2026-03-19,30,31,32,29,32,31.0,30.8,1.17,5,4,Heavy,0,0,0,5,4,6.6,7,0,Low,7141,2,1,0,-0.4,-177,0,0,0,0,0,0,0,0,0,0,2026-04-17,29,29
U00017,11,37,163.9,69.3,25.8,2026-08-20,29,30,30,32,30,29.67,30.2,0.98,7,7,Heavy,0,0,0,10,10,7.8,5,0,Moderate,7788,6,0,1,-2.4,-383,0,0,0,0,0,0,0,0,0,0,2026-09-18,29,29
U00018,3,33,157.8,61.3,24.6,2026-05-30,27,29,30,29,25,28.67,28.0,1.79,7,5,Light,0,0,0,1,7,7.6,6,2,Low,5858,9,0,0,0.0,-376,0,1,1,0,0,0,0,1,0,0,2026-06-25,26,26
U00019,8,20,160.8,47.6,18.4,2026-01-28,29,29,32,26,31,30.0,29.4,2.06,6,4,Medium,0,0,0,5,5,7.3,4,0,Moderate,9116,2,0,0,1.6,-190,0,0,0,0,0,0,0,0,0,0,2026-02-26,29,29
U00020,7,24,155.4,43.7,18.1,2026-05-07,29,30,32,29,33,30.33,30.6,1.62,6,3,Medium,0,0,0,2,7,7.1,4,4,Low,6753,4,0,1,0.1,-310,1,1,0,0,0,0,0,0,0,0,2026-06-04,28,28
U00021,3,21,164.6,62.3,23.0,2026-03-17,29,32,33,30,29,31.33,30.6,1.62,6,7,Medium,0,0,0,2,6,5.9,1,3,Low,12443,3,0,0,-1.4,-84,0,0,1,0,0,0,0,0,0,0,2026-04-14,28,28
U00022,9,40,158.8,62.0,24.6,2026-03-18,29,29,26,29,30,28.0,28.6,1.36,6,5,Medium,0,0,0,5,1,7.9,3,7,Moderate,8577,3,1,0,-0.9,317,0,0,1,0,0,0,0,1,0,0,2026-04-17,30,30
U00023,11,34,154.3,42.6,17.9,2026-03-23,32,33,32,30,31,32.33,31.6,1.02,3,5,Light,1,0,0,10,9,5.4,1,4,Low,5968,7,0,0,-0.2,389,0,0,0,0,0,1,0,0,0,0,2026-04-28,36,36
U00024,11,39,166.4,73.9,26.7,2026-02-09,29,29,30,29,28,29.33,29.0,0.63,3,4,Medium,0,0,0,7,4,5.8,6,5,Low,11380,2,1,0,-0.4,-294,0,0,0,0,0,0,0,0,0,0,2026-03-12,31,31
U00025,5,24,162.9,66.3,25.0,2026-03-14,36,36,35,35,36,35.67,35.6,0.49,7,7,Medium,0,0,1,5,1,10.0,9,4,High,6405,7,1,0,-1.0,-407,0,0,0,1,0,0,0,0,0,0,2026-04-20,37,37
U00026,4,32,149.4,67.9,30.4,2026-06-04,26,26,26,25,22,26.0,25.0,1.55,4,6,Medium,0,1,0,5,3,7.3,9,0,Moderate,9957,6,0,0,0.7,444,0,0,0,0,0,0,0,0,0,1,2026-06-29,25,25
U00027,5,31,149.2,67.7,30.4,2026-07-13,32,37,32,31,33,33.67,33.0,2.1,6,4,Light,0,0,1,1,10,6.4,10,0,Moderate,4239,4,0,0,1.4,440,1,0,0,1,0,0,0,0,0,0,2026-08-14,32,32
U00028,6,35,145.2,33.7,16.0,2026-03-29,31,30,33,32,32,31.33,31.6,1.02,7,7,Light,0,0,0,3,9,8.4,8,0,Moderate,10124,2,0,0,-0.2,68,0,0,0,0,0,0,0,0,0,0,2026-04-27,29,29
U00029,10,20,168.9,51.6,18.1,2026-02-10,30,32,28,31,30,30.0,30.2,1.33,5,3,Medium,0,0,0,7,1,8.5,7,1,Moderate,6447,6,0,1,0.2,-210,0,1,0,0,0,0,0,0,0,0,2026-03-11,29,29
U00030,7,29,162.7,42.4,16.0,2026-02-26,30,28,32,31,27,30.0,29.6,1.85,3,7,Light,0,0,0,2,4,5.2,2,6,Moderate,8971,7,0,0,-1.0,-159,0,0,1,0,0,0,0,0,0,0,2026-03-28,30,30
U00031,12,32,169.3,53.3,18.6,2026-08-07,29,27,27,28,27,27.67,27.6,0.8,5,4,Medium,0,0,0,8,10,5.8,1,5,High,2445,5,0,1,0.3,-82,0,0,0,0,0,0,1,0,0,0,2026-09-04,28,28
U00032,7,36,158.6,66.4,26.4,2026-07-14,31,34,32,31,31,32.33,31.8,1.17,4,6,Medium,0,0,0,7,3,6.5,5,4,Low,6528,4,0,1,1.5,-539,0,1,0,0,0,0,0,0,0,0,2026-08-12,29,29
U00033,12,33,165.8,81.1,29.5,2026-02-21,30,32,29,28,28,30.33,29.4,1.5,6,3,Medium,0,0,0,1,7,6.4,7,4,Moderate,3791,10,0,0,0.6,-355,0,1,0,0,0,1,0,1,0,0,2026-03-21,28,28
U00034,8,28,158.1,40.0,16.0,2026-06-17,25,27,27,27,26,26.33,26.4,0.8,5,5,Medium,0,0,0,8,9,7.5,6,1,Moderate,7905,1,0,0,-0.9,-363,0,0,0,0,0,0,0,0,0,0,2026-07-12,25,25
U00035,2,28,165.6,63.6,23.2,2026-01-26,27,28,26,26,27,27.0,26.8,0.75,7,3,Medium,0,0,0,8,5,7.2,7,3,High,10201,4,0,0,0.5,-59,1,0,0,0,0,0,0,1,0,0,2026-02-23,28,28
U00036,3,25,145.0,43.5,20.7,2026-07-05,27,26,27,27,27,26.67,26.8,0.4,6,5,Heavy,0,0,0,9,2,6.5,2,7,Moderate,8463,6,0,0,1.2,-117,0,0,0,0,0,0,1,1,0,1,2026-08-02,28,28
U00037,8,21,160.0,67.8,26.5,2026-05-26,27,29,28,31,30,28.0,29.0,1.41,7,3,Medium,0,0,0,9,4,6.9,1,4,Moderate,2681,7,0,0,-1.3,-54,0,0,0,0,0,0,0,0,0,0,2026-06-24,29,29
U00038,9,24,168.2,48.9,17.3,2026-03-31,31,28,28,34,29,29.0,30.0,2.28,7,5,Light,0,0,0,6,3,7.5,4,0,Low,5040,10,0,0,1.1,-464,0,0,0,0,0,0,0,0,0,0,2026-05-03,33,33
U00039,11,21,157.2,65.2,26.4,2026-05-08,36,36,37,36,35,36.33,36.0,0.63,3,3,Medium,0,0,1,4,2,7.6,10,3,Moderate,13827,2,0,0,-1.0,-543,0,0,0,1,0,0,0,0,0,0,2026-06-14,37,37
U00040,11,23,168.5,58.5,20.6,2026-01-22,29,28,27,28,28,28.0,28.0,0.63,4,5,Light,0,0,0,2,3,6.8,10,2,Low,12906,5,0,0,0.1,-83,0,0,0,0,0,0,0,0,0,0,2026-02-20,29,29
U00041,8,37,150.0,36.4,16.2,2026-06-26,27,27,28,30,28,27.33,28.0,1.1,3,7,Medium,0,0,0,8,5,7.1,6,2,Low,13150,1,0,0,-0.1,-347,0,0,0,0,0,0,0,0,0,0,2026-07-24,28,28
U00042,7,30,150.7,59.7,26.3,2026-08-28,25,25,28,28,24,26.0,26.0,1.67,3,6,Medium,0,1,0,7,6,7.5,9,5,Low,13455,8,0,0,-0.7,278,0,0,0,0,0,0,0,1,0,0,2026-09-20,23,23
U00043,5,20,155.1,64.7,26.9,2026-05-02,29,29,30,30,32,29.33,30.0,1.1,5,4,Medium,0,0,0,9,1,6.4,9,4,High,7966,6,0,0,1.5,-215,0,1,1,0,0,0,0,0,0,0,2026-06-04,33,33
U00044,6,27,154.1,50.1,21.1,2026-07-11,27,28,26,27,30,27.0,27.6,1.36,4,7,Light,0,1,0,1,6,8.0,9,7,Moderate,3868,2,0,0,-0.4,202,0,0,0,0,0,0,0,0,0,0,2026-08-05,25,25
U00045,3,24,163.8,80.8,30.1,2026-05-14,27,26,24,28,28,25.67,26.6,1.5,5,6,Medium,0,0,0,2,6,7.8,9,7,Moderate,3046,4,0,0,-3.0,-573,0,0,0,0,0,0,0,1,0,0,2026-06-11,28,28
U00046,6,33,163.3,45.3,17.0,2026-03-25,28,26,29,26,27,27.67,27.2,1.17,5,5,Heavy,1,0,0,2,1,6.0,9,6,Moderate,4254,7,0,0,0.7,-413,0,0,0,0,0,1,1,0,0,0,2026-04-19,25,25
U00047,11,37,169.8,75.0,26.0,2026-01-28,30,30,29,31,30,29.67,30.0,0.63,4,7,Light,0,0,0,5,4,6.3,2,1,Low,11913,9,0,0,0.0,-675,0,1,0,0,0,1,0,0,0,0,2026-02-26,29,29
U00048,6,18,163.6,71.5,26.7,2026-05-16,29,31,30,28,29,30.0,29.4,1.02,6,7,Medium,0,0,0,1,6,6.1,2,3,Moderate,5948,9,0,1,-0.1,-116,0,0,0,0,0,0,0,0,0,1,2026-06-08,23,23
U00049,10,28,155.1,53.4,22.2,2026-07-19,30,32,30,33,29,30.67,30.8,1.47,5,4,Medium,0,0,0,7,2,6.0,5,5,Low,3972,3,0,0,0.5,303,0,0,0,0,0,1,0,0,0,0,2026-08-20,32,32
U00050,9,28,159.1,64.8,25.6,2026-05-06,33,37,33,35,36,34.33,34.8,1.6,5,6,Medium,1,0,0,4,1,6.4,3,2,Low,4673,7,0,0,0.0,-559,0,1,0,0,0,0,0,0,1,0,2026-06-08,33,33
U00051,3,40,159.4,57.7,22.7,2026-02-20,29,28,31,28,27,29.33,28.6,1.36,4,4,Light,0,1,0,6,3,6.0,8,4,Moderate,2069,4,0,0,1.7,-75,1,1,0,0,0,0,0,0,0,0,2026-03-24,32,32
U00052,8,26,155.3,56.7,23.5,2026-04-18,32,29,31,33,30,30.67,31.0,1.41,7,4,Medium,0,0,0,6,6,8.2,6,2,High,11508,8,0,0,-0.3,-205,0,0,0,0,1,0,0,0,0,0,2026-05-19,31,31
U00053,8,21,149.0,56.6,25.5,2026-04-07,34,34,33,34,35,33.67,34.0,0.63,4,7,Heavy,0,0,1,5,8,7.9,10,5,Moderate,2583,3,0,0,-0.2,-593,0,0,0,1,0,0,0,1,0,0,2026-05-15,38,38
U00054,5,22,161.5,50.6,19.4,2026-07-19,26,25,26,27,24,25.67,25.6,1.02,7,3,Light,0,0,0,7,6,6.2,6,7,Low,3356,1,0,0,-1.0,-697,0,0,0,0,0,0,0,0,0,0,2026-08-14,26,26
U00055,5,28,163.5,72.4,27.1,2026-05-20,31,29,33,32,30,31.0,31.0,1.41,4,7,Medium,0,0,0,10,8,7.4,4,0,Low,12221,4,0,1,-0.8,-236,1,0,0,0,0,0,0,0,0,0,2026-06-21,32,32
U00056,4,31,161.9,68.7,26.2,2026-04-29,34,35,34,33,35,34.33,34.2,0.75,6,5,Heavy,0,0,1,10,9,6.9,10,2,Moderate,10788,3,0,0,-0.9,-537,1,0,0,1,0,0,1,0,0,0,2026-06-01,33,33
U00057,3,25,163.1,55.9,21.0,2026-01-25,31,32,28,31,30,30.33,30.4,1.36,5,4,Light,1,0,0,9,10,6.8,7,0,Low,9491,4,0,0,-1.7,-604,0,0,1,0,1,0,0,0,0,0,2026-02-28,34,34
U00058,2,28,171.6,63.9,21.7,2026-04-23,32,30,33,34,31,31.67,32.0,1.41,5,6,Medium,1,0,0,9,10,4.6,10,5,Moderate,13373,2,0,0,0.0,-251,0,0,0,0,0,0,1,0,0,0,2026-05-28,35,35
U00059,11,33,158.2,44.0,17.6,2026-04-15,32,34,31,36,33,32.33,33.2,1.72,7,4,Medium,0,0,0,8,7,4.6,8,3,Low,8096,5,0,0,0.6,-65,0,0,0,0,0,0,0,0,1,0,2026-05-19,34,34
U00060,9,24,168.7,60.9,21.4,2026-07-02,31,29,33,34,30,31.0,31.4,1.85,7,5,Light,0,1,0,8,4,8.3,5,2,High,8820,8,0,0,-0.3,481,0,1,1,0,0,0,0,0,0,0,2026-08-03,32,32
U00061,9,40,169.4,81.8,28.5,2026-05-20,33,36,33,31,36,34.0,33.8,1.94,7,4,Light,0,0,0,6,1,4.9,9,1,Low,8572,2,0,0,1.0,112,0,1,0,0,0,0,0,0,0,0,2026-06-21,32,32
U00062,7,22,160.2,50.0,19.5,2026-03-29,34,32,32,33,34,32.67,33.0,0.89,5,7,Light,0,0,0,9,8,5.6,3,1,High,7575,4,0,0,-1.3,-32,0,0,1,0,0,0,0,0,0,0,2026-05-02,34,34
U00063,6,39,171.4,66.1,22.5,2026-05-06,31,31,31,31,32,31.0,31.2,0.4,3,6,Medium,0,1,0,4,5,7.7,7,3,High,12901,7,0,0,-0.2,-609,0,0,0,0,0,0,0,0,0,0,2026-06-06,31,31
U00064,3,38,156.8,61.5,25.0,2026-08-27,24,23,24,21,25,23.67,23.4,1.36,3,7,Heavy,0,0,0,9,1,5.8,1,0,High,13139,7,0,0,-1.3,-550,0,1,0,0,0,0,0,0,0,1,2026-09-21,25,25
U00065,8,40,164.3,55.3,20.5,2026-04-09,33,34,31,33,32,32.67,32.6,1.02,5,7,Medium,0,0,1,3,2,9.2,10,0,Low,8039,9,0,0,0.1,-100,0,1,1,1,1,0,0,1,0,0,2026-05-10,31,31
U00066,2,36,156.2,61.5,25.2,2026-05-11,33,33,33,32,32,33.0,32.6,0.49,3,4,Medium,0,0,0,10,9,7.4,6,3,Low,12128,4,0,0,-0.8,-281,0,0,0,0,0,0,0,0,0,0,2026-06-13,33,33
U00067,7,30,168.3,77.9,27.5,2026-03-12,25,22,25,25,25,24.0,24.4,1.2,3,7,Heavy,0,0,0,5,4,6.4,1,5,Moderate,8461,4,0,0,1.6,168,0,0,0,0,0,1,0,0,0,0,2026-04-08,27,27
U00068,9,31,154.3,50.7,21.3,2026-02-04,34,35,33,34,32,34.0,33.6,1.02,6,5,Medium,0,0,0,8,3,7.8,3,4,Low,9463,9,1,0,1.1,173,0,0,0,0,1,0,0,0,0,0,2026-03-11,35,35
U00069,3,22,164.3,58.0,21.5,2026-06-22,29,29,29,29,28,29.0,28.8,0.4,6,3,Medium,0,0,0,3,1,7.5,4,3,Moderate,10075,6,0,1,-0.5,414,0,0,0,0,0,0,0,0,0,0,2026-07-24,32,32
U00070,7,25,159.4,60.7,23.9,2026-02-15,25,26,27,26,23,26.0,25.4,1.36,5,3,Medium,0,0,0,9,8,5.5,1,1,Moderate,5303,9,0,0,1.7,-691,0,0,0,0,0,0,0,0,0,0,2026-03-16,29,29
U00071,9,28,162.5,66.8,25.3,2026-05-11,30,30,28,28,31,29.33,29.4,1.2,3,4,Medium,1,0,0,4,1,6.2,1,0,High,5454,2,0,0,0.9,-252,1,1,0,0,1,0,0,0,0,0,2026-06-12,32,32
U00072,10,39,161.2,78.5,30.2,2026-01-08,39,36,39,39,37,38.0,38.0,1.26,7,3,Medium,0,0,1,4,5,7.1,2,6,Low,11123,4,0,0,1.6,196,0,0,1,1,0,1,0,0,0,0,2026-02-18,41,41
U00073,7,36,158.6,62.1,24.7,2026-06-25,28,29,28,27,27,28.33,27.8,0.75,7,6,Medium,0,0,0,4,5,6.7,3,3,Moderate,10518,8,0,0,-0.0,-270,0,0,0,0,0,0,0,0,0,0,2026-07-23,28,28
U00074,11,30,159.2,69.7,27.5,2026-06-30,27,26,27,29,31,26.67,28.0,1.79,7,5,Medium,0,0,0,4,10,6.0,1,2,Moderate,3134,6,0,0,-0.3,438,0,0,0,0,0,0,0,1,0,0,2026-07-28,28,28
U00075,4,31,154.0,51.7,21.8,2026-06-02,31,33,34,31,32,32.67,32.2,1.17,3,4,Light,0,0,0,8,7,5.4,2,7,Low,3263,7,1,0,0.7,136,0,0,0,0,0,0,0,0,0,0,2026-07-05,33,33
U00076,11,27,155.8,50.5,20.8,2026-05-29,28,27,28,26,26,27.67,27.0,0.89,7,4,Light,0,0,0,6,6,8.2,10,2,Low,10030,2,0,0,-0.7,-394,0,0,0,0,0,0,0,0,0,0,2026-06-27,29,29
U00077,7,27,165.6,63.3,23.1,2026-05-22,27,27,27,25,29,27.0,27.0,1.26,3,6,Light,0,0,0,4,9,7.2,8,4,High,4094,3,0,0,-0.7,387,0,0,0,0,0,0,0,0,0,0,2026-06-19,28,28
U00078,6,38,151.2,60.1,26.3,2026-07-23,30,28,29,31,31,29.0,29.8,1.17,3,5,Medium,1,0,0,7,7,6.6,6,2,High,13371,4,0,0,0.6,-207,0,0,0,0,0,0,0,0,0,0,2026-08-21,29,29
U00079,11,18,166.2,66.0,23.9,2026-01-25,30,26,30,29,29,28.67,28.8,1.47,3,3,Heavy,0,0,0,6,1,7.1,2,5,Moderate,7465,7,1,0,-0.8,-237,0,0,0,0,0,0,0,0,0,0,2026-02-21,27,27
U00080,5,25,169.8,72.7,25.2,2026-05-24,31,34,30,32,28,31.67,31.0,2.0,6,3,Light,0,0,0,9,1,6.6,7,3,Low,2601,5,0,0,0.8,54,0,0,0,0,0,0,0,1,0,0,2026-06-27,34,34
U00081,5,27,162.6,75.4,28.5,2026-08-12,29,30,34,30,28,31.0,30.2,2.04,5,7,Heavy,0,0,0,9,2,8.6,6,4,Moderate,5478,9,0,0,-1.0,198,0,1,0,0,0,0,0,0,0,0,2026-09-09,28,28
U00082,10,34,151.0,49.3,21.6,2026-06-08,27,26,27,29,26,26.67,27.0,1.1,4,6,Medium,0,0,0,4,5,6.5,9,0,Moderate,11496,5,0,0,-2.0,178,0,0,0,0,0,0,0,1,0,0,2026-07-03,25,25
U00083,3,27,161.3,71.0,27.3,2026-05-08,30,31,27,29,31,29.33,29.6,1.5,5,6,Light,0,0,0,7,6,8.8,7,1,Low,2797,6,0,1,-0.4,285,0,0,0,0,1,0,0,0,0,0,2026-06-08,31,31
U00084,11,25,165.7,56.3,20.5,2026-05-31,32,34,35,31,31,33.67,32.6,1.62,4,7,Medium,1,0,0,10,5,9.0,7,4,Low,4604,8,1,1,-0.7,126,0,0,0,0,0,0,0,0,0,0,2026-07-05,35,35
U00085,2,19,159.3,66.2,26.1,2026-05-30,24,23,22,23,25,23.0,23.4,1.02,6,4,Medium,0,0,0,2,3,7.1,2,6,Moderate,5294,9,0,0,0.2,-224,0,0,0,0,0,0,0,0,0,0,2026-06-25,26,26
U00086,2,24,158.4,54.7,21.8,2026-06-06,28,26,28,29,28,27.33,27.8,0.98,5,5,Heavy,0,0,0,6,5,7.0,3,7,Moderate,12427,3,0,0,0.1,338,0,0,0,0,0,0,0,0,0,1,2026-07-02,26,26
U00087,3,20,170.4,62.1,21.4,2026-03-30,26,26,27,27,26,26.33,26.4,0.49,5,6,Light,0,1,0,7,2,6.9,9,6,Moderate,8329,7,0,0,1.6,301,1,1,1,0,0,0,0,0,0,0,2026-04-23,24,24
U00088,2,34,162.1,59.1,22.5,2026-01-24,28,26,30,28,29,28.0,28.2,1.33,4,4,Medium,0,0,0,8,10,6.4,10,3,Low,2515,4,0,0,0.2,-598,0,0,0,0,0,0,0,0,0,1,2026-02-22,29,29
U00089,6,27,156.8,42.0,17.1,2026-03-02,29,28,30,29,29,29.0,29.0,0.63,7,7,Heavy,0,0,0,9,3,7.7,3,7,High,2513,1,0,0,-0.7,-377,0,1,0,0,0,0,0,0,0,0,2026-03-31,29,29
U00090,9,23,150.8,54.6,24.0,2026-06-24,32,33,31,30,31,32.0,31.4,1.02,3,7,Medium,1,0,0,5,3,8.4,7,2,Moderate,7749,7,0,0,0.4,-306,0,0,0,0,0,0,0,0,0,0,2026-07-27,33,33
U00091,2,30,154.4,45.8,19.2,2026-06-11,32,30,28,31,33,30.0,30.8,1.72,4,3,Medium,0,0,0,9,7,7.7,9,5,High,11626,7,0,0,-3.7,-383,0,0,0,0,0,0,0,0,0,0,2026-07-12,31,31
U00092,12,29,156.8,39.3,16.0,2026-07-31,32,35,37,38,30,34.67,34.4,3.01,5,7,Medium,0,0,1,1,2,8.6,8,1,High,7799,4,0,0,0.1,-42,0,1,1,0,0,0,0,0,0,1,2026-08-31,31,31
U00093,8,28,149.9,41.3,18.4,2026-08-25,29,28,32,26,27,29.67,28.4,2.06,6,4,Heavy,0,1,0,1,6,4.9,7,5,Moderate,2356,1,0,0,-0.1,189,0,0,0,0,0,0,0,0,0,0,2026-09-23,29,29
U00094,8,31,164.2,58.5,21.7,2026-06-28,33,31,32,31,32,32.0,31.8,0.75,7,3,Heavy,0,0,0,3,9,4.6,8,1,High,13703,8,0,0,-0.5,312,0,1,0,0,0,0,0,0,0,0,2026-07-30,32,32
U00095,7,32,162.6,63.5,24.0,2026-06-21,25,27,25,26,27,25.67,26.0,0.89,3,5,Light,0,0,0,10,1,7.3,7,4,Low,7563,3,0,0,-0.7,161,0,0,0,0,0,0,0,0,0,0,2026-07-17,26,26
U00096,3,22,152.3,50.8,21.9,2026-08-23,31,30,29,33,31,30.0,30.8,1.33,7,7,Heavy,0,0,0,7,1,6.0,8,0,Moderate,5493,5,0,0,-1.6,-537,0,0,0,0,0,0,0,1,0,0,2026-09-20,28,28
U00097,11,21,154.5,59.0,24.7,2026-06-10,27,25,27,28,25,26.33,26.4,1.2,6,6,Medium,0,0,1,6,1,6.9,8,3,High,13475,3,1,0,-0.8,-333,0,0,1,1,0,0,1,0,0,0,2026-07-10,30,30
U00098,4,34,155.2,51.1,21.2,2026-03-23,29,28,30,29,30,29.0,29.2,0.75,6,7,Medium,0,1,1,7,3,6.7,5,6,High,5366,4,0,0,-1.1,-273,0,0,0,1,0,0,0,1,0,0,2026-04-22,30,30
U00099,12,40,153.3,44.4,18.9,2026-07-04,28,26,30,29,27,28.0,28.0,1.41,3,3,Heavy,1,0,0,4,7,7.7,3,3,Low,9463,2,0,0,0.4,-524,0,1,1,0,0,0,0,0,0,0,2026-08-02,29,29
U00100,5,30,153.3,54.1,23.0,2026-01-20,31,31,30,28,32,30.67,30.4,1.36,7,6,Light,0,0,0,4,3,7.0,10,6,Moderate,3814,9,1,1,-0.5,-128,0,0,0,0,0,0,0,0,0,0,2026-02-20,31,31
U00101,10,28,156.6,48.3,19.7,2026-02-05,27,31,30,29,29,29.33,29.2,1.33,6,3,Medium,0,0,0,6,2,7.0,3,3,Moderate,11777,4,0,0,1.2,-640,0,0,0,0,0,0,0,0,0,0,2026-03-03,26,26
U00102,7,32,169.2,66.7,23.3,2026-06-23,31,30,34,31,32,31.67,31.6,1.36,6,6,Heavy,0,0,0,10,8,8.2,5,1,High,4983,7,0,0,-0.6,60,0,0,0,0,0,0,0,0,0,0,2026-07-22,29,29
U00103,7,18,160.0,60.4,23.6,2026-01-21,27,25,28,28,28,26.67,27.2,1.17,7,4,Medium,0,0,0,4,1,5.6,4,6,Moderate,11302,8,1,1,1.8,283,0,1,1,0,0,0,0,0,0,0,2026-02-20,30,30
U00104,10,26,154.8,57.3,23.9,2026-03-06,33,32,32,34,34,32.33,33.0,0.89,3,4,Light,0,0,0,4,3,7.2,9,0,Low,13973,2,0,0,-1.9,394,0,0,1,0,0,0,0,0,0,0,2026-04-08,33,33
U00105,5,26,159.8,66.9,26.2,2026-05-26,30,31,31,31,30,30.67,30.6,0.49,3,3,Medium,0,0,0,6,4,7.9,6,5,Moderate,6979,8,0,0,-1.6,-320,0,0,0,0,0,0,0,1,0,0,2026-06-26,31,31
U00106,3,27,154.8,54.4,22.7,2026-08-03,37,39,33,36,38,36.33,36.6,2.06,6,7,Medium,0,0,1,5,6,5.6,10,7,High,5543,5,0,0,-0.7,-119,1,0,0,1,0,0,0,0,0,0,2026-09-08,36,36
U00107,12,35,150.3,45.9,20.3,2026-05-07,24,21,22,25,24,22.33,23.2,1.47,4,6,Medium,0,0,0,1,2,6.8,8,1,Moderate,11336,10,0,0,-0.1,-636,1,0,0,0,0,0,0,0,0,0,2026-05-28,21,21
U00108,9,29,153.6,48.6,20.6,2026-08-05,25,27,24,25,21,25.33,24.4,1.96,5,3,Medium,0,0,0,4,6,7.1,6,0,Low,3871,2,0,1,-0.3,320,0,0,0,0,0,0,0,0,0,0,2026-08-28,23,23
U00109,7,37,173.5,67.4,22.4,2026-07-11,28,26,28,31,27,27.33,28.0,1.67,6,4,Medium,0,0,0,6,1,6.6,10,6,High,8080,5,0,0,0.1,-558,0,0,0,0,0,0,1,0,0,0,2026-08-10,30,30
U00110,7,28,161.2,48.1,18.5,2026-04-27,27,25,30,27,29,27.33,27.6,1.74,5,4,Medium,0,0,0,2,8,7.2,1,2,Moderate,12042,5,0,0,0.4,340,0,1,0,0,0,0,0,0,0,0,2026-05-21,24,24
U00111,12,18,162.9,73.2,27.6,2026-06-30,28,29,31,29,27,29.33,28.8,1.33,4,5,Heavy,0,0,0,2,3,7.4,3,4,Moderate,8416,7,0,0,0.1,-78,0,0,1,0,0,0,0,1,0,0,2026-07-27,27,27
U00112,11,33,164.0,75.6,28.1,2026-08-07,27,26,25,28,28,26.0,26.8,1.17,6,4,Heavy,0,0,1,6,3,7.7,5,1,Low,6960,4,0,0,-0.0,-537,0,0,0,1,0,0,0,0,0,0,2026-09-04,28,28
U00113,3,36,166.0,53.7,19.5,2026-05-31,27,27,27,27,24,27.0,26.4,1.2,4,3,Light,0,0,0,3,5,7.5,5,2,Low,2674,5,1,0,-1.4,-96,0,1,0,0,0,0,0,0,0,1,2026-06-24,24,24
U00114,5,31,161.4,79.2,30.4,2026-01-26,30,30,29,30,29,29.67,29.6,0.49,6,6,Heavy,1,0,0,6,10,5.9,5,6,Low,10994,4,1,0,-0.8,81,0,0,1,0,0,0,0,1,0,0,2026-02-27,32,32
U00115,2,39,160.1,44.3,17.3,2026-07-14,28,26,27,28,24,27.0,26.6,1.5,7,7,Medium,0,0,0,1,5,6.0,4,4,Low,4963,3,0,0,1.6,-503,0,0,0,0,0,0,0,0,0,0,2026-08-09,26,26
U00116,11,27,163.9,72.0,26.8,2026-01-05,28,29,26,29,27,27.67,27.8,1.17,6,6,Heavy,0,0,0,3,6,6.3,6,0,High,2792,1,1,0,1.2,-9,1,0,1,0,0,0,0,0,0,0,2026-02-03,29,29
U00117,7,36,161.0,59.1,22.8,2026-05-23,34,33,37,31,32,34.67,33.4,2.06,6,5,Medium,0,0,0,5,2,7.6,9,7,Moderate,13207,4,0,0,0.2,270,0,0,1,0,1,0,0,1,0,0,2026-06-27,35,35
U00118,12,18,173.5,81.0,26.9,2026-07-12,29,28,27,29,27,28.0,28.0,0.89,3,6,Medium,0,0,0,10,2,5.7,8,4,Moderate,5663,5,0,0,0.5,233,0,1,0,0,0,0,0,0,0,0,2026-08-12,31,31
U00119,2,18,155.8,64.1,26.4,2026-01-30,27,24,27,28,29,26.0,27.0,1.67,3,7,Heavy,0,0,0,3,9,8.0,10,5,Low,4622,10,0,0,-0.3,-698,0,0,0,0,0,0,0,0,0,0,2026-02-22,23,23
U00120,8,36,157.8,65.2,26.2,2026-04-13,29,30,27,29,26,28.67,28.2,1.47,6,7,Medium,0,0,0,3,4,6.4,8,0,Low,2111,9,0,0,2.0,-280,0,0,1,0,0,0,0,0,0,1,2026-05-09,26,26
U00121,5,38,159.8,59.2,23.2,2026-01-26,32,34,34,32,33,33.33,33.0,0.89,3,6,Light,1,0,0,8,10,6.4,9,1,Low,12109,3,0,0,-1.3,-255,0,0,1,0,1,0,0,1,0,0,2026-02-28,33,33
U00122,12,29,159.1,56.2,22.2,2026-01-25,28,26,29,30,28,27.67,28.2,1.33,6,3,Medium,0,0,0,4,6,6.7,10,4,High,2480,7,0,0,0.3,280,0,0,1,0,0,0,0,0,0,0,2026-02-22,28,28
U00123,7,35,167.8,63.9,22.7,2026-05-25,25,24,26,26,25,25.0,25.2,0.75,7,7,Medium,0,0,0,8,3,6.4,1,3,Low,6258,7,0,0,-0.3,-159,0,0,0,0,0,0,0,0,0,0,2026-06-16,22,22
U00124,8,25,177.8,65.8,20.8,2026-07-03,29,27,29,28,30,28.33,28.6,1.02,4,5,Light,0,0,0,10,1,6.9,10,1,Low,10402,3,0,0,-0.9,-147,0,0,0,0,0,0,0,0,0,1,2026-07-31,28,28
U00125,7,34,159.4,52.3,20.6,2026-02-26,29,26,28,32,26,27.67,28.2,2.23,7,6,Medium,0,1,0,6,3,7.8,5,2,Moderate,3938,6,0,0,0.2,-69,0,0,0,0,0,0,0,0,0,1,2026-03-29,31,31
U00126,12,29,165.7,47.0,17.1,2026-03-19,29,28,28,30,28,28.33,28.6,0.8,6,7,Light,0,1,0,5,9,9.3,10,0,High,12918,8,0,0,0.2,438,0,0,0,0,0,0,0,0,0,1,2026-04-19,31,31
U00127,12,24,155.8,59.0,24.3,2026-04-10,34,32,33,32,34,33.0,33.0,0.89,6,3,Medium,0,1,1,8,9,6.3,7,5,Moderate,12668,3,0,0,0.6,184,0,0,1,1,0,0,0,0,0,0,2026-05-15,35,35
U00128,12,20,154.0,37.9,16.0,2026-03-29,31,31,33,29,31,31.67,31.0,1.26,3,4,Heavy,1,0,0,6,7,5.6,1,3,Moderate,11576,3,0,0,0.6,-162,0,1,1,0,0,0,0,0,0,0,2026-05-02,34,34
U00129,11,22,157.2,72.4,29.3,2026-04-16,25,26,24,27,23,25.0,25.0,1.41,5,4,Medium,1,0,0,8,5,7.0,3,1,Low,8994,10,0,1,1.0,449,0,0,0,0,0,0,0,0,0,0,2026-05-13,27,27
U00130,11,38,172.8,66.9,22.4,2026-02-03,32,30,33,30,31,31.67,31.2,1.17,6,6,Heavy,1,0,1,1,4,4.8,2,7,Low,9776,5,0,0,-1.1,172,0,0,0,1,0,0,0,0,0,0,2026-03-07,32,32
U00131,9,28,167.1,48.9,17.5,2026-05-13,30,30,31,29,28,30.33,29.6,1.02,5,7,Heavy,0,0,0,9,8,7.7,7,3,Low,8040,9,0,0,0.5,-165,0,0,0,0,0,0,0,0,1,0,2026-06-13,31,31
U00132,10,40,168.9,71.9,25.2,2026-06-25,28,28,29,28,28,28.33,28.2,0.4,5,6,Medium,0,0,0,4,4,7.9,4,2,Moderate,6697,8,0,1,-0.3,-610,0,1,0,0,0,0,0,0,0,0,2026-07-23,28,28
U00133,2,26,166.8,44.5,16.0,2026-05-02,32,33,34,31,35,33.0,33.0,1.41,5,3,Medium,0,0,0,10,3,6.4,9,4,Low,4417,5,0,0,-2.3,-299,0,0,0,0,0,0,0,0,0,0,2026-06-02,31,31
U00134,6,19,159.3,40.6,16.0,2026-04-26,28,30,27,26,29,28.33,28.0,1.41,6,6,Heavy,0,0,0,4,3,8.3,4,1,Low,11457,8,0,0,-1.1,-535,0,0,0,0,0,0,0,0,0,0,2026-05-23,27,27
U00135,10,23,155.9,42.5,17.5,2026-05-20,27,27,25,26,25,26.33,26.0,0.89,3,7,Medium,0,0,0,3,8,8.7,9,2,Moderate,5327,9,0,0,1.3,-506,0,0,0,0,0,0,0,0,0,0,2026-06-15,26,26
U00136,4,26,154.1,52.2,22.0,2026-01-12,28,30,30,26,30,29.33,28.8,1.6,3,7,Medium,0,0,0,10,9,7.7,9,7,Moderate,10468,3,0,0,1.3,-94,0,0,0,0,0,1,0,0,0,1,2026-02-08,27,27
U00137,4,34,166.4,64.2,23.2,2026-03-22,31,31,30,28,28,30.67,29.6,1.36,7,7,Medium,0,0,0,5,10,7.6,8,0,Low,7660,1,0,0,0.6,-222,1,0,0,0,0,0,0,0,0,1,2026-04-27,36,36
U00138,11,34,155.1,54.8,22.8,2026-01-21,33,32,29,36,33,31.33,32.6,2.24,6,7,Heavy,0,0,0,8,5,6.1,2,1,Moderate,9159,6,0,0,-0.7,50,0,0,1,0,0,0,0,0,1,0,2026-02-21,31,31
U00139,8,34,163.7,65.7,24.5,2026-02-05,28,27,29,26,25,28.0,27.0,1.41,4,7,Heavy,0,1,0,7,10,7.0,2,6,Moderate,11377,7,0,0,-1.1,-490,0,1,0,0,1,0,0,0,0,0,2026-03-05,28,28
U00140,5,25,163.4,52.1,19.5,2026-07-31,30,28,30,31,31,29.33,30.0,1.1,4,5,Light,1,0,0,6,1,8.1,10,2,Low,12955,3,0,0,0.3,103,0,0,0,0,0,0,0,1,0,0,2026-08-30,30,30
U00141,8,26,172.7,76.7,25.7,2026-07-20,32,31,31,33,35,31.33,32.4,1.5,5,5,Medium,0,1,0,4,1,7.5,7,7,Low,9819,9,0,0,-2.2,-625,0,0,0,0,0,0,1,0,0,0,2026-08-20,31,31
U00142,7,31,165.4,71.4,26.1,2026-07-02,37,40,39,40,35,38.67,38.2,1.94,7,7,Heavy,0,0,0,9,9,5.5,2,1,High,12620,6,0,0,0.1,242,0,0,1,0,0,0,0,0,1,1,2026-08-08,37,37
U00143,6,31,155.4,51.0,21.1,2026-06-07,31,32,32,33,32,31.67,32.0,0.63,4,3,Medium,0,0,0,4,4,7.4,2,1,Moderate,9099,2,0,1,-1.1,-478,1,1,0,0,0,0,0,0,0,0,2026-07-04,27,27
U00144,6,27,159.9,65.5,25.6,2026-05-01,29,26,30,29,29,28.33,28.6,1.36,5,6,Medium,0,0,0,10,8,7.0,5,2,Moderate,5459,5,0,0,-0.2,-583,0,1,0,0,0,0,0,0,0,0,2026-06-02,32,32
U00145,10,22,161.1,48.0,18.5,2026-06-28,27,25,26,30,27,26.0,27.0,1.67,3,3,Medium,0,0,0,3,3,8.8,1,4,High,5699,1,0,0,-1.2,-140,0,0,0,0,0,0,0,0,0,0,2026-07-22,24,24
U00146,3,35,153.2,59.6,25.4,2026-05-27,28,30,29,30,30,29.0,29.4,0.8,3,6,Light,0,0,0,5,2,8.4,4,6,Moderate,13174,10,0,1,-0.4,437,0,0,0,0,0,0,1,0,0,0,2026-06-22,26,26
U00147,12,29,147.6,58.0,26.6,2026-07-26,25,26,26,24,27,25.67,25.6,1.02,5,6,Heavy,0,0,0,9,2,6.6,2,6,Moderate,2263,7,0,0,-0.4,374,0,0,0,0,0,0,0,0,0,1,2026-08-21,26,26
U00148,6,40,161.3,66.9,25.7,2026-04-01,28,24,29,28,27,27.0,27.2,1.72,7,4,Medium,0,0,0,2,8,8.6,2,3,Moderate,3499,7,0,0,-0.6,-157,0,0,0,0,0,0,0,0,0,0,2026-04-29,28,28
U00149,11,39,154.1,38.0,16.0,2026-06-25,30,30,30,31,31,30.0,30.4,0.49,3,7,Heavy,1,0,0,4,10,7.0,3,3,Moderate,9148,10,1,0,-0.5,393,0,1,0,0,0,1,0,0,0,1,2026-07-28,33,33
U00150,4,38,156.0,57.7,23.7,2026-08-24,30,35,32,31,29,32.33,31.4,2.06,4,3,Heavy,0,0,0,1,10,6.8,7,6,High,11785,6,0,0,-2.4,466,0,0,1,0,0,0,0,0,0,0,2026-09-21,28,28
U00151,3,40,154.9,48.9,20.4,2026-06-22,30,31,30,32,30,30.33,30.6,0.8,4,6,Light,1,0,0,6,1,6.3,9,0,Low,13227,8,1,0,0.5,-663,0,0,1,0,0,0,0,0,0,0,2026-07-22,30,30
U00152,10,32,155.8,58.3,24.0,2026-02-08,31,34,30,29,30,31.67,30.8,1.72,6,5,Light,0,0,0,8,2,6.0,9,4,Moderate,8067,5,0,0,-0.2,-274,0,0,0,0,0,0,0,0,1,1,2026-03-12,32,32
U00153,7,24,161.8,62.3,23.8,2026-06-08,29,29,29,29,30,29.0,29.2,0.4,4,6,Light,0,0,0,8,3,5.3,10,3,Low,9354,6,0,0,-1.4,-413,0,0,0,0,0,0,0,0,0,0,2026-07-09,31,31
U00154,7,21,161.1,52.4,20.2,2026-07-15,27,28,25,25,26,26.67,26.2,1.17,5,6,Medium,0,0,0,1,4,7.9,3,2,High,10847,5,1,0,-0.6,-247,0,0,1,0,0,0,0,0,0,0,2026-08-10,26,26
U00155,2,20,153.3,52.6,22.4,2026-06-04,28,27,29,26,28,28.0,27.6,1.02,5,7,Medium,0,0,0,10,8,6.7,7,5,Moderate,6514,6,0,0,0.7,475,0,1,0,0,0,0,0,0,0,0,2026-07-02,28,28
U00156,6,39,167.2,67.1,24.0,2026-04-15,37,34,36,36,36,35.67,35.8,0.98,4,7,Light,0,0,1,2,1,4.7,6,2,High,4397,6,0,0,-1.3,-218,1,1,0,1,0,0,0,0,0,1,2026-05-23,38,38
U00157,12,24,160.1,51.0,19.9,2026-02-22,27,28,23,29,26,26.0,26.6,2.06,5,5,Heavy,0,0,0,2,10,5.6,2,2,Low,7017,4,0,0,-0.1,247,1,0,0,0,0,0,0,0,0,0,2026-03-19,25,25
U00158,12,18,156.2,46.6,19.1,2026-06-07,31,32,33,31,33,32.0,32.0,0.89,6,3,Light,0,0,0,3,7,7.1,9,6,High,7238,1,0,0,-1.4,-442,0,0,0,0,1,0,0,0,0,0,2026-07-06,29,29
U00159,9,18,159.1,61.5,24.3,2026-06-16,27,26,31,26,26,28.0,27.2,1.94,5,5,Medium,0,0,0,10,2,6.4,6,0,Moderate,9405,8,0,0,1.5,-459,0,0,0,0,0,0,0,0,0,0,2026-07-12,26,26
U00160,11,24,165.9,59.7,21.7,2026-02-14,29,28,28,32,32,28.33,29.8,1.83,6,7,Medium,0,0,1,4,10,7.2,1,1,High,10193,8,0,0,-2.5,-243,0,0,0,1,1,0,0,0,0,0,2026-03-13,27,27
U00161,6,40,152.4,53.9,23.2,2026-02-07,30,30,32,30,33,30.67,31.0,1.26,5,4,Light,0,0,0,10,4,7.8,8,1,Moderate,10438,2,0,0,1.1,-376,1,0,0,0,0,0,0,0,0,0,2026-03-09,30,30
U00162,11,24,151.8,52.5,22.8,2026-05-17,35,34,37,36,32,35.33,34.8,1.72,6,7,Medium,0,1,0,6,8,5.8,1,6,Low,11938,7,0,0,1.2,166,1,0,0,0,1,0,0,0,0,0,2026-06-23,37,37
U00163,10,20,148.2,50.3,22.9,2026-03-12,30,32,31,29,30,31.0,30.4,1.02,7,3,Light,0,0,0,2,3,8.3,6,4,High,10341,9,0,0,1.4,-384,0,0,1,0,0,0,1,0,0,0,2026-04-12,31,31
U00164,9,33,167.5,58.9,21.0,2026-04-20,27,24,29,27,24,26.67,26.2,1.94,3,3,Light,0,0,0,5,10,6.4,7,1,Moderate,10665,7,0,0,-0.1,435,0,0,0,0,0,0,0,0,0,0,2026-05-18,28,28
U00165,9,19,163.0,62.2,23.4,2026-04-20,28,27,28,29,29,27.67,28.2,0.75,6,7,Light,1,0,0,3,7,7.1,3,2,Low,5857,10,0,1,-0.7,156,0,0,1,0,0,0,0,0,0,0,2026-05-17,27,27
U00166,9,29,154.1,58.4,24.6,2026-01-22,33,34,36,32,34,34.33,33.8,1.33,3,5,Heavy,0,0,0,9,3,8.1,4,2,Moderate,9831,10,0,1,0.4,41,1,0,0,0,1,1,0,0,0,0,2026-02-25,34,34
U00167,6,19,157.3,56.2,22.7,2026-05-15,26,27,25,26,28,26.0,26.4,1.02,7,5,Medium,0,0,0,10,1,6.9,10,3,High,4757,2,0,1,-0.0,-165,0,1,0,0,0,0,0,0,0,0,2026-06-10,26,26
U00168,5,20,165.4,53.6,19.6,2026-05-27,29,28,29,29,31,28.67,29.2,0.98,6,6,Medium,0,0,0,3,1,6.6,8,0,Moderate,3596,9,0,1,-0.4,-634,1,0,0,0,0,0,0,0,0,1,2026-06-23,27,27
U00169,10,26,155.1,55.6,23.1,2026-06-19,27,28,26,26,27,27.0,26.8,0.75,3,4,Medium,0,0,0,1,4,6.1,3,0,Moderate,2644,8,0,0,-1.3,312,0,0,0,0,0,0,0,0,0,0,2026-07-13,24,24
U00170,8,18,157.4,57.7,23.3,2026-08-08,34,33,34,37,34,33.67,34.4,1.36,6,6,Medium,0,0,0,10,8,6.9,8,7,High,5012,1,0,1,0.1,126,0,0,1,0,0,1,0,0,0,0,2026-09-15,38,38
U00171,7,37,161.2,56.1,21.6,2026-02-16,31,31,30,29,34,30.67,31.0,1.67,6,5,Medium,0,0,0,6,4,6.8,3,4,Low,5644,1,0,0,1.2,309,0,0,0,0,0,0,1,1,0,0,2026-03-18,30,30
U00172,5,31,153.7,42.3,17.9,2026-05-13,29,28,29,28,29,28.67,28.6,0.49,4,7,Heavy,0,0,0,7,9,6.6,5,2,Low,12441,8,0,0,0.9,-658,0,1,0,0,0,0,0,0,0,0,2026-06-08,26,26
U00173,4,39,167.7,69.7,24.8,2026-08-26,31,30,33,28,29,31.33,30.2,1.72,3,5,Heavy,0,0,0,7,1,8.5,2,3,Moderate,7432,8,0,1,-1.7,-346,0,0,1,0,0,0,0,0,0,0,2026-09-27,32,32
U00174,3,29,157.2,56.8,23.0,2026-02-08,21,23,20,22,21,21.33,21.4,1.02,6,7,Light,0,0,0,8,9,7.7,4,7,Low,3154,4,0,0,0.0,117,0,1,0,0,0,0,0,1,0,0,2026-03-02,22,22
U00175,11,30,162.7,59.3,22.4,2026-02-18,32,36,30,35,34,32.67,33.4,2.15,4,3,Light,0,0,0,3,10,5.4,4,5,High,2598,7,0,1,0.3,212,1,0,0,0,1,0,0,1,0,1,2026-03-20,30,30
U00176,7,31,156.1,40.9,16.8,2026-05-09,28,25,29,27,30,27.33,27.8,1.72,3,3,Medium,0,0,0,3,2,7.1,7,3,Low,4295,7,0,0,0.2,-455,0,0,0,0,0,0,1,0,0,1,2026-06-05,27,27
U00177,2,28,155.8,67.0,27.6,2026-05-03,25,25,29,26,28,26.33,26.6,1.62,7,6,Heavy,1,0,0,5,4,7.2,1,4,High,6070,5,0,0,0.3,-541,0,0,0,0,0,0,0,0,0,0,2026-05-29,26,26
U00178,6,30,169.0,60.0,21.0,2026-07-03,30,31,29,32,30,30.0,30.4,1.02,7,6,Heavy,0,0,1,3,6,6.5,3,6,High,13470,1,0,0,-0.4,-184,0,0,0,1,0,0,0,0,0,0,2026-08-02,30,30
U00179,3,31,164.2,61.7,22.9,2026-02-23,29,33,28,30,31,30.0,30.2,1.72,4,4,Medium,0,0,0,8,4,7.3,10,3,Low,3006,8,0,0,-0.5,-132,0,0,0,0,0,0,0,0,0,0,2026-03-25,30,30
U00180,4,38,163.9,45.7,17.0,2026-05-28,26,25,24,26,23,25.0,24.8,1.17,7,4,Heavy,0,0,0,1,9,6.0,7,7,Moderate,12975,1,0,1,-0.0,40,0,0,0,0,0,0,0,1,0,0,2026-06-22,25,25
U00181,3,24,162.9,51.5,19.4,2026-08-19,37,40,39,37,36,38.67,37.8,1.47,5,4,Medium,0,0,1,5,7,6.7,6,7,High,13104,2,0,0,-0.7,324,0,0,0,1,1,1,1,0,0,0,2026-09-24,36,36
U00182,2,39,154.0,47.4,20.0,2026-04-21,27,27,28,29,26,27.33,27.4,1.02,3,5,Medium,0,0,0,8,3,8.7,3,2,Low,7945,5,0,0,-0.1,171,0,0,0,0,0,0,0,0,0,0,2026-05-20,29,29
U00183,10,21,163.0,46.0,17.3,2026-06-25,32,31,30,29,30,31.0,30.4,1.02,3,3,Light,0,0,0,9,6,8.8,1,4,Moderate,5143,1,0,0,-0.4,-129,0,1,0,0,0,0,0,0,0,0,2026-07-28,33,33
U00184,9,22,160.0,50.2,19.6,2026-05-31,34,34,36,34,31,34.67,33.8,1.6,5,5,Light,0,0,0,4,5,7.8,7,5,High,6954,2,0,0,1.4,180,0,0,1,0,0,0,0,1,0,0,2026-07-01,31,31
U00185,11,23,159.5,62.3,24.5,2026-01-06,31,33,30,31,30,31.33,31.0,1.1,7,3,Medium,0,0,0,7,8,4.9,6,6,Moderate,12698,7,0,0,0.3,-469,1,0,0,0,0,0,0,1,0,0,2026-02-08,33,33
U00186,8,39,159.3,50.2,19.8,2026-05-20,29,29,32,29,23,30.0,28.4,2.94,6,3,Light,0,1,0,5,7,7.1,5,6,Moderate,2891,6,1,0,0.2,-354,0,0,0,0,0,0,1,0,0,0,2026-06-19,30,30
U00187,2,23,160.3,60.1,23.4,2026-05-17,27,27,31,29,26,28.33,28.0,1.79,5,6,Medium,0,0,0,2,8,5.2,9,5,Moderate,5164,9,0,0,0.8,-155,0,0,0,0,0,0,0,0,0,0,2026-06-11,25,25
U00188,10,36,154.0,47.7,20.1,2026-07-29,30,31,29,29,30,30.0,29.8,0.75,7,5,Heavy,0,0,0,1,1,6.6,1,7,Low,10183,6,0,0,1.5,-394,1,0,0,0,0,0,0,0,0,1,2026-08-27,29,29
U00189,7,31,163.1,47.1,17.7,2026-04-24,32,27,30,34,33,29.67,31.2,2.48,3,4,Medium,0,0,0,7,4,8.4,7,5,Low,9481,9,0,0,-0.6,-587,0,0,0,0,0,0,0,0,0,1,2026-05-28,34,34
U00190,10,32,157.9,69.3,27.8,2026-07-23,32,33,31,32,32,32.0,32.0,0.63,6,4,Medium,0,0,1,9,7,6.6,2,3,Moderate,9714,8,0,0,-1.6,-142,0,0,0,1,0,0,0,1,0,0,2026-08-27,35,35
U00191,6,19,157.2,56.6,22.9,2026-07-06,28,28,28,28,27,28.0,27.8,0.4,4,4,Medium,1,0,0,5,1,8.1,5,4,Moderate,2247,2,0,1,1.6,-456,0,0,0,0,0,0,0,0,0,0,2026-08-02,27,27
U00192,12,33,163.2,47.7,17.9,2026-02-05,34,33,36,33,36,34.33,34.4,1.36,3,4,Medium,0,0,1,2,4,7.9,6,5,Low,6936,6,0,0,-1.6,-665,1,1,0,1,0,0,0,0,0,0,2026-03-10,33,33
U00193,2,19,160.8,50.9,19.7,2026-04-26,29,28,26,29,26,27.67,27.6,1.36,4,6,Light,0,0,1,4,4,6.2,5,2,Moderate,13708,5,0,0,0.5,-525,0,0,0,1,0,0,0,1,0,0,2026-05-26,30,30
U00194,9,30,159.2,53.5,21.1,2026-01-01,31,29,32,30,30,30.67,30.4,1.02,4,5,Medium,0,0,0,10,4,7.9,9,4,Moderate,5312,7,0,0,-0.1,-672,0,0,0,0,0,0,0,0,0,0,2026-02-03,33,33
U00195,8,36,165.4,61.3,22.4,2026-03-16,29,28,29,30,32,28.67,29.6,1.36,7,7,Medium,0,0,0,5,7,5.5,9,4,Low,3972,2,0,0,0.2,438,0,1,0,0,0,0,0,0,0,0,2026-04-11,26,26
U00196,12,39,160.5,56.4,21.9,2026-07-03,27,27,30,26,26,28.0,27.2,1.47,3,5,Medium,0,0,0,8,9,9.2,5,1,High,6578,2,0,0,0.9,480,0,0,1,0,0,0,0,0,0,0,2026-07-31,28,28
U00197,4,40,159.3,40.6,16.0,2026-01-05,26,29,27,26,28,27.33,27.2,1.17,7,3,Medium,0,0,0,7,8,5.7,7,2,Moderate,9062,9,0,0,0.4,7,0,0,0,0,0,0,0,0,0,0,2026-02-02,28,28
U00198,3,23,160.4,59.4,23.1,2026-07-13,39,38,38,37,40,38.33,38.4,1.02,4,7,Light,0,0,1,7,9,7.8,4,0,Moderate,8634,6,0,1,0.3,467,0,0,0,1,0,0,0,0,0,0,2026-08-23,41,41
U00199,5,35,161.1,53.2,20.5,2026-07-06,29,28,25,31,28,27.33,28.2,1.94,4,6,Medium,1,0,0,9,6,5.9,7,0,High,2631,5,0,1,1.8,-599,0,0,0,0,1,0,0,1,0,0,2026-08-08,33,33
U00200,11,31,164.9,73.7,27.1,2026-05-06,40,39,37,39,41,38.67,39.2,1.33,3,3,Medium,1,0,1,6,4,7.5,2,7,Moderate,2869,1,0,0,0.3,33,1,0,0,1,1,0,0,0,0,0,2026-06-15,40,40
U00201,11,34,171.0,53.8,18.4,2026-02-02,31,32,30,31,29,31.0,30.6,1.02,6,6,Heavy,0,0,0,10,6,7.6,7,4,Low,3234,1,0,0,-0.6,-265,0,0,1,0,0,0,0,0,0,0,2026-03-09,35,35
U00202,12,36,166.3,61.1,22.1,2026-03-24,29,28,29,25,27,28.67,27.6,1.5,6,5,Medium,1,0,1,2,9,5.3,10,3,High,12916,10,0,0,0.3,16,0,0,0,1,0,0,0,1,0,0,2026-04-19,26,26
U00203,7,28,166.9,68.0,24.4,2026-04-27,27,31,24,24,24,27.33,26.0,2.76,7,4,Medium,0,0,0,1,9,6.5,9,5,Low,4059,6,0,0,1.3,-71,0,0,1,0,0,0,0,0,0,0,2026-05-23,26,26
U00204,3,21,156.6,56.2,22.9,2026-05-14,24,23,25,26,21,24.0,23.8,1.72,7,5,Medium,0,0,0,9,4,7.8,6,0,Moderate,3113,4,0,0,-0.6,-109,0,0,0,0,0,0,0,0,0,0,2026-06-08,25,25
U00205,3,36,145.4,48.8,23.1,2026-03-04,31,31,30,31,33,30.67,31.2,0.98,5,7,Light,0,0,0,8,4,5.0,3,2,Low,12128,5,1,0,0.8,-318,0,0,0,0,1,0,1,0,0,0,2026-04-06,33,33
U00206,4,32,158.6,65.4,26.0,2026-07-18,31,32,31,30,28,31.33,30.4,1.36,7,7,Medium,0,1,0,10,9,7.7,9,3,Moderate,7325,4,0,0,-0.4,-474,0,0,0,0,0,0,0,0,0,0,2026-08-17,30,30
U00207,8,21,160.7,57.8,22.4,2026-01-31,29,28,28,30,32,28.33,29.4,1.5,5,6,Medium,1,0,0,3,9,6.4,9,5,High,12570,10,0,0,0.5,-454,0,0,1,0,1,0,0,0,0,0,2026-02-28,28,28
U00208,10,27,163.1,63.8,24.0,2026-08-19,25,21,25,25,26,23.67,24.4,1.74,5,4,Light,0,0,0,6,1,8.6,4,0,High,4065,3,1,0,0.3,-194,0,0,0,0,0,0,0,0,0,0,2026-09-16,28,28
U00209,10,21,161.2,56.6,21.8,2026-01-12,27,24,25,26,28,25.33,26.0,1.41,6,3,Medium,0,0,0,6,3,5.6,10,0,Moderate,13878,3,0,0,-1.2,367,0,0,0,0,0,0,0,0,0,0,2026-02-05,24,24
U00210,8,35,156.2,57.6,23.6,2026-08-15,31,32,32,33,33,31.67,32.2,0.75,7,7,Medium,0,0,0,1,8,4.0,4,0,Low,4616,6,0,0,2.5,-210,0,0,1,0,1,0,0,0,0,0,2026-09-11,27,27
U00211,10,25,171.5,69.4,23.6,2026-03-28,26,25,24,26,28,25.0,25.8,1.33,5,5,Medium,0,0,0,2,6,8.1,6,0,Low,13521,2,0,0,-0.8,-521,0,1,0,0,0,0,0,0,0,0,2026-04-21,24,24
U00212,4,19,156.1,52.9,21.7,2026-02-23,23,20,20,20,24,21.0,21.4,1.74,7,6,Medium,1,0,0,8,7,6.5,6,5,Moderate,12896,4,0,0,-0.2,-435,0,0,0,0,0,0,0,0,0,0,2026-03-15,20,20
U00213,12,24,150.5,61.8,27.3,2026-04-20,24,23,27,25,24,24.67,24.6,1.36,3,6,Light,0,0,0,10,10,7.9,6,2,Moderate,11450,6,0,0,0.9,-578,0,0,0,0,1,0,0,0,0,1,2026-05-16,26,26
U00214,12,31,153.0,57.4,24.5,2026-08-28,29,26,28,29,31,27.67,28.6,1.62,5,5,Medium,0,0,0,10,6,7.5,10,1,Moderate,5992,4,0,0,1.6,107,0,0,0,0,0,0,0,0,0,0,2026-09-26,29,29
U00215,5,31,163.9,61.5,22.9,2026-06-10,31,31,30,33,30,30.67,31.0,1.1,3,7,Heavy,0,0,0,2,7,9.3,7,6,Low,5340,8,0,0,1.4,464,1,0,0,0,0,0,0,0,0,0,2026-07-11,31,31
U00216,11,37,170.4,46.5,16.0,2026-06-17,34,35,35,36,34,34.67,34.8,0.75,5,7,Medium,0,0,1,7,3,7.8,1,4,Moderate,11072,4,0,0,0.6,413,0,0,0,1,0,0,0,1,0,0,2026-07-22,35,35
U00217,5,26,154.2,61.8,26.0,2026-02-03,29,29,28,31,28,28.67,29.0,1.1,4,3,Medium,0,0,0,7,8,6.5,10,5,High,2230,1,0,0,-0.9,-138,0,0,1,0,0,0,0,0,0,0,2026-03-02,27,27
U00218,6,32,168.3,73.6,26.0,2026-01-26,32,30,33,34,32,31.67,32.2,1.33,5,7,Medium,0,0,0,10,1,6.3,2,4,Low,11968,8,0,0,-1.6,80,0,1,1,0,0,0,0,0,0,1,2026-02-28,33,33
U00219,7,39,158.2,58.3,23.3,2026-01-14,31,30,29,28,32,30.0,30.0,1.41,5,6,Heavy,0,0,0,8,3,8.6,7,3,Low,13540,5,1,0,0.5,-157,0,0,0,0,0,1,1,0,0,0,2026-02-12,29,29
U00220,10,25,164.5,67.1,24.8,2026-02-04,32,31,31,32,31,31.33,31.4,0.49,3,6,Medium,0,0,0,10,2,6.9,7,4,High,3490,8,0,0,-0.2,338,0,1,0,0,0,0,0,0,0,0,2026-03-08,32,32
U00221,4,18,165.9,57.8,21.0,2026-04-04,25,26,24,25,24,25.0,24.8,0.75,6,6,Light,0,0,0,2,2,6.3,7,5,High,8171,1,0,0,2.0,-50,0,0,0,0,0,0,0,0,0,0,2026-04-29,25,25
U00222,10,33,170.6,77.4,26.6,2026-02-20,29,32,29,28,29,30.0,29.4,1.36,4,3,Medium,0,0,0,5,7,6.3,3,6,Low,5627,8,0,0,-1.0,-173,0,0,0,0,0,0,1,0,0,0,2026-03-23,31,31
U00223,12,31,158.3,54.6,21.8,2026-02-23,25,25,27,27,23,25.67,25.4,1.5,7,4,Heavy,0,1,0,3,3,6.7,4,0,High,4305,9,0,0,0.4,-236,0,0,0,0,0,0,0,0,0,0,2026-03-21,26,26
U00224,12,25,156.0,51.1,21.0,2026-02-15,32,34,33,31,35,33.0,33.0,1.41,7,7,Heavy,0,0,0,4,5,6.2,4,0,High,9127,6,0,1,-0.9,-258,0,0,1,0,0,0,0,0,0,0,2026-03-20,33,33
U00225,9,30,151.5,53.9,23.5,2026-05-06,24,26,25,22,24,25.0,24.2,1.33,3,3,Medium,1,0,0,7,5,9.3,6,1,High,7362,8,0,1,-0.2,-676,0,0,0,0,0,0,0,0,0,0,2026-05-28,22,22
U00226,3,33,149.4,57.6,25.8,2026-01-19,32,33,32,31,33,32.33,32.2,0.75,6,3,Light,0,0,0,10,5,7.7,9,3,Moderate,4817,4,1,0,0.1,-441,0,0,0,0,0,0,0,0,0,0,2026-02-19,31,31
U00227,6,36,169.4,66.3,23.1,2026-04-09,29,29,30,30,29,29.33,29.4,0.49,3,4,Heavy,0,0,1,9,10,6.3,6,6,Moderate,11429,8,0,0,-1.0,-479,0,0,0,1,0,0,0,0,0,0,2026-05-10,31,31
U00228,3,20,160.3,49.6,19.3,2026-07-11,25,26,22,22,25,24.33,24.0,1.67,3,4,Medium,0,0,0,8,4,7.2,8,3,Low,11391,6,0,0,1.5,5,1,0,0,0,0,0,0,0,0,1,2026-08-09,29,29
U00229,10,28,153.4,51.5,21.9,2026-06-10,33,34,34,35,35,33.67,34.2,0.75,3,6,Heavy,0,0,0,9,2,5.6,6,3,Moderate,12340,7,0,0,-1.1,-387,1,0,0,0,0,0,0,0,0,0,2026-07-17,37,37
U00230,9,24,149.7,50.9,22.7,2026-07-16,26,25,26,25,27,25.67,25.8,0.75,4,4,Light,1,0,0,5,9,6.8,6,1,Low,12551,10,0,0,2.0,210,0,0,0,0,0,0,0,0,0,0,2026-08-12,27,27
U00231,12,25,147.6,47.3,21.7,2026-08-25,30,32,32,29,32,31.33,31.0,1.26,4,5,Light,0,0,0,2,3,7.7,2,1,Low,3841,5,0,1,3.0,-366,0,0,1,0,0,0,0,0,0,0,2026-09-25,31,31
U00232,3,18,157.2,65.2,26.4,2026-06-14,27,26,24,26,27,25.67,26.0,1.1,5,6,Medium,1,0,0,4,8,6.9,5,6,Moderate,2515,9,0,0,0.8,-457,0,0,0,0,0,0,0,0,0,0,2026-07-12,28,28
U00233,9,27,162.1,59.9,22.8,2026-06-07,29,29,31,28,30,29.67,29.4,1.02,6,7,Medium,0,0,0,4,4,6.0,7,5,High,7245,7,0,0,-0.2,-695,0,0,1,0,0,0,0,0,0,0,2026-07-03,26,26
U00234,4,19,152.3,49.2,21.2,2026-06-16,27,24,24,29,28,25.0,26.4,2.06,5,4,Light,0,0,0,9,5,6.0,2,6,Low,10832,6,0,0,-0.8,-268,1,0,0,0,0,0,0,0,0,0,2026-07-15,29,29
U00235,6,39,161.4,52.1,20.0,2026-07-13,31,32,33,30,32,32.0,31.6,1.02,5,5,Medium,0,0,0,3,4,8.0,10,3,Moderate,9135,6,0,0,0.9,223,0,0,1,0,0,0,0,1,0,1,2026-08-10,28,28
U00236,9,30,153.4,40.7,17.3,2026-05-04,33,33,30,33,34,32.0,32.6,1.36,7,7,Heavy,0,0,0,7,4,5.5,3,6,Moderate,8835,7,1,0,0.7,29,0,0,1,0,0,0,0,0,1,0,2026-06-06,33,33
U00237,4,27,148.4,39.4,17.9,2026-06-28,29,29,30,30,28,29.33,29.2,0.75,7,7,Heavy,0,0,0,10,2,5.4,4,4,Moderate,6356,6,1,0,-0.6,282,0,0,0,0,0,0,0,0,0,0,2026-07-30,32,32
U00238,10,23,158.7,53.4,21.2,2026-01-30,29,30,31,30,29,30.0,29.8,0.75,7,4,Heavy,0,1,0,1,1,6.4,7,0,Moderate,6852,4,0,0,-1.4,407,0,0,0,0,0,0,1,0,0,0,2026-02-25,26,26
U00239,5,39,165.6,58.4,21.3,2026-01-25,28,29,30,30,27,29.0,28.8,1.17,6,5,Light,0,0,0,8,7,6.5,5,1,Low,13053,3,0,1,-1.3,-193,0,0,0,0,0,0,0,0,0,0,2026-02-24,30,30
U00240,8,29,151.4,56.6,24.7,2026-02-09,26,28,25,28,25,26.33,26.4,1.36,7,4,Light,0,0,0,8,7,7.4,4,1,Low,7554,7,0,0,1.0,-499,0,0,0,0,0,0,0,0,0,0,2026-03-09,28,28
U00241,11,40,160.7,62.5,24.2,2026-07-20,35,32,35,33,35,34.0,34.0,1.26,6,4,Medium,0,0,0,3,4,6.0,5,1,Moderate,8462,10,0,0,0.5,389,0,0,0,0,1,0,0,0,0,0,2026-08-24,35,35
U00242,3,33,151.4,54.6,23.8,2026-07-09,26,31,29,24,26,28.67,27.2,2.48,4,4,Medium,0,0,0,3,8,7.2,3,2,Moderate,5835,9,0,0,-0.0,-270,0,0,0,0,0,0,0,0,0,0,2026-08-04,26,26
U00243,4,40,151.9,47.3,20.5,2026-08-15,29,29,28,31,32,28.67,29.8,1.47,3,4,Medium,0,0,1,8,1,7.3,4,5,Low,9940,10,0,0,-0.6,-149,0,0,0,1,0,0,0,0,0,0,2026-09-12,28,28
U00244,3,38,158.4,67.0,26.7,2026-05-02,30,29,31,27,30,30.0,29.4,1.36,4,3,Medium,0,0,0,5,10,6.5,10,5,Moderate,11782,6,0,0,0.2,-692,0,0,0,0,0,0,0,0,0,0,2026-06-04,33,33
U00245,7,35,157.1,50.8,20.6,2026-07-15,29,29,31,29,27,29.67,29.0,1.26,7,4,Medium,0,0,0,7,8,8.6,7,6,Low,4821,3,0,0,0.6,366,0,0,0,0,0,0,0,0,0,0,2026-08-15,31,31
U00246,9,26,147.8,36.3,16.6,2026-08-25,30,28,33,29,28,30.33,29.6,1.85,3,3,Heavy,0,0,0,8,1,5.8,6,3,Moderate,9094,4,0,0,0.3,-160,1,0,1,0,1,1,0,0,0,0,2026-09-23,29,29
U00247,4,35,163.4,53.4,20.0,2026-06-14,30,30,32,33,30,30.67,31.0,1.26,5,5,Light,0,0,0,9,10,8.4,10,5,Moderate,5024,1,0,0,0.1,-380,0,0,0,0,0,0,1,0,0,0,2026-07-13,29,29
U00248,8,25,162.1,50.2,19.1,2026-05-09,28,26,31,29,28,28.33,28.4,1.62,6,5,Heavy,0,0,0,10,7,6.7,6,0,High,8245,9,0,0,0.2,-370,1,0,0,0,0,0,0,1,0,1,2026-06-09,31,31
U00249,10,37,154.1,58.7,24.7,2026-03-29,28,31,26,28,27,28.33,28.0,1.67,4,3,Medium,0,0,0,9,7,5.2,3,7,Moderate,4410,6,0,0,0.3,130,0,0,0,0,0,0,0,0,0,0,2026-04-25,27,27
U00250,3,25,158.0,46.4,18.6,2026-06-20,35,33,33,35,35,33.67,34.2,0.98,3,5,Medium,1,0,1,3,4,4.7,3,0,Low,9886,5,1,0,-1.4,270,0,0,0,1,0,0,0,0,0,0,2026-07-27,37,37
U00251,11,19,173.0,76.6,25.6,2026-01-27,29,32,29,28,31,30.0,29.8,1.47,3,7,Heavy,1,0,0,9,8,9.5,10,2,Moderate,2447,5,0,0,0.4,-10,0,0,0,0,0,0,0,1,0,0,2026-02-27,31,31
U00252,9,20,160.1,49.0,19.1,2026-04-07,31,30,31,30,30,30.67,30.4,0.49,5,3,Medium,0,0,0,7,8,7.1,4,5,Moderate,5996,10,1,0,-0.6,293,0,1,0,0,0,0,0,0,0,0,2026-05-05,28,28
U00253,11,28,151.2,54.9,24.0,2026-03-28,27,28,25,29,30,26.67,27.8,1.72,4,7,Medium,0,0,0,7,10,7.2,4,1,Low,8821,7,0,0,-0.4,-356,0,0,0,0,0,0,0,0,0,0,2026-04-25,28,28
U00254,3,33,153.3,54.5,23.2,2026-06-08,27,25,26,28,29,26.0,27.0,1.41,5,6,Heavy,0,0,1,1,10,5.8,4,3,Low,4815,5,0,0,-1.4,-106,0,0,0,1,0,0,0,0,0,0,2026-07-05,27,27
U00255,2,24,156.8,51.1,20.8,2026-05-17,31,33,35,32,33,33.0,32.8,1.33,3,4,Light,0,0,0,7,3,7.0,7,1,Low,10150,9,0,0,1.4,330,0,1,0,0,0,0,0,0,0,0,2026-06-19,33,33
U00256,11,36,168.9,55.1,19.3,2026-08-11,33,34,34,30,33,33.67,32.8,1.47,4,6,Light,0,0,1,6,1,7.2,8,7,Moderate,10649,4,1,1,0.5,128,0,0,0,1,0,0,0,0,0,1,2026-09-14,34,34
U00257,11,23,174.4,55.4,18.2,2026-07-19,26,23,26,25,25,25.0,25.0,1.1,5,4,Light,0,0,0,3,4,6.2,7,4,High,8341,7,0,0,-1.1,465,0,0,0,0,0,0,0,0,0,0,2026-08-14,26,26
U00258,10,28,168.7,54.9,19.3,2026-04-21,29,28,29,30,28,28.67,28.8,0.75,6,3,Medium,0,0,0,9,4,7.0,2,3,Low,3740,8,0,0,-1.7,85,0,0,0,0,0,0,0,0,0,0,2026-05-20,29,29
U00259,2,25,169.9,65.5,22.7,2026-08-10,31,30,29,31,34,30.0,31.0,1.67,5,6,Heavy,0,0,0,7,10,8.3,6,0,Low,13316,8,0,0,-0.9,-42,0,0,0,0,0,0,0,1,0,0,2026-09-12,33,33
U00260,7,30,172.4,49.9,16.8,2026-01-24,30,31,31,30,32,30.67,30.8,0.75,5,3,Medium,0,1,0,4,5,7.4,5,0,Low,6911,4,0,0,-1.4,63,0,0,0,0,0,0,0,0,0,0,2026-02-24,31,31
U00261,12,22,160.8,62.1,24.0,2026-08-02,29,30,29,28,28,29.33,28.8,0.75,3,6,Medium,0,0,0,3,2,6.6,9,3,Moderate,9185,3,0,0,-2.1,471,1,0,1,0,0,0,0,0,0,0,2026-08-29,27,27
U00262,5,40,166.1,68.7,24.9,2026-05-23,26,28,26,25,26,26.67,26.2,0.98,3,6,Light,0,1,0,4,3,6.7,10,6,Low,7899,9,0,0,-0.4,-237,0,0,0,0,0,0,0,0,0,0,2026-06-17,25,25
U00263,4,39,151.2,59.2,25.9,2026-03-12,34,36,34,37,33,34.67,34.8,1.47,3,3,Medium,0,0,1,8,6,6.6,2,6,Moderate,2679,8,0,0,-0.2,492,0,0,0,1,0,0,0,0,0,0,2026-04-19,38,38
U00264,5,34,151.9,50.3,21.8,2026-02-08,32,34,28,31,33,31.33,31.6,2.06,6,6,Light,0,0,1,8,3,6.7,9,3,Moderate,13411,7,1,1,0.3,-192,0,0,1,1,0,0,0,0,0,0,2026-03-18,38,38
U00265,9,30,156.8,58.8,23.9,2026-03-08,30,30,29,29,29,29.67,29.4,0.49,7,7,Medium,0,0,0,2,8,6.5,1,7,Low,10032,4,0,0,1.3,26,1,0,0,0,0,0,0,0,0,0,2026-04-08,31,31
U00266,9,35,165.1,71.4,26.2,2026-07-27,28,29,27,31,31,28.0,29.2,1.6,7,6,Medium,0,1,0,2,5,8.9,3,2,Moderate,8229,9,0,0,1.0,-259,0,0,0,0,0,0,0,0,0,0,2026-08-22,26,26
U00267,8,28,145.3,47.3,22.4,2026-06-09,32,31,29,33,35,30.67,32.0,2.0,6,5,Light,0,0,0,1,6,7.1,2,3,Moderate,3881,2,0,1,0.4,-421,0,1,1,0,0,0,0,0,0,0,2026-07-13,34,34
U00268,12,38,155.9,50.8,20.9,2026-08-26,31,32,33,31,33,32.0,32.0,0.89,5,3,Medium,0,0,0,6,4,4.9,3,4,Low,4310,1,0,0,-0.4,384,0,0,0,0,0,0,0,1,0,0,2026-09-28,33,33
U00269,9,19,159.7,56.6,22.2,2026-04-24,29,30,28,31,26,29.0,28.8,1.72,6,4,Heavy,1,0,0,2,1,7.8,2,0,Moderate,10792,1,0,0,-0.6,-106,0,0,0,0,0,1,0,0,0,0,2026-05-23,29,29
U00270,11,22,148.2,43.0,19.6,2026-08-19,31,30,32,32,33,31.0,31.6,1.02,6,7,Medium,0,0,0,10,5,8.2,1,5,Low,8860,4,0,0,1.0,62,0,0,0,0,1,0,0,1,0,1,2026-09-20,32,32
U00271,9,28,165.6,70.5,25.7,2026-01-07,26,25,27,23,23,26.0,24.8,1.6,5,7,Medium,0,0,0,4,4,7.1,10,1,Moderate,2887,5,0,0,0.4,-4,0,1,1,0,1,0,0,0,0,0,2026-02-04,28,28
U00272,12,32,164.3,68.0,25.2,2026-05-09,30,31,31,28,29,30.67,29.8,1.17,7,5,Medium,0,0,0,3,10,7.7,1,5,Low,7569,5,0,1,-0.7,244,0,1,0,0,0,1,0,0,0,0,2026-06-06,28,28
U00273,6,34,155.7,49.5,20.4,2026-08-22,28,29,29,29,29,28.67,28.8,0.4,4,7,Medium,1,0,0,7,2,6.5,5,2,High,12453,9,0,0,1.5,-591,0,0,0,0,0,0,0,1,0,0,2026-09-20,29,29
U00274,2,34,153.5,60.6,25.7,2026-02-24,27,25,24,27,29,25.33,26.4,1.74,5,4,Medium,0,0,0,10,6,6.9,7,3,Moderate,7266,1,0,0,-0.3,-568,0,0,0,0,0,0,0,0,0,1,2026-03-27,31,31
U00275,11,39,160.1,57.7,22.5,2026-08-22,31,32,31,36,37,31.33,33.4,2.58,7,5,Medium,0,1,1,2,4,8.5,1,3,Moderate,7658,8,0,0,1.3,100,1,1,0,1,0,0,0,0,0,0,2026-09-19,28,28
U00276,5,37,159.0,40.4,16.0,2026-05-09,37,37,36,36,40,36.67,37.2,1.47,7,3,Light,0,0,0,8,6,5.2,7,7,Moderate,12038,10,0,0,-0.4,-593,0,0,1,0,0,0,0,0,1,0,2026-06-15,37,37
U00277,6,39,157.4,51.5,20.8,2026-07-31,30,31,30,32,30,30.33,30.6,0.8,5,7,Heavy,1,0,0,2,9,6.5,8,0,High,4727,5,0,0,-0.2,-114,0,1,1,0,0,0,0,0,0,0,2026-08-28,28,28
U00278,2,25,160.2,41.1,16.0,2026-08-21,27,30,25,27,24,27.33,26.6,2.06,6,5,Heavy,0,0,0,5,2,4.0,9,1,Moderate,2682,7,0,0,0.6,-366,0,0,0,0,0,0,0,0,0,0,2026-09-19,29,29
U00279,2,33,155.1,52.4,21.8,2026-03-19,26,24,24,25,25,24.67,24.8,0.75,7,5,Light,0,0,0,8,4,6.9,4,7,Low,7782,2,0,0,-0.7,418,0,0,0,0,0,0,0,0,0,0,2026-04-14,26,26
U00280,10,33,152.7,45.5,19.5,2026-02-10,34,33,35,33,34,34.0,33.8,0.75,4,4,Medium,0,0,0,8,4,7.1,8,7,Moderate,12005,2,0,1,-1.0,-531,0,0,0,0,0,0,0,0,0,0,2026-03-19,37,37
U00281,2,31,145.4,54.3,25.7,2026-06-21,36,37,38,34,34,37.0,35.8,1.6,5,7,Medium,0,0,1,4,5,6.5,10,1,Moderate,10979,4,0,1,-0.1,144,0,0,1,1,0,0,0,0,0,0,2026-07-26,35,35
U00282,12,31,161.9,59.2,22.6,2026-01-30,28,29,29,25,31,28.67,28.4,1.96,6,7,Medium,0,0,0,4,8,7.7,6,0,Low,11286,3,0,0,0.9,-683,0,0,1,0,0,0,0,0,0,0,2026-02-25,26,26
U00283,4,30,153.7,60.2,25.5,2026-01-28,27,26,28,26,26,27.0,26.6,0.8,4,3,Light,0,0,0,3,3,6.7,8,1,Low,3768,7,0,0,-0.4,6,0,0,0,0,0,0,0,0,0,1,2026-02-23,26,26
U00284,5,27,156.2,57.8,23.7,2026-03-03,32,35,32,34,30,33.0,32.6,1.74,5,3,Medium,0,0,0,9,3,6.1,6,3,High,11456,1,0,0,-0.3,-412,1,0,0,0,0,0,0,0,0,0,2026-04-05,33,33
U00285,3,21,163.3,54.4,20.4,2026-03-26,28,32,27,25,29,29.0,28.2,2.32,7,4,Medium,0,0,0,7,5,5.9,3,0,Moderate,10995,7,0,0,0.3,-167,0,0,0,0,0,0,0,1,0,0,2026-04-25,30,30
U00286,5,20,161.9,68.9,26.3,2026-03-19,31,31,30,29,30,30.67,30.2,0.75,3,7,Medium,0,0,0,1,1,7.4,4,7,Low,9418,10,0,0,2.1,-496,0,0,1,0,0,0,0,0,0,0,2026-04-17,29,29
U00287,12,18,163.2,64.2,24.1,2026-06-19,29,31,28,29,28,29.33,29.0,1.1,6,5,Heavy,0,0,0,7,10,8.5,8,7,High,12210,9,0,0,-1.8,7,0,0,0,0,0,0,0,0,0,0,2026-07-21,32,32
U00288,4,26,159.4,56.2,22.1,2026-03-01,34,29,37,34,34,33.33,33.6,2.58,3,5,Heavy,0,0,0,10,3,4.7,8,5,High,9643,8,0,1,-1.9,-648,1,1,0,0,0,0,0,1,0,0,2026-04-06,36,36
U00289,7,26,160.0,53.0,20.7,2026-04-02,29,28,28,25,24,28.33,26.8,1.94,5,6,Medium,0,0,0,7,7,6.2,4,5,Low,5583,2,0,0,1.3,456,0,0,0,0,0,0,0,0,0,0,2026-05-02,30,30
U00290,4,40,159.3,67.8,26.7,2026-07-10,27,31,26,21,25,28.0,26.0,3.22,7,4,Medium,0,0,1,7,10,8.9,8,4,Moderate,6014,7,0,0,-0.5,-435,1,0,0,0,0,0,0,0,0,0,2026-08-06,27,27
U00291,4,23,167.3,44.8,16.0,2026-08-25,31,28,33,30,32,30.67,30.8,1.72,3,5,Light,0,0,0,3,8,8.0,2,2,High,10649,8,0,1,-0.3,353,0,0,0,0,1,0,0,0,0,0,2026-09-26,32,32
U00292,9,22,170.2,74.2,25.6,2026-05-26,31,31,33,31,30,31.67,31.2,0.98,7,4,Heavy,0,0,0,7,2,6.1,10,0,Moderate,8430,8,1,1,0.3,12,0,0,1,0,0,0,0,0,0,0,2026-06-24,29,29
U00293,8,19,164.4,52.7,19.5,2026-04-06,29,33,29,30,26,30.33,29.4,2.24,6,6,Medium,0,0,1,1,9,6.5,10,6,Low,6514,1,0,1,1.5,197,0,0,0,1,0,0,0,1,0,0,2026-05-05,29,29
U00294,10,20,155.4,51.9,21.5,2026-07-02,26,23,26,26,26,25.0,25.4,1.2,4,6,Medium,0,0,0,5,8,6.5,1,0,Moderate,6274,9,0,0,-0.4,-325,0,0,0,0,0,0,0,1,0,0,2026-07-27,25,25
U00295,8,33,163.7,54.1,20.2,2026-03-11,31,33,29,31,31,31.0,31.0,1.26,3,7,Medium,0,0,0,2,7,7.5,6,6,Moderate,2468,1,1,0,0.6,270,0,0,0,0,0,0,0,0,0,0,2026-04-13,33,33
U00296,3,26,165.9,44.6,16.2,2026-07-19,27,23,29,28,28,26.33,27.0,2.1,4,6,Medium,0,0,0,5,10,7.2,2,2,High,9389,3,0,0,-0.6,37,0,1,0,0,0,0,0,0,0,0,2026-08-16,28,28
U00297,4,32,148.5,47.6,21.6,2026-07-13,37,37,34,36,40,36.0,36.8,1.94,3,5,Medium,0,0,1,10,2,7.7,8,5,High,9721,6,0,0,0.3,57,1,1,1,1,0,0,0,0,0,0,2026-08-18,36,36
U00298,5,20,163.4,63.5,23.8,2026-06-09,28,28,29,28,31,28.33,28.8,1.17,7,7,Medium,0,0,0,7,7,5.8,6,7,High,8323,8,0,0,-0.5,-583,0,0,0,0,0,0,0,0,0,0,2026-07-05,26,26
U00299,8,35,149.2,50.3,22.6,2026-05-24,32,31,32,30,33,31.67,31.6,1.02,3,7,Medium,0,0,0,2,1,6.3,8,7,Moderate,3750,8,0,0,-0.1,-91,0,0,0,0,0,0,0,0,0,0,2026-06-25,32,32
U00300,8,24,171.6,53.9,18.3,2026-02-03,30,30,29,27,28,29.67,28.8,1.17,4,4,Medium,0,0,0,6,8,8.0,1,2,Moderate,4575,8,0,0,1.9,-402,0,0,0,0,0,0,0,0,0,0,2026-03-04,29,29
U00301,9,19,154.5,57.5,24.1,2026-02-02,31,29,33,27,36,31.0,31.2,3.12,4,6,Heavy,0,0,1,5,6,8.3,9,0,Moderate,12090,8,1,0,0.1,410,0,0,0,0,0,0,0,0,0,0,2026-03-06,32,32
U00302,2,39,157.6,61.3,24.7,2026-07-17,29,31,29,28,28,29.67,29.0,1.1,7,3,Light,0,0,0,9,4,5.3,6,0,Low,12379,5,0,0,0.3,-250,0,0,0,0,1,0,0,0,0,0,2026-08-17,31,31
U00303,6,26,166.4,69.2,25.0,2026-04-26,32,31,31,30,30,31.33,30.8,0.75,4,6,Medium,0,1,0,10,4,9.2,1,1,Low,12110,4,1,0,-0.3,-422,1,0,1,0,0,0,0,0,0,0,2026-05-27,31,31
U00304,11,25,153.9,55.7,23.5,2026-06-24,28,27,26,29,30,27.0,28.0,1.41,4,3,Light,0,0,0,2,9,7.6,5,3,Low,2861,2,0,0,0.5,144,0,0,0,0,0,0,0,0,0,0,2026-07-23,29,29
U00305,6,19,160.8,50.4,19.5,2026-07-24,34,38,35,34,36,35.67,35.4,1.5,5,6,Heavy,1,0,0,10,8,7.3,8,6,High,13220,10,0,0,0.1,3,0,0,0,0,0,0,0,1,1,0,2026-08-28,35,35
U00306,4,31,159.1,58.5,23.1,2026-04-28,35,34,35,34,34,34.67,34.4,0.49,7,6,Medium,0,0,1,5,1,7.5,9,2,Low,3105,7,0,0,1.3,-233,0,1,0,1,0,0,0,0,0,0,2026-06-02,35,35
U00307,3,24,161.3,60.1,23.1,2026-02-03,29,28,31,32,30,29.33,30.0,1.41,3,3,Light,0,0,0,1,10,7.4,1,3,Low,9101,1,1,0,0.8,389,0,0,0,0,0,0,0,0,0,0,2026-03-05,30,30
U00308,2,23,170.8,54.3,18.6,2026-04-05,28,28,25,30,29,27.0,28.0,1.67,6,7,Medium,0,0,0,2,7,7.7,5,2,Low,12833,7,0,0,0.5,-534,0,0,0,0,0,0,0,0,0,1,2026-04-29,24,24
U00309,8,33,151.7,48.1,20.9,2026-01-01,28,28,30,30,28,28.67,28.8,0.98,3,5,Medium,0,0,0,2,2,6.5,3,7,High,9893,5,0,0,-1.3,-498,0,0,1,0,0,0,0,1,0,0,2026-01-27,26,26
U00310,12,33,164.2,45.6,16.9,2026-03-13,28,27,30,29,29,28.33,28.6,1.02,5,4,Medium,1,0,0,8,3,6.8,4,6,High,4524,9,1,1,0.6,439,0,1,1,0,0,0,0,0,0,0,2026-04-06,24,24
U00311,3,21,166.3,77.2,27.9,2026-07-21,30,31,31,28,31,30.67,30.2,1.17,4,7,Medium,0,0,0,3,9,6.7,2,6,High,9047,3,0,0,-0.5,-662,0,0,0,0,0,0,0,0,0,0,2026-08-20,30,30
U00312,5,20,157.8,54.8,22.0,2026-08-25,30,29,30,30,29,29.67,29.6,0.49,6,6,Heavy,0,0,0,9,2,6.5,3,1,Moderate,3511,4,0,0,0.0,-316,0,0,0,0,0,0,0,0,0,1,2026-09-26,32,32
U00313,9,23,167.1,62.5,22.4,2026-03-27,33,34,32,32,32,33.0,32.6,0.8,5,4,Heavy,0,0,0,4,9,7.9,3,3,Moderate,13130,8,0,0,-1.0,-152,1,0,0,0,0,0,1,0,0,1,2026-04-30,34,34
U00314,9,36,167.6,55.3,19.7,2026-04-16,30,31,28,31,31,29.67,30.2,1.17,6,6,Light,0,1,0,10,8,8.7,10,2,Moderate,4752,2,0,0,-0.4,-607,0,0,0,0,0,0,1,0,0,0,2026-05-18,32,32
U00315,12,24,166.0,65.3,23.7,2026-02-25,30,31,32,31,30,31.0,30.8,0.75,7,7,Medium,0,0,0,4,4,6.2,6,2,Low,9963,7,0,0,-1.2,105,0,0,0,0,0,0,0,0,0,0,2026-03-24,27,27
U00316,6,27,165.3,59.6,21.8,2026-05-07,32,32,31,33,30,31.67,31.6,1.02,5,4,Medium,0,1,0,8,8,7.8,4,5,Moderate,9240,6,0,0,-0.3,417,0,1,1,0,0,0,0,0,0,0,2026-06-10,34,34
U00317,10,20,159.6,66.0,25.9,2026-08-25,34,34,36,34,31,34.67,33.8,1.6,3,5,Medium,0,0,0,10,8,7.2,7,2,Low,8552,2,0,1,0.2,-175,0,0,0,0,0,0,0,0,0,0,2026-09-28,34,34
U00318,5,22,169.4,68.3,23.8,2026-02-27,26,27,25,24,26,26.0,25.6,1.02,6,6,Medium,0,0,0,7,7,7.4,7,7,Low,7550,9,0,0,-0.1,-475,0,0,0,0,0,0,0,0,0,0,2026-03-27,28,28
U00319,7,33,164.7,54.5,20.1,2026-03-12,35,37,34,37,38,35.33,36.2,1.47,3,3,Medium,0,0,1,2,10,7.8,5,6,Moderate,2658,6,0,0,-2.1,190,0,0,1,1,1,0,0,1,0,0,2026-04-15,34,34
U00320,5,35,168.8,56.7,19.9,2026-03-06,34,33,32,35,35,33.0,33.8,1.17,4,6,Medium,0,0,1,7,2,6.6,1,3,High,10845,2,0,0,0.9,-344,0,1,0,1,0,1,0,1,0,0,2026-04-13,38,38
U00321,5,37,166.2,52.8,19.1,2026-08-17,33,30,32,32,33,31.67,32.0,1.1,5,3,Light,0,0,1,5,5,7.7,8,4,High,10010,3,1,1,-0.1,193,0,0,0,1,0,0,0,0,0,0,2026-09-21,35,35
U00322,2,30,158.2,51.8,20.7,2026-04-30,31,32,31,29,33,31.33,31.2,1.33,4,4,Medium,0,0,0,1,6,5.5,8,3,Moderate,10704,7,0,0,0.4,236,0,0,0,0,0,0,0,0,0,0,2026-05-29,29,29
U00323,9,24,157.3,45.0,18.2,2026-06-09,27,28,27,30,28,27.33,28.0,1.1,5,7,Medium,1,0,0,6,7,6.5,4,3,High,13422,7,0,1,1.0,-216,0,0,0,0,0,0,0,0,0,0,2026-07-05,26,26
U00324,9,28,161.2,57.2,22.0,2026-03-06,30,30,32,27,30,30.67,29.8,1.6,6,5,Medium,0,0,0,4,9,7.1,8,4,Moderate,6812,5,0,0,-0.9,316,0,0,0,0,0,0,0,0,0,0,2026-04-02,27,27
U00325,12,21,154.7,54.1,22.6,2026-02-11,30,30,31,31,33,30.33,31.0,1.1,7,5,Heavy,0,0,0,1,2,7.1,10,5,Moderate,11658,9,0,0,0.5,-358,0,0,1,0,0,0,0,0,0,0,2026-03-10,27,27
U00326,5,23,157.5,62.8,25.3,2026-08-07,28,27,28,29,25,27.67,27.4,1.36,7,6,Medium,0,0,0,1,2,7.5,1,4,Moderate,10345,8,0,0,-0.3,-498,0,1,0,0,0,0,0,1,0,0,2026-09-07,31,31
U00327,3,29,152.5,58.6,25.2,2026-04-11,34,33,35,34,32,34.0,33.6,1.02,4,7,Medium,1,0,1,8,1,6.4,9,1,Moderate,4315,3,0,0,-2.4,-613,1,0,0,1,0,0,0,0,0,0,2026-05-18,37,37
U00328,10,35,163.5,69.0,25.8,2026-04-12,25,25,23,25,25,24.33,24.6,0.8,3,5,Medium,0,0,0,2,2,6.8,5,5,Moderate,6072,6,0,0,-0.0,463,0,0,0,0,0,0,0,1,0,0,2026-05-05,23,23
U00329,10,23,165.1,66.8,24.5,2026-01-13,31,32,33,29,32,32.0,31.4,1.36,3,6,Medium,0,0,0,2,2,5.7,6,3,High,11800,5,0,0,1.0,-87,1,0,0,0,0,0,0,1,0,1,2026-02-14,32,32
U00330,8,26,163.2,75.4,28.3,2026-06-12,31,29,32,29,30,30.67,30.2,1.17,6,3,Medium,0,1,0,2,10,6.5,6,7,Low,5775,7,0,0,1.6,364,0,0,0,0,0,0,0,0,0,1,2026-07-11,29,29
U00331,11,18,151.8,38.7,16.8,2026-08-09,33,32,34,33,33,33.0,33.0,0.63,3,5,Light,0,0,0,2,3,6.2,10,0,Moderate,3898,3,0,0,0.7,-494,0,0,0,0,1,0,0,0,0,0,2026-09-10,32,32
U00332,10,18,156.9,54.4,22.1,2026-07-29,31,30,32,30,31,31.0,30.8,0.75,5,3,Light,0,0,0,10,6,5.5,10,6,Moderate,4508,6,0,0,0.6,478,0,1,0,0,0,0,0,0,0,0,2026-08-31,33,33
U00333,2,30,152.7,62.5,26.8,2026-04-18,33,33,37,33,36,34.33,34.4,1.74,4,4,Medium,0,0,0,5,8,7.7,6,4,Moderate,13178,1,0,0,-1.8,329,0,0,0,0,0,0,0,0,0,0,2026-05-22,34,34
U00334,6,40,145.0,40.4,19.2,2026-06-06,33,35,32,32,35,33.33,33.4,1.36,7,4,Medium,0,1,0,3,8,5.1,8,6,Low,7676,8,0,0,2.5,234,0,0,0,0,0,0,0,0,0,1,2026-07-09,33,33
U00335,9,31,175.9,77.4,25.0,2026-02-03,28,28,28,26,29,28.0,27.8,0.98,6,3,Light,0,0,0,5,7,8.1,10,0,Low,4901,10,0,0,-1.3,-272,0,0,0,0,0,0,0,1,0,0,2026-03-03,28,28
U00336,8,18,166.6,71.9,25.9,2026-05-18,31,30,31,31,30,30.67,30.6,0.49,4,5,Light,0,0,1,10,2,5.7,6,1,Moderate,9353,8,0,0,1.4,-230,0,0,0,1,1,0,0,0,0,0,2026-06-18,31,31
U00337,5,31,155.8,53.2,21.9,2026-06-25,27,30,27,30,28,28.0,28.4,1.36,4,4,Medium,0,0,0,2,4,8.1,8,0,Moderate,8100,2,0,0,-0.4,-433,0,0,0,0,0,0,0,0,0,0,2026-07-22,27,27
U00338,7,20,155.6,49.6,20.5,2026-06-06,38,35,38,38,38,37.0,37.4,1.2,4,6,Medium,1,0,0,10,3,6.2,10,0,Low,10980,10,0,0,-2.3,-531,0,1,0,0,1,0,0,0,0,0,2026-07-15,39,39
U00339,8,33,158.8,53.2,21.1,2026-05-18,28,29,24,30,29,27.0,28.0,2.1,5,3,Heavy,0,0,0,1,5,6.2,4,5,Low,4570,10,0,0,-0.2,96,0,0,0,0,0,0,0,0,0,0,2026-06-13,26,26
U00340,9,28,160.6,64.7,25.1,2026-07-22,29,30,25,29,29,28.0,28.4,1.74,7,6,Light,0,0,0,5,3,5.9,9,1,Moderate,11719,3,0,0,0.0,-147,0,0,0,0,0,0,0,0,0,0,2026-08-22,31,31
U00341,7,26,170.4,71.7,24.7,2026-04-18,26,27,25,27,26,26.0,26.2,0.75,5,3,Medium,0,0,0,9,6,7.8,5,1,Moderate,2304,9,0,0,0.7,221,0,0,0,0,0,0,0,0,0,0,2026-05-14,26,26
U00342,9,22,166.9,74.4,26.7,2026-02-21,26,25,23,28,27,24.67,25.8,1.72,3,4,Medium,0,0,0,3,8,6.7,10,4,Moderate,8284,1,0,0,-0.1,478,0,0,0,0,0,0,0,0,0,0,2026-03-21,28,28
U00343,10,22,153.8,41.2,17.4,2026-01-09,26,25,28,28,31,26.33,27.6,2.06,7,7,Medium,0,0,0,4,6,8.0,10,5,Moderate,9628,1,0,0,-0.9,-537,0,0,0,0,0,0,0,0,0,0,2026-02-03,25,25
U00344,11,25,160.4,64.3,25.0,2026-07-02,23,22,24,23,22,23.0,22.8,0.75,3,4,Heavy,0,0,0,5,6,8.6,5,7,High,9274,9,0,0,0.1,-231,0,0,0,0,0,0,0,0,0,0,2026-07-23,21,21
U00345,9,28,163.2,68.7,25.8,2026-05-12,24,23,22,26,25,23.0,24.0,1.41,6,7,Heavy,0,0,0,3,9,6.5,4,4,Moderate,12629,4,0,0,0.2,-658,0,0,1,0,0,0,0,0,0,0,2026-06-03,22,22
U00346,2,31,159.8,60.0,23.5,2026-08-25,27,27,28,26,27,27.33,27.0,0.63,6,5,Light,0,0,0,6,10,7.7,2,5,Moderate,10409,10,0,0,-0.1,498,1,0,1,0,0,0,0,0,0,0,2026-09-21,27,27
U00347,9,33,162.6,63.5,24.0,2026-01-26,26,26,27,24,25,26.33,25.6,1.02,7,6,Light,1,1,0,1,9,6.3,10,6,Moderate,2372,7,1,0,1.6,-657,0,0,0,0,0,0,0,1,0,0,2026-02-20,25,25
U00348,6,40,159.5,55.0,21.6,2026-04-08,31,33,31,36,29,31.67,32.0,2.37,7,7,Medium,0,0,1,1,6,5.8,3,2,Moderate,5209,2,0,0,0.8,214,0,0,0,1,0,1,0,0,0,0,2026-05-06,28,28
U00349,10,18,154.9,51.3,21.4,2026-04-30,31,29,28,30,27,29.33,29.0,1.41,3,7,Light,0,1,0,10,4,7.0,3,4,Moderate,6544,4,0,0,0.4,-25,0,0,1,0,1,0,0,0,0,0,2026-06-04,35,35
U00350,2,39,169.7,55.9,19.4,2026-07-16,31,28,30,32,34,29.67,31.0,2.0,7,7,Heavy,0,0,1,4,3,6.5,5,5,Moderate,13872,4,1,0,1.8,-684,0,0,0,1,0,0,0,0,0,0,2026-08-15,30,30
U00351,10,30,159.9,86.9,34.0,2026-03-05,30,30,29,34,30,29.67,30.6,1.74,3,7,Medium,0,0,0,6,2,6.5,10,5,Low,7070,4,0,0,-0.1,422,0,0,0,0,0,0,0,0,0,0,2026-04-03,29,29
U00352,6,19,147.4,53.2,24.5,2026-05-25,28,26,29,27,26,27.67,27.2,1.17,5,7,Medium,0,0,0,9,2,6.6,2,5,Low,11936,10,0,0,1.0,-91,1,1,1,0,0,0,0,0,0,1,2026-06-24,30,30
U00353,5,37,157.9,42.1,16.9,2026-03-09,28,26,26,28,30,26.67,27.6,1.5,5,5,Light,0,0,0,1,2,6.9,2,0,Moderate,11598,8,0,0,-0.3,-324,1,1,0,0,1,0,0,0,0,0,2026-04-03,25,25
U00354,3,37,150.2,65.4,29.0,2026-01-18,26,21,24,27,26,23.67,24.8,2.14,4,3,Medium,0,0,0,7,6,8.4,7,7,Moderate,12565,8,1,0,0.1,-12,0,0,0,0,0,0,0,0,0,0,2026-02-14,27,27
U00355,7,24,164.1,67.1,24.9,2026-02-28,30,30,30,31,32,30.0,30.6,0.8,4,6,Heavy,0,0,0,4,10,6.4,10,1,Low,6527,7,0,0,-0.9,-567,0,0,1,0,0,0,0,0,0,0,2026-03-29,29,29
U00356,2,21,166.2,44.2,16.0,2026-08-20,30,30,32,26,32,30.67,30.0,2.19,6,4,Medium,1,0,0,5,9,4.8,9,0,Moderate,8632,9,0,0,-0.5,-632,0,0,0,0,0,0,0,0,0,0,2026-09-20,31,31
U00357,9,24,153.4,66.8,28.4,2026-07-04,30,31,26,29,31,29.0,29.4,1.85,5,4,Heavy,0,0,0,1,9,8.4,10,0,High,10221,3,0,0,-1.4,225,0,0,0,0,0,1,0,0,0,0,2026-07-29,25,25
U00358,6,36,159.3,54.1,21.3,2026-01-24,27,27,27,28,28,27.0,27.4,0.49,7,3,Heavy,0,0,0,7,8,5.2,7,1,Moderate,12970,10,0,0,-0.3,-273,0,0,1,0,0,1,0,0,0,0,2026-02-22,29,29
U00359,3,39,157.8,55.3,22.2,2026-01-30,25,26,28,23,24,26.33,25.2,1.72,3,7,Medium,0,1,0,7,2,6.7,3,4,High,7434,3,0,0,0.5,-273,0,0,0,0,0,0,0,0,0,0,2026-02-25,26,26
U00360,10,24,169.5,53.7,18.7,2026-05-15,36,38,37,37,39,37.0,37.4,1.02,4,3,Heavy,0,0,0,10,7,5.8,3,2,Low,2463,8,0,0,-2.6,54,0,0,0,0,1,0,0,1,0,0,2026-06-20,36,36
U00361,6,28,160.9,53.8,20.8,2026-07-22,31,26,34,28,33,30.33,30.4,3.01,4,4,Light,0,0,1,5,4,5.8,5,4,Moderate,12799,2,0,1,0.4,-558,0,0,0,0,0,1,0,0,0,1,2026-08-21,30,30
U00362,4,34,165.4,52.8,19.3,2026-02-02,23,24,23,26,25,23.33,24.2,1.17,3,3,Light,0,0,0,2,4,7.4,7,5,Moderate,9965,1,0,0,-0.2,381,0,0,0,0,0,0,0,0,0,0,2026-02-22,20,20
U00363,12,22,163.4,61.4,23.0,2026-01-09,29,28,26,30,26,27.67,27.8,1.6,5,4,Medium,0,0,0,1,10,5.0,9,7,Moderate,9988,2,0,0,-0.7,460,0,0,0,0,0,0,0,0,0,0,2026-02-07,29,29
U00364,8,34,164.4,63.2,23.4,2026-01-30,31,29,29,34,33,29.67,31.2,2.04,5,5,Medium,0,0,0,7,10,7.8,4,0,Moderate,3777,5,1,0,-1.4,-226,0,0,1,0,0,0,0,0,0,0,2026-03-06,35,35
U00365,4,23,155.4,56.3,23.3,2026-04-25,30,30,33,33,32,31.0,31.6,1.36,7,7,Heavy,0,0,0,4,8,7.7,9,2,Moderate,10569,8,0,0,-1.6,-469,1,0,0,0,0,0,0,0,0,0,2026-05-22,27,27
U00366,12,37,161.9,50.1,19.1,2026-05-29,34,34,33,32,38,33.67,34.2,2.04,3,3,Heavy,0,0,1,2,6,8.3,9,3,Low,5419,4,0,0,1.2,-60,1,0,1,1,0,0,0,1,0,0,2026-07-01,33,33
U00367,12,21,167.4,61.4,21.9,2026-05-04,33,32,33,33,34,32.67,33.0,0.63,5,7,Light,0,0,0,9,4,8.5,2,5,Moderate,5998,1,0,0,-0.9,99,0,0,1,0,0,0,0,1,0,0,2026-06-10,37,37
U00368,12,40,151.3,42.6,18.6,2026-02-24,28,29,28,30,25,28.33,28.0,1.67,7,7,Medium,0,0,0,4,4,6.8,9,5,Low,8868,10,0,0,0.2,-87,0,0,0,0,0,1,0,0,0,0,2026-03-26,30,30
U00369,5,34,152.3,59.4,25.6,2026-05-13,30,27,29,29,30,28.67,29.0,1.1,3,6,Heavy,0,0,0,8,10,5.9,10,2,Low,10779,7,0,0,-2.6,332,1,0,1,0,0,0,0,0,0,1,2026-06-11,29,29
U00370,7,24,160.3,61.7,24.0,2026-05-27,29,31,28,32,32,29.33,30.4,1.62,7,4,Medium,1,0,0,10,3,4.6,8,2,Low,8888,10,0,0,-2.3,-243,0,1,1,0,0,0,0,0,0,0,2026-06-25,29,29
U00371,7,36,170.5,71.8,24.7,2026-07-24,25,24,27,23,24,25.33,24.6,1.36,5,6,Heavy,0,0,0,6,9,8.3,2,4,Moderate,10683,5,0,0,0.1,395,0,0,0,0,0,0,0,0,0,0,2026-08-21,28,28
U00372,9,32,152.8,56.0,24.0,2026-02-27,31,33,34,34,33,32.67,33.0,1.1,5,6,Medium,0,0,0,6,6,6.9,9,3,Moderate,8798,4,0,0,-1.1,462,0,1,1,0,0,0,0,0,0,0,2026-03-29,30,30
U00373,10,28,159.3,48.7,19.2,2026-03-06,25,22,25,25,23,24.0,24.0,1.26,5,4,Medium,0,0,0,3,5,7.2,4,6,Low,9286,2,0,0,0.1,498,0,0,0,0,0,0,0,0,0,1,2026-03-28,22,22
U00374,7,35,145.8,58.0,27.3,2026-07-25,37,39,37,37,37,37.67,37.4,0.8,5,5,Heavy,0,0,1,6,6,5.8,5,4,Moderate,13581,2,0,0,-2.2,-359,0,0,0,1,0,0,1,0,0,0,2026-09-01,38,38
U00375,8,33,166.7,67.8,24.4,2026-06-05,31,33,32,33,33,32.0,32.4,0.8,7,4,Medium,0,0,0,8,4,5.4,9,1,Moderate,8184,9,0,1,-1.1,-43,0,0,1,0,0,0,0,0,0,1,2026-07-06,31,31
U00376,3,19,169.5,62.3,21.7,2026-03-25,32,33,29,34,29,31.33,31.4,2.06,6,5,Medium,0,0,0,9,10,8.0,2,1,Low,6918,9,0,0,1.6,-240,0,1,1,0,0,0,0,0,0,1,2026-04-27,33,33
U00377,2,23,163.1,62.2,23.4,2026-05-10,32,29,30,32,31,30.33,30.8,1.17,3,4,Medium,0,0,0,1,3,7.2,5,6,Low,5857,1,0,0,1.1,290,0,0,1,0,0,0,0,0,0,0,2026-06-08,29,29
U00378,5,33,156.9,64.5,26.2,2026-04-29,31,30,32,29,32,31.0,30.8,1.17,4,3,Medium,0,0,0,8,9,7.2,8,1,Moderate,3580,8,0,0,-0.2,492,0,0,1,0,0,0,0,0,0,0,2026-06-02,34,34
U00379,6,27,166.1,68.7,24.9,2026-02-28,28,28,25,27,27,27.0,27.0,1.1,5,5,Light,0,0,0,10,10,6.1,8,5,Low,4554,2,0,0,-0.0,-327,0,1,0,0,0,0,0,0,0,0,2026-04-02,33,33
U00380,10,25,161.8,69.6,26.6,2026-04-10,29,29,27,29,30,28.33,28.8,0.98,7,5,Light,0,0,0,1,10,7.5,8,1,Moderate,8922,9,0,1,0.6,-325,0,0,1,0,0,0,0,1,0,0,2026-05-07,27,27
U00381,2,30,153.1,58.4,24.9,2026-03-08,28,31,28,26,28,29.0,28.2,1.6,6,3,Light,0,0,0,5,2,6.6,10,5,Low,12504,5,0,0,0.7,430,1,0,0,0,0,0,0,0,0,0,2026-04-05,28,28
U00382,12,21,150.7,52.0,22.9,2026-04-29,35,34,35,37,33,34.67,34.8,1.33,3,4,Medium,0,0,1,6,2,7.0,4,7,Low,13973,10,0,0,-0.4,-384,0,0,1,1,0,0,0,0,0,0,2026-06-04,36,36
U00383,11,40,152.0,62.6,27.1,2026-01-16,32,31,31,31,38,31.33,32.6,2.73,3,3,Medium,0,0,0,1,3,7.7,2,2,Moderate,7867,10,0,1,-1.9,-407,1,0,0,0,0,0,0,0,0,0,2026-02-16,31,31
U00384,3,30,150.2,47.2,20.9,2026-06-09,29,30,27,27,27,28.67,28.0,1.26,4,3,Medium,1,0,0,1,10,6.7,4,4,Moderate,9952,1,0,0,-1.6,199,0,0,1,0,0,0,0,0,0,0,2026-07-09,30,30
U00385,11,18,162.8,62.3,23.5,2026-08-17,28,30,27,27,27,28.33,27.8,1.17,5,5,Medium,0,0,0,6,5,6.9,1,2,Moderate,12665,4,0,0,0.4,-622,0,1,0,0,0,0,0,0,0,0,2026-09-15,29,29
U00386,11,28,166.6,59.7,21.5,2026-08-01,28,28,28,27,32,28.0,28.6,1.74,6,7,Medium,0,0,0,5,4,6.3,2,2,Moderate,9783,9,0,0,-1.7,105,0,1,0,0,1,0,0,0,0,0,2026-08-25,24,24
U00387,4,35,149.9,59.1,26.3,2026-01-01,29,29,29,23,26,29.0,27.2,2.4,6,3,Heavy,0,0,0,9,4,9.7,1,0,Moderate,13557,1,0,0,1.8,115,1,0,1,0,0,0,0,0,0,0,2026-01-29,28,28
U00388,2,31,166.0,44.1,16.0,2026-06-05,33,32,32,36,33,32.33,33.2,1.47,5,6,Heavy,0,0,0,1,5,8.7,1,2,Low,12222,3,0,0,1.2,33,0,0,0,0,1,0,0,0,0,0,2026-07-05,30,30
U00389,11,29,157.7,54.5,21.9,2026-04-16,31,31,31,32,35,31.0,32.0,1.55,3,5,Heavy,0,0,0,8,2,8.3,2,6,Low,8554,6,0,0,0.4,-484,1,0,0,0,0,0,0,0,0,0,2026-05-18,32,32
U00390,7,32,154.4,47.9,20.1,2026-07-05,25,25,24,27,25,24.67,25.2,0.98,4,5,Heavy,1,0,0,1,7,6.3,9,7,Low,11634,3,0,0,0.2,95,1,0,0,0,0,0,0,0,0,0,2026-07-27,22,22
U00391,10,18,155.5,58.3,24.1,2026-05-17,26,28,26,29,28,26.67,27.4,1.2,7,7,Light,0,0,0,4,4,9.9,6,4,Moderate,12617,8,0,0,0.8,-208,0,0,0,0,0,0,0,0,0,0,2026-06-11,25,25
U00392,4,29,165.6,55.4,20.2,2026-02-24,31,28,32,28,34,30.33,30.6,2.33,4,7,Light,0,0,0,10,7,6.2,3,3,Moderate,2160,3,0,0,-0.8,441,0,0,0,0,0,0,0,0,0,0,2026-03-28,32,32
U00393,4,27,159.0,44.0,17.4,2026-07-01,27,31,30,25,27,29.33,28.0,2.19,5,6,Medium,0,0,0,1,9,4.8,8,6,Moderate,10592,10,0,0,1.6,-427,0,1,0,0,0,0,0,0,0,1,2026-07-28,27,27
U00394,10,38,162.4,52.5,19.9,2026-05-20,27,27,28,27,24,27.33,26.6,1.36,4,6,Medium,0,0,0,6,1,9.4,3,6,Moderate,4489,10,0,0,-1.3,347,0,0,1,0,0,0,0,0,0,0,2026-06-17,28,28
U00395,5,31,155.4,51.9,21.5,2026-04-03,30,30,29,29,31,29.67,29.8,0.75,5,6,Light,0,0,0,8,3,8.4,5,2,Moderate,13713,3,0,0,-0.4,-442,0,0,0,0,0,0,0,0,0,1,2026-05-03,30,30
U00396,9,22,154.3,58.3,24.5,2026-05-03,30,32,32,28,30,31.33,30.4,1.5,3,7,Heavy,0,0,0,7,10,6.5,6,0,High,5342,1,0,0,0.6,38,0,0,1,0,0,0,0,0,0,0,2026-06-03,31,31
U00397,2,37,152.1,44.2,19.1,2026-06-14,24,26,24,26,26,24.67,25.2,0.98,7,4,Light,0,0,0,5,4,7.9,6,4,High,13369,10,0,0,0.5,-481,0,0,1,0,0,1,0,0,0,0,2026-07-07,23,23
U00398,7,24,156.4,54.8,22.4,2026-01-03,33,32,34,34,33,33.0,33.2,0.75,7,3,Medium,0,0,0,10,6,6.8,7,2,Moderate,6310,7,0,0,1.7,-605,0,0,1,0,0,1,0,0,0,0,2026-02-06,34,34
U00399,10,40,149.7,52.4,23.4,2026-02-18,27,26,29,28,25,27.33,27.0,1.41,6,5,Heavy,0,0,0,4,4,6.4,2,0,Moderate,3578,2,0,0,2.0,333,0,0,1,0,0,0,0,0,0,0,2026-03-16,26,26
U00400,10,26,164.4,62.7,23.2,2026-07-08,30,31,29,26,28,30.0,28.8,1.72,7,6,Medium,0,0,0,3,9,6.7,10,6,High,9764,10,0,1,0.5,414,0,1,0,0,0,0,0,0,0,0,2026-08-09,32,32
U00401,3,37,162.0,48.6,18.5,2026-07-03,32,29,30,31,35,30.33,31.4,2.06,6,5,Medium,0,0,0,4,4,8.5,9,3,Moderate,10555,4,0,0,-0.7,-59,1,0,0,0,0,0,0,0,0,0,2026-08-04,32,32
U00402,9,35,157.8,58.0,23.3,2026-01-05,30,30,29,34,32,29.67,31.0,1.79,7,3,Light,0,0,0,1,9,7.0,8,2,High,7206,4,1,1,-2.3,290,0,1,1,0,0,0,0,0,0,0,2026-02-02,28,28
U00403,2,34,153.9,56.6,23.9,2026-03-18,32,31,30,32,32,31.0,31.4,0.8,5,4,Heavy,0,0,0,6,8,4.2,1,2,Moderate,9527,2,1,0,-0.6,-124,0,0,0,0,0,0,0,0,0,0,2026-04-18,31,31
U00404,2,32,146.1,45.7,21.4,2026-06-30,27,27,27,29,27,27.0,27.4,0.8,6,3,Medium,0,0,0,4,3,7.5,3,3,Moderate,2948,10,0,0,0.3,205,0,0,0,0,0,0,0,1,0,0,2026-07-28,28,28
U00405,4,18,155.6,59.1,24.4,2026-07-08,29,31,29,28,30,29.67,29.4,1.02,4,6,Medium,0,0,0,4,1,8.9,6,1,Low,3920,8,0,0,0.1,9,0,0,0,0,0,0,0,0,0,0,2026-08-06,29,29
U00406,7,22,148.6,58.5,26.5,2026-03-19,31,30,31,32,31,30.67,31.0,0.63,7,3,Medium,0,0,0,9,6,6.2,6,1,Moderate,4006,6,0,1,-0.8,435,0,1,0,0,0,0,0,0,0,0,2026-04-20,32,32
U00407,2,38,162.8,45.3,17.1,2026-05-14,27,26,28,29,26,27.0,27.2,1.17,6,7,Light,0,0,0,4,9,6.9,2,4,Moderate,2230,4,0,0,-0.5,-615,0,0,0,0,0,0,0,0,0,0,2026-06-10,27,27
U00408,12,35,161.8,43.2,16.5,2026-01-15,29,27,30,30,31,28.67,29.4,1.36,4,7,Medium,0,0,0,2,3,7.3,2,5,Low,13607,4,0,0,0.3,-420,0,0,0,0,0,0,0,0,0,0,2026-02-12,28,28
U00409,7,28,160.9,79.2,30.6,2026-06-22,26,28,28,26,27,27.33,27.0,0.89,7,3,Medium,0,0,0,1,2,6.8,10,7,Low,6202,5,0,0,-1.2,413,0,0,0,0,0,0,0,0,0,0,2026-07-17,25,25
U00410,7,35,146.1,49.7,23.3,2026-03-16,24,23,25,26,21,24.0,23.8,1.72,4,5,Light,0,0,0,6,1,7.0,3,5,Low,7398,1,0,0,-2.2,-202,0,0,0,0,1,1,0,0,0,0,2026-04-09,24,24
U00411,10,33,163.7,51.2,19.1,2026-03-15,29,29,29,31,28,29.0,29.2,0.98,5,3,Light,0,0,0,2,2,8.8,4,0,Moderate,5120,5,0,0,-0.7,-686,0,1,1,0,0,0,0,0,0,0,2026-04-11,27,27
U00412,8,35,155.9,58.3,24.0,2026-04-09,30,30,30,31,30,30.0,30.2,0.4,7,6,Heavy,0,0,1,8,4,6.1,1,5,High,9972,10,0,0,0.2,13,0,1,0,1,0,0,0,1,0,0,2026-05-06,27,27
U00413,9,30,164.9,64.4,23.7,2026-08-12,31,32,28,28,33,30.33,30.4,2.06,3,6,Medium,0,0,1,5,8,8.0,3,6,High,13612,7,0,0,0.2,-374,0,0,0,1,0,0,0,0,0,0,2026-09-12,31,31
U00414,8,19,149.7,57.4,25.6,2026-06-07,27,29,25,26,26,27.0,26.6,1.36,3,3,Medium,1,0,0,10,5,6.8,6,5,Moderate,10318,9,0,0,0.8,-167,0,0,0,0,1,1,0,0,0,0,2026-07-03,26,26
U00415,5,27,161.5,60.2,23.1,2026-03-16,30,28,34,30,31,30.67,30.6,1.96,7,5,Heavy,0,0,0,1,6,7.6,4,1,High,5714,2,0,0,-0.9,310,0,1,1,0,0,0,0,0,0,1,2026-04-14,29,29
U00416,3,22,160.8,69.8,27.0,2026-05-15,24,25,28,27,21,25.67,25.0,2.45,5,4,Light,0,0,0,10,9,5.8,1,3,Moderate,6839,7,0,1,2.0,-106,1,0,0,0,0,0,0,0,0,0,2026-06-09,25,25
U00417,7,37,164.8,52.4,19.3,2026-05-22,26,25,29,23,23,26.67,25.2,2.23,3,3,Medium,0,0,0,9,4,6.0,2,4,Moderate,11551,3,0,0,0.5,-389,0,1,0,0,0,0,0,0,0,0,2026-06-18,27,27
U00418,12,38,156.1,39.0,16.0,2026-01-29,28,27,27,27,31,27.33,28.0,1.55,6,4,Medium,0,0,0,6,8,8.5,7,3,Low,3139,10,0,0,-1.0,-58,1,0,0,0,0,0,0,0,0,0,2026-02-27,29,29
U00419,4,22,156.7,41.0,16.7,2026-07-14,28,25,30,27,31,27.67,28.2,2.14,3,6,Medium,0,0,0,4,8,8.1,7,5,Moderate,3898,6,0,0,0.1,422,0,0,0,0,0,0,0,0,0,0,2026-08-08,25,25
U00420,9,38,147.7,41.7,19.1,2026-08-19,32,33,31,31,34,32.0,32.2,1.17,4,6,Medium,0,0,0,10,4,7.5,5,6,Low,3999,3,0,0,-1.1,-312,0,1,1,0,1,0,0,0,0,0,2026-09-21,33,33
U00421,8,25,145.0,36.2,17.2,2026-01-15,37,39,39,37,35,38.33,37.4,1.5,6,5,Medium,0,0,0,6,1,6.5,5,3,Low,13629,10,1,0,-0.9,-504,0,0,1,0,1,0,0,1,0,1,2026-02-22,38,38
U00422,2,22,148.1,52.6,24.0,2026-08-18,30,32,26,32,30,29.33,30.0,2.19,6,6,Light,0,0,1,6,6,6.8,3,5,Moderate,6861,10,0,0,1.3,-681,0,0,0,1,0,0,0,1,0,0,2026-09-15,28,28
U00423,12,24,167.9,66.5,23.6,2026-08-01,33,32,31,29,34,32.0,31.8,1.72,4,6,Medium,0,0,1,4,5,6.4,4,0,Moderate,7455,1,0,0,0.0,-385,0,0,0,1,0,0,0,0,0,0,2026-08-31,30,30
U00424,3,30,158.6,61.9,24.6,2026-05-07,34,36,32,32,34,34.0,33.6,1.5,4,3,Medium,0,0,1,8,1,6.2,8,5,Moderate,11682,2,0,1,0.5,-121,0,1,0,1,0,0,0,0,0,0,2026-06-10,34,34
U00425,7,23,155.6,51.1,21.1,2026-08-03,29,29,28,30,26,28.67,28.4,1.36,4,5,Medium,0,0,0,2,8,5.8,9,6,Low,4274,4,0,0,-1.0,260,0,0,0,0,0,0,0,0,0,0,2026-09-03,31,31
U00426,2,24,155.0,47.8,19.9,2026-01-01,30,33,32,33,29,31.67,31.4,1.62,5,3,Medium,0,0,0,9,3,5.7,10,6,Moderate,3427,5,0,0,-0.3,-20,0,0,0,0,0,0,0,0,0,0,2026-01-30,29,29
U00427,6,34,145.0,47.1,22.4,2026-08-23,29,28,27,32,30,28.0,29.2,1.72,7,3,Medium,0,0,0,1,10,6.3,10,7,Moderate,10474,10,0,0,0.6,-183,0,0,0,0,0,0,0,0,0,0,2026-09-20,28,28
U00428,6,27,157.7,46.0,18.5,2026-04-16,31,28,27,32,27,28.67,29.0,2.1,4,5,Medium,0,0,0,9,1,8.4,10,4,High,13258,6,1,0,-2.1,-29,0,0,0,0,0,0,0,0,0,0,2026-05-24,38,38
U00429,11,34,164.8,66.0,24.3,2026-07-24,28,28,29,25,29,28.33,27.8,1.47,4,3,Medium,0,0,0,2,7,7.4,3,0,Moderate,3475,8,0,0,-1.0,384,0,0,0,0,0,0,0,0,0,0,2026-08-22,29,29
U00430,4,18,149.4,54.0,24.2,2026-03-05,35,38,38,36,37,37.0,36.8,1.17,5,6,Medium,0,0,1,5,7,6.2,8,4,Low,12981,10,0,0,2.5,-393,0,0,0,1,0,0,0,0,0,0,2026-04-08,34,34
U00431,10,20,165.0,66.7,24.5,2026-04-16,30,31,31,30,28,30.67,30.0,1.1,6,7,Medium,0,0,0,6,5,6.8,2,2,Low,2355,8,0,0,0.4,-335,1,0,0,0,0,0,0,0,0,1,2026-05-15,29,29
U00432,10,24,169.3,68.5,23.9,2026-03-03,30,33,26,28,29,29.67,29.2,2.32,5,5,Medium,0,0,0,1,6,8.6,2,4,High,4968,10,0,0,3.0,-373,0,0,0,0,0,0,0,0,0,0,2026-03-31,28,28
U00433,10,26,157.9,62.8,25.2,2026-07-19,24,27,24,26,26,25.0,25.4,1.2,7,3,Medium,0,0,0,1,2,6.8,6,6,Low,13601,7,0,0,1.3,-592,0,1,0,0,0,0,0,0,0,0,2026-08-10,22,22
U00434,8,24,162.3,50.0,19.0,2026-06-28,26,23,24,26,26,24.33,25.0,1.26,4,6,Light,0,0,0,4,10,9.0,2,7,Moderate,10282,5,0,1,-0.5,-100,0,0,0,0,0,0,0,1,0,0,2026-07-24,26,26
U00435,11,27,158.9,64.4,25.5,2026-06-03,28,28,29,29,24,28.33,27.6,1.85,5,3,Medium,0,0,0,1,5,6.9,3,2,Low,7661,5,0,0,0.2,-393,0,0,0,0,0,0,0,1,0,0,2026-06-30,27,27
U00436,9,39,170.0,60.1,20.8,2026-02-01,23,25,21,22,23,23.0,22.8,1.33,5,5,Light,0,0,0,6,2,6.6,1,0,Moderate,4192,1,0,0,0.1,416,0,1,0,0,0,0,0,0,0,0,2026-02-26,25,25
U00437,9,28,162.3,49.8,18.9,2026-05-10,29,28,31,28,31,29.33,29.4,1.36,4,6,Medium,1,0,0,7,6,7.9,8,6,High,12031,8,0,0,1.7,-79,0,0,0,0,0,0,0,0,0,1,2026-06-06,27,27
U00438,10,31,156.0,66.9,27.5,2026-06-27,26,29,29,28,29,28.0,28.2,1.17,6,6,Light,0,0,0,4,1,7.0,1,0,Moderate,3916,6,0,0,-0.2,-520,0,0,0,0,0,0,0,0,0,0,2026-07-22,25,25
U00439,8,36,166.8,56.5,20.3,2026-03-04,29,30,30,33,31,29.67,30.6,1.36,4,7,Medium,0,0,0,4,6,7.2,8,1,Moderate,11286,6,0,0,0.6,-197,0,0,0,0,0,0,0,0,0,1,2026-03-30,26,26
U00440,9,22,154.9,43.9,18.3,2026-05-22,31,28,29,29,33,29.33,30.0,1.79,4,4,Medium,0,0,0,8,10,7.0,1,1,High,4658,5,0,0,-0.6,390,0,0,0,0,0,1,0,0,0,0,2026-06-26,35,35
U00441,7,21,156.1,65.3,26.8,2026-08-19,26,25,26,27,30,25.67,26.8,1.72,6,7,Medium,0,0,0,7,3,7.1,10,0,Low,10104,10,1,1,-1.0,479,0,0,0,0,0,0,0,0,0,0,2026-09-16,28,28
U00442,12,27,146.9,38.2,17.7,2026-06-28,32,29,33,31,34,31.33,31.8,1.72,6,6,Medium,0,0,0,3,4,7.7,7,4,Low,8376,8,0,1,-0.3,-73,1,1,1,0,0,0,0,0,0,0,2026-07-31,33,33
U00443,9,32,151.3,49.0,21.4,2026-01-20,28,27,28,31,26,27.67,28.0,1.67,4,7,Light,0,0,0,3,5,6.2,2,3,Low,7159,2,0,0,-0.6,-341,0,1,0,0,0,0,0,0,1,0,2026-02-18,29,29
U00444,10,29,158.6,60.1,23.9,2026-07-30,33,31,32,31,34,32.0,32.2,1.17,4,5,Heavy,0,0,0,6,3,8.6,1,6,Moderate,9532,1,1,0,2.6,91,0,0,0,0,0,0,0,1,0,0,2026-08-31,32,32
U00445,4,20,146.1,57.4,26.9,2026-03-29,26,28,25,27,28,26.33,26.8,1.17,4,3,Light,0,0,0,5,5,8.5,7,7,Low,7642,7,0,0,-0.8,315,0,0,0,0,0,0,0,1,0,0,2026-04-26,28,28
U00446,2,32,157.0,56.0,22.7,2026-06-19,27,25,24,25,25,25.33,25.2,0.98,7,3,Medium,0,0,0,3,5,8.3,8,6,Moderate,10733,10,1,0,-0.4,-73,0,0,1,0,0,0,0,0,0,0,2026-07-16,27,27
U00447,4,39,159.3,55.6,21.9,2026-05-09,31,31,32,28,30,31.33,30.4,1.36,3,6,Medium,0,0,0,3,2,6.9,8,4,High,3591,9,0,0,-1.0,238,1,0,0,0,0,1,0,0,0,0,2026-06-09,31,31
U00448,11,30,156.6,56.9,23.2,2026-01-01,30,27,31,34,32,29.33,30.8,2.32,5,6,Light,0,0,0,9,10,7.1,5,4,Moderate,5062,8,0,0,-0.7,339,0,0,0,0,0,0,1,1,0,0,2026-01-30,29,29
U00449,5,38,150.5,53.7,23.7,2026-06-13,29,28,27,29,25,28.0,27.6,1.5,7,7,Medium,0,0,1,10,7,5.3,5,7,Low,2333,10,0,0,-1.7,-229,0,0,0,1,0,0,1,0,0,1,2026-07-14,31,31
U00450,7,27,165.3,53.3,19.5,2026-06-11,27,28,29,30,27,28.0,28.2,1.17,5,6,Light,0,0,0,3,2,6.6,7,2,Low,12794,8,0,0,-0.6,136,0,0,0,0,0,0,0,0,0,1,2026-07-07,26,26
U00451,11,27,157.6,48.4,19.5,2026-06-10,28,29,28,25,28,28.33,27.6,1.36,5,7,Heavy,0,0,0,4,2,7.1,6,0,Moderate,3502,10,0,0,-1.1,-545,0,0,0,0,0,0,0,1,0,1,2026-07-09,29,29
U00452,2,25,160.4,43.5,16.9,2026-05-12,29,26,31,28,30,28.67,28.8,1.72,4,4,Heavy,0,0,0,7,2,7.1,4,2,Low,10661,10,0,0,0.4,127,0,0,0,0,0,0,0,0,0,1,2026-06-12,31,31
U00453,6,29,160.0,72.2,28.2,2026-04-14,28,31,29,31,27,29.33,29.2,1.6,5,3,Medium,0,0,0,1,10,4.8,9,0,Moderate,11194,3,0,0,1.1,-117,0,0,0,0,0,0,0,0,0,1,2026-05-15,31,31
U00454,10,31,147.8,48.9,22.4,2026-08-08,32,31,32,27,30,31.67,30.4,1.85,3,3,Medium,1,0,0,2,6,5.8,5,6,High,13677,8,0,0,0.1,-381,0,0,1,0,1,0,0,0,0,0,2026-09-08,31,31
U00455,2,20,146.9,41.0,19.0,2026-03-20,33,36,32,34,33,33.67,33.6,1.36,4,7,Light,1,0,1,10,7,6.8,1,3,Moderate,10803,10,1,0,-0.1,140,0,1,0,1,0,0,0,0,0,0,2026-04-22,33,33
U00456,11,40,160.2,78.0,30.4,2026-07-21,30,33,31,29,29,31.33,30.4,1.5,5,4,Medium,0,0,0,8,7,6.9,9,2,Moderate,11926,7,0,0,-0.4,-299,0,1,0,0,0,0,0,0,0,0,2026-08-22,32,32
U00457,5,21,172.0,67.7,22.9,2026-02-17,29,29,27,28,30,28.33,28.6,1.02,7,3,Medium,1,0,0,2,10,7.2,9,2,Low,10548,4,0,0,0.0,440,0,0,0,0,0,0,0,0,0,0,2026-03-17,28,28
U00458,3,30,161.5,57.1,21.9,2026-05-17,27,27,26,27,28,26.67,27.0,0.63,7,7,Medium,1,0,0,4,7,5.9,6,4,Low,9043,9,1,0,0.7,323,0,0,0,0,0,0,0,0,0,0,2026-06-14,28,28
U00459,7,25,170.0,59.0,20.4,2026-02-09,31,31,30,31,32,30.67,31.0,0.63,5,6,Medium,0,0,0,6,1,5.9,6,5,Moderate,9519,9,0,0,2.4,-39,0,0,0,0,0,0,0,0,0,0,2026-03-11,30,30
U00460,9,38,150.4,36.2,16.0,2026-06-30,28,30,28,27,28,28.67,28.2,0.98,3,6,Heavy,1,0,0,5,2,7.7,9,4,High,10156,9,0,0,-0.1,238,0,0,0,0,0,0,0,0,0,1,2026-07-26,26,26
U00461,12,32,164.0,59.4,22.1,2026-01-17,30,30,29,32,30,29.67,30.2,0.98,6,6,Heavy,0,1,0,10,9,8.4,1,6,Low,9484,1,0,0,0.0,126,0,1,0,0,1,0,0,0,0,0,2026-02-15,29,29
U00462,12,18,165.1,82.0,30.1,2026-07-22,31,31,33,32,31,31.67,31.6,0.8,4,3,Medium,0,0,0,5,8,6.6,2,2,High,12103,10,1,0,-2.7,143,0,0,0,0,0,0,0,0,0,0,2026-08-22,31,31
U00463,12,18,150.4,46.4,20.5,2026-01-05,31,31,31,30,30,31.0,30.6,0.49,6,6,Heavy,0,0,1,7,5,5.8,1,2,Low,2988,7,0,0,1.2,500,1,1,0,1,0,0,0,0,0,0,2026-02-06,32,32
U00464,4,22,165.5,57.2,20.9,2026-04-14,28,32,31,26,28,30.33,29.0,2.19,6,6,Medium,0,0,0,8,9,5.7,4,1,Moderate,7658,1,0,0,-0.8,112,0,0,0,0,0,0,0,0,0,0,2026-05-14,30,30
U00465,9,36,164.1,43.9,16.3,2026-03-13,30,28,32,30,30,30.0,30.0,1.26,5,6,Medium,1,0,1,8,6,8.1,3,5,Moderate,6950,5,0,0,1.3,263,1,1,0,1,0,0,0,0,0,0,2026-04-11,29,29
U00466,5,37,150.3,41.6,18.4,2026-01-21,30,29,31,29,29,30.0,29.6,0.8,7,3,Heavy,0,0,0,1,3,6.5,2,6,Moderate,12121,2,0,0,-0.0,-435,1,1,0,0,0,0,0,0,0,0,2026-02-20,30,30
U00467,3,30,162.1,58.3,22.2,2026-03-10,33,32,33,34,33,32.67,33.0,0.63,3,5,Medium,0,0,0,8,8,6.0,6,3,Low,6450,8,0,0,-1.0,365,0,0,0,0,0,0,0,0,0,0,2026-04-15,36,36
U00468,5,31,170.7,74.9,25.7,2026-02-09,28,27,28,29,26,27.67,27.6,1.02,7,6,Medium,0,0,0,3,10,7.0,6,4,Low,13673,6,1,1,-1.8,-133,0,1,0,0,0,0,0,0,0,0,2026-03-11,30,30
U00469,2,32,158.4,59.0,23.5,2026-01-20,28,29,27,26,24,28.0,26.8,1.72,6,3,Medium,0,0,0,7,7,5.5,1,2,Low,8434,1,0,1,-2.7,364,0,0,0,0,0,0,0,0,0,0,2026-02-17,28,28
U00470,5,29,150.4,37.8,16.7,2026-04-26,32,32,28,33,29,30.67,30.8,1.94,3,7,Light,0,0,0,10,1,6.3,10,6,Moderate,7698,8,0,0,0.6,129,0,0,0,0,0,0,0,0,0,0,2026-05-29,33,33
U00471,10,29,151.9,58.1,25.2,2026-08-05,30,30,27,28,31,29.0,29.2,1.47,7,4,Medium,0,0,0,5,5,6.8,3,5,Low,2643,1,0,0,-0.9,-659,0,0,0,0,0,0,0,0,0,0,2026-09-05,31,31
U00472,9,26,161.9,58.5,22.3,2026-03-29,30,28,28,34,30,28.67,30.0,2.19,6,3,Medium,0,0,0,2,10,6.4,1,0,Moderate,2638,10,0,0,-3.0,26,0,0,0,0,0,0,0,1,0,0,2026-04-29,31,31
U00473,8,29,155.5,55.1,22.8,2026-06-30,29,28,28,30,30,28.33,29.0,0.89,7,3,Medium,0,0,0,3,6,6.9,4,5,Moderate,7865,10,0,0,0.9,-114,0,0,0,0,0,1,0,0,0,0,2026-07-31,31,31
U00474,6,24,156.2,50.0,20.5,2026-02-02,33,32,34,38,33,33.0,34.0,2.1,5,5,Light,0,0,0,8,8,7.7,7,5,Low,11353,7,1,0,0.1,-425,0,1,0,0,0,0,0,0,0,0,2026-03-06,32,32
U00475,5,35,148.9,57.2,25.8,2026-04-27,29,30,28,28,28,29.0,28.6,0.8,5,4,Medium,0,0,0,7,6,6.0,6,1,Moderate,3694,6,0,0,0.4,338,0,0,0,0,0,0,0,0,0,0,2026-05-23,26,26
U00476,12,33,168.3,66.6,23.5,2026-03-27,32,32,35,33,32,33.0,32.8,1.17,6,4,Medium,0,0,0,7,9,6.9,9,2,Moderate,7716,4,0,0,0.0,-488,0,0,0,0,0,0,0,0,0,0,2026-04-26,30,30
U00477,9,34,158.7,59.2,23.5,2026-08-15,34,34,34,34,30,34.0,33.2,1.6,6,5,Medium,0,0,1,1,1,5.9,6,4,Low,6362,3,0,0,0.6,-97,0,0,1,1,0,0,0,0,0,0,2026-09-18,34,34
U00478,11,26,171.6,70.4,23.9,2026-01-13,31,25,34,30,32,30.0,30.4,3.01,3,7,Medium,1,0,1,1,8,8.7,3,2,Moderate,13377,2,1,1,-1.3,-675,0,0,0,1,0,0,0,1,0,0,2026-02-10,28,28
U00479,10,27,154.7,48.1,20.1,2026-04-27,31,32,31,31,29,31.33,30.8,0.98,4,5,Medium,1,0,1,9,1,6.1,3,2,Moderate,9848,1,0,0,-2.8,-442,0,0,0,1,0,0,0,1,0,0,2026-05-30,33,33
U00480,12,28,155.6,49.9,20.6,2026-02-28,31,32,33,31,30,32.0,31.4,1.02,6,3,Light,0,0,0,8,3,4.9,5,2,Moderate,6135,7,0,0,-0.7,220,0,0,0,0,0,0,0,0,0,0,2026-04-02,33,33
U00481,4,31,155.7,55.5,22.9,2026-08-07,31,29,31,32,30,30.33,30.6,1.02,4,5,Medium,0,0,0,5,7,6.9,8,5,Moderate,11446,2,0,0,-0.6,345,0,0,1,0,0,0,1,0,0,1,2026-09-07,31,31
U00482,12,35,160.7,62.0,24.0,2026-04-23,23,25,23,26,24,23.67,24.2,1.17,7,3,Medium,0,0,0,4,7,8.1,9,7,Low,5752,2,0,0,0.0,444,0,0,1,0,0,0,0,0,0,0,2026-05-16,23,23
U00483,9,18,152.8,51.8,22.2,2026-07-30,33,32,32,33,33,32.33,32.6,0.49,4,3,Medium,0,0,0,9,6,5.8,7,4,Low,3010,8,0,0,0.7,-352,0,0,0,0,0,0,0,0,0,1,2026-08-31,32,32
U00484,10,39,160.6,56.0,21.7,2026-04-16,31,29,32,30,32,30.67,30.8,1.17,6,4,Heavy,0,0,0,9,10,6.4,1,5,High,4619,5,0,1,-0.6,-164,0,0,1,0,0,0,0,1,0,0,2026-05-17,31,31
U00485,5,37,162.4,59.9,22.7,2026-02-28,25,25,28,26,23,26.0,25.4,1.62,4,5,Medium,0,0,0,4,3,5.9,5,3,Moderate,2678,1,1,0,-0.1,-620,0,0,0,0,0,0,0,0,0,0,2026-03-25,25,25
U00486,9,40,155.8,50.7,20.9,2026-06-10,30,29,30,31,32,29.67,30.4,1.02,3,4,Light,1,1,0,9,10,6.0,10,3,Low,12555,7,0,0,-0.3,-566,0,1,1,0,0,1,0,0,0,0,2026-07-11,31,31
U00487,4,24,167.3,70.0,25.0,2026-05-19,33,35,36,30,32,34.67,33.2,2.14,6,4,Medium,0,0,1,10,6,6.7,2,5,Moderate,11100,1,0,0,-1.5,213,0,0,0,1,0,0,0,0,0,0,2026-06-23,35,35
U00488,9,29,157.7,43.8,17.6,2026-02-20,29,28,30,30,28,29.0,29.0,0.89,7,5,Medium,0,0,0,7,8,5.8,10,7,Moderate,8138,10,1,0,-1.1,-307,0,0,0,0,0,0,0,0,0,0,2026-03-18,26,26
U00489,12,30,166.2,53.0,19.2,2026-07-05,30,30,28,30,29,29.33,29.4,0.8,5,4,Medium,1,0,0,4,2,7.2,6,2,High,3060,1,0,0,-0.8,358,0,0,1,0,0,0,0,0,0,0,2026-08-04,30,30
U00490,7,21,160.7,60.4,23.4,2026-05-22,26,25,24,25,27,25.0,25.4,1.02,5,3,Medium,1,0,0,4,6,7.9,7,0,Moderate,12469,4,0,1,0.2,-232,1,0,0,0,0,0,0,1,0,0,2026-06-18,27,27
U00491,5,26,146.2,34.2,16.0,2026-04-04,31,29,30,29,32,30.0,30.2,1.17,7,5,Heavy,1,0,1,5,3,8.2,4,2,Low,4645,4,1,0,-1.1,-615,1,0,0,1,0,0,0,0,0,0,2026-05-06,32,32
U00492,4,18,167.8,63.6,22.6,2026-07-30,29,28,29,31,27,28.67,28.8,1.33,6,5,Medium,0,0,0,9,2,8.1,10,2,Moderate,10890,2,0,0,1.1,27,0,0,0,0,0,0,0,0,0,0,2026-08-29,30,30
U00493,11,20,166.9,66.0,23.7,2026-01-26,28,27,25,28,30,26.67,27.6,1.62,5,5,Light,0,0,0,9,2,7.7,10,7,High,8038,10,1,0,0.6,-284,0,1,0,0,0,0,0,0,0,0,2026-02-24,29,29
U00494,3,29,159.5,60.0,23.6,2026-07-07,30,31,33,30,28,31.33,30.4,1.62,4,3,Heavy,0,0,0,5,4,7.5,6,3,Moderate,4318,8,0,0,-0.1,-10,0,0,1,0,0,1,0,0,0,0,2026-08-03,27,27
U00495,11,25,175.8,70.8,22.9,2026-05-22,28,27,30,25,26,28.33,27.2,1.72,3,3,Light,0,0,0,10,4,7.5,8,6,Moderate,4999,3,0,0,-0.3,-683,0,0,0,0,0,0,0,1,0,0,2026-06-20,29,29
U00496,4,19,156.4,63.8,26.1,2026-05-01,30,32,27,29,30,29.67,29.6,1.62,4,4,Medium,0,0,0,5,3,9.0,7,6,High,3429,1,1,0,0.9,343,1,0,0,0,0,0,0,0,0,0,2026-05-31,30,30
U00497,2,37,162.9,60.2,22.7,2026-02-08,26,24,23,21,23,24.33,23.4,1.62,5,4,Medium,0,0,0,8,2,8.3,3,7,Moderate,10636,10,0,1,1.2,-646,0,0,0,0,0,0,0,0,0,1,2026-03-08,28,28
U00498,9,20,170.0,73.7,25.5,2026-05-01,27,29,24,30,28,26.67,27.6,2.06,6,7,Medium,0,0,0,5,9,7.8,1,7,Low,11839,2,0,0,-0.9,476,0,0,0,0,0,1,0,0,1,0,2026-05-27,26,26
U00499,5,23,169.7,54.1,18.8,2026-07-09,33,31,32,33,33,32.0,32.4,0.8,6,7,Light,0,0,0,7,9,6.5,2,6,Moderate,5942,3,0,0,-0.3,-13,0,0,0,0,0,0,0,1,0,0,2026-08-09,31,31
U00500,7,23,156.5,58.3,23.8,2026-06-20,30,31,28,32,28,29.67,29.8,1.6,5,4,Light,0,0,0,5,7,6.3,9,1,Low,11071,9,0,0,0.3,218,0,0,0,0,0,0,1,0,0,0,2026-07-18,28,28
U00501,7,29,154.5,59.2,24.8,2026-07-19,32,32,31,31,33,31.67,31.8,0.75,4,7,Medium,1,0,0,6,2,6.1,9,3,High,6424,5,0,0,0.5,-655,0,0,0,0,0,0,0,0,0,0,2026-08-19,31,31
U00502,9,40,154.5,52.8,22.1,2026-03-09,26,23,27,26,25,25.33,25.4,1.36,3,7,Light,0,0,0,10,3,8.1,3,6,Moderate,8906,10,0,0,-0.4,151,0,0,0,0,0,0,0,1,0,0,2026-04-06,28,28
U00503,12,18,158.7,67.2,26.7,2026-08-12,34,33,33,32,32,33.33,32.8,0.75,3,6,Medium,0,0,0,10,8,5.2,7,6,Moderate,4401,5,0,0,1.1,251,0,0,0,0,1,0,0,0,0,1,2026-09-14,33,33
U00504,5,21,153.2,59.8,25.5,2026-04-04,26,27,27,21,27,26.67,25.6,2.33,4,7,Medium,0,0,0,5,3,7.1,8,5,Low,11759,2,0,1,-0.4,385,0,0,0,0,0,0,0,0,0,0,2026-04-30,26,26
U00505,10,25,153.9,63.0,26.6,2026-04-29,27,27,30,28,27,28.0,27.8,1.17,3,3,Heavy,1,0,0,9,9,5.6,2,0,Moderate,9190,6,0,0,0.9,-348,0,1,0,0,1,0,0,0,0,0,2026-05-27,28,28
U00506,9,20,150.6,48.8,21.5,2026-04-17,30,34,27,30,31,30.33,30.4,2.24,3,5,Medium,0,0,0,9,2,7.1,8,5,Moderate,8157,1,0,1,-1.4,-677,0,0,0,0,0,0,0,1,0,0,2026-05-20,33,33
U00507,3,18,152.2,40.1,17.3,2026-08-20,29,29,29,32,27,29.0,29.2,1.6,3,7,Heavy,0,0,0,2,8,6.3,2,2,Moderate,11477,8,0,1,0.9,21,0,0,0,0,0,0,0,0,0,0,2026-09-18,29,29
U00508,12,39,154.4,45.3,19.0,2026-05-21,25,21,27,20,27,24.33,24.0,2.97,4,6,Light,1,0,0,1,2,6.4,9,6,Low,5628,1,0,0,0.1,-89,1,0,1,0,0,0,0,1,0,0,2026-06-16,26,26
U00509,5,23,161.2,67.0,25.8,2026-04-18,29,27,26,26,28,27.33,27.2,1.17,6,4,Medium,0,0,0,10,1,7.4,10,6,High,3284,2,0,0,-1.0,-168,0,0,1,0,0,0,0,0,0,0,2026-05-19,31,31
U00510,7,32,151.9,49.4,21.4,2026-01-24,28,28,26,28,26,27.33,27.2,0.98,3,6,Medium,0,0,0,2,7,9.0,6,4,Low,9977,3,0,1,-0.4,-282,0,0,1,0,0,0,0,0,0,0,2026-02-20,27,27
U00511,4,38,151.8,36.9,16.0,2026-01-23,24,25,25,22,25,24.67,24.2,1.17,7,4,Medium,0,0,0,8,1,9.5,3,6,Moderate,3326,6,0,0,-1.4,333,0,1,0,0,0,0,0,0,0,0,2026-02-17,25,25
U00512,5,35,151.3,52.4,22.9,2026-07-12,24,22,20,22,25,22.0,22.6,1.74,4,7,Medium,0,0,0,2,4,7.6,3,0,Low,13543,7,0,0,-1.3,-476,0,1,1,0,0,0,0,0,0,0,2026-08-05,24,24
U00513,6,18,148.8,42.7,19.3,2026-05-28,25,27,23,27,27,25.0,25.8,1.6,3,7,Heavy,0,0,0,2,3,6.3,9,1,Low,6429,2,0,0,1.1,-133,1,0,0,0,0,0,0,0,0,0,2026-06-22,25,25
U00514,5,26,161.7,58.0,22.2,2026-04-01,31,31,32,29,28,31.33,30.2,1.47,5,3,Medium,0,0,0,10,8,10.0,10,7,Low,3532,3,0,0,1.3,-677,0,0,1,0,0,0,0,1,0,0,2026-05-05,34,34
U00515,7,19,155.0,38.4,16.0,2026-03-16,33,30,32,31,33,31.67,31.8,1.17,5,5,Heavy,0,0,1,4,4,6.5,1,3,Low,10138,4,0,1,-0.2,-344,1,0,1,1,1,0,1,0,0,0,2026-04-19,34,34
U00516,9,39,151.4,36.7,16.0,2026-03-16,28,29,29,30,31,28.67,29.4,1.02,6,3,Light,1,0,0,6,3,5.7,4,2,Moderate,10854,2,0,0,0.5,20,0,0,0,0,0,0,1,0,0,0,2026-04-12,27,27
U00517,8,28,166.3,47.3,17.1,2026-08-10,28,27,26,26,29,27.0,27.2,1.17,7,6,Heavy,0,0,0,9,1,7.8,5,3,High,5705,9,0,0,1.2,278,0,0,0,0,0,0,0,0,0,0,2026-09-06,27,27
U00518,12,40,158.4,67.7,27.0,2026-02-19,28,28,27,28,25,27.67,27.2,1.17,7,5,Light,0,0,0,3,4,6.4,6,1,Moderate,8458,6,0,0,-2.3,-166,0,0,0,0,0,0,0,0,1,0,2026-03-18,27,27
U00519,7,27,156.3,53.7,22.0,2026-02-19,33,33,32,34,33,32.67,33.0,0.63,6,4,Light,0,0,1,1,10,7.6,5,0,High,13914,7,1,0,0.2,74,0,0,0,1,0,0,0,0,0,0,2026-03-25,34,34
U00520,8,30,160.2,52.6,20.5,2026-02-07,27,27,28,24,29,27.33,27.0,1.67,4,4,Medium,0,1,0,4,9,7.5,3,6,Moderate,2382,2,1,0,0.7,102,0,0,1,0,0,0,0,0,0,0,2026-03-04,25,25
U00521,6,19,164.5,61.7,22.8,2026-04-27,38,41,36,39,37,38.33,38.2,1.72,6,6,Heavy,0,0,1,3,6,7.1,1,6,Moderate,10646,3,0,0,0.3,6,1,0,0,1,0,1,0,0,0,0,2026-06-03,37,37
U00522,3,40,152.9,50.5,21.6,2026-02-15,31,32,32,29,29,31.67,30.6,1.36,3,3,Heavy,0,0,0,10,8,6.3,2,4,Moderate,7221,6,0,0,-0.3,-214,0,0,0,0,0,0,0,0,0,0,2026-03-22,35,35
U00523,10,37,166.5,58.2,21.0,2026-07-13,31,30,30,28,31,30.33,30.0,1.1,7,6,Light,0,0,0,3,7,8.2,7,4,Moderate,11401,10,0,1,0.2,271,0,0,1,0,1,0,0,0,0,0,2026-08-12,30,30
U00524,6,29,171.5,65.3,22.2,2026-07-01,27,29,27,27,28,27.67,27.6,0.8,3,4,Heavy,0,0,0,9,7,5.8,9,4,Low,3995,1,0,0,0.5,-454,0,0,0,0,0,0,0,1,0,0,2026-07-31,30,30
U00525,10,23,159.1,49.9,19.7,2026-03-17,27,26,28,26,26,27.0,26.6,0.8,6,5,Heavy,0,0,0,6,4,8.2,4,7,Low,2435,10,0,1,-1.4,-210,0,1,0,0,0,0,0,0,0,0,2026-04-12,26,26
U00526,2,28,168.0,54.2,19.2,2026-05-26,31,31,32,29,28,31.33,30.2,1.47,4,5,Light,0,0,0,10,10,8.9,1,5,High,13065,3,1,0,2.2,-316,0,0,0,0,0,0,0,0,0,0,2026-06-29,34,34
U00527,6,28,171.2,83.8,28.6,2026-08-14,31,33,30,32,33,31.33,31.8,1.17,6,4,Light,0,1,0,2,5,5.9,3,7,Moderate,4535,8,0,0,-1.1,-555,0,0,0,0,1,1,0,0,0,1,2026-09-16,33,33
U00528,10,36,160.7,67.1,26.0,2026-02-09,34,37,34,35,34,35.0,34.8,1.17,5,4,Medium,0,0,0,8,10,6.4,5,7,Low,9291,10,0,0,-2.5,327,0,0,0,0,0,0,0,0,0,0,2026-03-13,32,32
U00529,11,24,162.9,53.1,20.0,2026-08-12,31,33,34,31,30,32.67,31.8,1.47,5,5,Medium,1,0,0,7,2,6.8,3,3,Moderate,11569,2,0,1,1.0,397,0,0,0,0,0,0,0,0,0,0,2026-09-13,32,32
U00530,6,32,152.9,65.7,28.1,2026-04-28,30,29,30,28,30,29.67,29.4,0.8,3,7,Light,0,0,0,3,7,6.2,6,5,High,4147,6,0,0,-1.0,-300,0,1,0,0,0,1,0,0,0,0,2026-05-27,29,29
U00531,10,36,154.9,48.7,20.3,2026-04-07,29,29,30,29,29,29.33,29.2,0.4,4,3,Heavy,0,0,0,7,6,6.9,8,5,Low,9312,6,0,0,2.9,-547,0,0,0,0,0,0,0,0,0,0,2026-05-03,26,26
U00532,3,22,164.7,62.9,23.2,2026-07-09,29,29,26,30,28,28.0,28.4,1.36,5,7,Light,1,0,0,9,8,5.6,6,6,Moderate,2216,7,0,0,-0.5,-662,1,0,0,0,0,0,0,0,0,0,2026-08-10,32,32
U00533,11,35,162.7,53.2,20.1,2026-06-26,31,30,33,34,30,31.33,31.6,1.62,7,6,Heavy,0,0,0,2,4,8.3,10,6,High,6834,3,0,1,1.5,348,0,0,0,0,0,0,0,0,0,0,2026-07-25,29,29
U00534,2,29,158.4,54.4,21.7,2026-01-18,29,25,31,31,30,28.33,29.2,2.23,6,4,Light,0,0,0,8,9,6.3,7,1,Moderate,7130,6,0,0,0.0,153,1,0,0,0,0,0,0,0,0,0,2026-02-20,33,33
U00535,6,22,167.0,56.1,20.1,2026-03-28,30,28,33,28,32,30.33,30.2,2.04,4,5,Heavy,0,0,0,10,5,7.8,4,1,High,8724,6,0,1,0.1,326,0,0,1,0,0,0,0,0,0,0,2026-04-30,33,33
U00536,5,18,159.1,66.6,26.3,2026-06-06,27,27,27,26,27,27.0,26.8,0.4,6,4,Medium,0,0,0,8,5,7.8,6,5,Moderate,13634,1,0,0,1.8,-681,0,1,1,0,0,0,0,0,0,0,2026-07-04,28,28
U00537,5,38,161.8,41.9,16.0,2026-02-11,31,31,29,33,29,30.33,30.6,1.5,4,5,Medium,1,0,0,10,5,7.2,1,6,Moderate,9035,1,0,0,0.7,-471,0,0,0,0,0,0,0,1,0,0,2026-03-15,32,32
U00538,2,38,168.7,78.8,27.7,2026-03-22,29,32,31,29,29,30.67,30.0,1.26,5,4,Heavy,0,0,0,10,10,5.6,10,7,Moderate,7554,7,0,1,-0.4,48,0,0,0,0,0,0,0,0,0,0,2026-04-22,31,31
U00539,5,19,171.9,74.2,25.1,2026-06-21,28,27,27,31,28,27.33,28.2,1.47,3,7,Medium,0,1,0,5,10,6.1,3,5,Low,4262,1,0,0,-1.5,-218,0,0,0,0,0,0,0,0,0,0,2026-07-17,26,26
U00540,6,30,162.7,65.4,24.7,2026-05-30,30,32,31,31,25,31.0,29.8,2.48,3,6,Medium,1,0,0,3,8,6.7,9,0,Low,6583,2,0,0,-0.4,54,0,0,0,0,0,0,0,0,0,0,2026-06-28,29,29
U00541,11,20,167.2,70.2,25.1,2026-04-26,27,27,30,29,27,28.0,28.0,1.26,3,5,Medium,0,0,0,3,2,5.6,9,1,Moderate,9759,1,0,0,-0.8,-75,0,0,0,0,0,0,0,0,0,0,2026-05-23,27,27
U00542,4,19,161.0,67.9,26.2,2026-03-31,27,25,26,30,29,26.0,27.4,1.85,3,7,Light,0,0,0,7,6,8.0,5,5,Moderate,8660,5,0,0,0.2,203,0,0,0,0,0,0,0,0,0,0,2026-04-30,30,30
U00543,9,19,175.5,65.0,21.1,2026-08-28,28,27,29,27,31,28.0,28.4,1.5,7,7,Medium,0,0,1,8,2,9.3,3,0,Low,9737,2,0,0,-1.3,347,0,0,0,1,0,0,0,0,0,0,2026-09-23,26,26
U00544,12,39,166.3,60.8,22.0,2026-03-21,26,26,25,26,27,25.67,26.0,0.63,6,7,Medium,0,0,0,5,1,6.4,6,3,High,11661,6,0,0,-0.3,-343,0,0,0,0,0,0,0,1,0,0,2026-04-15,25,25
U00545,10,29,157.9,55.1,22.1,2026-01-26,27,25,32,26,27,28.0,27.4,2.42,3,7,Light,0,0,0,3,9,6.3,4,4,High,7217,6,0,0,-0.3,233,0,0,1,0,0,0,0,0,0,0,2026-02-23,28,28
U00546,9,40,157.6,39.7,16.0,2026-02-02,28,27,27,26,27,27.33,27.0,0.63,5,5,Light,0,0,0,3,1,7.7,5,7,Moderate,9373,7,0,0,2.4,-74,0,0,0,0,0,0,0,0,0,0,2026-03-02,28,28
U00547,7,35,148.9,46.3,20.9,2026-04-20,29,28,28,32,30,28.33,29.4,1.5,6,3,Medium,0,0,0,2,5,6.2,4,6,High,7409,1,0,0,2.0,-225,0,0,0,0,0,0,0,0,0,0,2026-05-21,31,31
U00548,8,34,164.4,75.7,28.0,2026-07-27,31,31,34,32,32,32.0,32.0,1.1,4,4,Heavy,0,0,0,8,2,6.8,4,2,High,8110,6,0,0,0.1,373,0,0,0,0,0,1,0,0,0,0,2026-08-28,32,32
U00549,10,20,148.6,53.2,24.1,2026-07-16,29,30,29,28,28,29.33,28.8,0.75,4,4,Heavy,0,0,0,9,9,6.3,1,0,Low,11446,2,0,0,-0.7,32,0,1,0,0,0,0,0,0,0,0,2026-08-16,31,31
U00550,2,27,154.7,55.0,23.0,2026-08-11,26,28,27,26,24,27.0,26.2,1.33,7,3,Medium,0,0,0,3,2,10.0,6,7,High,4329,3,0,0,0.4,137,0,0,0,0,0,0,0,1,0,0,2026-09-06,26,26
U00551,10,30,155.1,59.2,24.6,2026-05-27,33,34,37,33,35,34.67,34.4,1.5,5,4,Medium,0,0,1,9,5,8.1,2,6,High,13524,10,0,0,-3.2,99,0,0,0,1,0,0,0,0,0,0,2026-06-27,31,31
U00552,7,31,162.3,61.4,23.3,2026-07-22,28,27,30,27,29,28.33,28.2,1.17,7,4,Medium,0,0,0,2,3,5.7,2,0,Moderate,5776,2,0,0,-1.7,-493,1,0,0,0,0,0,0,0,0,0,2026-08-20,29,29
U00553,4,21,149.0,43.1,19.4,2026-04-08,23,20,20,25,24,21.0,22.4,2.06,5,5,Medium,0,0,0,5,4,8.1,1,2,Moderate,2210,3,0,0,0.1,-659,0,0,0,0,0,0,0,0,0,0,2026-04-29,21,21
U00554,11,18,157.5,54.3,21.9,2026-01-20,32,32,34,32,32,32.67,32.4,0.8,3,7,Light,1,0,0,4,10,8.2,7,6,Moderate,4509,5,0,0,1.1,49,0,0,0,0,0,0,0,0,0,0,2026-02-19,30,30
U00555,4,32,160.2,60.3,23.5,2026-03-15,29,32,29,30,30,30.0,30.0,1.1,4,6,Medium,0,0,0,10,7,6.7,8,4,Low,7526,8,0,0,0.3,-41,0,0,0,0,0,0,0,1,0,0,2026-04-13,29,29
U00556,9,20,156.3,67.7,27.7,2026-04-06,35,34,32,33,37,33.67,34.2,1.72,7,5,Medium,0,0,1,9,3,9.5,10,2,High,9010,3,0,0,-1.5,94,0,0,0,1,0,0,0,0,0,0,2026-05-11,35,35
U00557,12,39,159.1,65.8,26.0,2026-05-20,26,27,27,26,26,26.67,26.4,0.49,6,3,Medium,0,0,0,5,6,6.2,8,0,Low,9635,1,0,0,-0.6,268,0,0,0,0,0,0,0,0,0,1,2026-06-16,27,27
U00558,11,25,158.5,58.0,23.1,2026-05-18,33,31,34,31,34,32.67,32.6,1.36,4,5,Light,0,0,0,4,4,6.8,6,0,High,9249,2,0,1,-0.3,-206,0,1,1,0,0,0,1,0,0,0,2026-06-22,35,35
U00559,7,39,171.4,63.5,21.6,2026-06-02,25,24,27,22,25,25.33,24.6,1.62,7,5,Medium,0,0,0,7,3,8.1,8,4,Moderate,12073,2,1,1,0.4,-48,0,0,0,0,0,0,0,0,0,1,2026-06-30,28,28
U00560,2,27,159.2,57.5,22.7,2026-08-12,29,30,29,29,27,29.33,28.8,0.98,6,3,Heavy,0,0,0,3,6,7.0,2,5,Moderate,12496,8,1,0,0.3,-94,0,0,1,0,0,0,0,0,0,0,2026-09-09,28,28
U00561,2,27,162.7,62.5,23.6,2026-04-29,26,26,25,27,26,25.67,26.0,0.63,3,6,Medium,1,0,1,7,8,10.0,4,4,Moderate,12062,2,0,0,0.7,-289,1,0,0,1,0,0,0,0,0,0,2026-05-26,27,27
U00562,10,35,162.4,65.7,24.9,2026-06-10,27,29,27,28,27,27.67,27.6,0.8,3,7,Medium,0,0,0,2,9,4.2,6,2,Moderate,2641,10,0,0,1.3,128,0,0,0,0,0,0,0,0,0,0,2026-07-08,28,28
U00563,6,38,157.1,63.4,25.7,2026-06-21,28,28,30,32,27,28.67,29.0,1.79,4,5,Heavy,0,0,0,5,6,5.8,5,2,Low,9214,9,0,0,-0.6,205,0,0,0,0,0,0,0,1,0,0,2026-07-17,26,26
U00564,5,21,162.3,48.7,18.5,2026-05-16,25,26,23,25,24,24.67,24.6,1.02,3,6,Medium,0,0,0,2,6,8.9,1,5,Low,4458,5,0,0,1.3,-365,0,0,1,0,0,1,0,0,0,0,2026-06-09,24,24
U00565,4,28,179.5,59.9,18.6,2026-04-30,36,35,37,37,37,36.0,36.4,0.8,7,4,Light,0,0,1,1,4,5.6,4,6,Moderate,2283,2,0,0,0.8,-360,0,0,1,1,0,0,0,0,0,0,2026-06-06,37,37
U00566,8,20,160.2,62.4,24.3,2026-05-11,30,28,28,32,31,28.67,29.8,1.6,6,4,Heavy,0,0,1,8,5,7.2,7,2,Moderate,5354,1,0,0,0.9,-58,0,0,0,1,0,0,0,0,0,0,2026-06-10,30,30
U00567,7,34,167.3,53.5,19.1,2026-03-06,33,32,31,31,36,32.0,32.6,1.85,4,3,Heavy,0,0,0,1,4,5.2,3,1,Moderate,8679,5,0,0,-0.9,486,0,0,0,0,0,0,1,0,0,0,2026-04-06,31,31
U00568,10,34,145.0,49.6,23.6,2026-03-02,28,27,27,25,25,27.33,26.4,1.2,4,5,Light,0,0,0,7,8,7.6,4,6,Moderate,5833,5,0,0,1.6,271,1,0,0,0,0,0,0,0,0,0,2026-03-30,28,28
U00569,8,21,162.4,54.1,20.5,2026-02-27,35,34,34,32,38,34.33,34.6,1.96,3,3,Light,0,0,1,8,2,7.7,8,7,High,4687,4,0,0,-1.3,-255,0,0,0,1,0,0,0,0,0,0,2026-04-03,35,35
U00570,4,38,160.7,64.6,25.0,2026-06-01,27,27,27,25,29,27.0,27.0,1.26,4,7,Medium,0,0,0,1,1,7.1,8,1,Moderate,9188,7,0,0,2.0,-62,1,0,0,0,0,0,0,0,0,0,2026-06-28,27,27
U00571,4,40,164.8,59.7,22.0,2026-06-14,29,31,31,30,27,30.33,29.6,1.5,4,7,Medium,0,0,0,1,3,7.5,1,3,Moderate,13876,2,0,0,0.2,453,0,0,1,0,0,0,0,0,0,0,2026-07-11,27,27
U00572,9,38,161.0,67.9,26.2,2026-04-09,30,30,27,33,32,29.0,30.4,2.06,4,4,Medium,1,0,0,2,5,8.5,7,0,Moderate,4551,2,0,1,-0.6,-256,0,0,0,0,0,0,0,0,0,0,2026-05-06,27,27
U00573,6,36,174.9,72.8,23.8,2026-06-14,29,29,29,28,30,29.0,29.0,0.63,3,7,Medium,0,0,0,4,2,8.1,10,4,Low,6597,2,0,0,-0.7,334,0,0,0,0,0,0,0,0,0,0,2026-07-14,30,30
U00574,8,35,153.0,60.2,25.7,2026-03-30,30,27,28,31,30,28.33,29.2,1.47,5,5,Light,0,0,1,6,6,7.8,8,2,Moderate,11520,2,1,0,-1.5,-639,0,0,0,1,0,0,0,0,0,0,2026-04-30,31,31
U00575,4,24,156.8,44.3,18.0,2026-05-20,24,26,27,25,20,25.67,24.4,2.42,6,6,Light,0,0,0,3,2,6.1,5,3,Low,4085,10,0,0,0.3,-266,0,0,0,0,0,0,0,0,0,0,2026-06-11,22,22
U00576,3,40,152.0,49.4,21.4,2026-07-11,27,28,30,29,29,28.33,28.6,1.02,6,5,Light,0,0,1,5,1,7.9,6,6,Moderate,2900,3,0,0,0.4,477,0,0,0,1,0,0,0,0,0,0,2026-08-07,27,27
U00577,8,25,153.0,60.6,25.9,2026-04-12,27,29,30,26,28,28.67,28.0,1.41,3,3,Medium,1,0,0,5,4,6.7,7,1,Moderate,5682,6,0,0,-1.2,-334,0,0,0,0,0,0,0,0,0,0,2026-05-08,26,26
U00578,5,30,166.7,45.3,16.3,2026-07-27,29,29,28,30,31,28.67,29.4,1.02,6,3,Medium,0,1,0,4,2,8.0,7,1,Low,2785,8,0,0,0.4,-457,0,0,0,0,0,0,0,1,0,0,2026-08-25,29,29
U00579,11,34,152.4,48.3,20.8,2026-03-29,29,28,29,29,27,28.67,28.4,0.8,4,6,Medium,0,1,0,4,6,4.0,6,5,Moderate,10661,7,0,0,-0.7,-281,1,0,0,0,0,0,0,0,0,1,2026-04-26,28,28
U00580,9,35,160.8,59.7,23.1,2026-06-08,32,35,31,33,34,32.67,33.0,1.41,6,7,Light,0,0,0,7,6,6.4,4,1,Moderate,9470,5,0,1,-0.0,383,1,0,0,0,1,0,0,0,0,0,2026-07-12,34,34
U00581,10,25,163.7,51.7,19.3,2026-06-23,29,31,28,25,27,29.33,28.0,2.0,6,5,Heavy,0,0,0,2,5,8.0,8,5,Moderate,5704,1,0,0,-0.5,-157,0,0,0,0,0,0,0,0,0,0,2026-07-22,29,29
U00582,11,27,152.3,46.2,19.9,2026-07-10,33,32,34,33,35,33.0,33.4,1.02,6,7,Medium,0,0,0,9,9,6.7,3,2,Moderate,10642,8,0,0,0.2,-454,1,0,0,0,0,0,0,0,0,1,2026-08-13,34,34
U00583,10,28,161.6,52.5,20.1,2026-01-27,33,33,31,33,34,32.33,32.8,0.98,3,6,Medium,0,0,0,1,8,4.7,6,7,High,10984,5,0,0,2.9,-158,0,0,1,0,0,0,0,0,0,0,2026-02-27,31,31
U00584,4,26,146.2,58.8,27.5,2026-08-06,31,35,31,34,30,32.33,32.2,1.94,4,7,Medium,0,0,0,7,8,6.7,6,1,Low,2675,3,0,0,-0.7,-382,0,0,0,0,0,0,0,0,1,0,2026-09-08,33,33
U00585,2,25,160.4,48.9,19.0,2026-07-08,26,26,29,29,28,27.0,27.6,1.36,4,5,Medium,1,0,0,2,7,5.9,5,2,High,7164,9,0,0,-2.1,-486,0,0,0,0,0,0,0,0,0,0,2026-08-04,27,27
U00586,11,38,154.0,45.3,19.1,2026-02-14,31,28,32,33,29,30.33,30.6,1.85,5,6,Light,0,0,0,7,9,6.8,2,2,Low,7199,1,0,0,2.0,222,0,1,0,0,0,0,0,0,0,0,2026-03-17,31,31
U00587,4,23,160.9,50.0,19.3,2026-05-03,30,29,29,28,27,29.33,28.6,1.02,3,3,Light,0,0,0,7,5,7.4,9,3,Low,9859,9,0,0,1.4,-178,0,0,0,0,0,0,0,0,0,0,2026-06-01,29,29
U00588,12,27,163.1,64.6,24.3,2026-05-24,27,27,27,28,26,27.0,27.0,0.63,4,7,Heavy,0,0,0,3,7,6.2,4,0,Moderate,2765,2,0,0,-1.5,-297,0,0,0,0,1,0,0,0,0,0,2026-06-19,26,26
U00589,8,21,156.2,39.5,16.2,2026-08-20,29,31,28,32,28,29.33,29.6,1.62,5,6,Medium,0,0,0,4,10,7.2,6,4,Moderate,7485,2,0,0,-0.5,497,0,0,0,0,0,0,0,0,0,0,2026-09-20,31,31
U00590,9,35,155.8,48.3,19.9,2026-07-01,24,22,25,23,23,23.67,23.4,1.02,3,6,Medium,0,0,0,1,3,4.3,4,2,Low,3621,8,1,0,-1.5,-629,0,0,0,0,0,0,0,0,0,0,2026-07-25,24,24
U00591,12,36,158.6,40.2,16.0,2026-07-17,33,32,36,34,33,33.67,33.6,1.36,7,3,Medium,0,0,1,9,1,5.6,6,7,Low,5682,6,0,0,0.5,319,0,0,0,1,0,0,0,1,0,0,2026-08-24,38,38
U00592,5,29,167.6,60.1,21.4,2026-01-27,30,32,30,28,30,30.67,30.0,1.26,3,5,Light,1,0,0,5,2,5.6,10,7,High,7758,3,0,0,1.5,-132,0,0,1,0,0,0,0,0,0,0,2026-02-26,30,30
U00593,10,19,165.3,65.6,24.0,2026-07-19,29,26,26,28,29,27.0,27.6,1.36,3,7,Medium,0,0,0,3,3,7.0,4,7,Moderate,6502,3,0,0,0.5,183,0,0,1,0,0,0,0,0,0,0,2026-08-18,30,30
U00594,5,20,145.0,50.2,23.9,2026-01-03,33,29,32,34,32,31.33,32.0,1.67,5,6,Medium,0,0,0,10,10,7.3,5,7,High,8835,4,0,0,0.0,-24,0,0,0,0,0,0,0,0,1,0,2026-02-07,35,35
U00595,10,23,153.2,59.1,25.2,2026-04-12,33,37,36,32,35,35.33,34.6,1.85,7,3,Medium,0,0,1,2,5,6.2,6,5,Moderate,5222,1,0,0,0.3,59,0,0,0,1,0,0,0,0,0,0,2026-05-15,33,33
U00596,2,20,156.5,60.3,24.6,2026-07-15,30,30,30,27,28,30.0,29.0,1.26,6,6,Heavy,0,0,0,8,7,7.4,2,7,Low,6757,8,0,0,-1.2,445,0,0,0,0,0,0,0,1,0,0,2026-08-12,28,28
U00597,3,23,157.6,51.4,20.7,2026-04-04,32,31,33,32,32,32.0,32.0,0.63,6,3,Medium,0,0,0,4,7,7.4,4,1,Moderate,3450,9,0,0,-0.7,279,0,0,1,0,0,0,0,0,0,0,2026-05-05,31,31
U00598,12,29,158.0,56.7,22.7,2026-02-10,29,28,29,29,33,28.67,29.6,1.74,3,4,Heavy,0,0,0,2,5,6.6,6,0,Low,3904,5,0,0,-0.3,498,0,0,0,0,1,0,0,0,0,0,2026-03-12,30,30
U00599,12,31,158.2,62.1,24.8,2026-05-18,31,31,32,32,33,31.33,31.8,0.75,6,6,Medium,1,0,0,5,5,8.4,7,3,High,3978,4,0,1,-2.4,-434,1,1,0,0,0,0,0,0,0,0,2026-06-19,32,32
U00600,2,34,159.5,69.5,27.3,2026-03-18,27,28,31,25,26,28.67,27.4,2.06,5,3,Medium,0,0,0,7,4,7.7,7,2,Low,13473,5,0,0,-0.7,237,0,0,0,0,0,0,0,1,0,0,2026-04-16,29,29
U00601,3,39,156.6,56.4,23.0,2026-08-10,33,35,33,36,34,33.67,34.2,1.17,3,6,Heavy,0,0,0,2,8,4.6,8,5,Moderate,3402,2,1,0,-1.4,-644,0,1,1,0,0,0,0,0,0,0,2026-09-12,33,33
U00602,7,35,152.7,48.7,20.9,2026-04-02,36,36,37,37,33,36.33,35.8,1.47,7,3,Medium,0,0,1,9,4,6.6,1,5,Moderate,2547,6,0,0,-0.6,-339,0,1,0,1,0,0,0,0,0,0,2026-05-08,36,36
U00603,5,28,162.5,59.9,22.7,2026-01-31,25,22,25,27,24,24.0,24.6,1.62,4,7,Heavy,0,0,0,2,6,8.4,9,7,Moderate,5927,2,0,1,-0.2,466,0,0,0,0,0,0,0,0,0,1,2026-02-26,26,26
U00604,12,25,160.8,56.4,21.8,2026-01-19,33,33,31,33,31,32.33,32.2,0.98,3,6,Heavy,0,0,0,10,6,7.1,10,5,Moderate,12056,9,0,0,0.0,-384,1,1,1,0,0,0,0,0,0,0,2026-02-22,34,34
U00605,10,38,166.6,67.4,24.3,2026-04-24,27,30,27,30,26,28.0,28.0,1.67,3,7,Light,0,0,0,7,5,6.1,9,3,Low,12043,8,0,0,-0.8,-261,0,0,1,0,0,0,0,1,0,0,2026-05-19,25,25
U00606,11,18,157.1,63.9,25.9,2026-04-08,31,31,34,31,32,32.0,31.8,1.17,4,7,Light,0,0,0,8,10,5.9,7,5,Low,10927,4,0,1,0.1,-333,0,0,0,0,0,0,0,0,0,0,2026-05-09,31,31
U00607,3,34,152.6,53.1,22.8,2026-07-16,31,29,34,31,31,31.33,31.2,1.6,5,5,Heavy,1,0,0,1,5,7.2,2,7,Moderate,13451,8,0,0,2.1,-124,0,0,1,0,0,0,1,0,0,0,2026-08-15,30,30
U00608,4,30,159.5,56.0,22.0,2026-04-10,32,31,34,34,34,32.33,33.0,1.26,4,6,Heavy,0,0,0,9,3,7.6,2,1,Low,10852,7,0,0,-0.6,-368,1,0,1,0,0,0,0,0,0,1,2026-05-13,33,33
U00609,9,29,173.8,72.8,24.1,2026-04-21,28,29,27,26,27,28.0,27.4,1.02,4,3,Medium,1,0,0,7,9,7.5,4,6,Moderate,4515,10,0,0,-0.7,-550,0,0,0,0,0,0,0,0,0,0,2026-05-20,29,29
U00610,6,22,168.1,45.2,16.0,2026-03-11,29,29,31,32,28,29.67,29.8,1.47,3,3,Medium,0,0,0,7,8,9.2,3,3,Moderate,9739,4,0,0,0.2,52,0,0,1,0,0,0,0,0,0,0,2026-04-10,30,30
U00611,5,24,159.3,55.1,21.7,2026-02-11,37,39,40,39,39,38.67,38.8,0.98,3,7,Medium,0,0,1,5,3,4.0,10,3,Moderate,7811,5,1,0,0.4,-301,0,0,1,1,0,0,0,1,0,0,2026-03-23,40,40
U00612,12,25,157.8,47.6,19.1,2026-03-31,30,28,31,33,31,29.67,30.6,1.62,6,3,Medium,0,0,0,9,2,6.9,7,2,High,12458,7,0,0,-0.2,-246,0,0,0,0,0,0,0,0,0,0,2026-05-05,35,35
U00613,2,18,159.8,54.1,21.2,2026-04-22,26,24,29,24,28,26.33,26.2,2.04,6,3,Medium,0,0,0,2,10,6.5,1,7,Moderate,7069,10,0,0,-0.0,213,0,0,0,0,0,0,0,0,0,0,2026-05-15,23,23
U00614,9,31,150.4,59.3,26.2,2026-03-23,30,35,32,31,27,32.33,31.0,2.61,4,5,Medium,0,0,0,10,5,8.3,5,7,Low,11070,2,0,0,-0.6,171,0,0,0,0,1,0,0,0,0,0,2026-04-25,33,33
U00615,4,31,162.3,65.1,24.7,2026-03-04,29,34,29,29,33,30.67,30.8,2.23,3,4,Medium,0,0,0,4,4,5.6,4,2,Low,6394,7,0,0,-2.7,-62,0,0,0,0,0,0,0,0,0,0,2026-03-31,27,27
U00616,10,27,156.9,47.3,19.2,2026-07-21,33,30,32,35,33,31.67,32.6,1.62,6,4,Heavy,0,0,0,10,8,5.8,2,2,High,10469,5,1,1,-0.6,-663,0,0,0,0,0,0,0,0,0,0,2026-08-26,36,36
U00617,9,38,157.4,63.2,25.5,2026-08-09,29,32,29,29,27,30.0,29.2,1.6,5,3,Light,0,1,1,6,7,8.1,5,3,High,3486,9,0,1,1.9,29,1,1,0,1,0,0,0,0,0,0,2026-09-06,28,28
U00618,8,28,153.1,49.7,21.2,2026-03-01,28,27,28,29,29,27.67,28.2,0.75,4,4,Medium,0,0,0,1,4,6.8,4,7,Moderate,7164,8,0,0,0.6,-150,0,0,0,0,0,0,0,0,0,1,2026-03-25,24,24
U00619,5,19,152.1,42.6,18.4,2026-04-07,28,26,27,29,27,27.0,27.4,1.02,6,3,Heavy,0,0,0,8,1,6.5,1,3,High,2581,2,0,0,-1.0,81,0,0,0,0,0,0,0,0,0,0,2026-05-06,29,29
U00620,4,19,164.3,59.7,22.1,2026-08-22,28,27,27,28,24,27.33,26.8,1.47,5,6,Medium,0,0,0,8,1,6.3,10,6,Moderate,5316,7,0,0,0.2,262,0,1,0,0,0,1,0,1,0,1,2026-09-20,29,29
U00621,3,26,154.5,60.6,25.4,2026-04-10,30,31,31,31,31,30.67,30.8,0.4,3,6,Medium,0,0,0,3,7,7.1,3,3,Moderate,2988,5,0,0,-0.1,-343,1,0,0,0,0,0,0,1,0,0,2026-05-10,30,30
U00622,11,22,165.8,64.9,23.6,2026-08-20,28,22,27,28,29,25.67,26.8,2.48,5,5,Medium,0,0,0,4,8,5.9,5,0,Moderate,5940,2,0,0,-0.6,478,1,0,0,0,0,0,0,0,0,1,2026-09-16,27,27
U00623,3,37,158.7,53.6,21.3,2026-08-14,29,30,28,31,26,29.0,28.8,1.72,6,6,Medium,0,1,0,1,8,9.1,10,0,High,11497,2,0,0,-0.7,-277,0,1,0,0,0,0,0,0,0,0,2026-09-12,29,29
U00624,7,37,156.7,48.9,19.9,2026-08-17,32,34,31,34,33,32.33,32.8,1.17,6,3,Medium,0,0,0,2,5,6.5,9,3,Low,6005,5,0,0,0.4,488,0,1,0,0,1,0,0,1,0,0,2026-09-16,30,30
U00625,5,40,173.9,62.3,20.6,2026-06-04,32,34,33,31,31,33.0,32.2,1.17,7,6,Light,0,0,0,8,10,7.0,8,0,Moderate,7387,5,0,0,-0.8,-450,0,1,0,0,0,0,0,0,0,0,2026-07-07,33,33
U00626,8,29,156.1,51.7,21.2,2026-06-16,29,27,28,29,32,28.0,29.0,1.67,5,4,Medium,0,0,0,5,7,5.8,10,5,Low,6255,10,0,0,-0.4,-286,0,1,1,0,0,0,0,0,0,0,2026-07-17,31,31
U00627,12,29,165.1,68.7,25.2,2026-07-14,28,26,27,28,27,27.0,27.2,0.75,4,4,Medium,0,0,0,6,6,5.8,5,5,High,5050,5,1,0,0.1,26,0,0,0,0,0,0,0,1,0,0,2026-08-13,30,30
U00628,6,38,151.2,46.9,20.5,2026-06-04,31,29,32,28,32,30.67,30.4,1.62,4,6,Medium,0,0,1,8,7,7.9,1,4,High,8580,9,0,1,0.1,-399,1,0,0,1,0,0,0,0,0,0,2026-07-06,32,32
U00629,8,32,163.4,59.0,22.1,2026-07-23,30,29,29,32,31,29.33,30.2,1.17,7,3,Heavy,0,0,0,5,5,7.7,8,1,Moderate,11742,1,0,0,1.7,42,0,0,0,0,0,0,0,0,0,0,2026-08-21,29,29
U00630,3,37,158.9,63.4,25.1,2026-08-07,27,28,26,26,26,27.0,26.6,0.8,4,6,Light,0,0,0,9,3,7.7,6,3,Low,9810,9,1,0,-1.4,-437,0,0,0,0,1,0,0,0,0,1,2026-09-01,25,25
U00631,11,22,158.2,59.8,23.9,2026-01-27,30,32,29,29,27,30.33,29.4,1.62,4,6,Medium,0,0,0,9,4,7.2,9,6,Moderate,3887,4,0,0,-0.3,125,0,0,1,0,0,0,0,0,0,0,2026-02-25,29,29
U00632,4,22,157.9,62.3,25.0,2026-04-26,33,33,33,32,34,33.0,33.0,0.63,7,5,Medium,0,0,0,10,4,6.5,5,7,High,8210,2,0,0,-1.9,-103,0,0,1,0,0,0,0,0,0,0,2026-05-28,32,32
U00633,6,19,167.6,62.9,22.4,2026-02-08,27,25,27,25,27,26.33,26.2,0.98,4,7,Medium,0,0,0,1,5,6.0,3,3,Moderate,10351,1,0,0,0.7,200,0,0,0,0,0,0,0,0,0,0,2026-03-04,24,24
U00634,5,27,162.4,60.9,23.1,2026-07-02,26,23,28,25,28,25.67,26.0,1.9,4,5,Heavy,0,0,0,9,7,4.4,5,0,Low,4809,3,0,0,0.5,-70,0,0,0,0,0,0,0,0,0,0,2026-07-31,29,29
U00635,12,36,158.7,77.1,30.6,2026-02-07,31,31,31,31,33,31.0,31.4,0.8,7,3,Heavy,0,0,0,6,1,7.0,8,7,Moderate,5792,8,0,0,2.3,312,0,1,1,0,0,0,0,0,0,0,2026-03-10,31,31
U00636,6,30,169.1,53.5,18.7,2026-01-17,31,32,31,29,30,31.33,30.6,1.02,6,3,Medium,0,0,1,4,6,8.7,8,3,High,8354,9,0,0,2.0,-507,0,0,1,1,1,0,0,0,0,0,2026-02-19,33,33
U00637,4,30,160.8,45.0,17.4,2026-03-12,34,34,33,34,34,33.67,33.8,0.4,5,4,Light,0,0,1,5,5,6.3,8,1,Low,9819,1,0,0,0.8,404,0,0,1,1,0,0,0,0,0,0,2026-04-13,32,32
U00638,9,20,155.0,61.3,25.5,2026-01-16,30,28,28,30,30,28.67,29.2,0.98,5,4,Light,0,0,1,8,5,6.5,6,3,Low,5391,3,0,0,-1.9,-641,0,1,0,1,0,0,0,1,0,0,2026-02-16,31,31
U00639,11,20,180.0,63.2,19.5,2026-08-16,26,25,27,26,27,26.0,26.2,0.75,6,7,Light,0,0,0,3,5,8.4,8,0,Low,12454,1,0,1,-0.0,-197,0,0,0,0,0,0,0,0,0,0,2026-09-13,28,28
U00640,11,19,167.2,71.6,25.6,2026-06-16,32,33,33,30,27,32.67,31.0,2.28,5,3,Heavy,0,0,0,8,6,7.4,3,7,Moderate,2838,10,0,0,0.9,-292,0,0,0,0,0,0,0,1,0,1,2026-07-19,33,33
U00641,6,26,154.7,52.4,21.9,2026-03-13,32,35,31,31,31,32.67,32.0,1.55,5,5,Medium,0,0,0,2,5,6.8,5,6,Moderate,10807,2,0,0,0.5,-477,0,0,1,0,0,0,0,0,0,0,2026-04-17,35,35
U00642,10,37,154.5,54.4,22.8,2026-02-20,28,30,29,29,27,29.0,28.6,1.02,3,4,Medium,0,0,0,9,2,8.2,4,7,Moderate,9890,10,0,0,0.0,-461,0,1,0,0,0,0,0,0,0,1,2026-03-22,30,30
U00643,10,35,152.7,53.9,23.1,2026-07-31,23,24,20,23,20,22.33,22.0,1.67,5,4,Medium,0,0,0,10,7,6.1,7,7,High,2107,10,1,1,-0.7,-572,0,0,0,0,0,0,0,0,0,1,2026-08-27,27,27
U00644,2,37,171.4,64.6,22.0,2026-01-27,29,28,32,28,30,29.67,29.4,1.5,4,6,Medium,0,0,0,7,6,7.3,3,2,Moderate,13347,2,0,1,1.3,-681,0,0,0,0,0,0,0,0,0,0,2026-02-25,29,29
U00645,10,24,161.1,60.0,23.1,2026-03-15,30,30,27,31,30,29.0,29.6,1.36,4,3,Medium,1,0,0,9,10,8.4,1,3,Moderate,13438,7,0,0,-0.3,-678,0,0,0,0,0,0,0,0,0,0,2026-04-16,32,32
U00646,10,26,153.4,62.8,26.7,2026-05-26,29,29,31,26,27,29.67,28.4,1.74,5,5,Light,0,0,0,6,7,7.0,5,4,Low,12872,10,0,0,-0.7,459,0,0,1,0,0,0,0,1,0,0,2026-06-23,28,28
U00647,12,40,172.7,64.1,21.5,2026-07-12,27,22,26,27,27,25.0,25.8,1.94,4,4,Light,0,0,0,9,9,7.9,5,7,Moderate,8572,6,0,1,-0.6,-54,0,0,1,0,0,0,0,0,0,0,2026-08-10,29,29
U00648,6,34,166.3,55.3,20.0,2026-03-12,27,29,27,26,27,27.67,27.2,0.98,7,7,Heavy,0,0,0,2,1,5.9,1,1,Low,8037,4,0,0,2.1,-135,0,1,0,0,0,0,0,0,0,0,2026-04-08,27,27
U00649,5,33,163.8,78.9,29.4,2026-06-25,25,26,27,25,25,26.0,25.6,0.8,5,5,Heavy,0,0,0,5,7,7.0,9,7,High,11910,1,0,0,-0.5,-545,0,0,0,0,0,0,0,0,0,0,2026-07-20,25,25
U00650,8,29,162.4,54.3,20.6,2026-07-12,30,29,29,32,32,29.33,30.4,1.36,3,4,Medium,0,0,0,9,7,8.1,10,4,Moderate,9601,6,0,0,-1.4,420,0,0,1,0,0,0,0,1,0,0,2026-08-11,30,30
U00651,6,20,154.0,56.9,24.0,2026-04-01,33,32,34,33,35,33.0,33.4,1.02,6,6,Medium,0,0,1,2,6,7.1,3,2,High,12855,8,0,0,0.3,59,1,0,1,1,0,0,0,0,0,0,2026-05-04,33,33
U00652,5,35,162.5,52.3,19.8,2026-02-14,32,31,30,31,29,31.0,30.6,1.02,4,4,Medium,0,0,0,4,7,5.9,2,3,High,7810,6,1,1,0.0,182,0,0,1,0,0,0,0,0,0,0,2026-03-17,31,31
U00653,4,26,158.6,54.8,21.8,2026-01-17,24,22,25,24,26,23.67,24.2,1.33,5,4,Light,0,0,0,3,10,6.0,4,4,High,11947,10,1,0,-0.4,-202,0,0,1,0,0,0,0,0,0,0,2026-02-09,23,23
U00654,9,25,152.4,47.1,20.3,2026-05-03,32,28,33,29,30,31.0,30.4,1.85,7,3,Light,0,0,0,7,2,6.5,2,7,Low,2510,5,0,0,-0.8,-202,0,1,1,0,0,0,1,0,0,0,2026-06-05,33,33
U00655,11,34,162.7,61.7,23.3,2026-07-12,29,29,31,25,32,29.67,29.2,2.4,4,6,Light,0,0,0,2,10,7.2,1,3,Moderate,2385,2,0,0,-1.2,-409,1,0,0,0,0,0,0,0,0,0,2026-08-10,29,29
U00656,11,28,157.5,61.3,24.7,2026-01-02,26,26,27,28,24,26.33,26.2,1.33,7,3,Light,0,0,0,3,7,7.9,8,1,High,4202,7,0,0,0.3,378,0,1,0,0,1,0,0,1,0,1,2026-01-24,22,22
U00657,5,21,158.0,55.7,22.3,2026-04-12,26,26,23,26,27,25.0,25.6,1.36,4,4,Medium,0,1,0,5,2,6.7,4,5,Low,5186,6,0,0,0.3,-406,0,0,0,0,0,0,0,0,0,0,2026-05-08,26,26
U00658,6,38,164.0,56.8,21.1,2026-01-12,32,33,28,30,33,31.0,31.2,1.94,6,7,Medium,0,0,0,3,4,8.9,2,4,Low,10830,6,0,0,2.3,-655,0,1,0,0,0,0,0,0,0,0,2026-02-13,32,32
U00659,12,27,162.3,54.5,20.7,2026-02-02,34,33,37,34,36,34.67,34.8,1.47,3,4,Medium,0,0,1,9,9,6.5,3,6,Moderate,5884,3,0,0,1.5,-63,0,0,0,1,0,0,1,0,0,0,2026-03-08,34,34
U00660,8,36,169.2,51.8,18.1,2026-01-28,28,28,29,28,28,28.33,28.2,0.4,5,7,Medium,0,0,0,5,4,6.9,9,2,Low,2836,6,0,0,-1.1,-476,0,0,0,0,0,0,0,0,0,0,2026-02-22,25,25
U00661,3,27,160.7,54.5,21.1,2026-07-10,32,32,34,33,32,32.67,32.6,0.8,6,7,Medium,0,0,0,9,6,6.3,3,0,Moderate,11812,7,0,0,-0.2,38,0,0,0,0,0,0,0,1,0,0,2026-08-12,33,33
U00662,3,25,152.4,59.7,25.7,2026-05-15,30,30,31,31,35,30.33,31.4,1.85,5,7,Heavy,0,0,0,4,5,6.1,10,4,Moderate,4009,9,1,0,0.2,179,0,0,0,0,0,1,0,0,0,0,2026-06-11,27,27
U00663,4,36,157.8,64.2,25.8,2026-07-05,34,36,36,34,36,35.33,35.2,0.98,4,4,Heavy,0,0,0,4,10,6.5,2,0,High,8939,9,0,0,-1.0,-436,0,1,1,0,0,0,0,0,0,0,2026-08-08,34,34
U00664,3,38,168.2,48.7,17.2,2026-03-27,28,27,29,28,30,28.0,28.4,1.02,6,3,Medium,0,0,1,7,8,6.5,5,1,Low,9622,1,0,1,-1.8,-258,0,0,0,1,0,0,0,1,0,0,2026-04-24,28,28
U00665,6,25,151.1,57.3,25.1,2026-01-28,31,32,35,31,30,32.67,31.8,1.72,5,6,Light,0,0,1,1,10,5.3,2,3,Moderate,12418,1,1,0,-1.1,-434,0,1,1,1,0,0,0,0,0,0,2026-02-25,28,28
U00666,6,27,173.9,61.4,20.3,2026-07-01,25,22,25,23,26,24.0,24.2,1.47,6,5,Medium,0,0,0,5,2,6.0,4,2,Moderate,10081,8,0,0,0.3,-683,0,0,0,0,0,0,0,1,0,0,2026-07-27,26,26
U00667,9,30,161.7,64.3,24.6,2026-06-04,27,26,30,29,26,27.67,27.6,1.62,5,3,Medium,0,1,0,2,3,8.0,1,4,Moderate,11733,6,0,0,-1.5,-631,0,0,0,0,0,0,0,0,0,0,2026-06-29,25,25
U00668,4,33,165.8,68.7,25.0,2026-03-17,31,32,31,33,33,31.33,32.0,0.89,6,4,Medium,0,0,0,4,5,8.3,9,4,High,4331,3,0,0,-0.1,-67,0,1,1,0,0,0,0,0,0,0,2026-04-15,29,29
U00669,8,29,146.2,53.9,25.2,2026-03-17,28,30,32,26,30,30.0,29.2,2.04,5,3,Medium,1,0,0,6,2,8.1,10,7,Moderate,11359,7,0,0,0.3,8,0,0,0,0,0,0,0,0,0,0,2026-04-11,25,25
U00670,7,34,156.6,48.3,19.7,2026-08-26,29,31,25,29,31,28.33,29.0,2.19,3,4,Light,0,0,1,6,5,6.7,3,5,Moderate,12665,8,0,0,-0.8,-679,0,1,0,1,0,0,0,0,0,0,2026-09-24,29,29
U00671,12,37,153.6,42.9,18.2,2026-02-27,30,30,31,31,31,30.33,30.6,0.49,5,3,Medium,0,0,0,9,1,8.1,10,6,High,11264,6,0,0,-0.1,-185,0,0,1,0,0,0,0,1,0,0,2026-03-27,28,28
U00672,4,27,163.3,42.7,16.0,2026-05-13,25,22,24,27,28,23.67,25.2,2.14,3,4,Medium,0,0,0,9,9,6.6,3,5,Moderate,6284,8,0,0,-0.9,211,0,0,0,0,0,0,0,0,0,0,2026-06-10,28,28
U00673,11,37,157.6,48.2,19.4,2026-06-17,25,25,25,25,22,25.0,24.4,1.2,3,3,Medium,0,0,0,9,10,5.7,10,5,Moderate,3339,1,0,0,-0.6,52,0,1,0,0,0,0,0,0,0,0,2026-07-16,29,29
U00674,10,37,146.2,34.2,16.0,2026-07-22,29,27,28,29,26,28.0,27.8,1.17,3,5,Heavy,0,0,0,5,9,4.7,7,4,Moderate,5636,6,1,0,0.1,172,1,0,1,0,0,0,0,0,0,0,2026-08-20,29,29
U00675,5,40,162.3,70.9,26.9,2026-02-17,34,32,36,32,33,34.0,33.4,1.5,4,4,Medium,0,0,1,2,3,6.6,2,5,Moderate,8276,6,0,0,0.5,-208,0,0,0,1,0,0,0,0,0,0,2026-03-18,29,29
U00676,5,28,155.1,61.1,25.4,2026-07-27,37,36,39,35,36,37.33,36.6,1.36,3,6,Medium,0,0,1,8,3,7.9,8,7,Low,12532,5,0,0,1.1,378,1,0,0,1,0,0,0,0,0,0,2026-08-31,35,35
U00677,11,37,155.0,54.5,22.7,2026-02-26,28,31,26,30,24,28.33,27.8,2.56,5,5,Light,1,0,0,4,6,6.5,6,6,Moderate,8116,8,0,0,1.1,-669,0,0,0,0,0,0,0,0,1,0,2026-03-28,30,30
U00678,4,40,167.2,52.3,18.7,2026-08-05,27,28,25,28,23,26.67,26.2,1.94,6,5,Light,0,0,0,10,2,7.1,9,2,Moderate,4717,4,0,0,-0.4,-209,1,1,0,0,0,0,0,0,0,0,2026-09-03,29,29
U00679,9,39,155.2,56.4,23.4,2026-07-08,28,31,28,31,27,29.0,29.0,1.67,5,6,Medium,0,1,0,5,9,8.1,10,3,High,10771,5,0,0,1.7,240,0,0,0,0,0,0,0,0,0,0,2026-08-06,29,29
U00680,5,39,171.0,61.1,20.9,2026-03-01,32,29,34,32,31,31.67,31.6,1.62,3,5,Light,0,0,0,9,6,6.8,7,4,Low,12564,2,0,0,-1.1,215,0,1,0,0,0,0,0,0,0,0,2026-04-03,33,33
U00681,2,27,155.3,40.0,16.6,2026-07-04,33,34,38,35,34,35.0,34.8,1.72,5,4,Light,0,0,0,10,9,6.0,8,4,Low,9772,2,0,0,-0.4,40,0,1,1,0,0,0,0,1,0,1,2026-08-06,33,33
U00682,3,38,167.8,62.8,22.3,2026-01-01,31,31,30,31,30,30.67,30.6,0.49,5,3,Medium,0,0,0,8,2,8.3,8,1,Moderate,8607,3,0,0,1.6,-453,0,0,1,0,0,0,0,1,0,0,2026-02-05,35,35
U00683,4,28,151.8,45.9,19.9,2026-02-20,25,23,25,24,27,24.33,24.8,1.33,6,7,Medium,0,0,0,5,6,8.2,5,6,Low,7487,2,1,1,-0.7,122,0,0,0,0,0,0,0,0,0,0,2026-03-18,26,26
U00684,6,38,155.2,42.2,17.5,2026-05-06,29,31,28,29,33,29.33,30.0,1.79,4,7,Light,0,0,0,4,7,7.3,7,6,Moderate,12387,1,0,0,-1.8,68,0,0,0,0,0,0,0,0,0,0,2026-06-06,31,31
U00685,12,36,158.6,64.6,25.7,2026-04-04,34,31,31,35,33,32.0,32.8,1.6,7,7,Medium,0,0,0,9,8,9.2,10,3,Moderate,8383,4,0,1,1.9,306,1,0,1,0,0,0,0,1,0,0,2026-05-09,35,35
U00686,3,21,157.0,43.9,17.8,2026-03-03,31,32,33,30,31,32.0,31.4,1.02,7,7,Medium,0,0,1,7,1,6.6,6,0,High,4604,8,0,0,1.8,-277,0,0,0,1,0,0,0,0,0,0,2026-04-04,32,32
U00687,8,20,170.9,72.4,24.8,2026-03-19,27,26,29,32,25,27.33,27.8,2.48,6,7,Medium,0,1,0,2,3,7.8,6,6,Low,2561,8,1,0,2.6,368,0,0,0,0,0,0,0,0,0,0,2026-04-13,25,25
U00688,12,32,160.6,59.8,23.2,2026-03-08,32,32,32,33,31,32.0,32.0,0.63,5,7,Medium,0,0,0,3,1,5.3,3,5,Moderate,10557,7,0,0,0.6,318,1,1,0,0,0,1,0,0,0,0,2026-04-07,30,30
U00689,10,23,151.5,53.0,23.1,2026-03-05,30,31,31,28,26,30.67,29.2,1.94,5,6,Heavy,1,1,0,9,4,5.4,10,1,Moderate,6225,1,1,0,0.3,412,0,0,0,0,0,0,0,0,0,0,2026-04-05,31,31
U00690,8,35,165.6,53.7,19.6,2026-01-21,32,31,31,31,33,31.33,31.6,0.8,3,7,Medium,1,0,0,9,4,7.5,9,7,High,3453,8,0,0,-0.1,470,0,0,0,0,0,0,0,0,0,0,2026-02-24,34,34
U00691,8,35,153.1,61.6,26.3,2026-08-18,31,34,34,33,32,33.0,32.8,1.17,7,7,Light,0,0,0,6,4,5.8,6,4,Low,11179,1,0,1,0.9,-375,1,0,0,0,0,0,0,0,0,0,2026-09-15,28,28
U00692,8,30,146.7,43.3,20.1,2026-07-08,31,30,31,33,35,30.67,32.0,1.79,4,5,Heavy,0,0,0,6,3,8.7,2,4,Low,10714,2,0,1,-0.2,444,0,0,0,0,0,0,1,1,0,0,2026-08-07,30,30
U00693,5,35,161.4,61.0,23.4,2026-08-11,23,26,25,24,21,24.67,23.8,1.72,5,6,Medium,0,0,0,4,4,8.1,10,2,Low,7031,3,0,0,-0.7,-239,0,1,0,0,0,0,0,1,0,1,2026-09-07,27,27
U00694,10,30,156.2,46.1,18.9,2026-07-07,34,34,35,35,34,34.33,34.4,0.49,4,3,Light,0,0,0,1,10,4.7,2,2,Moderate,4257,1,0,0,-2.5,-45,1,0,0,0,0,0,0,0,0,0,2026-08-11,35,35
U00695,7,31,154.4,44.1,18.5,2026-02-19,29,28,30,32,26,29.0,29.0,2.0,5,5,Medium,0,0,1,2,4,7.7,3,2,High,3558,7,0,1,-1.6,-440,0,0,0,1,0,0,0,0,0,0,2026-03-20,29,29
U00696,7,22,165.7,81.3,29.6,2026-08-21,28,26,29,27,28,27.67,27.6,1.02,5,7,Medium,0,0,0,2,9,7.1,6,2,Moderate,12680,9,0,0,-1.4,157,0,0,0,0,0,0,0,0,0,0,2026-09-20,30,30
U00697,5,31,166.5,73.2,26.4,2026-06-13,21,22,24,21,23,22.33,22.2,1.17,3,5,Heavy,0,0,0,4,9,6.1,6,6,Low,13057,10,1,0,-0.6,-323,0,0,0,0,0,0,0,0,0,0,2026-07-05,22,22
U00698,12,21,153.8,50.4,21.3,2026-05-31,25,26,27,27,27,26.0,26.4,0.8,5,3,Medium,0,0,0,3,4,7.9,6,3,Moderate,5993,10,0,0,-0.6,-4,0,1,0,0,0,0,0,0,0,1,2026-06-21,21,21
U00699,8,32,160.1,60.2,23.5,2026-01-12,28,28,24,29,26,26.67,27.0,1.79,6,3,Medium,0,0,0,5,4,7.3,2,6,Moderate,2755,3,0,0,0.4,417,0,0,0,0,0,0,0,1,0,0,2026-02-08,27,27
U00700,10,36,162.9,45.6,17.2,2026-07-31,29,29,30,31,28,29.33,29.4,1.02,6,5,Medium,0,0,0,2,5,7.0,6,1,Moderate,4391,7,1,0,-1.9,-329,0,1,0,0,0,0,0,1,0,0,2026-08-27,27,27
U00701,8,35,160.4,58.7,22.8,2026-07-28,28,28,30,29,29,28.67,28.8,0.75,7,6,Heavy,0,0,0,6,9,6.6,9,3,High,11278,7,1,0,1.0,-47,0,0,0,0,0,0,0,0,0,0,2026-08-22,25,25
U00702,3,21,163.3,46.9,17.6,2026-01-10,33,36,30,34,34,33.0,33.4,1.96,5,7,Medium,0,0,1,8,4,8.5,2,0,Moderate,3934,2,0,0,0.3,-268,0,1,0,1,0,0,0,0,0,0,2026-02-09,30,30
U00703,5,36,168.0,47.7,16.9,2026-05-19,25,25,24,24,27,24.67,25.0,1.1,4,6,Light,0,0,0,1,5,7.5,3,4,Moderate,2998,8,0,0,0.8,-205,0,0,1,0,0,0,0,0,0,0,2026-06-12,24,24
U00704,9,34,173.1,86.9,29.0,2026-06-23,27,27,27,26,22,27.0,25.8,1.94,3,4,Light,0,0,0,8,4,7.3,1,2,Moderate,3172,3,1,0,1.2,-577,0,1,0,0,0,0,0,0,0,0,2026-07-19,26,26
U00705,9,21,145.0,45.8,21.8,2026-07-19,31,26,30,30,29,29.0,29.2,1.72,3,4,Heavy,0,0,0,8,1,7.4,6,5,Low,7017,7,0,0,-2.7,-207,0,0,0,0,0,0,0,0,0,0,2026-08-20,32,32
U00706,5,19,175.7,73.2,23.7,2026-02-12,34,34,34,31,35,34.0,33.6,1.36,4,6,Medium,1,0,0,7,4,7.9,6,2,Moderate,7103,3,0,1,-1.9,-296,0,0,0,0,0,0,0,0,0,0,2026-03-20,36,36
U00707,10,32,168.7,54.4,19.1,2026-04-13,30,31,31,28,31,30.67,30.2,1.17,6,6,Heavy,0,0,0,10,7,6.7,6,0,Low,4432,6,0,0,0.2,-68,0,0,0,0,0,0,0,0,0,0,2026-05-12,29,29
U00708,6,27,156.2,55.9,22.9,2026-06-11,26,28,25,24,24,26.33,25.4,1.5,5,7,Light,1,0,0,5,10,9.0,5,0,Low,13765,2,0,0,0.4,396,1,0,0,0,0,0,0,0,0,0,2026-07-07,26,26
U00709,3,29,160.5,50.7,19.7,2026-01-28,28,28,27,27,30,27.67,28.0,1.1,4,5,Light,0,0,0,4,8,7.4,5,4,Low,2408,5,1,0,0.8,-513,0,0,1,0,0,0,0,0,0,0,2026-02-25,28,28
U00710,12,18,170.9,65.4,22.4,2026-01-03,30,29,31,32,28,30.0,30.0,1.41,4,6,Light,1,0,0,9,7,8.7,6,3,Moderate,2456,10,0,0,-0.4,-106,0,0,0,0,0,0,0,0,0,0,2026-02-05,33,33
U00711,7,23,155.6,63.4,26.2,2026-02-23,33,35,32,32,34,33.33,33.2,1.17,6,4,Light,0,0,0,3,10,8.4,7,1,Low,4202,4,0,1,-0.2,-456,0,0,1,0,0,0,0,0,0,0,2026-03-26,31,31
U00712,3,33,153.4,66.8,28.4,2026-04-24,31,32,29,30,30,30.67,30.4,1.02,7,6,Heavy,0,0,0,9,9,6.8,3,2,High,7396,8,0,0,0.8,-6,0,0,0,0,0,0,0,0,0,0,2026-05-29,35,35
U00713,3,32,145.0,55.3,26.3,2026-07-28,34,36,34,35,37,34.67,35.2,1.17,6,7,Medium,0,0,1,3,1,9.0,3,3,Moderate,8604,5,0,1,0.4,-475,0,0,0,1,0,0,1,0,0,0,2026-08-31,34,34
U00714,12,24,151.4,51.6,22.5,2026-03-03,27,24,26,26,26,25.67,25.8,0.98,6,5,Medium,0,0,0,8,2,5.7,1,2,Moderate,3816,7,0,1,0.5,-453,1,0,1,0,0,0,0,0,0,0,2026-03-31,28,28
U00715,5,25,167.8,85.3,30.3,2026-08-24,30,29,32,31,30,30.33,30.4,1.02,3,7,Medium,0,0,0,4,1,6.5,3,3,Low,8062,3,1,0,-0.8,-521,0,0,0,0,0,0,0,0,0,0,2026-09-25,32,32
U00716,3,28,157.9,60.8,24.4,2026-07-17,34,34,30,32,32,32.67,32.4,1.5,6,7,Medium,0,0,1,1,4,6.8,5,0,Moderate,8470,8,0,1,0.3,-286,1,0,0,1,0,0,0,0,0,0,2026-08-18,32,32
U00717,4,25,148.8,41.4,18.7,2026-06-27,30,26,31,28,29,29.0,28.8,1.72,5,3,Heavy,0,0,0,4,2,4.4,5,4,Low,6471,8,1,0,0.3,-470,1,0,0,0,0,0,0,0,0,0,2026-07-26,29,29
U00718,10,24,167.7,54.6,19.4,2026-05-12,25,26,23,26,24,24.67,24.8,1.17,7,5,Medium,0,0,0,5,6,7.6,8,4,High,11675,4,0,0,-0.6,331,0,0,0,0,0,0,0,0,0,0,2026-06-07,26,26
U00719,11,25,163.4,42.7,16.0,2026-04-27,31,34,30,31,33,31.67,31.8,1.47,3,3,Light,0,0,0,3,1,9.0,3,4,Low,12935,8,0,0,0.9,149,0,0,1,0,0,0,0,0,0,0,2026-05-29,32,32
U00720,9,29,149.3,53.9,24.2,2026-08-18,29,27,29,26,26,28.33,27.4,1.36,6,7,Light,0,0,0,10,4,6.0,7,6,Moderate,10213,8,0,0,2.1,39,0,1,0,0,0,0,0,0,0,0,2026-09-17,30,30
U00721,11,30,161.8,62.8,24.0,2026-04-27,28,28,30,33,31,28.67,30.0,1.9,3,3,Medium,0,0,0,2,1,4.7,2,6,Moderate,7194,2,0,0,0.2,-143,0,0,0,0,0,0,0,0,0,0,2026-05-22,25,25
U00722,11,33,153.1,45.9,19.6,2026-03-24,27,28,27,27,30,27.33,27.8,1.17,7,6,Medium,0,0,0,7,1,7.1,4,4,High,4086,5,0,1,0.0,-409,0,1,0,0,0,0,0,0,0,0,2026-04-21,28,28
U00723,9,23,157.4,39.6,16.0,2026-08-22,26,24,25,27,28,25.0,26.0,1.41,3,5,Medium,0,0,0,1,6,6.1,1,0,High,12604,10,1,0,-0.9,-13,0,0,1,0,0,0,0,0,0,0,2026-09-16,25,25
U00724,8,21,164.0,45.7,17.0,2026-05-07,33,35,29,30,31,32.33,31.6,2.15,6,7,Light,0,0,0,1,6,7.6,1,4,High,5370,1,0,0,-1.2,-670,0,0,1,0,0,0,0,0,0,1,2026-06-11,35,35
U00725,2,25,148.6,43.3,19.6,2026-01-09,26,25,22,26,29,24.33,25.6,2.24,6,4,Medium,0,0,0,5,10,5.8,1,0,Moderate,4248,3,0,0,-0.8,-244,0,0,0,0,0,0,0,0,0,0,2026-02-03,25,25
U00726,11,35,156.4,56.0,22.9,2026-06-14,29,24,27,29,29,26.67,27.6,1.96,6,3,Medium,0,0,0,6,2,6.3,8,1,High,11519,7,0,0,-0.4,221,0,0,1,0,0,0,0,1,0,0,2026-07-12,28,28
U00727,8,37,160.6,53.4,20.7,2026-05-18,35,31,35,37,33,33.67,34.2,2.04,6,5,Medium,0,0,0,5,2,4.6,6,6,High,4589,9,0,0,0.3,-134,0,0,1,0,0,0,0,0,0,0,2026-06-22,35,35
U00728,2,35,157.9,57.8,23.2,2026-02-11,30,31,31,29,30,30.67,30.2,0.75,5,4,Medium,0,0,0,7,6,8.4,3,3,High,6965,2,0,0,-0.1,459,1,1,0,0,0,0,0,1,0,0,2026-03-16,33,33
U00729,8,27,162.1,54.4,20.7,2026-01-11,28,29,29,30,26,28.67,28.4,1.36,5,7,Medium,0,0,0,7,8,7.0,3,1,Moderate,2593,9,0,0,-0.3,-551,0,0,0,0,0,0,0,0,0,0,2026-02-07,27,27
U00730,8,39,156.3,56.7,23.2,2026-04-27,29,29,30,28,31,29.33,29.4,1.02,3,3,Heavy,0,0,0,3,10,6.7,4,3,Moderate,9833,4,0,0,0.1,-369,0,0,0,0,0,1,0,0,0,0,2026-05-26,29,29
U00731,12,31,162.6,56.8,21.5,2026-01-27,30,30,29,25,32,29.67,29.2,2.32,5,4,Light,0,0,1,9,5,7.5,8,6,Low,6935,5,0,0,1.9,-629,0,0,1,1,0,0,0,0,0,0,2026-02-27,31,31
U00732,2,26,157.0,64.3,26.1,2026-07-19,26,26,26,25,24,26.0,25.4,0.8,6,6,Medium,0,0,0,8,5,5.1,8,6,High,10021,10,0,0,-0.0,-677,0,0,0,0,0,0,0,0,0,0,2026-08-12,24,24
U00733,10,31,172.9,49.9,16.7,2026-02-13,30,31,26,27,30,29.0,28.8,1.94,5,7,Medium,0,0,0,1,2,7.6,8,4,Moderate,4716,2,0,0,-2.2,8,0,0,0,0,0,0,0,0,0,0,2026-03-15,30,30
U00734,10,38,160.5,64.1,24.9,2026-04-17,32,30,34,35,34,32.0,33.0,1.79,5,6,Light,0,0,0,9,2,8.6,7,4,High,13012,8,0,0,-2.5,-286,0,0,1,0,0,0,0,0,0,0,2026-05-20,33,33
U00735,2,27,159.7,64.3,25.2,2026-06-25,32,31,30,32,32,31.0,31.4,0.8,5,3,Medium,0,0,0,8,5,5.8,9,1,High,7173,7,1,0,-0.0,-673,0,0,0,0,0,0,0,0,0,0,2026-07-29,34,34
U00736,3,20,158.2,61.1,24.4,2026-03-02,27,28,31,27,25,28.67,27.6,1.96,5,3,Medium,0,0,0,8,1,7.9,2,0,Low,6690,6,0,0,0.9,-53,0,0,0,0,0,0,0,0,0,0,2026-03-31,29,29
U00737,9,25,157.4,53.0,21.4,2026-01-03,27,29,28,26,28,28.0,27.6,1.02,5,5,Medium,0,0,0,9,7,7.0,8,5,Moderate,4588,7,0,0,-1.7,-335,0,0,0,0,0,0,0,0,0,0,2026-01-28,25,25
U00738,5,40,177.0,72.4,23.1,2026-06-12,25,24,26,27,24,25.0,25.2,1.17,7,7,Light,0,0,0,6,5,8.5,6,5,Low,13934,4,0,0,1.6,-262,0,0,0,0,0,0,0,0,0,0,2026-07-07,25,25
U00739,6,28,152.3,58.0,25.0,2026-01-08,34,32,35,37,33,33.67,34.2,1.72,7,4,Light,0,0,0,9,10,8.1,7,1,Moderate,4211,3,0,0,-0.7,205,0,0,0,0,0,0,1,0,0,0,2026-02-09,32,32
U00740,4,22,145.0,39.3,18.7,2026-03-13,32,29,32,32,32,31.0,31.4,1.2,7,5,Light,0,0,0,7,7,7.6,8,7,Low,13313,7,0,0,-0.3,-71,0,1,0,0,0,0,0,0,0,0,2026-04-13,31,31
U00741,10,38,160.5,48.2,18.7,2026-05-03,33,35,37,32,30,35.0,33.4,2.42,7,3,Medium,0,0,1,3,6,7.5,8,4,Low,2573,4,0,0,1.6,-619,0,1,0,1,0,0,0,0,0,0,2026-06-03,31,31
U00742,4,26,169.4,72.9,25.4,2026-07-26,28,26,29,29,29,27.67,28.2,1.17,6,3,Heavy,0,0,0,6,7,9.7,6,6,Moderate,12495,2,0,0,1.1,-111,0,0,0,0,0,0,0,0,0,0,2026-08-22,27,27
U00743,8,25,161.6,64.8,24.8,2026-06-06,25,24,23,25,23,24.0,24.0,0.89,4,6,Heavy,0,0,0,10,1,7.8,9,1,Low,13336,8,1,0,0.0,-104,0,0,0,0,0,0,0,0,0,0,2026-07-03,27,27
U00744,4,20,147.4,46.3,21.3,2026-08-27,28,25,31,25,26,28.0,27.0,2.28,6,6,Medium,0,0,0,1,9,8.0,1,5,Moderate,8429,1,0,0,-0.9,-499,0,0,0,0,0,0,0,0,0,0,2026-09-21,25,25
U00745,2,39,159.6,47.4,18.6,2026-08-16,29,26,25,31,26,26.67,27.4,2.24,6,6,Light,0,0,0,9,10,6.3,2,3,Moderate,3952,10,0,0,0.9,-51,0,0,0,0,0,0,0,0,0,0,2026-09-16,31,31
U00746,12,37,155.0,38.4,16.0,2026-08-15,27,26,28,25,27,27.0,26.6,1.02,7,5,Medium,0,0,0,7,7,5.6,5,7,Moderate,2649,3,0,0,1.9,-339,0,1,0,0,0,1,0,0,0,0,2026-09-13,29,29
U00747,8,26,163.1,65.4,24.6,2026-07-06,33,32,34,28,35,33.0,32.4,2.42,4,4,Light,0,0,1,2,1,9.4,10,5,Moderate,5745,6,0,0,0.0,-281,0,0,1,1,0,0,0,0,0,0,2026-08-08,33,33
U00748,6,29,159.9,60.3,23.6,2026-06-16,26,25,27,25,25,26.0,25.6,0.8,6,7,Light,0,0,0,2,3,6.5,6,2,Moderate,5878,6,0,0,-0.9,-540,1,0,0,0,0,0,0,0,0,1,2026-07-12,26,26
U00749,11,23,160.2,62.6,24.4,2026-02-24,31,29,34,28,34,31.33,31.2,2.48,6,6,Medium,0,0,0,8,1,6.2,9,7,Low,13768,8,0,0,0.9,-40,0,0,1,0,0,0,0,0,0,0,2026-03-28,32,32
U00750,11,40,164.2,72.5,26.9,2026-07-13,30,33,27,31,29,30.0,30.0,2.0,6,5,Medium,0,1,0,6,5,7.4,9,0,Low,7352,5,1,0,1.4,77,0,0,1,0,0,0,0,0,0,0,2026-08-11,29,29
U00751,7,39,163.0,75.7,28.5,2026-05-27,29,28,29,32,28,28.67,29.2,1.47,4,4,Medium,0,0,0,4,2,6.2,3,0,Low,13478,7,1,1,-0.6,21,0,0,0,0,0,0,0,0,0,0,2026-06-26,30,30
U00752,11,21,151.0,45.4,19.9,2026-06-05,33,32,32,35,31,32.33,32.6,1.36,4,6,Heavy,0,0,0,10,4,6.8,4,1,High,10927,3,0,0,-1.0,297,0,0,0,0,0,0,0,0,0,0,2026-07-09,34,34
U00753,5,23,149.6,45.4,20.3,2026-04-02,31,33,30,32,30,31.33,31.2,1.17,4,6,Heavy,1,0,0,2,8,6.9,3,3,Moderate,5729,1,0,0,2.0,-540,0,0,1,0,0,0,0,1,0,1,2026-05-03,31,31
U00754,4,38,168.5,76.7,27.0,2026-01-07,24,23,24,25,21,23.67,23.4,1.36,4,6,Light,0,0,0,8,4,5.8,1,7,Moderate,4714,9,0,0,0.8,178,0,0,0,0,0,0,0,0,0,0,2026-01-30,23,23
U00755,5,23,167.4,67.5,24.1,2026-05-29,29,27,30,27,28,28.67,28.2,1.17,7,7,Medium,0,0,0,3,5,6.8,5,0,Moderate,7108,7,0,0,-1.6,-333,0,0,0,0,1,0,0,1,0,0,2026-06-28,30,30
U00756,6,26,161.9,41.9,16.0,2026-04-05,27,29,28,27,23,28.0,26.8,2.04,6,3,Medium,0,0,0,6,5,8.1,6,2,Moderate,6960,1,0,0,-1.6,340,0,0,1,0,0,0,0,1,1,0,2026-05-04,29,29
U00757,6,36,153.0,71.2,30.4,2026-07-31,33,34,32,32,31,33.0,32.4,1.02,5,7,Light,0,0,1,1,1,7.4,6,6,Low,2132,4,0,0,1.7,-64,0,1,0,1,0,0,0,0,0,1,2026-08-31,31,31
U00758,11,23,146.4,34.3,16.0,2026-06-03,33,34,34,31,34,33.67,33.2,1.17,3,6,Heavy,0,0,0,7,7,5.8,10,5,Moderate,11019,2,0,0,-1.5,-57,0,0,0,0,1,0,0,0,0,0,2026-07-10,37,37
U00759,12,37,164.7,70.8,26.1,2026-08-09,29,30,28,29,30,29.0,29.2,0.75,6,3,Medium,0,0,0,6,4,7.7,10,0,Moderate,12359,4,0,0,2.5,184,1,0,0,0,0,0,0,1,0,0,2026-09-08,30,30
U00760,9,33,166.9,53.5,19.2,2026-08-13,29,28,29,28,29,28.67,28.6,0.49,6,4,Light,0,0,0,3,9,6.4,9,5,Moderate,11524,1,0,0,0.9,411,0,0,0,0,0,0,1,1,0,0,2026-09-12,30,30
U00761,3,22,158.0,54.9,22.0,2026-07-06,30,28,31,29,32,29.67,30.0,1.41,7,6,Heavy,0,0,1,3,6,7.3,7,3,Low,11577,1,0,0,-0.8,424,0,0,0,1,0,0,0,0,0,0,2026-08-05,30,30
U00762,9,18,147.8,49.8,22.8,2026-02-03,29,29,30,27,28,29.33,28.6,1.02,5,3,Heavy,0,0,0,3,5,5.1,6,4,Moderate,12296,7,0,0,-0.0,-629,0,0,0,0,0,0,0,0,0,0,2026-03-03,28,28
U00763,10,21,162.0,50.7,19.3,2026-02-11,28,28,26,26,27,27.33,27.0,0.89,3,4,Medium,0,0,0,1,7,8.8,8,2,High,7591,1,0,0,0.2,-54,0,0,0,0,0,0,1,0,0,0,2026-03-11,28,28
U00764,3,30,159.3,75.1,29.6,2026-04-27,30,30,29,28,29,29.67,29.2,0.75,5,4,Medium,0,0,0,6,6,6.5,3,7,Low,8779,10,0,0,0.3,-589,0,1,0,0,1,0,0,0,0,0,2026-05-26,29,29
U00765,7,40,152.0,66.3,28.7,2026-03-07,27,27,23,27,24,25.67,25.6,1.74,6,5,Medium,0,0,0,6,10,6.3,10,1,Moderate,6653,5,0,0,-1.4,-562,0,0,0,0,0,0,0,0,0,0,2026-04-04,28,28
U00766,3,28,160.6,64.2,24.9,2026-03-26,33,35,33,34,35,33.67,34.0,0.89,7,3,Medium,0,0,1,6,7,6.7,2,3,High,5579,6,0,0,0.8,44,0,1,0,1,0,0,0,0,0,1,2026-04-28,33,33
U00767,6,20,158.9,43.9,17.4,2026-02-20,30,30,30,28,27,30.0,29.0,1.26,7,4,Medium,0,0,0,7,7,7.3,7,4,High,4470,7,1,0,-2.5,15,1,0,0,0,1,0,0,0,0,0,2026-03-23,31,31
U00768,10,19,147.0,34.6,16.0,2026-02-26,28,29,26,30,27,27.67,28.0,1.41,6,3,Medium,0,0,0,5,3,7.2,9,5,Moderate,9263,7,0,0,-1.9,-165,0,0,0,0,0,0,0,0,0,0,2026-03-26,28,28
U00769,10,22,158.8,56.2,22.3,2026-08-07,30,32,30,27,31,30.67,30.0,1.67,3,5,Medium,0,0,0,9,7,7.4,1,3,High,3822,5,0,0,-1.6,-254,0,0,0,0,0,0,0,0,0,0,2026-09-07,31,31
U00770,12,27,163.2,56.2,21.1,2026-03-27,30,31,30,27,29,30.33,29.4,1.36,6,4,Light,0,0,0,1,8,4.0,3,3,Moderate,10005,6,0,0,-1.8,117,0,0,0,0,0,0,0,1,0,0,2026-04-25,29,29
U00771,10,28,158.9,50.0,19.8,2026-02-08,32,36,32,35,33,33.33,33.6,1.62,7,7,Light,0,0,0,2,9,9.5,9,4,Moderate,13293,2,0,0,1.4,-65,0,1,0,0,0,1,0,0,0,0,2026-03-11,31,31
U00772,11,25,152.3,53.6,23.1,2026-04-30,31,32,31,35,31,31.33,32.0,1.55,3,5,Medium,1,1,1,9,5,5.9,10,2,Moderate,3899,9,0,0,2.1,162,1,0,0,1,0,0,0,0,0,0,2026-05-31,31,31
U00773,7,32,158.6,57.1,22.7,2026-06-29,25,27,27,23,29,26.33,26.2,2.04,7,3,Medium,1,0,0,6,4,6.9,3,3,Moderate,5757,4,0,0,0.9,-383,0,0,0,0,0,0,0,1,0,0,2026-07-25,26,26
U00774,12,23,164.7,61.3,22.6,2026-01-07,32,30,33,32,36,31.67,32.6,1.96,5,6,Heavy,1,0,0,2,5,8.9,7,7,Moderate,5791,4,0,0,-0.6,-161,0,0,0,0,0,0,0,0,0,0,2026-02-04,28,28
U00775,8,23,162.1,42.0,16.0,2026-01-24,30,33,30,33,31,31.0,31.4,1.36,6,5,Heavy,0,0,0,4,6,5.5,2,7,Moderate,11273,5,0,0,-1.3,143,0,1,0,0,0,0,0,0,0,0,2026-02-23,30,30
U00776,7,39,161.6,53.8,20.6,2026-01-15,28,30,30,28,27,29.33,28.6,1.2,6,7,Light,1,0,0,10,10,5.3,1,5,Moderate,7170,8,0,0,-1.3,-520,0,1,0,0,0,0,0,1,0,0,2026-02-14,30,30
U00777,10,30,150.2,60.0,26.6,2026-07-19,36,39,37,32,39,37.33,36.6,2.58,4,7,Medium,0,0,0,9,9,8.7,9,7,Low,10960,5,0,0,0.6,-559,1,1,0,0,0,0,0,0,0,0,2026-08-23,35,35
U00778,3,31,169.2,53.2,18.6,2026-05-18,32,31,35,31,32,32.67,32.2,1.47,3,5,Light,0,0,0,8,8,8.3,9,6,Moderate,4245,6,0,0,-0.7,-609,0,0,1,0,0,0,0,0,0,0,2026-06-19,32,32
U00779,12,31,165.6,44.4,16.2,2026-05-05,28,30,31,30,27,29.67,29.2,1.47,5,6,Heavy,0,0,0,2,2,8.6,9,7,Low,7312,1,0,0,0.8,150,0,0,0,0,0,0,0,0,0,0,2026-06-01,27,27
U00780,9,21,151.0,40.8,17.9,2026-04-13,25,32,26,24,29,27.67,27.2,2.93,4,7,Medium,0,1,0,6,2,7.7,5,4,Low,2536,3,0,0,0.8,249,0,0,0,0,0,0,0,0,0,0,2026-05-10,27,27
U00781,4,31,148.4,57.7,26.2,2026-08-11,27,28,27,30,25,27.33,27.4,1.62,6,5,Heavy,0,0,0,5,3,7.3,8,4,High,2289,8,0,0,0.5,476,0,0,0,0,0,0,0,0,0,0,2026-09-05,25,25
U00782,9,35,161.6,59.8,22.9,2026-05-26,27,27,29,24,26,27.67,26.6,1.62,6,7,Medium,0,0,0,9,10,5.3,4,6,Low,13011,5,0,0,0.1,-364,0,0,0,0,0,0,0,0,0,0,2026-06-26,31,31
U00783,10,18,160.1,61.3,23.9,2026-02-17,34,34,32,32,34,33.33,33.2,0.98,3,6,Medium,0,0,1,9,3,7.6,1,4,Moderate,7151,3,1,0,-0.3,481,0,1,0,1,0,0,0,0,0,0,2026-03-26,37,37
U00784,12,26,157.2,50.4,20.4,2026-05-02,32,27,33,35,31,30.67,31.6,2.65,6,7,Medium,0,0,0,6,6,6.6,8,2,High,9495,6,1,0,1.0,456,1,0,1,0,0,0,0,0,0,0,2026-06-03,32,32
U00785,9,24,174.1,58.8,19.4,2026-07-29,31,31,33,29,32,31.67,31.2,1.33,5,6,Heavy,0,0,0,1,3,5.5,2,7,High,5292,1,1,0,-0.7,200,0,0,0,0,0,0,0,0,0,0,2026-08-26,28,28
U00786,6,31,166.8,70.7,25.4,2026-03-19,29,29,30,26,30,29.33,28.8,1.47,7,3,Medium,0,0,0,3,8,8.6,7,3,Low,7505,5,0,0,-0.3,-366,0,0,0,0,0,0,0,0,0,0,2026-04-16,28,28
U00787,5,38,154.6,66.9,28.0,2026-06-28,30,33,31,33,29,31.33,31.2,1.6,7,5,Medium,0,0,0,2,9,7.9,4,5,Moderate,5735,9,0,0,-3.7,-650,0,0,0,0,0,0,0,0,0,0,2026-07-29,31,31
U00788,6,26,173.3,77.5,25.8,2026-03-01,32,35,33,33,29,33.33,32.4,1.96,6,7,Medium,0,0,0,4,6,7.9,3,1,Moderate,7209,8,0,0,0.4,242,0,0,1,0,0,0,0,0,0,0,2026-04-05,35,35
U00789,6,19,154.8,62.1,25.9,2026-03-25,29,29,28,29,29,28.67,28.8,0.4,4,4,Medium,0,0,0,10,8,6.5,9,7,Low,5020,5,0,0,-1.2,-626,1,0,0,0,0,0,0,0,0,0,2026-04-25,31,31
U00790,12,32,160.0,48.1,18.8,2026-03-03,23,20,24,24,25,22.33,23.2,1.72,4,6,Light,0,0,0,5,9,7.2,1,2,Low,3129,2,0,0,1.1,347,0,0,0,0,0,0,0,0,0,0,2026-03-23,20,20
U00791,11,25,147.8,36.5,16.7,2026-07-07,28,29,29,27,31,28.67,28.8,1.33,6,4,Medium,0,0,0,4,5,5.5,4,6,High,7624,6,0,1,-0.3,437,1,0,0,0,0,0,0,0,0,0,2026-08-08,32,32
U00792,3,33,152.7,64.6,27.7,2026-01-02,30,30,33,31,31,31.0,31.0,1.1,5,3,Medium,0,0,0,8,3,7.6,2,7,High,5570,3,0,0,-0.9,-150,0,0,0,0,0,0,0,1,0,0,2026-02-02,31,31
U00793,11,21,166.3,59.7,21.6,2026-01-24,25,23,26,25,22,24.67,24.2,1.47,4,7,Medium,0,0,0,4,4,6.3,10,4,Moderate,8967,5,0,0,0.7,-463,0,1,1,0,0,0,0,0,0,0,2026-02-19,26,26
U00794,6,24,158.2,55.3,22.1,2026-07-09,33,34,33,32,34,33.33,33.2,0.75,3,3,Heavy,0,0,0,5,1,4.5,10,2,Low,9172,8,0,0,2.7,63,0,0,0,0,0,0,0,0,0,0,2026-08-12,34,34
U00795,9,26,156.2,59.5,24.4,2026-01-01,27,28,28,29,29,27.67,28.2,0.75,7,3,Medium,0,0,0,9,9,10.0,1,4,Low,3552,3,0,0,0.6,-354,0,0,0,0,0,0,0,0,0,0,2026-01-25,24,24
U00796,2,37,158.2,69.8,27.9,2026-02-04,28,29,30,30,27,29.0,28.8,1.17,4,5,Light,0,0,0,7,3,7.2,8,1,Low,12617,9,0,0,0.5,-4,0,0,0,0,1,0,1,0,0,0,2026-03-06,30,30
U00797,10,30,171.7,47.2,16.0,2026-08-06,28,27,28,26,26,27.67,27.0,0.89,4,7,Medium,0,1,0,9,5,8.7,7,5,High,8650,6,1,0,-1.7,14,0,0,0,0,0,0,0,0,0,0,2026-09-04,29,29
U00798,5,32,148.7,43.6,19.7,2026-05-24,28,28,26,31,29,27.33,28.4,1.62,6,6,Heavy,0,0,0,1,7,5.5,6,1,Low,4237,2,0,0,-1.2,-247,1,0,0,0,0,0,0,0,0,0,2026-06-20,27,27
U00799,2,34,173.5,78.6,26.1,2026-04-10,26,27,27,27,24,26.67,26.2,1.17,6,4,Light,0,0,0,2,3,5.5,10,2,Moderate,11686,4,0,0,-0.9,-84,0,0,0,0,0,0,0,0,0,0,2026-05-06,26,26
U00800,11,31,145.0,62.9,29.9,2026-07-22,29,27,27,28,29,27.67,28.0,0.89,3,6,Medium,0,0,0,3,4,5.8,10,1,Low,7020,9,0,0,-2.6,-180,0,0,0,0,0,0,0,0,0,0,2026-08-22,31,31
U00801,9,38,167.5,77.7,27.7,2026-02-18,30,31,27,33,31,29.33,30.4,1.96,4,7,Light,0,0,0,5,9,8.8,1,5,Moderate,5226,6,0,0,-0.8,156,0,0,0,0,0,0,0,0,1,0,2026-03-17,27,27
U00802,3,23,165.7,78.8,28.7,2026-02-02,25,26,24,26,27,25.0,25.6,1.02,5,4,Medium,0,0,0,4,4,6.3,6,3,Low,11240,3,1,0,-1.2,460,0,0,0,0,0,0,0,0,0,0,2026-02-27,25,25
U00803,7,32,163.1,49.5,18.6,2026-04-07,30,30,32,31,31,30.67,30.8,0.75,3,6,Medium,0,0,0,10,4,7.2,10,3,Low,10932,3,0,0,1.5,136,0,0,0,0,0,0,0,0,0,0,2026-05-09,32,32
U00804,2,23,166.3,83.8,30.3,2026-08-11,26,25,27,27,25,26.0,26.0,0.89,4,5,Light,0,0,0,6,4,6.3,10,3,Low,5428,5,0,0,-0.3,-41,0,0,0,0,0,0,0,0,0,0,2026-09-10,30,30
U00805,9,30,161.7,68.2,26.1,2026-02-27,26,30,26,27,27,27.33,27.2,1.47,6,7,Medium,0,0,0,1,2,8.3,6,2,High,2353,8,1,0,-0.9,-465,0,0,0,0,0,0,0,1,0,0,2026-03-24,25,25
U00806,2,27,156.3,56.2,23.0,2026-06-04,30,29,28,31,25,29.0,28.6,2.06,5,3,Medium,0,0,0,6,7,7.0,4,2,High,2901,10,0,1,-2.3,-300,0,0,0,0,0,0,0,0,0,0,2026-07-03,29,29
U00807,9,39,161.5,63.4,24.3,2026-05-22,37,34,37,37,37,36.0,36.4,1.2,7,6,Medium,1,0,1,9,1,6.3,3,3,Moderate,11050,7,0,0,-0.5,100,0,0,1,1,0,0,0,0,0,0,2026-06-29,38,38
U00808,6,18,154.5,70.9,29.7,2026-07-19,34,34,33,33,35,33.67,33.8,0.75,7,5,Medium,0,0,1,7,2,8.8,1,2,Low,10753,6,0,0,-0.2,-57,0,1,0,1,0,0,0,0,0,0,2026-08-23,35,35
U00809,4,30,174.2,62.8,20.7,2026-01-01,24,25,23,26,25,24.0,24.6,1.02,4,3,Medium,0,0,0,1,4,8.4,9,4,Moderate,12998,2,0,0,-1.5,462,0,0,0,0,0,0,0,1,0,0,2026-01-25,24,24
U00810,9,19,150.6,59.4,26.2,2026-08-12,27,27,25,29,32,26.33,28.0,2.37,7,7,Heavy,0,1,0,7,8,6.4,10,6,Low,6862,10,0,0,0.5,-690,0,1,0,0,0,0,0,1,0,0,2026-09-05,24,24
U00811,4,26,163.4,67.0,25.1,2026-06-06,29,28,28,32,29,28.33,29.2,1.47,3,3,Heavy,1,1,0,1,10,7.4,4,0,High,11189,9,0,0,-1.7,-618,0,0,0,0,0,0,0,0,0,0,2026-06-30,24,24
U00812,5,33,158.1,46.5,18.6,2026-04-11,29,29,30,32,26,29.33,29.2,1.94,4,5,Heavy,0,0,0,2,7,7.7,5,7,High,6511,4,0,0,-1.4,-542,0,0,0,0,0,0,0,0,0,0,2026-05-09,28,28
U00813,8,23,154.7,45.7,19.1,2026-05-05,31,31,32,29,30,31.33,30.6,1.02,4,3,Heavy,0,0,0,2,9,6.9,4,4,Moderate,3094,3,0,0,-0.4,-289,0,0,0,0,0,0,0,0,0,0,2026-06-04,30,30
U00814,4,25,158.7,50.4,20.0,2026-05-09,33,35,33,29,32,33.67,32.4,1.96,6,7,Heavy,0,0,1,8,8,5.7,3,3,Low,3839,2,0,0,0.6,236,1,1,0,1,0,0,0,0,0,0,2026-06-15,37,37
U00815,2,33,161.1,68.0,26.2,2026-05-12,35,34,35,39,37,34.67,36.0,1.79,4,6,Medium,0,1,0,3,1,7.0,5,5,Moderate,10034,6,0,1,-1.3,-495,1,0,0,0,0,0,0,0,0,0,2026-06-12,31,31
U00816,11,34,149.1,47.8,21.5,2026-01-01,34,32,31,33,33,32.33,32.6,1.02,6,4,Medium,0,0,1,1,7,4.9,2,0,High,13681,6,0,0,-0.1,-243,0,0,0,1,0,0,0,0,0,0,2026-02-01,31,31
U00817,9,32,162.8,61.2,23.1,2026-02-15,32,31,34,35,33,32.33,33.0,1.41,4,3,Light,0,0,0,1,7,7.9,3,5,High,8937,4,0,0,0.4,-693,0,0,0,0,1,0,0,0,0,0,2026-03-15,28,28
U00818,8,19,155.8,43.0,17.7,2026-04-29,26,28,24,25,24,26.0,25.4,1.5,4,7,Medium,0,0,0,6,3,8.9,10,5,Moderate,13420,4,0,0,0.5,-390,0,1,0,0,0,1,0,0,0,0,2026-05-28,29,29
U00819,4,25,145.0,41.4,19.7,2026-04-26,32,31,29,34,35,30.67,32.2,2.14,7,3,Medium,0,0,0,9,6,6.8,7,7,Low,8933,5,0,0,0.7,-148,0,0,0,0,0,0,0,1,0,1,2026-05-28,32,32
U00820,4,35,164.5,66.6,24.6,2026-03-11,25,26,27,25,26,26.0,25.8,0.75,3,6,Medium,0,0,0,5,6,8.5,6,6,Moderate,8577,5,0,0,0.7,-686,0,0,0,0,0,0,0,0,0,0,2026-04-07,27,27
U00821,2,37,152.4,64.3,27.7,2026-04-27,31,33,32,31,32,32.0,31.8,0.75,4,3,Medium,1,0,0,8,10,7.4,2,3,Moderate,10248,3,0,0,0.6,-584,0,0,1,0,0,0,0,0,0,0,2026-05-26,29,29
U00822,12,22,155.6,66.6,27.5,2026-06-08,26,25,24,28,29,25.0,26.4,1.85,5,5,Medium,1,1,0,9,10,6.8,9,5,High,6790,3,0,0,2.4,367,0,0,0,0,0,0,0,0,0,0,2026-07-05,27,27
U00823,4,27,162.1,65.2,24.8,2026-06-11,33,32,33,34,33,32.67,33.0,0.63,4,7,Heavy,0,0,0,8,6,8.1,10,6,High,4509,5,0,0,-0.1,-343,0,0,1,0,0,1,0,0,0,0,2026-07-15,34,34
U00824,6,37,169.2,59.3,20.7,2026-02-28,30,27,30,29,35,29.0,30.2,2.64,5,7,Light,0,0,0,9,10,7.0,8,1,Moderate,12189,6,0,1,0.6,-305,0,0,1,0,0,1,0,0,0,0,2026-03-31,31,31
U00825,10,20,169.1,61.5,21.5,2026-01-25,28,30,27,26,31,28.33,28.4,1.85,6,5,Medium,0,0,0,1,4,7.5,5,5,Moderate,7435,6,1,1,-0.4,-324,0,0,0,0,0,0,0,0,0,0,2026-02-24,30,30
U00826,4,38,157.9,54.6,21.9,2026-08-22,35,36,36,37,34,35.67,35.6,1.02,6,3,Medium,0,0,0,9,3,7.4,6,7,Moderate,12870,7,0,0,-0.8,-160,1,0,1,0,0,0,0,0,0,0,2026-09-28,37,37
U00827,12,26,160.4,48.9,19.0,2026-08-05,29,30,30,27,28,29.67,28.8,1.17,6,7,Medium,0,1,0,4,4,6.9,1,2,Moderate,4611,1,1,0,-0.6,-96,0,0,1,0,0,0,0,0,0,0,2026-09-02,28,28
U00828,8,33,173.4,70.4,23.4,2026-04-11,31,32,31,29,29,31.33,30.4,1.2,6,6,Light,0,0,0,9,5,7.3,7,1,High,2437,1,0,0,2.1,451,0,0,0,0,0,0,1,0,0,0,2026-05-11,30,30
U00829,12,28,149.9,36.0,16.0,2026-07-22,28,27,25,29,27,26.67,27.2,1.33,7,3,Medium,0,1,0,9,5,6.0,4,5,Moderate,9320,1,0,0,-0.6,-110,0,0,1,0,0,0,0,0,0,0,2026-08-20,29,29
U00830,12,27,163.0,67.8,25.5,2026-05-30,33,36,31,33,33,33.33,33.2,1.6,3,3,Light,0,0,1,2,4,10.0,3,3,Moderate,10483,4,0,0,-1.0,-292,0,0,0,1,0,0,0,0,0,0,2026-06-30,31,31
U00831,6,26,158.1,73.5,29.4,2026-01-08,34,38,34,37,34,35.33,35.4,1.74,5,6,Heavy,0,0,0,2,4,6.9,2,4,Moderate,11453,3,0,0,-0.1,234,0,0,0,0,0,1,0,1,0,0,2026-02-11,34,34
U00832,12,18,151.2,47.6,20.8,2026-07-08,20,20,20,20,20,20.0,20.0,0.0,6,6,Medium,0,0,0,10,6,8.4,7,4,Low,3245,10,0,0,1.3,-26,0,0,0,0,0,0,0,0,0,0,2026-07-29,21,21
U00833,12,38,158.7,55.4,22.0,2026-02-06,31,32,28,32,31,30.33,30.8,1.47,5,3,Light,0,0,0,4,10,7.0,10,2,Moderate,13711,8,0,0,1.4,489,0,0,0,0,0,0,0,0,0,0,2026-03-10,32,32
U00834,7,35,157.2,60.5,24.5,2026-03-09,27,29,28,26,28,28.0,27.6,1.02,7,5,Medium,0,0,0,10,4,7.6,6,2,High,2556,2,0,0,-0.3,434,0,1,0,0,0,0,0,0,0,0,2026-04-05,27,27
U00835,4,39,150.8,65.3,28.7,2026-03-31,38,37,42,43,38,39.0,39.6,2.42,3,5,Medium,0,0,1,8,6,6.7,4,7,Moderate,10221,5,0,0,-0.8,45,0,0,0,1,0,0,0,0,1,0,2026-05-08,38,38
U00836,3,30,159.5,60.8,23.9,2026-05-31,29,27,30,33,32,28.67,30.2,2.14,7,3,Heavy,0,0,0,1,8,6.2,7,3,Low,2915,5,0,0,0.1,373,0,0,1,0,0,0,0,0,0,0,2026-06-26,26,26
U00837,5,40,155.4,38.6,16.0,2026-08-03,26,27,26,24,26,26.33,25.8,0.98,6,3,Medium,0,0,0,5,6,6.9,9,7,Low,5811,1,0,0,0.4,-346,0,0,0,0,0,0,0,0,0,0,2026-08-28,25,25
U00838,3,19,170.6,89.6,30.8,2026-03-21,32,32,32,33,33,32.0,32.4,0.49,6,4,Light,0,0,0,1,1,7.4,4,0,Low,5650,7,0,0,0.6,420,0,0,0,0,0,0,0,0,0,0,2026-04-22,32,32
U00839,3,26,165.2,70.7,25.9,2026-08-09,29,32,29,26,26,30.0,28.4,2.24,3,7,Medium,0,0,0,2,8,5.5,1,7,Moderate,6136,7,0,0,0.5,84,0,0,0,0,0,0,0,0,0,0,2026-09-05,27,27
U00840,4,31,164.4,58.4,21.6,2026-06-06,27,29,27,27,27,27.67,27.4,0.8,7,6,Light,0,1,0,7,6,7.1,7,7,Moderate,9418,6,1,0,-1.1,-229,0,0,0,0,0,0,0,0,0,0,2026-07-04,28,28
U00841,4,29,157.6,60.1,24.2,2026-08-14,31,31,33,31,37,31.67,32.6,2.33,7,3,Heavy,0,1,0,7,9,5.8,2,6,Moderate,5581,4,0,0,-0.2,-644,0,0,1,0,0,0,0,0,0,0,2026-09-17,34,34
U00842,11,18,154.2,58.7,24.7,2026-08-20,35,34,35,34,37,34.67,35.0,1.1,4,3,Medium,0,0,0,1,6,5.9,9,7,High,10198,7,0,0,0.3,276,0,0,0,0,1,0,0,0,0,0,2026-09-24,35,35
U00843,4,20,164.5,72.0,26.6,2026-03-05,25,26,26,25,22,25.67,24.8,1.47,7,4,Medium,0,0,0,8,2,6.7,3,5,Low,5317,6,0,0,0.4,-587,1,0,0,0,0,0,0,0,0,0,2026-03-28,23,23
U00844,10,28,156.3,56.7,23.2,2026-03-16,28,31,28,26,31,29.0,28.8,1.94,7,3,Medium,0,0,0,4,7,5.7,7,4,Moderate,13139,2,0,0,1.6,349,0,0,0,0,0,0,0,0,0,0,2026-04-12,27,27
U00845,12,37,155.6,43.6,18.0,2026-01-19,29,32,28,29,29,29.67,29.4,1.36,6,4,Medium,0,0,0,1,10,7.0,2,2,Moderate,9781,1,0,0,3.3,-673,0,0,0,0,0,0,0,0,0,0,2026-02-18,30,30
U00846,9,32,145.8,48.9,23.0,2026-06-08,29,29,30,31,31,29.33,30.0,0.89,3,6,Medium,0,0,0,8,7,6.5,8,1,Low,5167,7,0,1,0.9,-71,0,0,1,0,0,1,0,0,0,0,2026-07-11,33,33
U00847,2,24,161.3,62.7,24.1,2026-02-26,31,32,29,28,32,30.67,30.4,1.62,3,7,Medium,0,0,0,3,5,6.9,5,2,Moderate,12320,8,0,0,0.8,-356,0,1,0,0,0,0,0,0,0,0,2026-03-27,29,29
U00848,7,36,173.6,66.3,22.0,2026-08-20,27,25,29,24,25,27.0,26.0,1.79,3,4,Light,0,0,0,6,6,7.4,3,4,Low,4073,7,0,0,1.9,162,0,0,0,0,0,0,0,0,0,0,2026-09-16,27,27
U00849,8,38,167.2,53.1,19.0,2026-07-03,28,28,28,30,28,28.0,28.4,0.8,7,3,Medium,0,0,0,9,8,5.4,5,4,Moderate,5686,6,0,0,-0.1,-362,0,1,0,0,0,0,0,0,0,1,2026-08-04,32,32
U00850,4,24,155.0,57.7,24.0,2026-01-29,28,29,24,29,28,27.0,27.6,1.85,5,6,Medium,0,0,0,8,7,6.7,4,6,Low,11571,4,0,0,-1.7,-348,0,0,1,0,0,0,0,0,0,0,2026-03-01,31,31
U00851,3,39,165.3,48.1,17.6,2026-03-27,29,33,29,31,30,30.33,30.4,1.5,3,7,Medium,0,0,0,7,6,7.3,6,7,Low,13057,7,0,0,2.5,-129,0,0,0,0,0,0,0,0,0,0,2026-04-22,26,26
U00852,8,23,153.5,62.4,26.5,2026-03-12,30,31,27,34,29,29.33,30.2,2.32,7,4,Light,1,0,0,8,9,7.8,8,2,Moderate,11918,4,0,0,-1.7,-103,0,0,1,0,0,0,0,0,0,0,2026-04-11,30,30
U00853,4,31,155.9,54.4,22.4,2026-02-14,36,36,35,36,38,35.67,36.2,0.98,7,7,Medium,0,0,1,2,2,7.1,9,2,Moderate,13174,7,0,0,-2.2,183,0,0,0,1,1,0,0,0,0,0,2026-03-20,34,34
U00854,6,25,162.4,61.7,23.4,2026-01-09,27,28,24,25,28,26.33,26.4,1.62,7,6,Light,0,0,0,2,4,6.9,5,2,Moderate,5076,1,1,0,-1.0,340,0,0,1,0,0,0,1,0,0,0,2026-02-08,30,30
U00855,9,34,167.5,60.3,21.5,2026-02-26,34,36,34,37,32,34.67,34.6,1.74,6,4,Medium,0,0,1,7,5,5.4,3,0,Moderate,2316,1,0,0,-1.4,454,0,0,0,1,0,0,0,0,0,0,2026-04-02,35,35
U00856,3,19,150.6,48.5,21.4,2026-04-03,31,30,30,26,31,30.33,29.6,1.85,7,5,Light,0,0,0,2,1,7.7,10,3,High,7701,5,0,1,-1.8,11,1,0,0,0,0,0,0,0,0,1,2026-05-03,30,30
U00857,4,19,161.4,54.2,20.8,2026-06-23,30,30,31,29,30,30.33,30.0,0.63,4,7,Medium,0,0,0,9,3,6.8,5,7,High,6877,10,0,0,0.6,4,0,0,0,0,1,0,0,0,0,0,2026-07-25,32,32
U00858,5,39,158.6,64.6,25.7,2026-07-29,31,31,32,28,29,31.33,30.2,1.47,4,7,Medium,0,0,0,8,3,6.1,6,5,High,11363,7,0,0,0.4,-593,0,0,0,0,0,0,0,0,0,0,2026-09-02,35,35
U00859,3,22,156.2,53.9,22.1,2026-08-14,28,27,28,30,32,27.67,29.0,1.79,7,6,Heavy,0,0,0,1,6,7.2,9,7,High,9033,6,0,0,1.0,241,1,0,0,0,0,0,0,0,0,0,2026-09-10,27,27
U00860,3,38,158.9,56.8,22.5,2026-06-12,27,30,25,26,27,27.33,27.0,1.67,7,7,Light,0,0,0,3,7,8.8,6,7,Low,6173,2,0,1,-0.1,412,0,0,0,0,0,0,0,0,0,0,2026-07-10,28,28
U00861,4,33,151.0,47.4,20.8,2026-06-07,27,28,27,28,26,27.33,27.2,0.75,5,3,Heavy,0,0,0,2,5,7.8,2,0,Low,4261,9,0,0,-2.0,108,0,0,1,0,0,0,0,1,0,1,2026-07-08,31,31
U00862,10,31,156.0,47.9,19.7,2026-02-23,30,30,30,31,31,30.0,30.4,0.49,5,7,Medium,0,0,0,7,2,5.3,6,5,Low,13442,2,0,0,-0.9,-640,0,0,0,0,0,0,0,0,0,0,2026-03-25,30,30
U00863,3,34,167.6,74.7,26.6,2026-04-09,28,27,26,27,30,27.0,27.6,1.36,7,7,Medium,0,0,0,6,8,8.1,9,1,High,13105,4,0,0,2.7,-74,0,0,1,0,0,0,0,1,0,1,2026-05-06,27,27
U00864,12,19,154.6,59.5,24.9,2026-02-03,27,24,25,26,27,25.33,25.8,1.17,4,3,Light,0,0,0,7,7,6.6,4,2,Low,9404,3,1,1,-0.8,-445,0,0,0,0,0,0,0,0,0,0,2026-03-04,29,29
U00865,2,19,151.5,54.6,23.8,2026-05-07,27,29,26,29,25,27.33,27.2,1.6,6,6,Heavy,0,0,0,3,4,5.8,4,6,Moderate,13395,2,0,0,-1.3,-123,0,0,0,0,0,0,0,1,0,0,2026-06-03,27,27
U00866,4,19,160.0,52.0,20.3,2026-08-22,29,29,29,30,29,29.0,29.2,0.4,3,6,Medium,0,0,0,1,3,7.3,2,7,Moderate,13163,5,0,1,0.1,52,0,0,1,0,0,0,0,0,0,0,2026-09-19,28,28
U00867,5,18,156.6,60.8,24.8,2026-04-29,27,25,29,28,24,27.0,26.6,1.85,3,7,Light,0,0,0,2,2,10.0,2,2,Moderate,10265,10,0,0,0.3,-4,1,0,0,0,0,0,0,0,0,0,2026-05-27,28,28
U00868,4,39,161.8,60.7,23.2,2026-06-13,29,30,33,28,29,30.67,29.8,1.72,5,4,Heavy,0,0,0,7,5,7.0,4,2,Moderate,11037,3,1,0,1.4,191,1,1,0,0,0,0,0,0,0,0,2026-07-12,29,29
U00869,11,28,159.5,55.7,21.9,2026-05-17,32,28,30,33,32,30.0,31.0,1.79,4,4,Medium,0,0,0,9,4,7.7,8,5,Low,12611,3,0,0,0.3,-627,1,0,0,0,0,0,0,0,0,0,2026-06-20,34,34
U00870,5,20,149.4,50.7,22.7,2026-07-06,28,28,28,26,29,28.0,27.8,0.98,5,3,Medium,0,0,0,10,10,6.1,3,6,High,12628,5,0,0,0.8,470,0,0,0,0,0,0,0,0,0,0,2026-08-04,29,29
U00871,2,25,157.4,62.9,25.4,2026-02-16,29,31,31,31,27,30.33,29.8,1.6,5,7,Medium,0,1,0,7,2,6.6,4,0,Moderate,4603,7,0,0,0.6,-451,0,0,0,0,0,0,0,0,0,0,2026-03-17,29,29
U00872,8,21,156.4,68.0,27.8,2026-08-18,27,29,24,29,30,26.67,27.8,2.14,6,6,Heavy,0,0,0,2,4,6.6,3,6,Moderate,8923,4,0,0,-0.3,-189,1,0,0,0,1,0,0,0,0,0,2026-09-13,26,26
U00873,9,38,166.2,56.9,20.6,2026-05-16,27,25,26,25,24,26.0,25.4,1.02,6,4,Medium,0,0,0,8,8,9.8,4,0,High,2069,6,1,0,1.6,367,0,0,0,0,0,0,0,0,0,0,2026-06-12,27,27
U00874,9,36,159.3,43.4,17.1,2026-03-25,30,32,30,30,31,30.67,30.6,0.8,7,4,Medium,0,0,0,9,9,7.0,10,1,Low,12452,9,0,0,1.0,62,0,0,0,0,0,0,0,1,0,0,2026-04-24,30,30
U00875,3,18,155.6,54.0,22.3,2026-08-13,35,38,38,32,37,37.0,36.0,2.28,4,4,Light,0,0,1,6,9,7.7,4,6,Moderate,3250,3,0,0,1.6,-168,1,0,0,1,0,0,0,0,0,1,2026-09-18,36,36
U00876,10,24,147.7,50.0,22.9,2026-07-22,29,29,29,29,29,29.0,29.0,0.0,7,4,Medium,0,0,0,10,3,7.6,6,1,Low,2636,9,0,0,1.4,-138,0,1,0,0,0,0,0,0,0,0,2026-08-21,30,30
U00877,12,33,172.7,73.7,24.7,2026-08-14,27,24,27,27,26,26.0,26.2,1.17,7,7,Medium,0,0,0,2,10,7.6,2,0,Low,12922,9,1,0,-0.1,315,0,0,1,0,0,1,0,0,0,1,2026-09-07,24,24
U00878,11,27,166.0,59.5,21.6,2026-06-08,30,31,29,28,28,30.0,29.2,1.17,4,3,Heavy,0,0,0,1,4,7.2,3,6,High,4813,1,0,0,0.9,49,0,0,1,0,0,0,0,0,0,0,2026-07-04,26,26
U00879,9,23,160.2,58.3,22.7,2026-05-16,26,28,23,26,25,25.67,25.6,1.62,4,5,Medium,0,1,0,4,7,8.1,7,6,High,12622,3,0,0,0.2,-437,0,0,0,0,0,0,0,0,0,1,2026-06-13,28,28
U00880,12,27,155.5,47.2,19.5,2026-01-08,30,30,30,32,29,30.0,30.2,0.98,6,3,Medium,0,0,0,10,5,5.0,1,4,High,6171,10,0,0,2.0,-373,0,0,0,0,0,0,0,0,0,1,2026-02-07,30,30
U00881,9,27,156.1,60.9,25.0,2026-08-22,31,32,35,31,29,32.67,31.6,1.96,4,4,Medium,0,0,0,6,2,9.4,10,6,Low,5983,3,0,0,1.1,-98,0,0,1,0,0,0,0,0,0,0,2026-09-20,29,29
U00882,6,34,151.8,50.2,21.8,2026-04-29,30,30,28,28,28,29.33,28.8,0.98,6,5,Medium,0,0,0,7,5,6.8,4,0,Low,2871,3,0,1,0.6,-167,0,0,0,0,0,0,0,0,0,0,2026-05-27,28,28
U00883,8,30,166.1,54.4,19.7,2026-08-16,32,31,30,32,33,31.0,31.6,1.02,6,7,Medium,0,0,0,1,10,8.0,2,5,Low,12027,1,0,0,-0.8,297,0,1,1,0,1,0,0,1,0,0,2026-09-14,29,29
U00884,9,28,164.1,51.2,19.0,2026-08-02,31,31,30,32,29,30.67,30.6,1.02,7,4,Light,1,0,0,10,5,5.6,3,0,Moderate,10511,9,0,0,0.1,-124,0,0,0,0,0,0,0,0,0,0,2026-09-05,34,34
U00885,2,32,165.3,62.0,22.7,2026-07-21,28,29,25,27,28,27.33,27.4,1.36,6,5,Medium,0,0,0,7,3,8.3,4,5,Moderate,2093,10,0,1,-0.3,167,0,0,0,0,0,0,0,1,0,0,2026-08-20,30,30
U00886,6,36,158.4,43.2,17.2,2026-03-24,32,32,33,32,32,32.33,32.2,0.4,7,3,Heavy,0,0,0,9,6,8.8,7,1,Low,6783,6,0,0,-0.7,480,1,1,0,0,1,0,0,0,0,0,2026-04-30,37,37
U00887,12,20,149.8,59.7,26.6,2026-04-19,28,30,26,28,26,28.0,27.6,1.5,4,7,Light,0,0,1,7,9,7.6,8,5,Moderate,4778,10,0,0,-0.6,-287,0,0,0,1,0,0,0,1,0,0,2026-05-18,29,29
U00888,6,29,156.2,57.3,23.5,2026-01-11,26,24,32,28,23,27.33,26.6,3.2,3,5,Medium,0,0,1,7,6,7.3,1,0,High,10761,8,0,0,0.4,254,0,0,1,0,0,0,0,0,0,0,2026-02-03,23,23
U00889,8,35,161.7,62.0,23.7,2026-02-09,27,25,27,26,26,26.33,26.2,0.75,3,4,Medium,0,0,0,10,9,6.6,6,3,High,8764,7,0,0,1.1,27,0,0,1,0,0,0,0,1,0,0,2026-03-09,28,28
U00890,10,24,157.9,63.1,25.3,2026-04-09,33,31,31,32,32,31.67,31.8,0.75,4,4,Medium,0,0,0,3,2,6.4,1,2,Low,3031,10,1,0,-0.5,-104,0,0,1,0,0,0,0,0,1,0,2026-05-14,35,35
U00891,7,37,153.8,56.5,23.9,2026-02-11,30,29,27,31,28,28.67,29.0,1.41,7,5,Medium,0,0,0,3,1,5.9,10,2,High,10681,7,0,0,1.0,421,0,0,0,0,0,0,0,0,0,0,2026-03-13,30,30
U00892,4,22,150.7,58.4,25.7,2026-05-06,28,28,25,29,31,27.0,28.2,1.94,7,7,Medium,0,0,0,10,4,7.0,8,2,High,8193,1,0,0,-1.2,-476,0,0,0,0,0,0,0,0,0,0,2026-06-05,30,30
U00893,5,18,164.7,63.5,23.4,2026-01-13,28,26,24,30,28,26.0,27.2,2.04,7,4,Heavy,0,0,0,9,7,8.4,1,2,Low,9714,2,0,0,-0.7,-454,0,0,0,0,0,0,0,0,0,1,2026-02-12,30,30
U00894,8,35,160.6,48.7,18.9,2026-04-12,36,38,35,36,39,36.33,36.8,1.47,5,6,Light,0,0,1,1,9,6.2,10,2,Low,10259,10,0,0,-0.4,419,0,0,0,1,1,0,0,0,0,0,2026-05-17,35,35
U00895,11,35,169.6,54.7,19.0,2026-03-22,31,32,31,31,32,31.33,31.4,0.49,7,7,Light,0,0,0,3,9,8.3,4,4,Moderate,3040,2,0,0,-0.1,-185,0,0,0,0,1,0,0,0,0,0,2026-04-23,32,32
U00896,5,23,171.4,69.6,23.7,2026-03-09,26,25,29,28,27,26.67,27.0,1.41,7,3,Light,0,1,0,5,7,6.4,7,0,Low,2462,9,0,0,1.5,-680,0,1,0,0,0,0,0,0,0,0,2026-04-04,26,26
U00897,4,40,170.5,67.2,23.1,2026-02-27,27,29,26,27,27,27.33,27.2,0.98,3,5,Medium,0,0,0,5,2,5.6,7,0,Moderate,11565,7,0,0,-0.4,-355,0,0,0,0,0,0,1,0,0,1,2026-03-25,26,26
U00898,5,32,154.1,62.2,26.2,2026-04-13,27,28,25,29,25,26.67,26.8,1.6,4,3,Medium,0,0,0,3,9,7.6,6,2,Low,6189,5,0,0,0.3,-356,0,1,1,0,0,0,0,0,0,0,2026-05-09,26,26
U00899,2,18,150.8,53.2,23.4,2026-06-20,31,33,32,30,29,32.0,31.0,1.41,5,6,Medium,0,0,0,3,3,6.6,8,6,Low,10568,7,0,0,0.1,429,1,0,0,0,0,0,0,0,1,0,2026-07-23,33,33
U00900,4,31,156.8,59.0,24.0,2026-08-17,31,29,30,35,30,30.0,31.0,2.1,4,7,Light,0,0,0,3,1,6.7,2,0,Moderate,6356,6,0,0,0.7,-601,0,0,0,0,0,1,0,0,0,0,2026-09-18,32,32
U00901,11,26,171.2,63.0,21.5,2026-02-05,27,30,30,26,27,29.0,28.0,1.67,7,3,Medium,0,0,0,9,8,6.6,5,1,Moderate,7898,5,0,0,-0.7,-160,0,0,0,0,0,0,1,0,0,0,2026-03-03,26,26
U00902,9,40,167.5,72.7,25.9,2026-08-16,30,31,29,29,32,30.0,30.2,1.17,5,7,Light,0,0,0,5,7,5.3,1,5,High,13882,5,0,0,1.1,15,0,0,0,0,0,0,0,0,0,0,2026-09-18,33,33
U00903,6,24,164.0,64.6,24.0,2026-03-02,26,27,23,25,26,25.33,25.4,1.36,3,5,Medium,0,0,0,4,8,6.5,5,2,Moderate,4508,8,0,0,0.7,-352,0,0,1,0,0,0,0,0,0,0,2026-03-26,24,24
U00904,12,20,156.9,53.9,21.9,2026-06-09,28,27,28,27,28,27.67,27.6,0.49,5,3,Medium,1,0,0,4,3,8.6,10,1,Moderate,2544,8,1,1,-0.1,373,0,0,0,0,0,0,0,1,0,0,2026-07-07,28,28
U00905,7,38,165.9,55.3,20.1,2026-05-01,27,27,28,27,27,27.33,27.2,0.4,6,3,Light,1,0,0,5,5,8.8,3,5,Moderate,3564,9,0,0,-1.4,-171,0,0,0,0,0,0,0,1,0,0,2026-05-26,25,25
U00906,7,22,160.6,57.0,22.1,2026-07-28,29,30,27,29,28,28.67,28.6,1.02,4,6,Heavy,0,0,0,2,2,5.5,10,5,Moderate,13173,7,0,0,1.8,460,0,1,0,0,0,0,0,0,0,1,2026-08-29,32,32
U00907,5,25,171.2,77.7,26.5,2026-03-07,29,28,31,28,24,29.33,28.0,2.28,7,4,Light,0,0,0,3,9,6.1,5,4,Moderate,12764,10,0,0,1.9,-382,0,0,0,0,0,0,0,0,0,0,2026-04-07,31,31
U00908,6,33,153.4,50.4,21.4,2026-05-31,25,23,26,24,27,24.67,25.0,1.41,4,7,Light,0,0,0,2,9,6.5,3,5,Moderate,9983,4,0,0,0.2,6,0,0,0,0,0,0,0,0,0,0,2026-06-23,23,23
U00909,10,25,156.8,54.8,22.3,2026-01-13,28,33,29,26,27,30.0,28.6,2.42,5,7,Heavy,0,0,0,9,7,7.4,5,2,Low,10946,9,0,0,-0.8,142,0,0,0,0,0,0,0,0,0,0,2026-02-11,29,29
U00910,4,25,175.7,63.6,20.6,2026-03-29,31,27,30,33,30,29.33,30.2,1.94,5,5,Light,1,0,0,2,3,6.5,4,5,Low,7536,8,1,1,-0.4,227,0,0,1,0,0,0,0,0,0,0,2026-04-30,32,32
U00911,2,29,160.2,67.0,26.1,2026-03-22,32,34,32,33,32,32.67,32.6,0.8,4,7,Medium,0,0,0,7,3,7.4,6,5,Low,5440,7,0,0,-0.7,444,1,1,1,0,0,0,0,0,0,0,2026-04-18,27,27
U00912,3,20,164.8,58.1,21.4,2026-07-16,28,29,31,29,27,29.33,28.8,1.33,5,6,Light,1,0,0,9,10,5.7,1,5,High,6348,7,0,0,0.3,293,0,0,0,0,0,0,0,0,0,0,2026-08-13,28,28
U00913,11,30,155.7,52.6,21.7,2026-03-09,26,26,26,25,27,26.0,26.0,0.63,3,6,Heavy,0,0,0,4,6,7.8,6,3,Low,8048,6,0,0,-2.0,-296,0,0,0,0,0,0,0,1,0,0,2026-04-05,27,27
U00914,12,38,162.8,76.6,28.9,2026-04-24,28,29,29,29,29,28.67,28.8,0.4,6,7,Heavy,0,0,1,9,6,7.4,6,6,Moderate,5733,9,0,0,-0.6,323,1,0,0,1,0,1,0,0,0,0,2026-05-22,28,28
U00915,2,40,159.5,57.2,22.5,2026-01-29,26,26,29,24,25,27.0,26.0,1.67,3,5,Medium,1,0,0,2,2,8.1,1,0,Moderate,5820,7,0,0,-0.5,437,0,0,0,0,0,0,0,0,0,0,2026-02-24,26,26
U00916,2,34,152.8,55.8,23.9,2026-08-08,33,34,33,32,32,33.33,32.8,0.75,5,4,Light,0,1,1,9,5,7.3,9,0,Moderate,4883,8,0,0,-0.2,282,0,0,0,1,0,0,0,0,0,0,2026-09-11,34,34
U00917,12,31,173.7,64.0,21.2,2026-07-27,25,27,25,29,22,25.67,25.6,2.33,3,7,Heavy,0,0,0,5,1,5.9,8,5,Moderate,8142,1,0,0,-1.5,-352,0,0,0,0,0,0,0,0,0,0,2026-08-19,23,23
U00918,5,23,148.8,64.0,28.9,2026-07-18,32,32,31,30,33,31.67,31.6,1.02,6,5,Heavy,0,1,0,10,5,6.9,5,2,Low,2749,7,0,0,0.2,-676,0,1,0,0,0,0,0,1,0,0,2026-08-18,31,31
U00919,11,38,163.1,56.7,21.3,2026-02-04,27,26,28,24,28,27.0,26.6,1.5,7,5,Medium,0,0,0,3,1,6.2,10,4,Moderate,10605,3,0,0,-2.5,402,0,0,1,0,0,0,0,0,0,0,2026-02-28,24,24
U00920,2,20,152.7,60.4,25.9,2026-06-21,25,27,27,23,26,26.33,25.6,1.5,3,5,Medium,0,0,0,4,1,7.3,9,2,Low,12091,7,0,0,-1.0,451,0,0,0,0,0,0,0,0,0,0,2026-07-16,25,25
U00921,4,34,158.0,58.2,23.3,2026-07-07,23,25,21,25,27,23.0,24.2,2.04,4,6,Light,0,0,0,6,4,7.8,8,1,High,9801,8,0,0,1.5,-656,0,0,0,0,0,0,0,0,0,0,2026-07-28,21,21
U00922,3,37,162.4,58.5,22.2,2026-01-24,30,31,28,28,29,29.67,29.2,1.17,5,4,Light,0,0,0,1,3,6.7,9,2,Moderate,13346,3,0,1,0.0,-592,0,1,1,0,0,0,0,1,0,0,2026-02-22,29,29
U00923,7,28,155.8,67.5,27.8,2026-05-23,31,29,34,31,31,31.33,31.2,1.6,5,3,Heavy,1,0,0,6,7,7.4,5,4,Low,2028,3,0,1,-0.5,-357,0,0,0,0,0,0,0,0,0,0,2026-06-21,29,29
U00924,12,31,158.1,68.0,27.2,2026-04-08,25,24,27,24,25,25.33,25.0,1.1,6,3,Heavy,0,0,0,1,3,7.0,6,4,Moderate,10521,7,1,0,-0.2,371,0,0,0,0,0,0,0,0,0,0,2026-05-03,25,25
U00925,6,36,157.8,45.3,18.2,2026-05-24,32,32,29,32,32,31.0,31.4,1.2,6,3,Heavy,0,0,0,6,7,4.4,5,4,Moderate,6735,3,0,0,0.8,-322,0,0,1,0,0,0,0,1,0,0,2026-06-26,33,33
U00926,9,39,165.9,55.9,20.3,2026-01-02,34,35,33,33,32,34.0,33.4,1.02,7,5,Medium,1,0,0,2,10,6.7,5,0,Moderate,6509,9,0,0,-2.6,301,0,0,0,0,0,0,1,0,0,0,2026-02-04,33,33
U00927,7,18,171.4,56.1,19.1,2026-05-27,25,27,25,25,24,25.67,25.2,0.98,5,7,Medium,0,0,0,2,3,6.1,3,0,Moderate,6092,3,0,0,0.3,-384,0,0,0,0,0,0,0,0,0,0,2026-06-19,23,23
U00928,8,29,159.7,61.0,23.9,2026-05-21,28,28,24,28,29,26.67,27.4,1.74,5,3,Heavy,0,0,0,2,2,7.7,1,7,Moderate,10198,9,1,0,0.4,414,0,1,0,0,0,0,0,0,0,0,2026-06-19,29,29
U00929,12,27,158.9,77.3,30.6,2026-02-11,27,30,26,29,28,27.67,28.0,1.41,6,6,Medium,0,0,1,7,1,6.8,10,2,Moderate,5088,9,0,0,-0.6,491,1,0,0,1,0,0,0,0,0,0,2026-03-12,29,29
U00930,7,23,160.2,63.4,24.7,2026-03-03,33,34,35,34,33,34.0,33.8,0.75,7,3,Medium,0,0,0,9,2,7.5,7,7,Moderate,4605,7,0,0,0.2,-519,0,1,0,0,0,0,0,0,0,0,2026-04-04,32,32
U00931,9,37,162.8,53.8,20.3,2026-08-14,30,30,30,32,32,30.0,30.8,0.98,5,5,Light,0,0,0,1,5,8.7,6,6,Low,13933,8,0,1,1.0,-658,0,1,0,0,1,0,0,1,0,0,2026-09-12,29,29
U00932,12,21,157.3,47.3,19.1,2026-06-27,30,31,27,30,30,29.33,29.6,1.36,6,7,Light,0,0,0,9,9,6.1,8,6,Moderate,6406,4,0,0,-1.2,-689,0,0,0,0,0,0,0,1,0,0,2026-07-27,30,30
U00933,3,25,162.6,56.3,21.3,2026-03-20,28,30,28,32,31,28.67,29.8,1.6,7,6,Medium,0,0,0,4,10,7.3,7,6,Moderate,13282,3,0,0,-0.3,-607,0,0,0,0,0,0,0,0,0,0,2026-04-17,28,28
U00934,7,27,145.0,43.3,20.6,2026-07-17,30,27,25,27,27,27.33,27.2,1.6,4,4,Medium,0,0,0,9,2,8.0,10,3,Low,3105,3,1,1,0.0,-167,0,0,0,0,0,0,1,0,0,0,2026-08-19,33,33
U00935,9,23,158.6,79.5,31.6,2026-08-13,28,29,29,26,28,28.67,28.0,1.1,4,5,Medium,0,0,1,8,9,6.9,6,3,High,5921,10,0,0,0.5,-410,0,0,0,1,0,0,0,0,0,0,2026-09-10,28,28
U00936,7,33,152.7,37.8,16.2,2026-02-04,32,37,33,31,30,34.0,32.6,2.42,4,5,Heavy,0,0,0,3,3,8.0,1,6,Low,7879,7,0,0,-1.2,-348,1,0,1,0,0,0,0,0,0,0,2026-03-08,32,32
U00937,2,32,166.5,55.4,20.0,2026-05-17,26,25,27,29,26,26.0,26.6,1.36,6,6,Medium,1,0,0,9,10,6.4,5,0,Low,4909,4,0,0,1.5,-633,0,0,0,0,0,0,0,0,0,0,2026-06-15,29,29
U00938,4,18,162.6,60.3,22.8,2026-08-18,33,33,30,34,32,32.0,32.4,1.36,5,3,Light,0,0,0,9,9,5.9,2,6,Moderate,3558,8,0,0,2.1,44,0,0,0,0,0,0,0,0,1,0,2026-09-21,34,34
U00939,7,21,156.6,55.4,22.6,2026-04-19,24,25,25,24,21,24.67,23.8,1.47,3,5,Light,0,0,0,3,2,7.4,10,4,Moderate,3254,1,0,1,0.3,-496,0,0,0,0,0,1,0,1,0,0,2026-05-12,23,23
U00940,4,27,166.4,78.4,28.3,2026-04-18,36,36,37,32,38,36.33,35.8,2.04,6,5,Light,1,0,1,3,3,8.6,9,3,High,5526,7,0,0,0.6,-622,0,0,0,1,0,0,0,0,0,0,2026-05-22,34,34
U00941,6,38,147.3,51.6,23.8,2026-03-03,28,26,30,26,26,28.0,27.2,1.6,4,3,Medium,0,0,0,5,8,7.1,9,1,Moderate,4109,3,0,0,0.5,-144,1,0,0,0,0,0,0,1,0,0,2026-04-01,29,29
U00942,9,27,160.4,62.8,24.4,2026-04-25,31,32,33,32,32,32.0,32.0,0.63,7,3,Heavy,0,0,0,1,3,7.1,1,7,High,10391,8,0,0,-0.6,299,0,1,0,0,0,0,0,0,0,0,2026-05-26,31,31
U00943,2,27,154.2,44.7,18.8,2026-05-24,29,33,29,32,28,30.33,30.2,1.94,4,5,Medium,0,0,0,4,2,5.7,4,1,Moderate,11399,8,0,0,-0.1,-253,0,0,0,0,0,0,0,0,0,0,2026-06-22,29,29
U00944,12,33,171.9,76.2,25.8,2026-02-22,33,32,35,34,35,33.33,33.8,1.17,6,5,Heavy,0,0,0,5,9,9.0,8,2,Moderate,12303,6,0,0,-0.2,423,0,1,0,0,0,0,0,0,0,0,2026-03-25,31,31
U00945,2,36,165.9,66.6,24.2,2026-03-29,27,26,27,26,27,26.67,26.6,0.49,3,5,Medium,0,0,0,9,6,7.9,9,7,High,3899,4,0,0,1.7,-333,1,0,0,0,0,0,0,0,0,0,2026-04-24,26,26
U00946,12,22,155.5,64.6,26.7,2026-03-11,26,29,29,26,25,28.0,27.0,1.67,6,3,Heavy,0,0,0,1,7,8.0,1,6,High,10923,6,0,0,-1.0,-88,0,0,0,0,0,1,0,0,0,0,2026-04-05,25,25
U00947,5,33,164.4,73.5,27.2,2026-02-11,29,26,32,28,29,29.0,28.8,1.94,6,5,Light,0,0,0,8,1,8.9,4,4,Moderate,5996,10,0,0,-0.1,187,0,1,0,0,0,0,0,0,0,0,2026-03-11,28,28
U00948,6,38,153.2,60.3,25.7,2026-03-12,34,35,34,34,36,34.33,34.6,0.8,5,6,Medium,0,0,1,7,10,5.0,2,0,Moderate,12899,1,0,0,0.3,-594,1,1,0,1,0,0,1,1,0,0,2026-04-14,33,33
U00949,9,38,154.3,56.9,23.9,2026-02-19,25,26,26,26,22,25.67,25.0,1.55,3,7,Heavy,0,0,0,2,8,7.1,3,2,Moderate,13804,4,0,0,-0.4,-363,0,0,0,0,0,0,0,0,0,0,2026-03-16,25,25
U00950,12,25,171.5,58.5,19.9,2026-03-07,29,33,29,29,27,30.33,29.4,1.96,7,4,Light,0,0,0,2,10,6.1,10,1,Moderate,13204,10,0,1,2.3,-377,1,0,0,0,0,1,0,0,0,0,2026-04-01,25,25
U00951,12,35,156.5,61.0,24.9,2026-06-17,29,27,26,28,29,27.33,27.8,1.17,3,7,Medium,0,0,0,1,1,7.6,4,7,Moderate,2124,1,0,0,-0.4,141,0,1,0,0,1,0,0,0,1,0,2026-07-14,27,27
U00952,4,37,156.6,49.5,20.2,2026-02-09,29,30,29,31,30,29.33,29.8,0.75,4,3,Medium,0,0,0,9,6,8.8,5,4,Low,3141,2,0,0,0.5,-652,0,0,0,0,0,0,0,0,0,0,2026-03-10,29,29
U00953,10,21,160.1,51.0,19.9,2026-06-30,27,30,30,28,27,29.0,28.4,1.36,3,3,Medium,0,1,0,6,7,8.7,4,6,High,4089,1,0,0,-0.8,-657,0,0,0,0,0,0,0,1,0,0,2026-07-27,27,27
U00954,5,37,149.6,38.7,17.3,2026-06-29,37,39,39,36,34,38.33,37.0,1.9,7,5,Heavy,0,0,1,10,2,6.3,5,7,Moderate,10841,10,0,0,-1.1,-44,0,0,0,1,0,0,0,0,0,0,2026-08-04,36,36
U00955,6,39,159.0,47.3,18.7,2026-06-07,29,28,29,26,28,28.67,28.0,1.1,7,5,Medium,0,0,0,6,7,7.2,1,0,Low,13586,1,0,0,0.8,359,0,1,1,0,0,0,0,0,0,0,2026-07-04,27,27
U00956,11,38,160.7,45.7,17.7,2026-04-26,30,31,30,30,30,30.33,30.2,0.4,6,3,Medium,0,0,0,7,10,7.2,9,1,Moderate,5170,9,0,0,-1.7,-417,0,1,0,0,0,0,0,0,0,0,2026-05-23,27,27
U00957,5,38,166.2,58.3,21.1,2026-05-02,27,23,31,27,30,27.0,27.6,2.8,4,6,Medium,0,0,0,8,10,7.1,3,1,Moderate,9125,2,0,0,-1.2,-337,0,0,0,0,0,0,1,0,0,0,2026-05-30,28,28
U00958,7,23,147.4,36.9,17.0,2026-03-19,28,26,28,26,29,27.33,27.4,1.2,6,3,Light,0,0,0,2,5,7.9,10,5,Moderate,7378,9,0,1,0.5,-131,0,0,0,0,0,0,0,0,0,0,2026-04-17,29,29
U00959,11,29,167.8,67.9,24.1,2026-01-10,34,34,29,33,32,32.33,32.4,1.85,6,3,Heavy,0,0,0,10,8,7.2,1,2,Moderate,9423,1,0,1,-0.2,-92,1,1,1,0,0,0,0,0,0,0,2026-02-13,34,34
U00960,11,37,162.1,70.7,26.9,2026-03-31,28,27,29,28,27,28.0,27.8,0.75,5,3,Light,0,0,0,3,3,7.7,4,7,Moderate,11044,9,0,0,0.2,-75,0,0,1,0,0,0,0,0,0,0,2026-05-01,31,31
U00961,4,20,166.1,59.0,21.4,2026-02-03,26,24,27,23,26,25.67,25.2,1.47,5,5,Heavy,0,0,0,2,4,6.1,3,0,High,8963,2,0,1,0.3,-144,0,0,0,0,0,0,0,0,0,0,2026-02-25,22,22
U00962,2,23,175.8,65.8,21.3,2026-02-07,25,23,27,27,26,25.0,25.6,1.5,4,7,Light,0,0,0,7,9,6.4,4,6,Low,4928,4,0,0,0.2,369,0,1,0,0,1,0,0,0,0,0,2026-03-05,26,26
U00963,10,22,155.9,65.4,26.9,2026-05-24,32,34,29,32,36,31.67,32.6,2.33,5,6,Medium,0,0,0,3,6,7.4,5,7,Moderate,9148,5,0,0,-0.4,-62,0,0,0,0,1,1,0,0,0,0,2026-06-26,33,33
U00964,8,27,171.7,60.4,20.5,2026-02-20,28,31,29,29,27,29.33,28.8,1.33,6,5,Heavy,0,0,0,5,9,8.0,1,4,Moderate,7000,8,0,1,1.8,19,0,1,0,0,0,0,0,1,0,0,2026-03-22,30,30
U00965,12,20,162.3,45.0,17.1,2026-07-27,32,30,32,31,31,31.33,31.2,0.75,4,4,Light,0,0,1,9,6,6.7,6,2,Low,10206,2,0,1,-0.6,-506,0,0,0,1,0,0,0,1,0,0,2026-08-30,34,34
U00966,12,22,167.0,69.4,24.9,2026-03-17,29,26,30,32,32,28.33,29.8,2.23,6,5,Light,0,0,1,9,10,7.0,6,7,High,2315,3,0,0,-0.7,-478,1,0,0,1,0,0,0,0,0,0,2026-04-14,28,28
U00967,8,40,158.5,47.0,18.7,2026-08-15,25,22,26,23,23,24.33,23.8,1.47,5,5,Medium,0,0,0,5,10,8.5,3,6,Moderate,9669,3,0,0,2.4,-408,0,0,0,0,0,0,0,0,0,0,2026-09-09,25,25
U00968,11,29,150.9,44.9,19.7,2026-02-05,27,26,27,29,27,26.67,27.2,0.98,7,4,Heavy,0,0,0,2,9,8.0,5,2,Low,11482,3,0,0,-0.3,-99,0,0,0,0,0,0,0,1,0,1,2026-03-04,27,27
U00969,3,36,169.1,70.3,24.6,2026-01-31,30,31,30,28,30,30.33,29.8,0.98,7,7,Light,0,0,0,2,6,8.6,8,7,High,6732,5,0,1,-0.8,452,0,1,0,0,0,0,0,0,0,0,2026-03-01,29,29
U00970,11,19,162.5,72.9,27.6,2026-07-24,34,34,33,34,37,33.67,34.4,1.36,7,7,Medium,0,0,1,4,1,7.5,2,0,Moderate,13716,4,0,0,-0.7,-242,0,0,1,1,0,0,0,1,0,0,2026-08-28,35,35
U00971,9,19,170.7,66.7,22.9,2026-06-21,27,26,25,24,27,26.0,25.8,1.17,7,4,Light,0,0,0,2,10,6.9,8,6,Moderate,9590,8,0,0,1.3,-288,0,0,0,0,0,0,1,0,0,0,2026-07-14,23,23
U00972,4,40,164.2,64.2,23.8,2026-02-15,34,36,34,33,36,34.67,34.6,1.2,3,4,Heavy,0,0,1,1,2,7.3,8,4,Moderate,11233,1,0,0,-0.2,-228,0,1,0,1,0,0,0,0,0,0,2026-03-17,30,30
U00973,7,40,169.7,63.9,22.2,2026-07-20,26,26,23,28,25,25.0,25.6,1.62,4,6,Light,0,0,0,5,4,8.2,7,5,Low,13562,4,0,0,0.8,-412,0,0,0,0,0,0,0,0,0,0,2026-08-15,26,26
U00974,2,18,175.0,63.4,20.7,2026-05-09,23,23,24,22,23,23.33,23.0,0.63,6,3,Heavy,1,0,0,6,3,7.1,6,6,Moderate,11977,4,0,0,-0.2,-105,0,0,0,0,0,0,0,0,0,0,2026-06-03,25,25
U00975,2,23,161.1,54.2,20.9,2026-06-23,29,29,30,29,31,29.33,29.6,0.8,5,5,Medium,0,0,0,1,4,7.0,9,5,Low,4027,4,0,0,-0.7,-168,0,0,0,0,0,0,1,1,0,0,2026-07-23,30,30
U00976,9,29,172.2,64.9,21.9,2026-03-26,24,22,24,23,24,23.33,23.4,0.8,7,5,Medium,0,0,0,3,2,7.9,6,7,High,12746,1,0,0,0.2,-108,0,0,1,0,0,0,0,1,0,0,2026-04-19,24,24
U00977,3,32,159.6,69.3,27.2,2026-01-08,33,35,30,32,36,32.67,33.2,2.14,5,6,Heavy,0,0,0,4,2,5.8,8,1,High,11190,5,0,0,-0.3,-98,0,0,0,0,0,0,0,0,0,0,2026-02-09,32,32
U00978,3,37,170.7,59.2,20.3,2026-06-19,30,26,29,30,33,28.33,29.6,2.24,5,6,Medium,0,0,0,5,7,5.8,1,6,Moderate,9696,10,0,0,1.2,-579,0,0,0,0,0,0,0,1,0,0,2026-07-20,31,31
U00979,11,18,154.6,43.0,18.0,2026-03-01,27,25,26,27,26,26.0,26.2,0.75,6,4,Medium,0,0,0,3,6,8.6,9,7,Moderate,7941,6,0,0,-1.1,-287,0,0,0,0,0,0,0,1,0,0,2026-03-28,27,27
U00980,9,21,159.1,60.2,23.8,2026-03-19,28,27,25,30,31,26.67,28.2,2.14,7,7,Medium,0,0,1,7,5,8.3,5,1,Moderate,6036,8,0,0,-0.5,-361,0,0,1,1,0,0,0,0,0,0,2026-04-14,26,26
U00981,2,18,157.0,55.0,22.3,2026-04-04,26,27,27,24,27,26.67,26.2,1.17,3,5,Heavy,0,0,0,8,10,8.9,3,6,Low,2080,7,0,1,1.1,-100,0,1,0,0,0,0,0,0,0,0,2026-04-30,26,26
U00982,10,31,170.3,81.5,28.1,2026-02-03,28,27,26,28,31,27.0,28.0,1.67,7,6,Medium,0,0,0,6,2,8.4,10,6,Low,5853,3,0,0,-1.7,-489,0,0,1,0,0,0,0,0,0,0,2026-03-06,31,31
U00983,6,30,156.4,50.4,20.6,2026-02-25,30,31,31,28,33,30.67,30.6,1.62,3,7,Medium,0,0,0,1,6,7.2,2,3,Moderate,6716,4,0,0,0.5,262,0,1,0,0,0,0,0,0,0,0,2026-03-23,26,26
U00984,8,30,158.6,54.8,21.8,2026-08-07,28,30,26,29,29,28.0,28.4,1.36,3,6,Light,0,0,0,5,2,6.0,2,7,High,13687,7,0,1,-0.6,301,0,0,0,0,0,0,0,0,0,0,2026-09-05,29,29
U00985,11,22,164.8,63.3,23.3,2026-07-22,30,32,29,28,30,30.33,29.8,1.33,5,3,Light,0,0,0,1,3,7.6,6,5,Moderate,6015,7,0,0,0.1,-373,0,0,0,0,0,0,0,0,0,0,2026-08-20,29,29
U00986,7,35,156.7,60.7,24.7,2026-06-08,30,26,31,29,30,29.0,29.2,1.72,4,4,Medium,0,0,0,1,7,5.6,9,5,High,7093,10,0,0,0.1,40,0,0,0,0,0,0,0,0,0,0,2026-07-08,30,30
U00987,9,39,157.0,54.2,22.0,2026-05-06,30,29,29,29,31,29.33,29.6,0.8,5,4,Light,0,0,0,3,4,5.8,2,2,Moderate,10147,8,0,1,0.5,-689,1,0,0,0,1,0,0,0,0,0,2026-06-02,27,27
U00988,8,34,164.2,58.0,21.5,2026-02-09,31,32,31,34,31,31.33,31.8,1.17,5,6,Medium,0,0,0,7,3,7.7,2,3,High,9080,9,1,1,0.4,346,0,0,0,0,0,0,0,1,0,0,2026-03-10,29,29
U00989,12,40,162.6,59.5,22.5,2026-06-02,28,28,26,26,28,27.33,27.2,0.98,7,7,Light,0,0,0,6,9,8.8,1,6,Moderate,4983,2,0,0,-1.2,-336,0,1,0,0,0,0,0,0,0,0,2026-07-02,30,30
U00990,11,36,157.6,55.6,22.4,2026-03-06,30,30,31,29,28,30.33,29.6,1.02,4,6,Heavy,0,1,0,1,7,5.4,6,6,Moderate,13023,1,0,0,1.4,234,0,0,0,0,0,0,0,0,0,0,2026-04-04,29,29
U00991,5,19,163.5,44.6,16.7,2026-01-21,23,23,23,21,23,23.0,22.6,0.8,3,5,Light,0,0,0,6,10,7.7,7,6,Moderate,4043,10,0,1,-0.1,-156,0,0,0,0,0,0,0,0,0,0,2026-02-12,22,22
U00992,10,36,158.6,66.7,26.5,2026-01-17,31,29,32,29,27,30.67,29.6,1.74,6,4,Medium,0,0,0,6,8,7.3,7,1,Low,2927,1,0,0,-0.5,1,0,1,0,0,1,0,0,0,0,0,2026-02-17,31,31
U00993,11,32,155.9,44.7,18.4,2026-05-20,29,32,30,27,29,30.33,29.4,1.62,7,6,Light,0,0,0,6,4,6.5,10,2,High,5095,2,1,1,-0.3,256,0,0,0,0,0,0,0,1,0,1,2026-06-18,29,29
U00994,7,31,165.6,71.6,26.1,2026-02-03,30,33,30,32,30,31.0,31.0,1.26,4,6,Medium,0,0,0,2,10,6.8,3,4,Moderate,10911,2,1,1,-0.1,233,0,0,0,0,1,0,0,1,0,0,2026-03-04,29,29
U00995,10,22,155.1,55.1,22.9,2026-04-19,33,34,32,33,37,33.0,33.8,1.72,3,3,Medium,0,0,0,1,1,6.1,1,1,High,4085,5,0,0,-0.5,-609,0,0,0,0,0,0,0,0,0,0,2026-05-21,32,32
U00996,2,26,146.2,52.8,24.7,2026-07-31,29,30,28,29,30,29.0,29.2,0.75,5,5,Medium,0,0,0,3,1,8.2,5,2,Low,13980,2,0,1,-1.8,477,1,0,0,0,0,0,0,0,0,0,2026-08-28,28,28
U00997,2,26,156.8,49.7,20.2,2026-05-15,27,25,25,25,29,25.67,26.2,1.6,6,4,Medium,0,0,1,9,10,8.1,10,5,Low,9654,5,0,0,-0.3,-531,0,0,0,1,0,0,0,0,0,0,2026-06-11,27,27
U00998,4,20,160.4,54.3,21.1,2026-06-14,24,23,23,26,23,23.33,23.8,1.17,4,6,Heavy,0,0,1,2,1,8.7,7,2,High,3790,6,1,0,1.0,123,0,0,0,1,0,0,0,0,0,0,2026-07-07,23,23
U00999,11,25,162.5,64.7,24.5,2026-08-14,28,27,28,27,28,27.67,27.6,0.49,5,3,Heavy,1,0,0,7,9,8.5,6,6,Low,3751,3,0,0,0.0,359,0,0,0,0,0,0,0,0,0,0,2026-09-12,29,29
U01000,3,21,150.6,62.1,27.4,2026-05-11,28,26,30,26,29,28.0,27.8,1.6,6,6,Heavy,0,0,0,10,1,10.0,6,4,Low,4836,6,0,0,1.2,-227,0,0,0,0,0,0,0,1,0,0,2026-06-07,27,27
U01001,2,28,145.0,33.6,16.0,2026-07-14,28,29,28,24,29,28.33,27.6,1.85,6,3,Heavy,0,0,0,6,8,4.6,5,4,High,8236,6,0,0,1.5,315,0,0,0,0,0,0,0,0,0,0,2026-08-12,29,29
U01002,12,38,145.4,36.8,17.4,2026-05-23,34,38,33,35,35,35.0,35.0,1.67,6,4,Light,0,0,0,7,8,4.8,8,0,High,3641,2,0,0,-0.2,-649,0,0,0,0,0,0,0,0,0,0,2026-06-26,34,34
U01003,4,35,160.2,59.0,23.0,2026-05-20,31,30,30,32,31,30.33,30.8,0.75,4,5,Heavy,0,0,1,10,4,6.8,7,2,Moderate,12978,10,0,0,0.0,-587,1,1,0,1,0,0,0,0,0,0,2026-06-22,33,33
U01004,5,24,165.7,65.6,23.9,2026-08-06,29,30,31,29,26,30.0,29.0,1.67,7,3,Heavy,0,0,0,9,8,6.3,2,5,Moderate,8233,9,0,1,-0.9,301,0,0,0,0,0,0,0,0,0,0,2026-09-05,30,30
U01005,12,31,145.7,57.1,26.9,2026-05-19,34,33,35,35,33,34.0,34.0,0.89,3,4,Heavy,0,0,0,2,8,6.4,8,1,Low,3631,8,0,0,-1.3,-12,0,0,1,0,0,0,1,0,0,0,2026-06-21,33,33
U01006,9,38,166.8,59.8,21.5,2026-03-08,28,30,30,29,32,29.33,29.8,1.33,7,7,Light,1,0,0,8,8,7.1,9,5,Low,11458,1,1,0,0.9,-268,0,0,1,0,0,0,0,1,0,1,2026-04-03,26,26
U01007,3,39,158.4,49.2,19.6,2026-04-29,30,30,28,30,31,29.33,29.8,0.98,4,6,Light,0,0,0,7,6,7.1,9,3,Moderate,5716,2,0,0,-0.8,456,0,0,0,0,0,0,0,1,0,0,2026-05-29,30,30
U01008,7,25,158.8,60.0,23.8,2026-08-16,31,30,29,29,30,30.0,29.8,0.75,7,4,Heavy,0,0,0,8,2,7.4,8,2,Low,11361,4,0,0,1.4,-694,0,0,0,0,0,0,0,1,0,0,2026-09-18,33,33
U01009,2,25,148.3,49.7,22.6,2026-04-06,32,35,29,33,31,32.0,32.0,2.0,3,5,Heavy,0,0,1,7,10,7.3,1,0,Low,7039,3,0,0,-0.3,-532,1,0,1,1,0,0,0,1,0,0,2026-05-06,30,30
U01010,3,19,166.0,74.7,27.1,2026-05-27,28,27,29,30,25,28.0,27.8,1.72,4,7,Light,1,0,0,5,6,5.5,2,0,Moderate,5101,7,0,0,0.6,-307,0,0,0,0,0,0,0,0,0,0,2026-06-23,27,27
U01011,10,35,152.2,55.6,24.0,2026-08-17,29,28,29,28,32,28.67,29.2,1.47,3,3,Heavy,0,0,0,8,1,6.2,7,4,Moderate,8826,9,0,0,-0.7,-229,0,0,0,0,0,0,0,0,0,0,2026-09-16,30,30
U01012,4,24,161.1,54.2,20.9,2026-08-16,35,38,36,37,35,36.33,36.2,1.17,7,3,Medium,1,0,1,10,7,6.6,10,1,Moderate,8856,9,0,1,-1.2,451,0,0,0,1,0,0,0,0,1,0,2026-09-22,37,37
U01013,3,26,166.3,61.7,22.3,2026-07-26,25,22,26,26,22,24.33,24.2,1.83,4,6,Light,0,0,0,5,6,9.3,7,6,Low,2458,10,0,0,0.9,-443,0,0,0,0,0,0,0,0,0,1,2026-08-19,24,24
U01014,6,26,161.7,75.3,28.8,2026-02-18,27,28,28,28,28,27.67,27.8,0.4,6,7,Medium,0,0,0,2,9,6.4,8,7,Moderate,6601,6,1,0,1.0,266,0,0,0,0,0,0,0,0,0,0,2026-03-16,26,26
U01015,3,20,164.2,63.9,23.7,2026-07-02,28,29,30,29,28,29.0,28.8,0.75,5,6,Medium,0,0,1,2,10,8.1,8,0,Moderate,5046,1,0,0,0.8,443,0,0,0,1,0,0,0,1,0,0,2026-07-31,29,29
U01016,7,20,171.6,61.8,21.0,2026-03-03,28,26,28,26,29,27.33,27.4,1.2,4,5,Medium,1,0,0,8,9,7.5,1,1,Moderate,6964,2,0,0,0.3,-539,1,0,0,0,0,0,0,0,0,1,2026-04-02,30,30
U01017,11,31,149.7,53.3,23.8,2026-04-23,30,32,30,30,29,30.67,30.2,0.98,3,4,Medium,0,0,0,8,4,5.9,8,2,Moderate,8490,4,0,1,0.7,-324,0,0,0,0,0,0,0,0,0,0,2026-05-24,31,31
U01018,12,27,155.3,64.6,26.8,2026-01-31,33,35,32,34,33,33.33,33.4,1.02,4,5,Light,0,0,0,2,9,5.5,7,5,Moderate,2469,1,0,0,0.6,257,0,1,0,0,0,0,0,0,0,0,2026-03-04,32,32
U01019,11,25,167.1,81.0,29.0,2026-07-20,31,31,33,35,29,31.67,31.8,2.04,4,5,Heavy,0,0,0,2,7,5.1,1,7,Moderate,2129,9,0,0,0.1,161,0,0,1,0,0,0,0,0,0,1,2026-08-22,33,33
U01020,12,36,145.7,54.1,25.5,2026-01-05,31,31,30,34,28,30.67,30.8,1.94,6,7,Medium,0,0,0,8,2,7.8,4,4,Moderate,9801,10,0,0,-1.1,380,1,0,1,0,1,0,0,0,0,0,2026-02-06,32,32
U01021,4,22,159.6,53.7,21.1,2026-01-05,29,28,30,29,30,29.0,29.2,0.75,7,3,Medium,0,0,0,10,3,6.2,2,5,Moderate,12243,3,0,1,-0.1,112,0,0,0,0,0,0,0,0,0,0,2026-02-09,35,35
U01022,6,27,152.5,51.4,22.1,2026-07-10,33,31,31,32,34,31.67,32.2,1.17,7,5,Medium,0,0,1,2,10,8.3,3,0,Low,9452,9,0,0,0.2,-276,0,0,0,1,0,0,0,0,0,0,2026-08-09,30,30
U01023,6,25,157.5,49.4,19.9,2026-06-04,28,28,28,26,28,28.0,27.6,0.8,7,5,Light,0,0,0,4,9,7.7,4,2,Moderate,9179,2,0,0,-0.5,-104,0,0,0,0,0,0,0,1,0,1,2026-07-02,28,28
U01024,7,29,164.7,71.1,26.2,2026-03-15,29,30,30,30,27,29.67,29.2,1.17,7,3,Heavy,0,0,0,2,2,7.0,2,2,Moderate,7778,2,0,0,-2.3,-467,0,0,0,0,0,0,0,0,0,0,2026-04-14,30,30
U01025,2,21,159.1,40.5,16.0,2026-07-19,29,27,32,32,27,29.33,29.4,2.24,7,3,Light,0,0,0,7,9,7.8,9,0,Moderate,10243,1,0,1,-0.5,-278,0,0,0,0,0,0,0,0,0,0,2026-08-21,33,33
U01026,2,40,165.4,62.1,22.7,2026-05-27,27,28,25,24,22,26.67,25.2,2.14,4,3,Medium,0,0,0,8,10,8.9,4,3,Low,4074,6,0,0,-1.6,-631,0,0,0,0,0,0,0,0,0,0,2026-06-23,27,27
U01027,8,24,163.6,49.0,18.3,2026-05-02,33,33,33,34,33,33.0,33.2,0.4,4,5,Medium,0,0,0,1,5,6.9,10,5,High,6651,1,0,0,-0.9,-379,0,0,1,0,0,0,0,0,0,1,2026-06-03,32,32
U01028,11,22,165.2,59.5,21.8,2026-06-28,30,30,30,30,32,30.0,30.4,0.8,4,3,Medium,1,0,0,6,7,8.8,8,6,High,5210,10,0,0,0.7,-400,0,0,0,0,0,0,0,0,0,0,2026-07-27,29,29
U01029,4,34,159.3,40.6,16.0,2026-04-20,30,25,32,30,30,29.0,29.4,2.33,6,4,Light,1,0,0,4,1,7.3,1,1,High,4672,3,0,0,1.0,300,0,0,0,0,0,0,0,1,0,0,2026-05-21,31,31
U01030,6,30,159.6,60.6,23.8,2026-03-12,28,28,27,25,23,27.67,26.2,1.94,6,3,Medium,0,0,0,7,8,7.8,5,1,Moderate,8757,5,0,0,0.8,-387,0,1,0,0,0,0,0,1,0,0,2026-04-09,28,28
U01031,6,35,164.3,61.5,22.8,2026-02-05,31,31,32,30,32,31.33,31.2,0.75,5,3,Light,0,0,0,9,8,7.7,10,7,Low,10935,4,0,0,0.8,-320,0,0,0,0,0,0,0,0,0,0,2026-03-08,31,31
U01032,8,40,146.7,44.8,20.8,2026-03-12,30,33,29,27,28,30.67,29.4,2.06,3,7,Light,0,0,0,9,9,6.6,8,5,Moderate,2144,4,0,0,-1.5,11,0,0,0,0,0,1,0,0,0,1,2026-04-12,31,31
U01033,7,34,152.8,37.8,16.2,2026-08-21,28,30,29,31,25,29.0,28.6,2.06,4,4,Medium,0,0,0,4,3,7.1,6,5,Moderate,13408,6,0,0,-1.3,-199,0,0,1,0,1,0,0,0,0,0,2026-09-17,27,27
U01034,3,29,157.5,58.0,23.4,2026-06-08,32,32,30,31,29,31.33,30.8,1.17,3,3,Heavy,0,0,0,1,1,7.7,9,2,Moderate,7927,10,1,1,-0.9,147,1,0,0,0,1,0,0,0,0,1,2026-07-09,31,31
U01035,5,25,169.1,66.9,23.4,2026-02-14,31,34,29,31,32,31.33,31.4,1.62,5,3,Light,0,0,0,8,10,6.9,9,5,High,6430,5,0,0,1.9,-583,0,1,0,0,0,0,0,0,0,0,2026-03-17,31,31
U01036,3,31,162.8,51.4,19.4,2026-02-18,26,27,28,26,25,27.0,26.4,1.02,6,5,Heavy,0,0,0,7,7,7.8,1,7,Low,3510,7,0,0,-1.3,388,0,0,0,0,0,0,0,0,0,0,2026-03-14,24,24
U01037,8,38,164.1,54.9,20.4,2026-01-23,30,28,29,29,30,29.0,29.2,0.75,4,3,Medium,0,1,0,6,4,6.9,6,1,Moderate,4848,8,0,0,-1.1,-482,0,0,1,0,1,0,0,0,0,0,2026-02-25,33,33
U01038,10,30,150.6,54.7,24.1,2026-04-26,29,28,30,33,28,29.0,29.6,1.85,7,5,Medium,0,0,0,5,7,8.8,8,3,Moderate,2708,10,0,0,-0.8,62,0,0,0,0,0,0,0,0,0,0,2026-05-24,28,28
U01039,12,30,164.1,47.4,17.6,2026-08-18,28,27,29,28,29,28.0,28.2,0.75,3,3,Light,0,0,0,9,8,6.9,1,7,Moderate,12974,10,0,0,-1.5,341,0,1,0,0,0,0,0,0,0,0,2026-09-11,24,24
U01040,7,20,162.6,58.4,22.1,2026-02-16,25,26,28,28,25,26.33,26.4,1.36,4,7,Heavy,0,0,0,3,9,8.3,4,0,Low,13540,2,0,0,-0.0,377,0,1,0,0,0,0,0,0,0,0,2026-03-12,24,24
U01041,4,28,171.5,69.7,23.7,2026-06-15,27,25,26,29,26,26.0,26.6,1.36,6,7,Medium,0,0,0,4,3,7.1,6,0,Low,9941,8,0,0,0.1,-459,0,0,1,0,0,0,0,0,0,0,2026-07-10,25,25
U01042,10,34,153.2,50.7,21.6,2026-01-26,32,35,31,29,33,32.67,32.0,2.0,6,3,Medium,0,0,0,1,9,6.7,1,2,Moderate,7685,4,0,1,0.1,44,0,0,0,0,0,0,1,0,0,0,2026-02-24,29,29
U01043,3,36,161.6,50.4,19.3,2026-03-09,29,30,34,28,27,31.0,29.6,2.42,3,5,Medium,1,0,0,3,3,6.6,1,6,Low,11933,10,0,0,0.2,11,0,0,0,0,0,0,0,0,0,0,2026-04-07,29,29
U01044,9,38,152.0,55.0,23.8,2026-05-01,29,29,30,30,29,29.33,29.4,0.49,7,6,Medium,0,0,0,9,9,6.5,10,2,Low,7556,5,0,0,2.0,232,0,0,0,0,0,0,0,0,0,1,2026-06-01,31,31
U01045,8,32,161.4,43.0,16.5,2026-02-20,33,35,30,31,34,32.67,32.6,1.85,4,6,Light,1,1,0,5,8,5.2,4,4,Moderate,12393,4,0,0,-1.5,-338,0,0,0,0,0,0,0,0,1,0,2026-03-27,35,35
U01046,8,39,158.1,49.7,19.9,2026-05-28,27,28,26,28,27,27.0,27.2,0.75,7,3,Medium,0,0,0,4,1,7.4,8,2,Moderate,10055,10,0,0,1.1,331,0,0,0,0,0,0,0,1,0,0,2026-06-25,28,28
U01047,5,19,168.9,61.3,21.5,2026-01-22,32,31,33,32,31,32.0,31.8,0.75,7,3,Medium,0,0,0,7,10,9.0,8,5,Moderate,8089,3,0,0,-1.5,-396,1,0,0,0,0,0,0,0,0,1,2026-02-23,32,32
U01048,9,31,154.1,39.4,16.6,2026-05-18,35,35,33,36,38,34.33,35.4,1.62,7,4,Medium,0,0,1,10,7,7.1,9,4,High,13175,7,0,1,0.3,-193,0,0,0,1,0,0,0,0,1,0,2026-06-22,35,35
U01049,10,23,160.1,54.9,21.4,2026-04-26,32,33,32,33,29,32.33,31.8,1.47,3,3,Medium,0,0,0,8,10,8.0,3,6,High,10071,1,0,0,0.4,-482,1,0,0,0,0,0,0,1,0,0,2026-05-29,33,33
U01050,8,26,163.1,66.0,24.8,2026-04-25,27,27,27,29,30,27.0,28.0,1.26,4,4,Light,0,0,0,8,5,6.3,6,2,Moderate,3591,2,0,0,0.6,207,1,0,0,0,0,0,1,0,0,0,2026-05-20,25,25
U01051,3,39,154.3,58.1,24.4,2026-01-31,33,33,30,33,34,32.0,32.6,1.36,4,4,Medium,1,1,0,5,2,6.5,8,1,Moderate,4508,2,0,0,-2.5,17,0,1,0,0,0,0,0,0,0,0,2026-03-05,33,33
U01052,3,33,151.6,64.1,27.9,2026-08-03,35,30,34,34,37,33.0,34.0,2.28,6,4,Light,0,0,1,4,2,4.9,7,7,Moderate,3836,4,0,0,0.6,-193,0,0,1,1,0,0,0,0,0,0,2026-09-10,38,38
U01053,5,28,162.2,42.1,16.0,2026-06-06,35,36,35,38,32,35.33,35.2,1.94,7,4,Light,0,0,0,9,4,4.7,10,7,Moderate,9399,1,0,0,0.5,-54,0,0,1,0,0,0,0,0,0,0,2026-07-15,39,39
U01054,5,39,151.5,48.2,21.0,2026-02-22,34,33,34,36,33,33.67,34.0,1.1,6,5,Medium,0,0,0,10,4,6.1,9,2,Low,6936,3,0,0,-2.4,-74,1,0,1,0,0,0,0,0,0,1,2026-03-28,34,34
U01055,3,27,146.2,45.5,21.3,2026-01-09,23,22,25,25,24,23.33,23.8,1.17,4,4,Medium,0,0,0,4,1,7.6,6,4,High,12153,1,0,0,-0.2,-234,0,0,0,0,0,0,0,0,0,0,2026-01-31,22,22
U01056,8,40,164.9,63.6,23.4,2026-03-02,28,29,30,28,30,29.0,29.0,0.89,4,6,Heavy,0,0,0,5,10,8.1,7,4,Low,10732,8,0,1,0.6,15,1,0,0,0,0,0,0,0,0,0,2026-03-29,27,27
U01057,5,24,161.7,48.4,18.5,2026-08-24,33,34,34,36,33,33.67,34.0,1.1,7,7,Heavy,0,0,0,2,7,7.2,10,0,High,3329,10,0,0,0.6,51,0,0,0,0,0,0,0,0,0,0,2026-09-25,32,32
U01058,10,24,155.7,60.1,24.8,2026-04-25,30,27,30,31,31,29.0,29.8,1.47,6,3,Heavy,0,0,0,1,2,8.7,6,3,High,5016,2,0,0,-2.1,5,0,0,0,0,0,0,0,1,0,0,2026-05-23,28,28
U01059,12,32,155.2,50.1,20.8,2026-07-16,30,27,31,30,32,29.33,30.0,1.67,3,3,Medium,0,0,1,1,3,6.8,5,1,Low,9242,10,0,0,2.3,-245,0,0,0,1,0,1,0,0,0,0,2026-08-13,28,28
U01060,6,39,161.0,46.4,17.9,2026-07-23,29,28,30,32,27,29.0,29.2,1.72,7,3,Medium,0,0,0,7,3,7.7,5,0,Moderate,7922,6,0,0,0.6,350,0,0,0,0,0,0,1,0,0,0,2026-08-24,32,32
U01061,3,19,148.5,45.0,20.4,2026-01-09,29,27,27,29,32,27.67,28.8,1.83,5,6,Heavy,0,0,0,1,1,6.7,5,2,Moderate,8869,1,0,0,0.3,-99,0,0,0,0,0,0,0,1,0,0,2026-02-09,31,31
U01062,4,34,156.7,64.6,26.3,2026-07-25,36,40,35,36,39,37.0,37.2,1.94,6,6,Medium,0,1,0,8,3,5.7,2,1,Moderate,3865,10,0,0,-0.4,110,0,0,0,0,0,0,1,0,0,1,2026-08-29,35,35
U01063,8,27,163.7,63.8,23.8,2026-08-03,31,30,31,30,32,30.67,30.8,0.75,4,5,Medium,1,0,0,8,1,8.1,3,3,Moderate,6270,4,0,0,1.7,208,0,0,1,0,0,0,0,0,0,0,2026-09-05,33,33
U01064,12,38,160.2,56.7,22.1,2026-04-18,22,20,24,25,22,22.0,22.6,1.74,4,4,Heavy,0,0,0,3,3,4.9,1,5,Low,7673,9,0,0,-1.2,-232,0,0,0,0,0,0,0,0,0,0,2026-05-12,24,24
U01065,2,35,166.4,52.9,19.1,2026-07-23,28,26,27,28,28,27.0,27.4,0.8,3,7,Heavy,0,0,0,7,6,6.1,2,6,Moderate,2887,5,0,0,1.4,273,0,0,0,0,0,0,0,0,0,0,2026-08-19,27,27
U01066,9,21,157.8,58.3,23.4,2026-06-10,35,34,38,35,37,35.67,35.8,1.47,5,4,Medium,0,0,1,1,8,7.7,3,0,Moderate,11314,10,0,0,-1.1,238,1,0,0,1,0,1,0,0,0,0,2026-07-14,34,34
U01067,7,33,157.0,58.9,23.9,2026-02-08,30,31,31,32,29,30.67,30.6,1.02,7,3,Medium,0,0,0,2,2,7.1,3,0,Moderate,13307,2,1,0,-0.3,385,1,1,0,0,0,0,0,1,0,0,2026-03-10,30,30
U01068,9,40,161.3,59.8,23.0,2026-03-30,29,30,30,32,29,29.67,30.0,1.1,4,5,Medium,0,0,0,5,6,7.9,9,7,Low,4875,10,0,0,-0.0,-649,0,0,0,0,0,0,1,0,0,0,2026-04-28,29,29
U01069,4,21,156.3,44.7,18.3,2026-03-11,34,36,35,37,34,35.0,35.2,1.17,7,7,Light,0,0,1,1,9,6.4,3,6,Moderate,7157,2,0,0,2.1,230,0,0,1,1,0,0,0,0,0,0,2026-04-12,32,32
U01070,2,35,152.6,49.1,21.1,2026-07-07,25,26,27,23,25,26.0,25.2,1.33,7,6,Heavy,0,0,0,8,1,5.5,6,5,Low,9771,8,1,0,-1.1,74,0,0,0,0,0,0,0,0,0,0,2026-08-07,31,31
U01071,2,20,172.4,64.2,21.6,2026-05-11,39,35,39,40,36,37.67,37.8,1.94,5,4,Heavy,0,0,0,3,2,7.1,5,6,Moderate,10312,4,0,0,0.7,-579,0,0,1,0,1,0,0,0,0,0,2026-06-20,40,40
U01072,9,21,172.0,70.4,23.8,2026-07-09,24,25,21,24,26,23.33,24.0,1.67,5,3,Medium,0,0,0,3,2,6.1,4,1,Moderate,12362,1,0,0,0.9,56,0,0,0,0,0,0,0,0,0,0,2026-07-31,22,22
U01073,6,23,168.9,69.0,24.2,2026-01-17,32,30,34,31,31,32.0,31.6,1.36,7,5,Medium,0,0,0,6,9,7.3,7,5,Low,3551,8,0,0,1.3,73,0,0,1,0,0,0,0,0,0,0,2026-02-17,31,31
U01074,9,30,170.9,65.4,22.4,2026-03-31,30,29,31,32,29,30.0,30.2,1.17,7,5,Light,0,0,0,3,8,8.2,5,2,High,13654,10,1,0,-1.0,263,0,0,0,0,0,0,0,0,0,0,2026-04-29,29,29
U01075,10,36,151.1,52.5,23.0,2026-05-05,28,27,27,25,29,27.33,27.2,1.33,7,7,Light,0,0,1,3,5,7.4,8,6,Moderate,10650,3,0,0,-0.3,94,1,0,1,1,0,0,0,0,0,0,2026-06-01,27,27
U01076,11,20,156.2,46.4,19.0,2026-05-01,28,31,30,28,27,29.67,28.8,1.47,6,4,Medium,0,0,0,9,1,7.5,7,0,Moderate,4610,3,0,0,-1.2,475,0,0,0,0,0,0,0,0,0,0,2026-05-29,28,28
U01077,7,18,157.8,57.3,23.0,2026-03-14,25,26,25,22,26,25.33,24.8,1.47,7,6,Light,0,0,0,5,5,5.5,10,1,Low,9173,6,0,0,0.4,116,0,0,0,0,0,0,0,1,0,0,2026-04-07,24,24
U01078,3,34,155.5,48.1,19.9,2026-03-30,27,27,25,24,24,26.33,25.4,1.36,3,7,Medium,0,0,0,6,7,6.2,2,6,Moderate,11247,5,1,1,-1.1,-443,0,0,0,0,0,0,0,0,0,1,2026-04-26,27,27
U01079,2,25,155.4,65.7,27.2,2026-02-11,38,41,34,37,36,37.67,37.2,2.32,3,5,Medium,0,0,1,6,7,9.2,9,3,Low,6012,10,1,0,1.6,-173,1,0,0,1,0,0,0,0,0,0,2026-03-21,38,38
U01080,11,31,168.1,67.3,23.8,2026-04-20,25,22,24,25,25,23.67,24.2,1.17,3,6,Medium,0,0,0,8,10,7.0,2,7,High,2701,2,0,0,0.2,-363,0,0,0,0,0,0,0,0,0,0,2026-05-16,26,26
U01081,12,27,164.5,56.6,20.9,2026-03-19,26,30,27,25,25,27.67,26.6,1.85,4,5,Medium,0,0,0,7,7,6.0,5,5,Moderate,11838,5,0,0,1.3,-222,0,0,0,0,0,0,0,0,0,0,2026-04-14,26,26
U01082,8,31,163.7,42.9,16.0,2026-06-27,30,27,27,29,29,28.0,28.4,1.2,6,3,Heavy,0,0,0,10,2,5.7,9,0,Moderate,11114,4,0,0,-1.2,260,0,0,1,0,0,0,0,0,0,0,2026-07-31,34,34
U01083,5,25,156.8,45.0,18.3,2026-04-28,31,32,29,31,36,30.67,31.8,2.32,6,5,Light,1,1,1,10,10,6.5,5,7,Moderate,13427,1,1,0,1.3,-659,0,0,0,1,0,0,0,0,0,1,2026-05-28,30,30
U01084,3,37,147.2,47.2,21.8,2026-06-24,28,28,27,31,25,27.67,27.8,1.94,5,7,Heavy,0,1,0,1,4,6.6,4,2,Low,11271,10,0,1,1.5,94,1,0,0,0,1,0,0,0,0,0,2026-07-20,26,26
U01085,4,20,147.9,49.9,22.8,2026-06-04,31,30,31,33,33,30.67,31.6,1.2,6,6,Medium,0,0,0,9,6,8.8,8,7,Moderate,4940,10,1,0,1.1,-356,0,0,0,0,0,0,0,0,1,0,2026-07-05,31,31
U01086,3,35,162.2,67.4,25.6,2026-02-18,23,23,22,23,20,22.67,22.2,1.17,7,5,Medium,0,0,0,3,4,6.2,4,3,Moderate,11829,3,0,0,1.5,-371,0,0,0,0,0,0,0,0,0,0,2026-03-14,24,24
U01087,11,27,158.0,41.9,16.8,2026-05-01,29,32,28,27,30,29.67,29.2,1.72,7,6,Heavy,0,0,0,9,4,6.7,5,5,Low,3375,6,0,0,-1.0,64,1,0,0,0,0,0,0,0,0,0,2026-05-31,30,30
U01088,9,20,150.6,70.1,30.9,2026-03-30,28,29,27,29,27,28.0,28.0,0.89,4,4,Medium,1,0,0,10,4,7.1,4,7,Moderate,13383,7,0,0,-0.7,-256,0,0,0,0,0,0,0,0,0,0,2026-04-28,29,29
U01089,12,38,167.8,73.8,26.2,2026-01-09,30,30,32,29,31,30.67,30.4,1.02,4,6,Medium,0,0,0,2,3,7.4,2,5,Low,3777,5,0,1,-1.2,54,0,0,0,0,0,0,0,0,0,0,2026-02-09,31,31
U01090,11,35,164.8,53.5,19.7,2026-06-23,30,34,31,32,31,31.67,31.6,1.36,6,4,Light,0,0,0,3,1,4.6,7,6,Low,12798,2,1,0,3.1,-278,0,1,1,0,0,1,0,0,0,0,2026-07-21,28,28
U01091,8,21,155.6,55.9,23.1,2026-02-27,26,27,25,27,25,26.0,26.0,0.89,7,5,Medium,0,1,0,7,8,7.8,5,3,Moderate,6461,5,0,0,0.8,-103,0,0,0,0,0,0,0,0,0,0,2026-03-26,27,27
U01092,8,30,167.0,63.9,22.9,2026-06-13,32,35,33,30,31,33.33,32.2,1.72,4,5,Medium,0,0,1,8,8,6.0,10,5,Low,11422,9,0,0,0.5,-155,0,1,0,1,0,0,0,0,0,0,2026-07-18,35,35
U01093,6,21,160.5,67.0,26.0,2026-05-29,31,30,33,33,27,31.33,30.8,2.23,5,5,Medium,0,1,0,5,8,8.1,3,2,Moderate,7269,9,0,0,0.3,-192,0,0,0,0,1,0,0,0,0,0,2026-06-28,30,30
U01094,9,22,151.6,60.4,26.3,2026-01-18,27,28,26,26,26,27.0,26.6,0.8,4,7,Medium,0,0,0,7,4,6.5,9,3,High,8990,2,1,1,-0.1,-457,0,1,1,0,0,0,0,1,0,0,2026-02-14,27,27
U01095,9,24,163.4,68.4,25.6,2026-07-31,32,33,31,30,32,32.0,31.6,1.02,3,3,Medium,0,0,1,9,3,7.0,1,2,Moderate,2369,1,0,0,0.4,-285,0,0,0,1,0,0,0,0,0,0,2026-09-03,34,34
U01096,5,25,159.0,58.9,23.3,2026-04-23,23,24,25,25,24,24.0,24.2,0.75,3,4,Heavy,1,0,0,6,2,7.1,9,5,Moderate,8621,4,0,0,-0.9,-71,1,0,0,0,0,1,0,0,0,0,2026-05-13,20,20
U01097,8,40,165.6,71.3,26.0,2026-04-15,31,30,31,30,34,30.67,31.2,1.47,3,6,Medium,0,0,0,8,1,8.3,4,5,Moderate,2369,10,0,0,-1.6,145,0,0,1,0,0,0,0,0,0,0,2026-05-16,31,31
U01098,5,29,165.4,56.6,20.7,2026-05-27,29,32,28,30,25,29.67,28.8,2.32,3,3,Heavy,0,0,0,7,5,6.6,4,4,Low,13032,4,0,1,-1.7,57,0,0,0,0,0,0,0,0,0,0,2026-06-25,29,29
U01099,6,27,163.7,46.1,17.2,2026-03-07,28,28,28,29,28,28.0,28.2,0.4,3,5,Heavy,0,0,0,1,7,7.1,4,1,Moderate,7548,7,0,0,0.8,-166,0,1,1,0,0,0,0,1,0,0,2026-04-04,28,28
U01100,5,37,155.9,45.4,18.7,2026-07-07,39,36,39,37,40,38.0,38.2,1.47,3,3,Heavy,0,0,1,2,3,6.0,5,7,Moderate,6162,2,0,0,-2.3,-52,0,0,0,1,0,0,0,0,0,0,2026-08-14,38,38
U01101,2,18,152.8,54.2,23.2,2026-03-02,25,25,26,25,28,25.33,25.8,1.17,3,4,Heavy,0,0,0,7,2,6.4,9,4,Low,6694,3,0,0,-1.4,-300,0,0,0,0,0,0,0,1,0,0,2026-03-28,26,26
U01102,11,38,149.0,51.3,23.1,2026-03-31,27,27,28,25,25,27.33,26.4,1.2,3,4,Medium,0,0,0,10,7,8.1,8,2,Moderate,12422,2,0,0,-0.2,-261,0,0,1,0,0,0,0,0,0,0,2026-04-28,28,28
U01103,6,18,167.0,70.8,25.4,2026-02-28,26,25,25,25,27,25.33,25.6,0.8,4,6,Medium,0,0,0,4,6,9.3,4,1,Moderate,6104,6,0,0,1.1,-688,0,0,0,0,0,0,0,0,0,0,2026-03-26,26,26
U01104,3,20,148.8,43.4,19.6,2026-02-02,30,32,31,29,32,31.0,30.8,1.17,5,4,Medium,0,0,0,10,7,7.0,8,7,Low,6510,2,0,0,-1.2,410,0,0,0,0,0,0,0,0,0,0,2026-03-08,34,34
U01105,6,18,170.2,80.2,27.7,2026-08-26,31,31,30,29,32,30.67,30.6,1.02,7,7,Light,0,0,0,3,3,7.4,10,4,Moderate,9442,3,0,0,-0.9,402,1,0,1,0,0,0,0,1,0,0,2026-09-24,29,29
U01106,9,28,156.0,62.1,25.5,2026-03-03,30,30,30,33,34,30.0,31.4,1.74,6,6,Heavy,0,0,0,4,10,7.9,2,6,High,2329,5,0,0,0.1,377,1,0,0,0,0,0,0,0,0,0,2026-04-04,32,32
U01107,2,40,162.4,75.7,28.7,2026-06-29,30,30,27,30,27,29.0,28.8,1.47,4,7,Heavy,0,0,0,4,6,6.7,9,5,Moderate,11262,10,1,0,-0.0,486,0,0,0,0,0,0,0,0,0,1,2026-07-28,29,29
U01108,3,37,158.9,57.6,22.8,2026-05-06,31,30,33,29,27,31.33,30.0,2.0,5,7,Light,0,0,1,8,2,7.4,1,6,High,10996,1,1,0,1.1,-593,0,0,0,1,0,0,0,0,0,0,2026-06-05,30,30
U01109,9,19,165.1,73.6,27.0,2026-07-31,30,29,29,30,29,29.33,29.4,0.49,4,4,Medium,1,0,0,2,5,7.5,10,2,Low,9566,3,0,1,0.1,-108,0,1,1,0,0,0,0,0,0,0,2026-08-30,30,30
U01110,7,31,148.2,60.0,27.3,2026-01-25,28,30,29,29,33,29.0,29.8,1.72,7,3,Light,1,0,0,2,2,7.5,9,6,Low,11460,3,0,0,0.3,-201,0,1,0,0,0,0,0,0,0,0,2026-02-20,26,26
U01111,10,39,166.2,66.0,23.9,2026-07-09,29,31,29,28,29,29.67,29.2,0.98,5,4,Medium,0,0,0,1,8,7.5,10,1,High,7696,10,0,0,-0.3,-667,0,0,0,0,0,0,0,0,0,0,2026-08-06,28,28
U01112,4,37,159.0,59.9,23.7,2026-06-13,25,25,27,25,25,25.67,25.4,0.8,3,4,Medium,0,0,0,2,1,6.4,4,6,Moderate,2416,10,1,0,0.2,246,0,0,0,0,0,0,0,0,0,0,2026-07-08,25,25
U01113,9,24,160.1,56.6,22.1,2026-02-02,33,34,33,33,34,33.33,33.4,0.49,3,4,Medium,0,0,0,9,1,6.9,4,5,Low,3297,7,0,1,2.8,-692,0,0,1,0,1,0,0,0,1,0,2026-03-08,34,34
U01114,3,31,156.3,43.0,17.6,2026-05-03,22,24,24,22,21,23.33,22.6,1.2,4,3,Heavy,0,0,0,1,4,6.9,7,1,Moderate,11283,4,0,0,-0.3,228,0,0,0,0,0,0,0,0,0,0,2026-05-23,20,20
U01115,6,26,154.5,40.8,17.1,2026-04-29,34,35,38,34,31,35.67,34.4,2.24,3,3,Medium,0,0,1,8,2,6.9,5,5,Moderate,9478,1,0,0,1.5,-338,0,0,0,1,0,0,0,0,0,0,2026-06-02,34,34
U01116,12,23,176.4,67.5,21.7,2026-01-16,32,31,32,31,34,31.67,32.0,1.1,7,3,Medium,0,0,0,7,3,8.8,2,2,Low,12504,8,0,0,0.2,-20,0,0,0,0,1,0,0,1,0,0,2026-02-19,34,34
U01117,4,38,163.9,52.4,19.5,2026-04-15,34,33,34,37,37,33.67,35.0,1.67,7,5,Medium,0,0,0,3,9,5.7,6,0,Low,13174,7,0,0,1.6,223,0,0,0,0,0,0,0,0,0,0,2026-05-15,30,30
U01118,6,29,155.7,52.4,21.6,2026-03-04,35,37,35,32,35,35.67,34.8,1.6,6,7,Light,0,0,0,2,6,7.1,2,1,Moderate,4039,5,0,0,-0.3,440,0,1,0,0,1,0,0,0,0,0,2026-04-06,33,33
U01119,5,28,160.3,69.9,27.2,2026-04-26,30,30,31,27,31,30.33,29.8,1.47,3,4,Light,0,0,0,5,7,6.7,3,6,High,4755,10,0,0,-1.4,-207,0,0,0,0,0,0,0,0,0,0,2026-05-24,28,28
U01120,2,29,171.3,58.7,20.0,2026-08-05,28,28,31,26,27,29.0,28.0,1.67,6,7,Heavy,0,0,0,2,9,7.8,2,4,Moderate,7703,8,0,1,-1.4,-226,0,0,0,0,0,0,0,1,0,0,2026-09-02,28,28
U01121,4,22,155.4,53.6,22.2,2026-06-17,32,34,31,33,31,32.33,32.2,1.17,6,3,Medium,0,0,1,10,4,9.2,1,6,Moderate,9816,6,0,0,0.2,-70,0,0,0,1,0,0,0,1,0,0,2026-07-19,32,32
U01122,6,38,169.0,69.4,24.3,2026-01-19,30,30,34,29,29,31.33,30.4,1.85,6,6,Medium,0,1,0,8,5,6.2,7,7,Moderate,8706,2,1,0,-0.8,195,0,1,0,0,0,1,0,0,0,0,2026-02-17,29,29
U01123,5,31,164.8,53.5,19.7,2026-07-01,30,31,30,32,29,30.33,30.4,1.02,6,3,Medium,0,0,0,4,7,7.3,3,1,High,13747,3,0,0,-2.3,-691,0,0,1,0,0,0,0,0,0,0,2026-08-02,32,32
U01124,12,26,171.6,71.8,24.4,2026-08-21,30,30,33,31,33,31.0,31.4,1.36,4,4,Medium,0,0,0,6,8,6.2,2,1,Moderate,5954,5,0,0,-0.5,241,0,0,1,0,0,0,0,0,0,0,2026-09-25,35,35
U01125,5,31,166.9,67.7,24.3,2026-08-01,28,27,27,29,32,27.33,28.6,1.85,6,6,Light,0,0,0,5,3,6.1,9,6,Moderate,5494,1,0,0,-2.1,276,0,0,0,0,0,0,0,1,0,0,2026-08-28,27,27
U01126,11,23,154.0,45.1,19.0,2026-06-13,29,30,28,32,32,29.0,30.2,1.6,4,4,Light,0,1,0,9,1,7.4,8,4,Low,8401,9,0,0,1.0,-320,0,1,0,0,0,0,0,0,0,1,2026-07-14,31,31
U01127,3,29,155.2,59.0,24.5,2026-01-16,35,36,35,35,36,35.33,35.4,0.49,6,7,Medium,0,0,0,6,3,8.3,9,3,High,3813,8,0,0,-0.8,307,0,1,0,0,1,0,0,0,1,0,2026-02-18,33,33
U01128,11,35,152.9,47.0,20.1,2026-02-16,25,21,23,27,22,23.0,23.6,2.15,6,3,Medium,0,0,0,2,1,8.6,10,3,Low,10473,7,0,0,0.3,-82,0,0,0,0,0,0,0,0,0,0,2026-03-11,23,23
U01129,11,37,151.1,53.2,23.3,2026-08-06,33,31,35,28,36,33.0,32.6,2.87,6,6,Light,1,0,0,4,1,7.2,4,6,Moderate,9577,5,0,0,-0.8,-535,0,0,1,0,0,0,0,0,0,0,2026-09-07,32,32
U01130,11,27,165.3,49.5,18.1,2026-05-18,30,34,32,30,30,32.0,31.2,1.6,3,4,Heavy,0,0,0,9,4,6.8,4,2,Low,5180,6,0,0,0.2,55,0,0,1,0,0,0,0,1,0,0,2026-06-19,32,32
U01131,10,34,156.6,48.1,19.6,2026-05-11,26,26,27,27,28,26.33,26.8,0.75,4,4,Medium,0,0,0,8,2,8.5,5,4,Moderate,7803,5,0,0,-1.6,458,0,0,0,0,0,0,0,0,0,0,2026-06-04,24,24
U01132,12,29,170.2,69.8,24.1,2026-05-28,30,26,31,31,28,29.0,29.2,1.94,6,7,Medium,0,0,0,3,5,6.6,4,2,Moderate,4124,8,0,0,0.2,178,0,0,0,0,0,0,0,0,0,0,2026-06-29,32,32
U01133,9,19,156.9,39.6,16.1,2026-02-11,27,28,31,27,28,28.67,28.2,1.47,6,5,Medium,1,0,0,3,2,8.9,4,6,Moderate,10403,3,1,0,-0.7,119,0,0,1,0,0,0,0,0,0,0,2026-03-11,28,28
U01134,10,40,154.2,52.8,22.2,2026-01-15,31,29,29,31,29,29.67,29.8,0.98,7,5,Light,0,0,0,10,2,5.9,8,7,Moderate,3229,9,0,0,3.0,-441,0,0,0,0,0,0,0,0,0,0,2026-02-19,35,35
U01135,7,37,164.0,62.9,23.4,2026-08-24,29,31,30,28,29,30.0,29.4,1.02,5,4,Light,0,0,0,2,3,5.3,5,1,Moderate,6677,7,0,0,-1.3,325,0,0,0,0,0,0,0,0,0,1,2026-09-24,31,31
U01136,8,33,150.4,39.6,17.5,2026-01-24,27,25,26,25,29,26.0,26.4,1.5,6,7,Heavy,0,0,0,3,5,6.9,4,2,Moderate,8783,10,0,0,-0.5,-435,0,0,0,0,0,0,1,0,0,0,2026-02-17,24,24
U01137,12,19,169.4,85.8,29.9,2026-05-07,29,30,29,30,32,29.33,30.0,1.1,5,5,Light,0,0,0,3,1,7.2,9,3,Low,3309,9,0,0,-0.1,42,0,1,0,0,0,0,0,0,0,1,2026-06-03,27,27
U01138,10,33,160.1,53.8,21.0,2026-03-07,28,23,28,29,30,26.33,27.6,2.42,6,5,Medium,0,0,0,10,4,6.8,6,7,High,13750,3,0,1,0.7,-197,0,0,0,0,0,0,0,0,0,0,2026-04-07,31,31
U01139,3,23,154.3,53.8,22.6,2026-01-21,30,29,26,29,31,28.33,29.0,1.67,5,3,Medium,0,0,0,9,3,6.9,10,6,Low,5515,5,0,0,-1.8,165,0,0,1,0,0,0,0,0,0,0,2026-02-20,30,30
U01140,6,39,151.5,50.5,22.0,2026-03-11,37,37,37,39,38,37.0,37.6,0.8,3,4,Medium,0,0,0,10,4,5.1,8,3,Moderate,8075,2,0,0,-0.3,482,0,1,0,0,1,0,0,0,0,0,2026-04-19,39,39
U01141,10,20,152.8,47.9,20.5,2026-01-04,29,30,32,30,26,30.33,29.4,1.96,4,5,Light,0,0,0,6,8,7.9,3,7,Low,3549,2,0,0,-1.2,-104,0,0,0,0,0,0,0,1,0,0,2026-02-04,31,31
U01142,9,34,157.5,71.7,28.9,2026-06-27,28,28,28,30,25,28.0,27.8,1.6,3,4,Medium,0,0,0,3,8,7.3,4,6,Low,9380,4,0,0,-0.5,15,0,1,1,0,0,0,0,0,0,0,2026-07-26,29,29
U01143,8,26,155.5,46.7,19.3,2026-08-08,26,29,25,26,26,26.67,26.4,1.36,4,7,Medium,0,1,1,10,10,7.8,1,2,Low,8590,3,0,0,0.4,287,0,0,0,1,0,0,0,0,0,0,2026-09-04,27,27
U01144,8,39,145.0,46.7,22.2,2026-03-15,30,29,33,29,30,30.67,30.2,1.47,5,4,Heavy,0,1,0,4,8,7.3,8,3,Moderate,10132,3,0,0,0.3,10,0,0,0,0,0,0,0,0,1,0,2026-04-13,29,29
U01145,3,36,171.8,77.9,26.4,2026-01-02,30,29,31,29,31,30.0,30.0,0.89,7,6,Medium,1,0,0,2,7,6.8,2,1,Moderate,4611,4,0,1,-0.3,-355,0,0,1,0,0,0,0,0,0,0,2026-02-01,30,30
U01146,6,32,158.3,45.1,18.0,2026-08-01,29,27,28,27,28,28.0,27.8,0.75,3,5,Medium,0,0,0,5,1,5.9,8,2,Low,4616,2,0,0,0.0,-630,0,0,0,0,0,0,0,0,0,0,2026-08-31,30,30
U01147,4,29,165.4,55.8,20.4,2026-07-22,28,28,28,30,31,28.0,29.0,1.26,6,3,Medium,0,1,0,6,6,7.7,9,3,Moderate,10014,3,0,1,-0.9,-477,0,0,0,0,0,0,0,0,0,0,2026-08-18,27,27
U01148,8,31,155.8,58.3,24.0,2026-04-06,30,28,29,33,29,29.0,29.8,1.72,4,7,Medium,0,0,0,2,3,8.2,7,0,Moderate,4187,1,1,0,-2.0,-105,0,0,1,0,0,1,0,0,0,0,2026-05-09,33,33
U01149,3,32,175.3,64.8,21.1,2026-02-02,29,26,30,29,31,28.33,29.0,1.67,3,4,Medium,0,0,0,1,9,7.8,8,5,Low,7190,8,0,0,0.5,6,0,0,0,0,0,0,0,0,0,0,2026-03-04,30,30
U01150,5,24,164.0,46.3,17.2,2026-05-16,25,27,26,26,25,26.0,25.8,0.75,5,7,Light,0,0,0,2,10,6.5,8,3,Moderate,8293,8,1,0,0.7,156,0,1,0,0,0,0,0,0,0,0,2026-06-10,25,25
U01151,11,30,153.1,47.6,20.3,2026-07-10,28,27,27,25,25,27.33,26.4,1.2,7,7,Heavy,0,0,0,8,6,6.7,8,3,Moderate,11037,5,0,0,1.2,-249,0,0,0,0,0,0,0,0,0,0,2026-08-09,30,30
U01152,11,23,165.5,66.8,24.4,2026-08-28,26,24,27,29,26,25.67,26.4,1.62,6,7,Light,0,0,0,5,8,6.4,1,2,High,6574,3,0,1,-1.0,170,0,0,0,0,0,0,0,0,0,0,2026-09-21,24,24
U01153,6,24,162.6,62.9,23.8,2026-04-13,31,32,33,30,29,32.0,31.0,1.41,3,5,Medium,0,0,0,5,1,6.6,8,2,Moderate,9348,10,0,0,0.4,337,0,0,0,0,1,0,0,1,0,0,2026-05-12,29,29
U01154,10,30,157.2,65.0,26.3,2026-02-02,30,30,30,34,35,30.0,31.8,2.23,5,5,Medium,1,1,0,7,7,7.0,7,0,High,9747,8,0,0,-0.3,-62,0,0,1,0,0,1,0,0,0,0,2026-03-05,31,31
U01155,12,32,154.7,40.0,16.7,2026-07-15,31,32,33,30,32,32.0,31.6,1.02,6,4,Medium,0,0,0,9,8,6.1,5,0,Low,8957,7,0,0,-0.5,43,0,0,0,0,0,0,0,0,0,0,2026-08-16,32,32
U01156,5,19,152.0,63.1,27.3,2026-02-26,32,33,34,33,32,33.0,32.8,0.75,5,6,Heavy,0,0,0,6,4,5.8,5,1,Moderate,3424,4,0,0,0.5,-32,0,1,0,0,0,0,0,0,0,0,2026-03-29,31,31
U01157,12,40,164.2,63.9,23.7,2026-01-23,34,35,34,34,33,34.33,34.0,0.63,7,4,Medium,0,0,1,4,9,7.9,8,4,Moderate,4999,7,0,0,0.6,168,0,0,0,1,1,0,0,1,0,0,2026-02-26,34,34
U01158,4,21,147.7,47.6,21.8,2026-08-20,31,33,30,31,32,31.33,31.4,1.02,5,6,Medium,0,0,0,1,2,7.1,1,5,Low,7052,8,0,1,0.2,-11,0,0,0,0,0,0,0,0,0,0,2026-09-16,27,27
U01159,8,30,162.8,50.6,19.1,2026-03-18,24,24,24,25,26,24.0,24.6,0.8,5,6,Heavy,1,0,0,4,4,7.7,5,7,Moderate,12655,2,0,0,0.0,-300,0,0,0,0,0,0,0,0,0,0,2026-04-11,24,24
U01160,7,34,148.9,45.9,20.7,2026-03-13,33,34,34,32,35,33.67,33.6,1.02,4,5,Medium,0,0,0,1,10,6.1,7,2,High,3495,4,0,1,-3.0,195,0,0,0,0,0,0,0,0,0,0,2026-04-13,31,31
U01161,9,24,147.2,48.3,22.3,2026-08-28,30,30,32,30,32,30.67,30.8,0.98,5,5,Medium,0,0,0,5,1,5.7,2,2,Low,13212,2,0,0,-0.1,406,0,1,0,0,0,0,0,0,0,0,2026-09-28,31,31
U01162,11,33,156.8,50.4,20.5,2026-02-01,29,30,30,29,30,29.67,29.6,0.49,3,4,Light,0,0,1,4,4,5.6,5,1,Moderate,2975,7,0,0,-0.9,-428,0,0,0,1,0,0,0,0,0,0,2026-03-02,29,29
U01163,3,29,156.9,65.5,26.6,2026-05-27,29,33,28,27,31,30.0,29.6,2.15,4,5,Medium,0,0,0,9,3,8.1,3,0,High,5657,5,1,0,-1.1,-123,0,0,0,0,0,0,1,0,0,0,2026-06-27,31,31
U01164,6,18,156.2,57.6,23.6,2026-01-14,35,37,34,34,35,35.33,35.0,1.1,6,5,Medium,0,1,0,7,1,6.1,5,1,Low,11959,7,0,1,-2.2,-109,0,1,0,0,0,0,0,0,0,1,2026-02-16,33,33
U01165,7,37,160.7,59.9,23.2,2026-02-28,29,28,29,30,30,28.67,29.2,0.75,7,4,Medium,0,0,0,3,9,6.2,9,1,High,9038,3,0,0,-0.3,-232,0,0,0,0,0,0,0,0,0,1,2026-04-01,32,32
U01166,11,21,150.3,44.7,19.8,2026-06-14,29,29,28,28,29,28.67,28.6,0.49,3,5,Medium,0,0,0,4,6,7.0,6,0,High,9706,3,0,0,-0.3,-584,0,0,0,0,0,0,0,0,0,0,2026-07-14,30,30
U01167,8,20,156.1,52.9,21.7,2026-03-21,29,30,30,29,29,29.67,29.4,0.49,4,3,Medium,0,0,0,5,5,6.8,6,4,Low,2207,5,0,1,0.4,159,0,0,0,0,0,0,0,0,0,0,2026-04-22,32,32
U01168,11,32,170.4,58.4,20.1,2026-03-08,38,37,38,40,39,37.67,38.4,1.02,6,6,Heavy,0,0,0,9,4,6.5,1,3,Moderate,13942,7,0,0,0.2,498,0,0,0,0,0,0,1,0,0,0,2026-04-18,41,41
U01169,3,22,167.5,47.4,16.9,2026-03-22,34,36,32,35,35,34.0,34.4,1.36,5,4,Medium,0,0,1,9,9,7.4,7,0,Moderate,3425,10,0,0,2.0,344,0,0,1,1,0,0,1,0,0,0,2026-04-28,37,37
U01170,4,27,163.0,68.3,25.7,2026-01-02,28,30,29,29,28,29.0,28.8,0.75,5,6,Heavy,0,0,0,2,4,6.8,1,1,High,13617,6,0,0,0.5,9,1,0,0,0,0,0,0,0,0,0,2026-02-01,30,30
U01171,6,18,168.1,77.1,27.3,2026-06-18,33,35,34,33,32,34.0,33.4,1.02,3,5,Medium,0,0,0,10,8,6.0,3,4,High,9823,3,0,0,0.5,-672,0,1,0,0,0,0,0,0,0,0,2026-07-26,38,38
U01172,12,31,161.5,60.0,23.0,2026-03-15,28,29,27,29,30,28.0,28.6,1.02,7,5,Heavy,0,0,0,10,6,7.6,5,6,High,5565,7,0,0,1.3,-266,0,0,0,0,0,0,0,1,1,0,2026-04-11,27,27
U01173,9,38,148.1,55.9,25.5,2026-02-05,32,28,31,33,34,30.33,31.6,2.06,4,4,Heavy,0,0,0,10,8,7.7,4,5,Moderate,13917,10,0,0,0.8,271,1,0,0,0,0,0,0,0,0,0,2026-03-11,34,34
U01174,6,20,150.3,41.8,18.5,2026-08-22,35,34,34,37,37,34.33,35.4,1.36,3,4,Medium,0,0,0,9,3,5.3,10,0,Moderate,9486,4,1,0,2.6,432,1,0,1,0,0,0,0,0,0,0,2026-09-27,36,36
U01175,12,31,160.0,48.4,18.9,2026-04-22,30,33,29,29,32,30.67,30.6,1.62,6,6,Heavy,0,0,0,7,7,4.4,5,3,Moderate,2468,8,0,0,0.0,-535,0,0,1,0,0,0,0,0,0,1,2026-05-23,31,31
U01176,12,37,164.4,68.6,25.4,2026-04-27,32,32,32,34,34,32.0,32.8,0.98,6,3,Medium,1,0,0,2,3,7.0,5,2,Low,2918,6,0,0,0.0,-449,0,0,1,0,0,0,0,0,0,0,2026-05-29,32,32
U01177,8,22,154.4,59.1,24.8,2026-04-22,27,30,26,25,29,27.67,27.4,1.85,6,6,Medium,0,0,0,4,10,7.2,6,0,Low,2979,10,0,0,0.3,-421,0,0,0,0,0,0,0,1,0,0,2026-05-17,25,25
U01178,9,23,160.2,57.0,22.2,2026-02-28,31,32,31,35,29,31.33,31.6,1.96,6,5,Heavy,1,1,0,10,10,7.5,6,2,Low,12449,4,0,0,-0.8,261,0,0,0,0,1,0,0,0,0,0,2026-04-01,32,32
U01179,2,28,160.1,58.2,22.7,2026-04-30,30,32,30,31,29,30.67,30.4,1.02,3,7,Light,0,0,0,6,2,5.8,4,3,Moderate,6814,5,0,0,1.3,270,0,0,0,0,0,0,0,1,1,0,2026-05-30,30,30
U01180,3,26,160.6,59.6,23.1,2026-08-07,27,27,27,29,28,27.0,27.6,0.8,4,5,Medium,0,0,0,7,10,7.6,7,0,Moderate,6904,9,0,0,0.2,-483,0,0,0,0,0,0,0,0,0,0,2026-09-03,27,27
U01181,2,19,161.4,67.5,25.9,2026-07-25,29,30,31,29,30,30.0,29.8,0.75,6,6,Medium,0,0,0,5,3,7.3,10,5,Moderate,12242,10,0,0,-0.6,249,0,0,0,0,0,0,0,0,0,0,2026-08-24,30,30
U01182,10,28,169.6,62.1,21.6,2026-07-17,26,24,26,28,27,25.33,26.2,1.33,4,3,Light,0,0,0,6,2,4.5,4,0,Moderate,3943,7,0,0,2.2,183,0,0,0,0,0,0,0,1,1,0,2026-08-11,25,25
U01183,5,39,169.0,56.8,19.9,2026-05-30,32,31,33,34,33,32.0,32.6,1.02,4,5,Heavy,0,0,0,6,5,5.0,3,2,High,4604,7,0,0,1.0,-157,0,0,1,0,0,0,0,1,0,0,2026-07-04,35,35
U01184,6,31,155.6,50.8,21.0,2026-05-10,31,32,30,32,33,31.0,31.6,1.02,7,3,Medium,0,0,0,1,6,7.3,1,6,Moderate,6074,4,0,0,1.3,149,0,1,0,0,0,0,0,0,0,0,2026-06-08,29,29
U01185,2,25,153.4,49.2,20.9,2026-05-14,30,30,31,32,33,30.33,31.2,1.17,5,5,Medium,0,0,0,8,7,5.3,1,1,Low,6497,8,0,0,0.6,-580,0,0,0,0,0,0,0,0,0,0,2026-06-14,31,31
U01186,11,40,157.5,56.6,22.8,2026-07-22,26,27,26,28,26,26.33,26.6,0.8,5,5,Medium,0,0,0,9,1,6.5,2,3,Moderate,12553,4,0,0,0.0,-227,0,0,0,0,0,0,0,0,0,0,2026-08-15,24,24
U01187,3,20,152.5,49.1,21.1,2026-05-02,25,24,23,23,25,24.0,24.0,0.89,7,4,Light,0,0,0,2,4,9.7,10,5,High,8572,6,0,0,1.5,-227,0,0,0,0,0,0,0,0,0,0,2026-05-26,24,24
U01188,4,22,146.9,62.1,28.8,2026-01-31,28,31,28,29,26,29.0,28.4,1.62,6,7,Light,0,0,0,8,5,5.2,10,6,Moderate,10578,5,0,0,-0.2,494,1,0,0,0,0,0,0,1,0,0,2026-02-26,26,26
U01189,6,40,169.5,79.3,27.6,2026-03-27,25,23,25,26,24,24.33,24.6,1.02,5,4,Medium,0,0,0,6,9,7.4,4,6,Low,2622,6,0,0,-0.5,43,0,0,0,0,0,0,0,0,0,0,2026-04-24,28,28
U01190,9,21,169.2,65.0,22.7,2026-02-28,30,31,30,31,31,30.33,30.6,0.49,7,6,Medium,0,0,0,1,1,10.0,5,5,Moderate,6482,2,1,0,0.0,-111,0,1,0,0,0,0,0,0,0,0,2026-03-30,30,30
U01191,10,36,163.5,63.4,23.7,2026-08-26,32,33,33,35,32,32.67,33.0,1.1,5,3,Medium,1,0,0,1,5,7.1,1,2,Moderate,9049,6,0,0,0.1,-440,0,0,0,0,1,0,0,0,0,0,2026-09-27,32,32
U01192,7,21,158.5,62.6,24.9,2026-03-17,37,36,40,35,41,37.67,37.8,2.32,7,5,Medium,1,0,0,4,8,7.4,7,3,Low,4916,3,0,0,-1.6,1,0,0,1,0,0,0,0,0,1,0,2026-04-25,39,39
U01193,7,23,173.6,57.6,19.1,2026-08-04,29,29,29,29,26,29.0,28.4,1.2,7,3,Light,0,0,0,10,6,6.4,9,5,Moderate,4260,8,0,0,-1.1,-168,1,0,0,0,0,0,0,0,0,0,2026-09-01,28,28
U01194,4,35,162.0,59.3,22.6,2026-06-15,25,22,26,24,23,24.33,24.0,1.41,5,3,Heavy,0,0,0,7,9,6.8,4,0,Moderate,5340,3,0,0,0.2,136,0,0,0,0,0,0,0,0,0,0,2026-07-10,25,25
U01195,6,33,149.0,45.5,20.5,2026-08-24,28,29,27,27,28,28.0,27.8,0.75,6,5,Light,0,0,0,10,2,8.4,4,1,Low,10554,6,0,0,1.1,-608,1,0,0,0,0,0,0,0,0,0,2026-09-25,32,32
U01196,10,26,157.0,60.9,24.7,2026-01-02,30,34,32,30,32,32.0,31.6,1.5,6,5,Heavy,0,0,0,4,4,7.1,2,2,Low,10801,6,0,1,-0.7,269,0,0,0,0,0,0,0,0,0,0,2026-01-31,29,29
U01197,9,24,165.0,62.9,23.1,2026-08-05,30,28,26,32,30,28.0,29.2,2.04,7,7,Light,0,0,0,7,8,6.7,9,1,High,12008,8,0,1,0.3,-408,0,1,0,0,0,0,1,0,0,0,2026-09-08,34,34
U01198,4,39,145.0,44.8,21.3,2026-03-02,28,29,28,25,25,28.33,27.0,1.67,6,3,Medium,0,0,0,10,2,6.8,10,0,Moderate,5093,1,0,0,-0.1,-532,1,1,0,0,0,0,1,0,0,0,2026-04-01,30,30
U01199,9,28,166.6,68.3,24.6,2026-01-15,31,28,29,33,28,29.33,29.8,1.94,7,4,Heavy,0,0,0,1,9,6.4,6,6,Moderate,4060,7,0,0,-0.7,-112,1,0,0,0,0,0,0,0,0,0,2026-02-13,29,29
U01200,12,19,150.1,50.0,22.2,2026-01-24,26,24,26,27,27,25.33,26.0,1.1,7,4,Medium,0,0,0,10,5,7.5,7,1,Low,13025,1,0,0,1.3,477,0,0,0,0,0,0,0,0,0,0,2026-02-21,28,28
U01201,11,36,163.2,54.9,20.6,2026-07-09,23,24,21,20,23,22.67,22.2,1.47,7,4,Medium,0,0,0,7,1,8.6,7,6,Moderate,5390,6,0,0,1.0,130,0,0,0,0,0,0,0,0,0,0,2026-07-31,22,22
U01202,3,30,158.3,59.6,23.8,2026-01-27,29,25,30,29,28,28.0,28.2,1.72,7,3,Medium,0,0,0,10,5,9.1,9,3,Low,5398,7,0,0,2.3,73,0,0,0,0,0,0,0,0,0,0,2026-03-02,34,34
U01203,2,21,158.4,53.7,21.4,2026-01-06,26,29,28,25,24,27.67,26.4,1.85,6,3,Light,1,0,0,4,4,5.1,4,1,Moderate,13084,10,0,1,0.3,228,0,0,0,0,0,0,0,0,0,1,2026-02-03,28,28
U01204,12,35,163.2,55.9,21.0,2026-05-20,34,35,35,33,32,34.67,33.8,1.17,4,4,Light,0,0,0,1,6,8.5,3,0,Moderate,8127,10,0,0,-1.1,21,0,1,0,0,0,0,0,0,1,0,2026-06-22,33,33
U01205,11,29,163.4,63.5,23.8,2026-08-27,28,30,27,25,28,28.33,27.6,1.62,7,5,Heavy,0,0,0,10,10,7.3,8,5,High,9484,5,1,0,1.0,277,0,1,0,0,0,0,0,0,0,0,2026-09-25,29,29
U01206,7,29,162.2,42.1,16.0,2026-02-13,33,36,36,33,33,35.0,34.2,1.47,4,6,Medium,0,0,1,3,10,6.6,2,6,High,5420,2,0,0,0.3,-664,0,0,0,1,0,0,0,0,0,0,2026-03-19,34,34
U01207,7,37,157.3,61.6,24.9,2026-04-11,28,27,30,25,25,28.33,27.0,1.9,4,6,Medium,0,0,0,9,5,7.3,9,1,Low,4909,6,0,0,-0.1,287,0,1,0,0,0,0,0,0,0,0,2026-05-10,29,29
U01208,2,27,152.6,51.9,22.3,2026-07-01,27,26,24,27,23,25.67,25.4,1.62,5,3,Heavy,0,0,0,3,9,7.4,4,3,Low,10076,6,0,0,0.3,272,0,0,0,0,0,0,0,0,0,0,2026-07-27,26,26
U01209,8,18,162.6,63.7,24.1,2026-05-28,27,27,27,28,25,27.0,26.8,0.98,7,6,Heavy,0,0,0,4,5,5.7,9,0,Moderate,7699,2,0,0,-2.5,423,0,0,0,0,0,0,0,0,0,0,2026-06-23,26,26
U01210,5,36,157.2,73.1,29.6,2026-02-17,30,29,32,30,29,30.33,30.0,1.1,6,3,Heavy,0,0,0,9,2,6.3,10,3,Moderate,12098,7,0,0,-1.4,-626,0,0,0,0,0,0,0,0,0,0,2026-03-21,32,32
U01211,2,22,153.2,44.4,18.9,2026-04-27,26,27,25,29,25,26.0,26.4,1.5,3,7,Medium,0,0,0,1,2,6.8,2,2,High,6535,5,0,0,-0.2,-542,0,0,1,0,0,0,0,0,0,1,2026-05-25,28,28
U01212,11,29,169.2,67.0,23.4,2026-03-23,30,28,31,30,31,29.67,30.0,1.1,6,6,Medium,0,0,0,8,2,5.0,10,6,Moderate,11746,7,0,0,-0.2,184,0,0,0,0,0,0,0,0,0,0,2026-04-22,30,30
U01213,5,27,161.0,58.8,22.7,2026-05-10,26,30,27,28,26,27.67,27.4,1.5,4,5,Medium,0,1,0,9,2,8.9,7,1,Low,5029,2,0,1,-1.1,55,0,0,0,0,0,0,0,0,1,0,2026-06-07,28,28
U01214,9,38,162.0,46.7,17.8,2026-02-14,33,32,31,33,31,32.0,32.0,0.89,7,4,Medium,0,0,0,1,9,4.7,10,1,Low,4484,3,0,1,1.8,291,0,0,0,0,0,0,0,0,0,0,2026-03-19,33,33
U01215,8,18,159.2,61.3,24.2,2026-02-23,30,28,30,30,33,29.33,30.2,1.6,3,3,Medium,0,0,0,8,7,8.4,1,6,Moderate,8906,7,0,0,-1.6,352,0,0,1,0,0,0,0,0,0,0,2026-03-25,30,30
U01216,5,23,156.6,57.6,23.5,2026-05-13,27,29,28,27,29,28.0,28.0,0.89,4,5,Medium,0,0,0,8,6,6.6,5,3,Moderate,11075,4,0,0,1.0,131,1,0,0,0,0,0,0,0,0,0,2026-06-10,28,28
U01217,11,26,152.6,53.8,23.1,2026-07-06,26,26,27,26,28,26.33,26.6,0.8,3,7,Medium,0,0,0,9,10,7.3,2,0,Low,4850,9,0,0,3.5,456,1,0,0,0,0,0,0,0,0,0,2026-08-02,27,27
U01218,2,31,161.2,62.6,24.1,2026-02-02,28,31,29,29,30,29.33,29.4,1.02,6,5,Medium,0,0,0,3,6,8.1,8,1,Low,3074,2,0,0,0.8,-687,0,0,0,0,0,0,0,0,0,0,2026-03-02,28,28
U01219,9,22,166.6,79.4,28.6,2026-03-23,26,26,27,24,26,26.33,25.8,0.98,7,7,Light,0,0,0,5,8,6.5,4,0,Low,7813,6,0,0,-0.1,215,0,0,0,0,1,0,0,1,0,0,2026-04-18,26,26
U01220,9,32,160.8,67.5,26.1,2026-04-07,25,25,26,28,27,25.33,26.2,1.17,4,4,Medium,0,0,0,4,5,6.0,9,1,Moderate,12329,8,1,1,0.5,-29,0,1,0,0,0,0,0,0,0,0,2026-04-29,22,22
U01221,3,22,161.5,62.9,24.1,2026-04-10,28,28,27,32,27,27.67,28.4,1.85,3,7,Medium,0,0,0,7,7,9.5,3,0,Low,4281,9,0,0,0.3,372,0,0,0,0,0,0,0,0,0,0,2026-05-12,32,32
U01222,9,38,156.8,60.5,24.6,2026-02-05,32,31,34,32,33,32.33,32.4,1.02,7,7,Heavy,0,0,0,10,8,5.5,5,6,Low,9847,6,0,0,0.0,431,0,0,0,0,0,0,0,0,0,0,2026-03-11,34,34
U01223,5,39,160.3,63.2,24.6,2026-08-18,30,29,27,31,34,28.67,30.2,2.32,5,3,Medium,0,0,0,5,3,5.7,6,3,Moderate,2253,5,0,1,-1.9,99,0,0,0,0,0,0,0,0,0,0,2026-09-19,32,32
U01224,11,20,159.9,59.8,23.4,2026-02-26,32,32,29,33,32,31.0,31.6,1.36,7,3,Medium,0,0,0,10,5,6.3,10,5,Moderate,7827,9,0,0,-0.9,426,0,1,0,0,0,0,0,0,1,0,2026-03-30,32,32
U01225,2,32,155.9,65.6,27.0,2026-08-08,31,35,29,32,30,31.67,31.4,2.06,5,6,Medium,0,0,0,6,2,7.7,2,1,Moderate,7292,3,0,0,0.9,302,0,0,0,0,0,0,0,1,1,0,2026-09-07,30,30
U01226,2,36,176.4,57.3,18.4,2026-03-27,26,26,26,27,27,26.0,26.4,0.49,4,4,Medium,0,0,1,1,4,5.7,10,6,Low,7520,5,0,0,-0.7,-427,0,0,0,1,1,0,1,0,0,0,2026-04-17,21,21
U01227,9,26,164.3,65.6,24.3,2026-08-15,29,29,30,25,32,29.33,29.0,2.28,6,3,Light,0,0,0,2,9,7.6,8,0,Low,6714,6,0,0,-0.5,130,0,0,0,0,0,0,1,0,0,0,2026-09-13,29,29
U01228,6,33,158.4,51.7,20.6,2026-01-15,29,31,30,28,31,30.0,29.8,1.17,7,3,Medium,0,0,0,2,3,6.2,8,3,Moderate,9269,7,1,0,0.1,453,1,0,0,0,0,0,0,0,0,0,2026-02-10,26,26
U01229,4,36,155.7,57.9,23.9,2026-01-15,30,32,29,31,28,30.33,30.0,1.41,4,3,Medium,0,0,0,10,10,7.7,9,0,High,5928,7,0,0,-1.0,191,0,0,0,0,0,0,0,0,0,0,2026-02-15,31,31
U01230,4,37,158.2,55.8,22.3,2026-05-06,34,35,35,37,35,34.67,35.2,0.98,5,6,Light,1,0,1,4,3,8.2,3,2,High,8444,7,1,0,-0.4,-449,0,1,0,1,1,0,1,1,0,0,2026-06-10,35,35
U01231,3,31,153.5,61.5,26.1,2026-08-10,32,29,29,30,32,30.0,30.4,1.36,5,6,Medium,1,0,0,10,2,5.1,8,7,Moderate,7627,2,0,0,-0.5,-23,0,0,0,0,0,0,0,0,0,0,2026-09-12,33,33
U01232,12,32,155.8,51.7,21.3,2026-03-10,26,24,27,25,29,25.67,26.2,1.72,4,7,Medium,0,0,0,1,4,8.8,3,4,Moderate,3083,4,0,0,0.3,-681,0,0,0,0,0,0,0,0,0,0,2026-04-04,25,25
U01233,10,21,164.4,59.7,22.1,2026-07-02,33,35,36,31,36,34.67,34.2,1.94,5,7,Medium,0,0,0,3,6,7.1,3,1,Low,11672,9,0,0,0.1,384,0,0,1,0,0,0,1,1,0,0,2026-08-01,30,30
U01234,10,28,153.8,67.4,28.5,2026-05-31,26,26,29,24,26,27.0,26.2,1.6,6,4,Medium,0,0,0,5,9,7.0,4,6,Moderate,11991,7,0,0,-0.9,282,0,1,0,0,0,0,0,1,0,0,2026-06-28,28,28
U01235,11,34,165.3,60.4,22.1,2026-05-11,33,30,35,32,31,32.67,32.2,1.72,5,4,Light,0,0,1,9,5,8.3,6,7,High,8454,6,0,0,-1.1,-617,0,0,0,1,0,0,0,1,0,0,2026-06-13,33,33
U01236,9,36,151.0,48.6,21.3,2026-07-12,30,31,34,33,30,31.67,31.6,1.62,7,7,Medium,0,0,0,10,9,5.8,2,2,Low,3156,9,0,0,0.6,-694,0,0,1,0,0,0,0,0,0,0,2026-08-14,33,33
U01237,8,25,151.1,42.0,18.4,2026-02-03,27,26,29,25,28,27.33,27.0,1.41,7,7,Light,0,0,0,3,7,7.2,4,1,Moderate,7108,10,1,0,0.9,-182,1,0,0,0,0,0,0,1,0,0,2026-03-02,27,27
U01238,10,24,168.8,82.9,29.1,2026-05-21,29,29,29,28,29,29.0,28.8,0.4,3,5,Heavy,0,1,0,4,4,5.8,8,1,Low,10431,3,0,0,0.6,470,1,0,0,0,0,0,1,1,0,0,2026-06-21,31,31
U01239,7,34,169.3,45.9,16.0,2026-08-05,27,24,25,25,25,25.33,25.2,0.98,4,7,Light,0,0,0,2,8,7.3,5,3,Moderate,12527,6,0,1,-1.6,-101,0,0,0,0,0,0,0,0,0,0,2026-09-02,28,28
U01240,4,19,168.9,62.8,22.0,2026-05-16,35,33,30,33,34,32.67,33.0,1.67,4,5,Light,0,0,1,10,8,6.0,10,2,Moderate,9037,6,0,0,0.5,67,0,0,0,1,0,0,0,0,0,0,2026-06-24,39,39
U01241,4,22,164.3,78.8,29.2,2026-08-04,27,27,27,25,26,27.0,26.4,0.8,6,4,Heavy,0,0,0,3,6,5.2,5,5,Moderate,9812,1,0,0,1.9,-30,0,0,0,0,0,0,0,0,0,1,2026-08-30,26,26
U01242,6,35,159.5,46.3,18.2,2026-01-14,31,29,31,34,31,30.33,31.2,1.6,7,6,Medium,0,0,0,4,6,7.6,10,6,Moderate,2025,9,0,1,-0.9,-119,0,0,0,0,1,0,0,0,0,0,2026-02-15,32,32
U01243,2,33,160.4,55.3,21.5,2026-01-30,31,33,31,34,32,31.67,32.2,1.17,3,4,Medium,0,0,0,5,5,6.1,6,2,Low,3169,4,0,0,-1.2,58,1,0,0,0,0,0,0,1,0,0,2026-03-02,31,31
U01244,9,36,173.9,65.9,21.8,2026-02-04,30,31,30,31,27,30.33,29.8,1.47,7,7,Medium,0,0,1,9,7,6.2,9,2,Low,5697,1,0,0,-1.2,264,0,0,0,1,0,0,0,0,0,0,2026-03-07,31,31
U01245,5,35,162.6,57.6,21.8,2026-07-07,32,31,34,30,34,32.33,32.2,1.6,6,5,Medium,0,0,1,10,1,9.2,7,4,Moderate,13512,9,0,0,1.0,-451,0,0,0,1,0,0,0,0,0,0,2026-08-11,35,35
U01246,11,37,167.7,61.3,21.8,2026-03-06,28,26,26,25,29,26.67,26.8,1.47,5,6,Heavy,0,0,0,3,2,7.9,10,3,Low,4842,9,0,0,2.4,-419,0,0,0,0,0,0,0,0,0,0,2026-04-03,28,28
U01247,9,25,157.1,39.5,16.0,2026-03-18,32,33,31,33,33,32.0,32.4,0.8,6,6,Heavy,0,0,1,4,7,7.9,3,0,Moderate,8234,7,0,0,1.5,167,0,0,0,1,0,0,0,0,0,1,2026-04-19,32,32
U01248,12,28,154.6,50.4,21.1,2026-08-15,30,28,29,33,26,29.0,29.2,2.32,6,5,Medium,0,0,0,10,8,5.1,8,3,Moderate,6112,4,1,0,-0.6,-304,0,0,0,0,1,0,0,0,0,1,2026-09-16,32,32
U01249,5,31,153.0,57.1,24.4,2026-06-04,31,31,32,31,30,31.33,31.0,0.63,4,4,Heavy,0,1,0,7,3,7.6,9,5,Low,5646,1,0,0,2.0,-408,0,0,1,0,0,0,0,1,0,0,2026-07-07,33,33
U01250,6,34,159.7,60.4,23.7,2026-08-12,29,30,29,31,32,29.33,30.2,1.17,5,7,Medium,0,0,1,10,7,6.2,7,1,High,6588,9,0,0,-1.7,433,0,1,0,1,0,0,0,0,0,0,2026-09-10,29,29
U01251,4,26,174.1,72.7,24.0,2026-07-29,31,32,33,34,32,32.0,32.4,1.02,5,6,Light,0,0,0,1,4,9.3,6,0,Moderate,7997,1,0,1,-0.8,289,1,0,1,0,0,0,0,0,0,0,2026-08-28,30,30
U01252,10,34,166.5,71.0,25.6,2026-07-16,29,29,30,27,27,29.33,28.4,1.2,3,4,Medium,0,0,0,5,4,6.8,3,1,High,4516,3,0,0,0.8,398,1,1,0,0,0,0,0,0,0,0,2026-08-15,30,30
U01253,11,22,165.5,62.2,22.7,2026-01-19,26,26,24,24,26,25.33,25.2,0.98,6,3,Medium,0,0,0,7,1,8.3,7,4,Moderate,2287,2,0,1,-1.0,33,0,0,0,0,0,0,0,0,0,1,2026-02-14,26,26
U01254,3,24,169.1,69.5,24.3,2026-06-04,33,35,31,37,34,33.0,34.0,2.0,5,4,Light,0,0,0,3,10,5.9,8,4,Moderate,7436,7,0,0,0.2,-124,0,0,0,0,0,0,0,0,0,1,2026-07-08,34,34
U01255,4,33,157.2,57.8,23.4,2026-07-04,29,28,26,30,28,27.67,28.2,1.33,7,6,Medium,0,0,0,7,10,6.8,8,6,Moderate,8459,2,0,0,-1.0,-334,1,1,1,0,0,0,0,0,0,0,2026-08-05,32,32
U01256,3,35,153.6,60.4,25.6,2026-04-10,26,28,28,26,28,27.33,27.2,0.98,4,3,Heavy,0,0,0,2,9,8.6,9,1,Moderate,5912,4,0,0,-1.8,243,0,0,0,0,0,0,0,0,0,0,2026-05-03,23,23
U01257,10,19,154.2,52.8,22.2,2026-01-02,28,30,31,28,25,29.67,28.4,2.06,6,7,Medium,0,0,0,5,6,6.6,8,6,Low,10900,6,0,0,-1.2,-54,0,0,0,0,0,0,0,1,0,0,2026-01-28,26,26
U01258,10,40,157.6,59.6,24.0,2026-03-05,33,35,33,34,33,33.67,33.6,0.8,6,6,Medium,0,1,0,8,4,5.6,6,2,High,9435,2,0,0,2.6,333,0,0,0,0,0,0,0,0,0,0,2026-04-07,33,33
U01259,11,36,151.1,67.4,29.5,2026-05-02,28,30,25,31,26,27.67,28.0,2.28,7,3,Heavy,1,0,0,2,7,7.3,3,4,Moderate,11586,5,0,0,1.4,-467,0,0,0,0,0,0,0,1,0,0,2026-05-30,28,28
U01260,6,26,155.4,61.1,25.3,2026-06-17,32,30,32,32,33,31.33,31.8,0.98,6,5,Medium,0,0,0,3,2,8.1,9,2,Moderate,13839,4,0,0,0.8,71,0,0,1,0,0,0,0,0,0,0,2026-07-18,31,31
U01261,11,32,156.0,53.1,21.8,2026-07-19,28,28,26,27,27,27.33,27.2,0.75,5,7,Medium,0,0,0,8,7,7.9,8,1,Moderate,5574,2,0,1,0.0,-222,0,0,0,0,0,0,0,0,0,0,2026-08-17,29,29
U01262,5,24,171.1,53.3,18.2,2026-02-21,27,29,25,24,27,27.0,26.4,1.74,5,3,Light,1,1,0,7,3,6.3,10,2,Low,10884,8,0,0,0.3,415,0,0,0,0,0,0,0,0,0,0,2026-03-21,28,28
U01263,2,20,168.6,56.6,19.9,2026-05-19,27,24,28,27,26,26.33,26.4,1.36,5,7,Heavy,0,0,0,1,1,6.7,4,2,Moderate,9454,7,0,1,-0.9,-211,0,0,0,0,0,0,0,1,0,0,2026-06-15,27,27
U01264,9,31,148.5,44.8,20.3,2026-04-28,30,30,31,31,30,30.33,30.4,0.49,3,6,Medium,1,0,0,10,4,8.1,6,2,Low,10515,10,0,0,-1.7,-672,0,1,1,0,0,0,0,0,0,0,2026-05-30,32,32
U01265,11,38,159.8,50.1,19.6,2026-05-16,29,31,30,27,30,30.0,29.4,1.36,4,5,Medium,0,0,0,6,6,7.1,8,0,High,10561,10,0,0,1.0,350,1,0,0,0,0,0,0,0,0,0,2026-06-12,27,27
U01266,11,38,163.6,72.5,27.1,2026-06-23,28,30,27,26,28,28.33,27.8,1.33,7,3,Heavy,0,0,0,10,6,10.0,6,3,Moderate,2244,7,0,0,-1.2,-440,0,0,0,0,0,0,0,0,0,0,2026-07-24,31,31
U01267,8,19,156.0,60.6,24.9,2026-07-19,32,32,31,32,33,31.67,32.0,0.63,3,3,Medium,0,0,0,4,10,8.0,1,0,Moderate,6487,8,1,0,-1.4,-135,0,0,0,0,0,0,0,0,0,0,2026-08-18,30,30
U01268,3,31,162.0,54.1,20.6,2026-04-11,26,26,25,24,28,25.67,25.8,1.33,6,4,Heavy,0,0,0,3,1,7.0,2,7,High,12095,4,0,0,-0.5,-220,0,0,0,0,0,0,0,0,0,1,2026-05-04,23,23
U01269,9,19,161.9,62.9,24.0,2026-01-13,31,30,32,34,29,31.0,31.2,1.72,7,5,Light,1,0,0,4,9,6.5,6,5,Moderate,10482,10,0,0,0.7,-460,0,0,0,0,0,0,0,0,0,0,2026-02-11,29,29
U01270,8,40,162.6,71.9,27.2,2026-04-17,28,26,31,31,28,28.33,28.8,1.94,6,7,Medium,0,0,0,5,2,8.0,10,3,Moderate,3405,7,0,0,1.2,272,0,0,0,0,0,0,0,0,0,0,2026-05-14,27,27
U01271,7,27,166.0,56.5,20.5,2026-06-04,29,29,24,28,30,27.33,28.0,2.1,3,4,Medium,0,0,0,2,4,7.2,5,0,Moderate,12464,1,0,0,-2.1,-345,0,0,0,0,0,0,0,0,0,1,2026-07-04,30,30
U01272,10,39,157.2,46.7,18.9,2026-06-28,29,31,29,29,31,29.67,29.8,0.98,6,4,Medium,0,0,0,10,3,8.5,5,3,Moderate,7236,10,0,0,1.1,-683,1,0,0,0,0,0,1,0,0,0,2026-07-29,31,31
U01273,3,29,167.2,71.0,25.4,2026-03-21,31,31,33,34,30,31.67,31.8,1.47,6,3,Medium,0,0,0,1,5,7.4,7,4,High,2526,1,0,0,0.4,-266,0,0,1,0,0,0,1,1,0,0,2026-04-18,28,28
U01274,2,34,153.5,40.1,17.0,2026-04-25,29,27,31,27,30,29.0,28.8,1.6,5,6,Medium,0,0,0,2,3,6.7,10,3,High,9259,10,0,0,1.0,443,0,0,0,0,0,0,0,1,0,0,2026-05-23,28,28
U01275,6,18,164.9,50.8,18.7,2026-04-19,25,25,26,23,25,25.33,24.8,0.98,7,4,Heavy,0,0,0,1,8,7.4,9,6,High,13323,2,0,0,0.1,42,0,0,0,0,0,1,0,0,0,0,2026-05-13,24,24
U01276,7,34,163.0,42.5,16.0,2026-06-04,32,31,35,34,35,32.67,33.4,1.62,4,6,Medium,0,0,0,8,4,6.3,3,5,Low,5972,9,0,0,-0.9,-256,0,0,1,0,0,0,0,1,0,0,2026-07-07,33,33
U01277,10,31,149.8,41.5,18.5,2026-04-05,31,34,31,34,28,32.0,31.6,2.24,7,3,Medium,0,1,0,9,10,6.0,9,6,Moderate,12813,10,1,0,0.8,-388,0,0,1,0,0,0,0,0,0,0,2026-05-06,31,31
U01278,6,22,168.4,66.9,23.6,2026-08-18,35,35,32,37,33,34.0,34.4,1.74,3,3,Light,0,0,0,9,3,5.6,8,6,Moderate,4675,3,0,0,0.2,82,0,0,0,0,0,1,0,1,0,0,2026-09-20,33,33
U01279,8,28,145.0,52.6,25.0,2026-02-19,26,24,25,26,25,25.0,25.2,0.75,6,7,Light,0,0,0,5,6,7.0,7,4,High,6623,7,0,0,-1.2,-147,0,1,0,0,0,0,0,0,0,0,2026-03-16,25,25
U01280,5,25,163.9,50.0,18.6,2026-06-12,26,28,28,25,24,27.33,26.2,1.6,3,6,Light,1,0,0,5,8,7.0,6,6,Low,4883,5,0,0,-0.5,324,0,1,0,0,0,0,0,0,0,0,2026-07-10,28,28
U01281,6,18,167.2,63.5,22.7,2026-01-17,30,32,31,30,29,31.0,30.4,1.02,3,4,Heavy,0,0,0,10,10,7.5,5,3,Moderate,11366,9,0,0,0.9,-190,0,1,0,0,0,0,0,0,0,0,2026-02-20,34,34
U01282,10,36,152.2,59.8,25.8,2026-06-21,28,29,27,24,26,28.0,26.8,1.72,6,5,Medium,0,0,0,3,3,7.3,7,6,Low,12235,2,0,0,1.5,-480,0,0,1,0,0,0,0,0,0,0,2026-07-17,26,26
U01283,8,33,145.6,49.2,23.2,2026-04-11,31,30,32,31,31,31.0,31.0,0.63,7,5,Medium,0,0,0,9,6,5.7,8,5,High,9280,10,0,1,0.2,-634,0,0,0,0,0,0,0,0,0,1,2026-05-15,34,34
U01284,11,27,150.9,56.0,24.6,2026-03-23,34,34,33,35,37,33.67,34.6,1.36,3,6,Medium,0,0,0,8,4,8.0,9,6,Moderate,9538,1,1,0,1.3,-67,0,1,0,0,1,0,0,0,1,0,2026-04-28,36,36
U01285,4,25,175.3,73.1,23.8,2026-07-24,34,35,33,32,32,34.0,33.2,1.17,7,6,Medium,0,0,1,6,1,8.3,6,5,Low,12497,6,1,0,-0.0,-267,0,0,0,1,0,0,0,0,0,0,2026-08-28,35,35
U01286,2,23,158.7,60.7,24.1,2026-03-29,29,27,34,30,26,30.0,29.2,2.79,3,6,Medium,0,0,0,9,5,5.6,1,6,Low,12651,2,0,0,-0.2,-89,0,1,0,0,0,0,0,0,0,0,2026-04-28,30,30
U01287,8,35,164.3,59.9,22.2,2026-02-01,30,29,32,28,30,30.33,29.8,1.33,3,4,Heavy,0,0,0,6,6,7.2,8,7,Moderate,2806,5,0,0,-0.0,-601,0,0,0,0,0,0,0,0,0,0,2026-03-04,31,31
U01288,8,19,162.8,70.5,26.6,2026-06-14,31,31,33,30,32,31.67,31.4,1.02,3,7,Heavy,0,0,0,1,3,7.9,2,7,Low,6719,5,0,1,1.8,439,1,0,0,0,0,1,0,0,0,0,2026-07-14,30,30
U01289,7,29,160.5,64.7,25.1,2026-08-20,26,26,25,28,29,25.67,26.8,1.47,5,4,Medium,0,0,0,8,4,6.7,7,3,Moderate,10554,2,0,0,1.5,-424,0,0,0,0,0,0,0,0,0,0,2026-09-15,26,26
U01290,9,23,162.5,58.9,22.3,2026-02-04,33,33,34,36,30,33.33,33.2,1.94,3,6,Light,0,0,0,5,2,7.3,1,7,Moderate,9440,10,0,0,0.5,409,1,1,0,0,0,0,1,0,0,1,2026-03-12,36,36
U01291,5,19,162.6,54.5,20.6,2026-07-20,34,36,34,34,35,34.67,34.6,0.8,3,5,Medium,0,0,0,10,9,5.8,9,0,Low,6727,10,0,0,0.2,71,1,0,0,0,0,0,0,0,0,0,2026-08-22,33,33
U01292,6,31,163.5,65.0,24.3,2026-03-03,31,28,29,32,33,29.33,30.6,1.85,7,5,Medium,0,0,0,5,4,5.1,6,3,High,10837,3,0,0,2.4,284,0,0,1,0,0,0,0,0,0,0,2026-04-05,33,33
U01293,10,24,157.3,45.3,18.3,2026-02-23,36,35,39,37,36,36.67,36.6,1.36,7,3,Medium,0,0,0,10,1,6.4,1,1,Moderate,5568,4,0,0,-0.4,-475,0,0,0,0,0,0,0,0,1,0,2026-04-05,41,41
U01294,4,39,160.3,57.8,22.5,2026-06-27,35,35,29,36,37,33.0,34.4,2.8,3,7,Medium,1,0,0,4,7,8.3,2,6,High,4496,4,0,1,-2.4,-538,1,0,1,0,0,0,0,1,1,0,2026-07-30,33,33
U01295,9,34,165.1,58.6,21.5,2026-05-21,26,24,26,26,26,25.33,25.6,0.8,6,5,Medium,0,0,0,2,1,8.0,2,4,Moderate,3136,9,0,0,-1.3,-160,1,0,1,0,1,0,0,0,0,0,2026-06-17,27,27
U01296,8,27,155.7,50.4,20.8,2026-02-10,36,37,39,35,38,37.33,37.0,1.41,6,4,Medium,0,0,1,4,6,5.6,10,4,Moderate,8092,6,0,0,-0.1,-684,1,0,1,1,0,0,0,0,0,0,2026-03-18,36,36
U01297,10,40,147.4,51.1,23.5,2026-02-09,34,33,35,35,34,34.0,34.2,0.75,6,6,Medium,1,0,0,6,2,5.0,1,7,Moderate,7464,2,0,0,0.3,-48,0,0,0,0,1,0,0,0,0,0,2026-03-17,36,36
U01298,5,36,161.6,68.9,26.4,2026-07-15,33,31,35,35,35,33.0,33.8,1.6,6,3,Heavy,0,0,0,10,10,6.5,4,6,Low,3516,4,0,0,1.0,-580,0,0,1,0,0,0,0,0,0,0,2026-08-20,36,36
U01299,4,29,147.0,54.5,25.2,2026-08-18,26,25,26,26,27,25.67,26.0,0.63,5,5,Light,0,0,0,4,8,6.9,3,1,Low,4317,1,0,0,-1.9,265,0,0,1,0,0,0,0,1,0,0,2026-09-11,24,24
U01300,2,20,165.2,63.3,23.2,2026-03-07,31,30,33,31,30,31.33,31.0,1.1,4,5,Medium,0,0,0,6,8,7.2,9,7,Moderate,8073,8,0,0,-1.0,69,0,1,0,0,0,0,0,0,0,0,2026-04-07,31,31
U01301,2,19,157.5,44.9,18.1,2026-03-15,34,35,33,31,35,34.0,33.6,1.5,5,6,Medium,0,0,0,6,2,6.8,5,3,Low,12747,5,1,0,-1.6,-693,1,0,0,0,0,0,0,0,1,1,2026-04-17,33,33
U01302,6,36,159.1,46.3,18.3,2026-01-09,30,32,32,31,30,31.33,31.0,0.89,5,3,Medium,0,0,0,8,1,7.3,3,4,Low,4903,7,0,0,0.7,-181,0,0,0,0,0,0,1,0,0,0,2026-02-10,32,32
U01303,7,28,164.1,58.4,21.7,2026-04-23,26,27,25,27,23,26.0,25.6,1.5,7,7,Medium,0,1,0,2,10,4.6,8,7,Moderate,9928,5,0,0,-1.3,-420,1,0,0,0,0,1,0,0,0,0,2026-05-16,23,23
U01304,9,39,156.8,56.3,22.9,2026-08-25,33,33,33,33,32,33.0,32.8,0.4,5,4,Heavy,0,0,0,8,8,9.0,4,7,Moderate,2049,7,0,0,2.2,-410,1,0,0,0,0,0,0,0,0,0,2026-09-25,31,31
U01305,4,29,147.4,54.1,24.9,2026-03-01,31,29,30,32,32,30.0,30.8,1.17,5,4,Medium,0,0,0,10,8,6.7,8,2,High,9299,7,1,1,-0.9,254,0,0,1,0,0,0,0,1,0,0,2026-04-02,32,32
U01306,8,29,163.7,60.0,22.4,2026-02-20,25,26,27,26,26,26.0,26.0,0.63,6,4,Medium,0,0,0,8,3,8.0,7,1,Moderate,12837,4,0,0,1.2,66,1,0,0,0,0,0,0,0,0,0,2026-03-18,26,26
U01307,10,36,170.2,63.4,21.9,2026-02-05,31,31,32,32,30,31.33,31.2,0.75,6,5,Heavy,0,0,0,9,8,7.1,5,4,Low,9600,2,0,0,1.9,-82,0,0,1,0,0,0,0,0,0,0,2026-03-09,32,32
U01308,8,28,171.4,63.2,21.5,2026-02-10,30,29,31,31,29,30.0,30.0,0.89,5,3,Light,0,0,0,7,4,7.7,4,1,Moderate,3380,1,0,0,-0.7,436,0,0,0,0,0,0,0,0,0,0,2026-03-12,30,30
U01309,5,29,160.7,58.4,22.6,2026-08-27,29,28,30,26,26,29.0,27.8,1.6,4,5,Medium,1,0,1,1,1,7.6,3,3,Low,2217,7,0,0,0.3,-199,1,0,1,1,0,0,0,0,0,0,2026-09-25,29,29
U01310,12,38,154.8,51.0,21.3,2026-08-08,31,33,33,32,30,32.33,31.8,1.17,4,3,Medium,0,0,0,3,4,7.4,8,0,Low,3741,10,0,0,-2.3,-103,1,1,0,0,0,0,0,0,0,0,2026-09-07,30,30
U01311,10,23,164.0,60.8,22.6,2026-05-21,24,25,21,27,25,23.33,24.4,1.96,7,5,Medium,0,0,0,1,8,6.5,8,1,High,5133,10,0,0,0.6,448,0,0,0,0,0,0,0,1,0,0,2026-06-12,22,22
U01312,3,23,147.5,54.6,25.1,2026-01-07,24,23,24,23,24,23.67,23.6,0.49,7,7,Medium,0,0,0,7,5,7.9,5,0,Low,13176,2,0,0,-0.5,212,0,0,1,0,0,0,0,0,0,0,2026-02-01,25,25
U01313,6,39,169.8,57.7,20.0,2026-06-18,27,25,30,26,29,27.33,27.4,1.85,7,3,Medium,0,0,0,6,6,7.6,7,2,Low,7427,2,0,0,-0.6,-515,0,0,0,0,0,0,0,0,0,0,2026-07-17,29,29
U01314,9,39,150.7,51.3,22.6,2026-07-02,27,25,26,28,28,26.0,26.8,1.17,5,6,Light,1,0,0,4,9,5.5,1,1,Low,3542,1,0,0,-1.6,61,0,0,1,0,0,0,0,1,0,0,2026-07-28,26,26
U01315,5,40,155.2,52.8,21.9,2026-04-12,27,24,27,26,30,26.0,26.8,1.94,4,6,Medium,0,1,0,5,8,8.6,1,0,Low,13917,3,0,0,-0.4,414,0,1,0,0,0,0,0,0,0,0,2026-05-12,30,30
U01316,12,39,167.6,68.5,24.4,2026-01-14,39,38,38,38,37,38.33,38.0,0.63,5,3,Heavy,1,0,1,9,4,6.7,5,2,High,4212,5,0,0,0.6,-462,0,1,0,1,0,0,0,1,0,1,2026-02-24,41,41
U01317,10,18,155.4,50.0,20.7,2026-02-09,38,38,36,36,38,37.33,37.2,0.98,3,3,Medium,0,1,1,8,7,5.1,7,5,Moderate,10804,7,0,0,-0.4,-44,0,1,0,1,0,0,0,0,0,0,2026-03-19,38,38
U01318,2,40,165.3,51.6,18.9,2026-01-21,29,29,28,31,30,28.67,29.4,1.02,5,7,Medium,1,0,0,6,6,6.1,4,0,Low,9693,5,0,0,2.0,327,0,1,0,0,0,0,0,0,0,0,2026-02-21,31,31
U01319,10,21,160.5,41.7,16.2,2026-07-09,36,35,33,34,37,34.67,35.0,1.41,5,4,Medium,0,0,0,10,9,6.1,9,6,Moderate,8103,7,0,0,0.3,210,1,1,0,0,1,0,0,0,1,0,2026-08-13,35,35
U01320,2,38,148.9,60.7,27.4,2026-04-19,28,31,29,29,31,29.33,29.6,1.2,7,6,Heavy,0,0,0,1,8,6.4,8,0,Moderate,12175,1,0,0,-0.9,-401,0,0,0,0,0,0,0,0,0,0,2026-05-16,27,27
U01321,2,33,155.0,44.4,18.5,2026-02-12,31,29,33,35,32,31.0,32.0,2.0,4,7,Medium,0,0,1,5,7,7.6,4,2,Moderate,7528,10,0,0,0.8,86,0,1,0,1,0,0,0,0,0,0,2026-03-14,30,30
U01322,9,30,150.8,53.7,23.6,2026-04-28,27,27,27,27,26,27.0,26.8,0.4,4,5,Medium,0,0,0,10,9,7.0,3,3,Low,6470,1,0,0,2.3,385,0,0,0,0,0,0,0,1,0,0,2026-05-25,27,27
U01323,6,28,163.3,53.9,20.2,2026-04-22,31,33,34,29,32,32.67,31.8,1.72,4,5,Medium,0,0,0,5,5,6.8,7,0,Moderate,11413,5,0,0,-0.3,-76,0,1,0,0,0,0,0,1,0,1,2026-05-19,27,27
U01324,3,33,175.3,80.8,26.3,2026-07-05,29,29,28,28,28,28.67,28.4,0.49,6,4,Medium,0,0,0,1,9,7.6,8,4,Moderate,3134,3,0,0,-0.5,-140,0,1,0,0,0,0,1,0,0,0,2026-08-03,29,29
U01325,10,33,169.0,80.5,28.2,2026-04-26,29,28,28,26,31,28.33,28.4,1.62,6,4,Light,0,0,0,5,8,5.8,6,4,High,5752,2,0,1,-0.9,-484,0,0,0,0,0,0,0,0,0,0,2026-05-23,27,27
U01326,3,30,162.3,62.7,23.8,2026-07-31,27,25,29,31,26,27.0,27.6,2.15,4,3,Light,0,0,0,9,4,7.4,10,2,Moderate,8346,7,0,0,0.6,-403,0,0,0,0,0,0,0,1,0,0,2026-08-30,30,30
U01327,12,19,163.3,65.1,24.4,2026-05-24,30,28,33,31,30,30.33,30.4,1.62,6,6,Medium,0,0,0,7,8,7.1,2,1,Low,11325,4,0,0,-0.5,-128,0,0,0,0,0,1,0,0,0,0,2026-06-26,33,33
U01328,12,24,158.3,59.6,23.8,2026-08-25,30,30,32,31,32,30.67,31.0,0.89,3,6,Light,0,1,0,7,3,5.4,6,1,Moderate,6969,9,0,0,-1.7,-260,0,0,0,0,0,0,0,0,0,0,2026-09-27,33,33
U01329,10,22,161.4,41.7,16.0,2026-06-15,32,31,31,32,32,31.33,31.6,0.49,5,4,Medium,0,0,0,3,8,7.3,10,5,Low,3282,9,1,0,1.1,475,0,0,1,0,1,0,0,0,0,0,2026-07-15,30,30
U01330,10,40,155.6,54.7,22.6,2026-04-03,28,28,30,30,26,28.67,28.4,1.5,6,4,Medium,0,0,0,5,6,6.7,10,1,Moderate,8532,6,0,0,1.1,-620,0,1,0,0,0,0,0,0,0,0,2026-05-01,28,28
U01331,7,37,158.9,60.6,24.0,2026-01-13,29,29,31,27,29,29.67,29.0,1.26,6,3,Medium,0,0,0,10,3,6.6,8,0,Moderate,3919,1,0,1,-0.7,-424,1,0,0,0,0,0,0,0,0,0,2026-02-14,32,32
U01332,12,18,158.9,64.1,25.4,2026-02-27,32,29,33,30,29,31.33,30.6,1.62,6,7,Medium,0,0,0,2,8,7.0,4,0,Low,5172,7,0,0,1.3,-171,0,0,0,0,0,0,1,0,0,0,2026-03-31,32,32
U01333,11,32,159.6,55.5,21.8,2026-08-21,29,31,27,25,26,29.0,27.6,2.15,3,3,Medium,0,0,0,5,2,10.0,8,1,Moderate,9397,6,0,0,0.3,485,0,1,0,0,0,1,0,0,0,1,2026-09-18,28,28
U01334,6,23,169.7,63.9,22.2,2026-06-19,33,31,31,32,34,31.67,32.2,1.17,6,6,Light,0,0,0,10,8,8.7,1,3,Low,4756,7,0,0,0.4,-616,1,0,0,0,0,0,0,0,0,0,2026-07-17,28,28
U01335,6,29,158.6,60.1,23.9,2026-04-12,28,28,28,27,31,28.0,28.4,1.36,6,5,Heavy,0,0,1,1,7,6.4,2,6,Moderate,4674,6,0,1,-1.9,-412,1,0,0,1,0,0,0,0,0,0,2026-05-08,26,26
U01336,4,39,167.4,65.9,23.5,2026-06-25,26,25,23,27,29,24.67,26.0,2.0,3,5,Heavy,0,0,0,4,3,8.1,7,2,Low,2484,8,0,0,0.7,-272,0,0,0,0,0,0,0,0,0,0,2026-07-23,28,28
U01337,8,31,160.5,68.3,26.5,2026-06-17,28,29,26,27,30,27.67,28.0,1.41,3,7,Medium,1,0,0,7,1,8.1,8,4,High,3484,6,0,0,-0.9,-296,0,1,0,0,0,0,0,0,0,0,2026-07-16,29,29
U01338,8,39,159.4,59.5,23.4,2026-04-03,28,27,27,26,26,27.33,26.8,0.75,5,4,Medium,0,0,0,8,2,9.1,2,7,Moderate,12062,3,0,0,1.1,-553,0,0,1,0,0,0,0,0,0,0,2026-05-01,28,28
U01339,6,25,160.6,69.6,27.0,2026-08-06,34,33,31,33,32,32.67,32.6,1.02,7,6,Medium,0,0,0,1,6,5.7,3,7,Moderate,12844,4,0,0,-0.1,180,0,0,0,0,0,0,0,0,0,1,2026-09-08,33,33
U01340,3,24,170.4,61.0,21.0,2026-08-26,30,32,28,29,30,30.0,29.8,1.33,3,4,Medium,0,0,0,10,2,8.5,1,7,Moderate,6500,7,0,0,-1.9,-647,0,1,1,0,0,0,0,1,0,0,2026-09-24,29,29
U01341,4,37,164.2,63.6,23.6,2026-03-21,29,32,28,28,31,29.67,29.6,1.62,6,6,Heavy,0,0,0,1,8,5.4,8,5,Moderate,6258,1,1,1,1.7,179,0,0,0,0,0,0,0,0,0,1,2026-04-16,26,26
U01342,9,40,159.7,86.7,34.0,2026-06-20,29,27,28,29,33,28.0,29.2,2.04,4,4,Medium,0,0,0,5,8,7.2,8,0,High,5058,7,0,1,-0.3,99,0,1,0,0,0,0,0,0,0,0,2026-07-22,32,32
U01343,5,33,164.0,68.3,25.4,2026-01-24,25,22,20,23,23,22.33,22.6,1.62,6,3,Medium,0,0,0,1,10,6.7,1,4,Moderate,3003,1,0,0,1.8,-235,0,0,0,0,0,0,0,0,0,0,2026-02-19,26,26
U01344,9,36,165.1,56.7,20.8,2026-04-22,28,30,26,28,25,28.0,27.4,1.74,6,7,Medium,0,0,1,6,1,7.1,2,6,Moderate,7632,1,0,0,-1.0,-3,0,0,0,1,0,0,0,0,0,0,2026-05-18,26,26
U01345,5,27,153.6,64.6,27.4,2026-01-03,28,28,28,24,27,28.0,27.0,1.55,3,7,Light,0,0,0,7,9,8.0,2,5,Moderate,10920,9,1,0,0.9,-670,0,0,1,0,0,0,0,0,0,0,2026-02-03,31,31
U01346,7,35,154.0,50.3,21.2,2026-03-18,29,28,27,28,31,28.0,28.6,1.36,7,6,Medium,0,1,0,7,5,8.4,1,4,High,6866,9,1,0,1.2,252,0,0,0,0,0,0,0,0,0,0,2026-04-17,30,30
U01347,11,22,158.9,52.3,20.7,2026-01-12,34,37,37,32,34,36.0,34.8,1.94,7,4,Medium,0,0,0,8,3,9.3,2,6,High,6649,8,0,0,-1.2,205,0,0,0,0,0,0,0,0,0,0,2026-02-16,35,35
U01348,4,31,156.1,69.0,28.3,2026-04-07,29,28,26,27,25,27.67,27.0,1.41,4,6,Medium,0,0,0,9,4,8.7,2,5,Moderate,11361,6,0,0,0.7,-238,0,0,0,0,0,0,0,0,0,0,2026-05-06,29,29
U01349,3,35,151.5,55.5,24.2,2026-05-14,26,27,26,25,25,26.33,25.8,0.75,7,3,Light,0,0,0,1,3,6.3,5,0,Low,11200,1,0,0,-1.7,254,0,0,1,0,0,0,0,0,0,0,2026-06-06,23,23
U01350,3,27,159.6,59.4,23.3,2026-05-28,32,30,29,35,32,30.33,31.6,2.06,7,4,Medium,0,0,0,6,8,6.9,2,5,Moderate,8326,1,0,0,0.7,29,0,1,1,0,0,0,0,0,0,0,2026-06-30,33,33
U01351,3,24,150.3,61.4,27.2,2026-02-04,27,23,29,29,26,26.33,26.8,2.23,5,3,Medium,0,0,0,10,10,8.0,8,7,Moderate,12503,5,0,0,-0.0,-67,0,0,0,0,0,0,0,0,0,0,2026-03-09,33,33
U01352,6,18,163.2,49.0,18.4,2026-08-02,36,33,31,39,32,33.33,34.2,2.93,4,5,Medium,0,1,0,6,10,5.7,2,2,Moderate,11665,5,1,0,-1.0,332,0,0,0,0,1,0,0,1,0,0,2026-09-08,37,37
U01353,3,28,166.2,56.3,20.4,2026-01-23,31,31,31,31,38,31.0,32.4,2.8,3,4,Medium,0,0,0,4,1,5.7,10,1,Moderate,8975,6,0,0,-0.3,-648,0,0,0,0,0,0,0,1,0,0,2026-02-21,29,29
U01354,6,26,155.3,56.4,23.4,2026-04-06,30,29,30,31,32,29.67,30.4,1.02,6,7,Medium,0,0,0,10,10,7.5,4,0,High,7430,9,0,1,0.4,-406,0,1,0,0,0,0,0,0,0,0,2026-05-07,31,31
U01355,4,33,170.0,69.1,23.9,2026-04-09,33,33,30,31,36,32.0,32.6,2.06,4,7,Medium,0,0,0,6,7,6.5,10,6,High,8954,5,0,0,0.6,285,0,1,0,0,0,0,0,0,0,0,2026-05-13,34,34
U01356,8,26,167.7,58.8,20.9,2026-07-19,28,27,30,29,29,28.33,28.6,1.02,5,7,Light,0,0,0,1,4,7.2,5,0,Moderate,7979,1,0,0,-1.2,-379,0,1,0,0,0,0,0,0,0,0,2026-08-14,26,26
U01357,3,34,161.6,49.6,19.0,2026-06-25,32,32,33,30,31,32.33,31.6,1.02,6,7,Medium,0,0,0,8,8,7.9,10,6,Low,7114,3,0,0,0.6,487,0,0,0,0,0,0,0,0,0,0,2026-07-30,35,35
U01358,9,19,159.5,55.5,21.8,2026-07-05,28,30,29,28,26,29.0,28.2,1.33,6,5,Heavy,0,0,0,6,8,7.3,5,4,Moderate,2970,6,1,0,-0.3,499,0,0,0,0,0,0,0,0,0,1,2026-08-03,29,29
U01359,7,40,169.4,66.3,23.1,2026-03-15,29,28,32,25,28,29.67,28.4,2.24,5,6,Medium,0,0,0,2,3,5.7,8,4,High,10098,2,0,0,0.9,-678,0,0,0,0,0,0,0,0,0,0,2026-04-11,27,27
U01360,10,19,172.9,50.2,16.8,2026-06-13,29,32,30,31,27,30.33,29.8,1.72,3,7,Medium,0,0,0,5,10,5.6,2,7,High,13462,4,0,0,-0.1,-438,0,1,0,0,0,0,0,0,0,0,2026-07-13,30,30
U01361,5,26,174.0,69.0,22.8,2026-06-13,33,34,31,35,35,32.67,33.6,1.5,3,7,Medium,0,0,0,7,9,6.3,3,1,Moderate,7734,3,0,0,-0.2,-476,0,0,0,0,0,0,0,0,0,0,2026-07-14,31,31
U01362,7,24,165.7,71.4,26.0,2026-05-04,28,25,26,29,26,26.33,26.8,1.47,4,5,Light,0,0,0,9,6,7.4,9,0,Moderate,7217,7,0,0,-0.6,-217,1,1,0,0,0,0,0,0,0,0,2026-06-03,30,30
U01363,8,36,147.0,57.3,26.5,2026-07-08,28,28,28,28,29,28.0,28.2,0.4,4,4,Medium,1,0,0,5,4,7.7,1,3,Moderate,9643,9,0,0,-0.7,-176,0,0,1,0,0,0,0,0,1,0,2026-08-03,26,26
U01364,2,29,149.1,54.0,24.3,2026-05-27,32,30,31,30,32,31.0,31.0,0.89,6,3,Medium,0,0,0,3,1,6.3,2,3,Low,2656,4,0,0,-0.0,76,0,0,1,0,0,0,0,0,0,0,2026-06-30,34,34
U01365,11,35,165.0,60.4,22.2,2026-03-02,30,28,31,29,27,29.67,29.0,1.41,4,4,Medium,0,0,0,10,3,5.0,3,3,Moderate,13864,7,0,0,0.6,480,0,0,0,0,0,0,0,0,0,0,2026-04-03,32,32
U01366,10,35,160.4,61.7,24.0,2026-06-21,30,31,28,30,30,29.67,29.8,0.98,6,3,Light,0,0,0,8,4,5.5,1,7,Moderate,4867,6,0,0,-1.1,224,0,0,0,0,0,0,1,0,0,0,2026-07-22,31,31
U01367,3,32,154.3,54.0,22.7,2026-02-01,26,24,27,27,28,25.67,26.4,1.36,5,4,Light,1,0,0,3,1,7.4,9,1,High,11150,2,0,0,-1.8,-391,0,0,0,0,0,0,0,0,0,0,2026-02-24,23,23
U01368,8,31,169.6,66.2,23.0,2026-04-18,43,41,43,45,45,42.33,43.4,1.5,7,4,Medium,0,0,1,2,6,8.5,10,6,Moderate,10080,8,0,0,-0.2,83,0,1,0,1,0,0,0,0,0,0,2026-05-31,43,43
U01369,4,29,153.1,45.2,19.3,2026-07-06,32,31,30,33,34,31.0,32.0,1.41,4,5,Medium,0,0,0,4,4,7.3,5,3,Moderate,12517,3,0,0,1.4,-430,0,1,1,0,0,0,0,1,0,1,2026-08-10,35,35
U01370,12,30,169.9,55.1,19.1,2026-07-02,27,26,28,24,27,27.0,26.4,1.36,6,6,Light,0,0,0,10,4,7.2,5,3,Moderate,4546,3,1,1,0.5,203,0,0,0,0,0,0,0,0,0,0,2026-07-28,26,26
U01371,11,35,153.4,37.7,16.0,2026-06-25,30,31,30,29,30,30.33,30.0,0.63,3,5,Medium,0,0,0,3,2,8.1,10,1,Moderate,5497,6,0,0,-0.7,-461,0,0,0,0,0,0,0,0,0,0,2026-07-22,27,27
U01372,12,36,155.3,57.2,23.7,2026-07-19,26,28,26,24,27,26.67,26.2,1.33,4,5,Medium,0,0,0,2,1,7.0,8,4,Moderate,12690,1,0,0,2.5,19,0,0,0,0,0,0,1,0,0,1,2026-08-15,27,27
U01373,9,28,154.7,53.1,22.2,2026-08-26,29,28,27,27,28,28.0,27.8,0.75,5,7,Light,0,0,0,10,4,6.1,4,7,Moderate,11001,6,1,0,-0.8,125,0,1,1,0,0,0,0,0,0,0,2026-09-26,31,31
U01374,11,37,162.2,51.6,19.6,2026-08-18,31,28,33,33,31,30.67,31.2,1.83,3,3,Heavy,0,0,0,4,7,7.8,8,5,Low,10708,6,1,0,-0.3,-1,0,1,1,0,1,0,0,0,0,1,2026-09-15,28,28
U01375,11,18,169.7,59.0,20.5,2026-05-21,28,28,26,30,29,27.33,28.2,1.33,6,6,Medium,1,0,0,2,7,6.6,1,2,Moderate,5032,3,0,0,0.5,93,0,0,0,0,0,0,0,0,0,1,2026-06-17,27,27
U01376,4,28,160.9,77.9,30.1,2026-05-05,31,32,31,28,27,31.33,29.8,1.94,5,6,Medium,0,0,0,9,5,7.5,1,3,High,11304,4,0,0,0.0,-548,1,0,0,0,0,0,0,0,0,0,2026-06-07,33,33
U01377,7,33,159.2,41.6,16.4,2026-08-02,26,26,30,26,27,27.33,27.0,1.55,5,5,Medium,0,0,0,6,7,8.0,6,4,Moderate,8930,4,1,0,0.2,377,0,0,0,0,0,0,0,0,0,0,2026-08-26,24,24
U01378,3,31,162.1,67.5,25.7,2026-01-29,28,28,31,28,30,29.0,29.0,1.26,5,6,Medium,0,0,0,9,2,6.5,2,5,Moderate,11584,1,0,0,0.5,-44,0,0,0,0,0,0,0,0,0,0,2026-02-26,28,28
U01379,10,27,161.1,57.9,22.3,2026-03-23,33,32,34,31,31,33.0,32.2,1.17,4,5,Medium,0,0,0,4,6,8.1,10,5,Moderate,13982,3,0,0,2.2,151,0,1,1,0,0,0,0,0,0,0,2026-04-22,30,30
U01380,2,39,168.6,60.3,21.2,2026-02-18,28,29,26,26,30,27.67,27.8,1.6,3,6,Light,0,0,0,2,10,7.3,3,5,Moderate,2773,6,0,0,0.2,-635,0,0,0,0,0,0,0,0,0,1,2026-03-16,26,26
U01381,3,19,161.4,64.3,24.7,2026-01-18,27,28,25,27,28,26.67,27.0,1.1,4,3,Heavy,1,0,0,6,7,5.2,1,4,High,12839,1,0,0,-0.2,-455,0,0,0,0,0,0,1,0,0,0,2026-02-14,27,27
U01382,7,19,156.1,49.2,20.2,2026-04-22,33,31,33,31,34,32.33,32.4,1.2,4,7,Heavy,0,0,0,7,10,5.0,6,2,Moderate,6909,1,0,0,2.1,-403,0,0,0,0,0,0,0,1,0,0,2026-05-28,36,36
U01383,5,28,151.6,50.3,21.9,2026-05-23,26,25,25,27,27,25.33,26.0,0.89,7,5,Light,0,0,0,3,9,6.6,8,0,Moderate,8084,2,0,0,1.0,458,1,0,0,0,0,0,0,0,0,0,2026-06-17,25,25
U01384,3,32,158.1,59.2,23.7,2026-02-27,30,32,32,30,30,31.33,30.8,0.98,6,7,Heavy,0,0,0,7,4,7.4,3,5,Low,13543,4,0,0,-0.6,393,0,0,1,0,0,0,1,0,0,0,2026-03-28,29,29
U01385,4,27,166.4,59.5,21.5,2026-01-08,36,36,33,33,34,35.0,34.4,1.36,7,5,Medium,0,0,0,5,8,5.7,2,4,High,8201,6,0,0,0.9,99,0,0,1,0,1,0,0,0,0,0,2026-02-13,36,36
U01386,10,35,170.0,59.8,20.7,2026-02-23,29,30,29,29,27,29.33,28.8,0.98,6,4,Medium,0,0,0,5,2,7.6,3,2,Low,6626,1,0,0,0.4,-610,0,0,0,0,0,0,0,0,0,0,2026-03-23,28,28
U01387,10,32,156.1,64.6,26.5,2026-02-17,30,28,32,31,31,30.0,30.4,1.36,6,5,Medium,0,0,0,7,4,6.4,10,0,Low,4893,7,0,1,0.3,-687,1,0,0,0,0,0,0,0,0,1,2026-03-19,30,30
U01388,3,27,163.1,49.7,18.7,2026-04-19,30,31,28,31,32,29.67,30.4,1.36,5,7,Light,0,0,0,9,10,5.6,10,1,Moderate,9842,1,0,0,-0.8,254,0,0,0,0,0,0,0,0,0,0,2026-05-20,31,31
U01389,8,24,172.3,68.0,22.9,2026-07-09,30,32,31,30,29,31.0,30.4,1.02,7,4,Light,0,0,0,2,9,4.4,2,7,Low,13272,9,1,1,0.5,-637,0,0,0,0,0,0,0,0,0,0,2026-08-09,31,31
U01390,4,35,164.7,44.2,16.3,2026-07-16,31,31,31,31,31,31.0,31.0,0.0,4,5,Heavy,0,0,0,8,7,7.9,7,1,Moderate,9201,2,0,0,2.8,-274,0,0,0,0,0,0,0,0,0,0,2026-08-19,34,34
U01391,7,29,145.0,54.9,26.1,2026-01-10,30,30,29,30,31,29.67,30.0,0.63,4,7,Medium,0,0,0,5,1,7.4,1,3,Low,13761,1,0,0,0.0,-509,1,1,0,0,0,0,0,0,0,1,2026-02-09,30,30
U01392,12,37,154.4,47.9,20.1,2026-02-22,30,32,32,27,30,31.33,30.2,1.83,6,7,Medium,0,0,0,7,1,6.1,4,5,Moderate,12191,2,0,1,-0.5,-406,0,1,0,0,0,0,0,1,0,0,2026-03-23,29,29
U01393,11,22,152.6,61.7,26.5,2026-03-08,27,26,26,27,26,26.33,26.4,0.49,4,3,Medium,0,0,0,3,7,6.7,1,2,Low,8670,7,0,0,0.5,342,0,0,0,0,0,0,0,1,0,0,2026-04-06,29,29
U01394,6,35,158.4,44.4,17.7,2026-05-16,32,33,32,34,28,32.33,31.8,2.04,7,7,Heavy,0,0,0,2,8,7.8,9,3,Moderate,10008,4,0,1,-1.7,-680,1,0,0,0,0,0,0,0,0,0,2026-06-15,30,30
U01395,10,34,162.4,76.2,28.9,2026-07-01,32,30,32,37,33,31.33,32.8,2.32,7,6,Medium,0,0,0,6,2,5.9,3,7,High,9238,8,0,1,1.0,-600,1,0,0,0,0,0,0,1,0,0,2026-08-02,32,32
U01396,9,30,158.7,58.9,23.4,2026-05-24,32,31,34,30,31,32.33,31.6,1.36,5,6,Medium,0,0,0,2,9,7.4,1,5,Moderate,4183,1,0,1,0.6,183,1,1,0,0,0,0,0,0,0,0,2026-06-25,32,32
U01397,10,39,157.3,57.2,23.1,2026-05-12,28,31,30,28,29,29.67,29.2,1.17,5,3,Light,0,0,0,1,3,5.4,3,7,High,8893,4,0,0,-1.0,-19,0,0,0,0,0,0,0,0,0,0,2026-06-07,26,26
U01398,4,34,168.2,63.1,22.3,2026-03-03,24,24,24,25,24,24.0,24.2,0.4,5,6,Medium,0,0,0,10,10,6.7,10,5,Moderate,5666,7,0,0,0.0,-667,0,0,1,0,0,0,0,0,0,0,2026-03-30,27,27
U01399,8,39,163.7,78.2,29.2,2026-07-16,25,28,20,26,24,24.33,24.6,2.65,4,3,Medium,1,0,0,1,8,7.5,10,5,Moderate,4897,1,0,0,-0.3,484,0,0,0,0,0,0,0,0,0,0,2026-08-07,22,22
U01400,3,34,151.6,60.0,26.1,2026-01-17,30,31,28,31,30,29.67,30.0,1.1,7,3,Heavy,0,0,0,3,7,7.5,1,0,Low,4421,1,0,0,-0.2,357,0,0,0,0,1,0,0,0,0,0,2026-02-17,31,31
U01401,10,24,154.4,57.9,24.3,2026-03-27,26,24,25,26,26,25.0,25.4,0.8,6,4,Medium,0,1,0,4,10,8.3,6,2,Moderate,13567,4,0,0,-0.4,266,0,0,0,0,0,0,0,0,0,0,2026-04-25,29,29
U01402,3,26,147.6,46.8,21.5,2026-03-13,30,28,28,31,29,28.67,29.2,1.17,4,5,Medium,0,0,0,8,3,7.2,5,7,High,5419,2,0,0,1.6,425,1,1,0,0,0,0,0,0,0,0,2026-04-13,31,31
U01403,9,38,173.9,85.9,28.4,2026-08-09,28,29,25,28,30,27.33,28.0,1.67,6,3,Heavy,0,0,0,9,3,7.6,9,4,Low,11217,2,1,0,-0.8,17,0,0,0,0,0,0,0,1,0,0,2026-09-09,31,31
U01404,7,18,175.0,79.9,26.1,2026-01-21,30,30,33,27,27,31.0,29.4,2.24,5,4,Medium,0,0,0,5,4,7.3,10,0,Low,9306,4,1,0,1.7,275,0,0,0,0,0,0,0,1,0,0,2026-02-19,29,29
U01405,2,39,164.2,67.4,25.0,2026-05-29,33,33,31,34,31,32.33,32.4,1.2,5,6,Medium,0,0,1,4,4,5.8,1,5,Low,5352,10,0,0,-0.5,402,0,0,0,1,0,0,0,0,0,0,2026-07-02,34,34
U01406,12,39,157.0,58.2,23.6,2026-01-13,30,30,28,30,29,29.33,29.4,0.8,3,7,Heavy,0,0,0,7,10,8.1,5,1,Low,7870,10,1,0,-0.8,457,0,0,1,0,0,0,0,0,0,0,2026-02-12,30,30
U01407,7,37,157.6,64.1,25.8,2026-06-15,36,36,36,35,33,36.0,35.2,1.17,6,3,Light,1,0,0,8,8,7.9,1,5,Low,9100,3,1,0,-2.8,151,0,0,0,0,0,0,0,0,0,0,2026-07-22,37,37
U01408,7,28,167.5,63.7,22.7,2026-07-21,29,31,28,30,27,29.33,29.0,1.41,6,4,Medium,0,0,1,4,9,8.5,5,6,Moderate,4180,8,0,0,-0.3,-577,0,0,0,1,0,0,0,0,0,0,2026-08-21,31,31
U01409,4,33,168.2,59.7,21.1,2026-08-28,40,39,38,40,38,39.0,39.0,0.89,5,6,Light,0,0,0,2,4,6.9,2,3,High,2693,8,0,0,-2.4,286,0,0,0,0,1,0,0,0,0,0,2026-10-05,38,38
U01410,8,24,145.0,42.9,20.4,2026-04-05,31,31,29,33,24,30.33,29.6,3.07,6,3,Light,0,1,1,10,8,8.5,10,5,High,7956,10,0,0,0.6,352,1,0,0,0,0,0,0,0,0,1,2026-05-07,32,32
U01411,3,22,171.8,51.4,17.4,2026-05-05,30,28,31,32,28,29.67,29.8,1.6,7,7,Light,0,0,0,6,7,10.0,1,7,High,9826,3,0,0,-1.5,332,0,0,0,0,1,0,0,0,0,0,2026-06-03,29,29
U01412,3,23,160.1,68.7,26.8,2026-01-01,29,29,27,28,26,28.33,27.8,1.17,6,5,Medium,0,0,0,2,4,4.7,10,3,Moderate,6765,5,0,0,0.0,426,0,0,1,0,0,0,0,1,0,0,2026-01-30,29,29
U01413,4,38,168.4,67.5,23.8,2026-07-13,34,32,32,34,31,32.67,32.6,1.2,5,5,Medium,0,0,0,8,4,5.6,4,7,Low,13144,10,0,1,1.4,-325,0,0,1,0,0,0,0,0,0,0,2026-08-20,38,38
U01414,3,27,157.8,39.8,16.0,2026-01-21,25,25,25,26,28,25.0,25.8,1.17,6,4,Light,0,0,0,3,9,7.3,1,5,Moderate,10316,3,0,0,1.5,-447,1,0,0,0,0,0,0,0,0,0,2026-02-15,25,25
U01415,7,34,151.7,44.6,19.4,2026-04-20,31,33,32,28,35,32.0,31.8,2.32,7,6,Medium,0,0,0,6,10,5.5,2,4,Moderate,10273,1,1,0,1.0,-504,0,0,1,0,0,0,0,0,0,0,2026-05-20,30,30
U01416,12,31,154.1,56.5,23.8,2026-04-28,26,26,25,26,29,25.67,26.4,1.36,3,3,Medium,0,0,0,3,9,5.9,5,1,High,2166,9,0,0,0.9,-221,0,0,0,0,0,0,0,0,0,0,2026-05-26,28,28
U01417,10,40,158.5,54.5,21.7,2026-06-20,29,30,29,30,31,29.33,29.8,0.75,3,6,Light,0,0,0,1,10,5.1,2,0,Low,3492,10,0,0,1.3,-406,0,0,0,0,0,0,0,1,1,0,2026-07-16,26,26
U01418,9,29,155.8,42.5,17.5,2026-05-20,27,26,24,32,30,25.67,27.8,2.86,7,7,Medium,0,0,1,2,10,7.3,4,0,Moderate,2973,5,0,0,-0.1,-421,1,0,1,1,0,0,0,0,0,0,2026-06-13,24,24
U01419,8,28,159.8,49.3,19.3,2026-01-28,26,27,26,26,28,26.33,26.6,0.8,5,6,Light,0,0,0,3,7,7.3,2,2,Moderate,9290,8,0,0,0.2,-143,0,0,0,0,0,0,0,1,0,0,2026-02-25,28,28
U01420,12,26,151.1,36.5,16.0,2026-02-18,31,33,30,29,34,31.33,31.4,1.85,3,5,Medium,0,0,0,2,6,6.0,8,7,High,6915,6,0,0,0.1,360,0,0,0,0,1,0,0,0,0,0,2026-03-19,29,29
U01421,4,33,163.2,53.0,19.9,2026-06-21,34,36,31,34,35,33.67,34.0,1.67,6,6,Heavy,1,0,0,10,9,9.1,10,0,Moderate,2498,9,0,0,0.6,-109,1,0,0,0,0,0,0,0,0,0,2026-07-26,35,35
U01422,4,19,162.1,52.3,19.9,2026-04-21,28,27,30,27,29,28.33,28.2,1.17,5,5,Heavy,0,0,0,10,8,6.2,8,1,Moderate,2683,1,1,0,-1.2,-301,1,0,0,0,0,0,0,0,0,0,2026-05-18,27,27
U01423,9,40,169.2,45.8,16.0,2026-05-25,30,33,30,30,29,31.0,30.4,1.36,5,3,Light,1,0,0,9,1,8.8,6,4,Low,11046,10,0,0,-0.1,-439,1,0,0,0,0,0,0,0,0,0,2026-06-26,32,32
U01424,7,40,152.3,62.2,26.8,2026-05-04,34,38,35,31,34,35.67,34.4,2.24,7,4,Medium,0,0,1,6,2,8.3,2,1,Moderate,7502,7,0,0,1.1,343,0,0,0,1,0,0,0,0,0,0,2026-06-13,40,40
U01425,4,20,155.3,55.5,23.0,2026-03-21,27,28,24,27,24,26.33,26.0,1.67,6,3,Heavy,0,0,0,6,8,8.0,5,0,Moderate,12577,7,0,0,-0.9,-608,0,0,0,0,0,1,0,0,0,0,2026-04-18,28,28
U01426,6,18,162.1,57.3,21.8,2026-02-22,28,30,29,28,29,29.0,28.8,0.75,6,5,Medium,0,0,0,5,10,6.5,2,1,Moderate,9319,3,0,0,-0.6,-324,0,0,1,0,0,0,0,0,0,0,2026-03-22,28,28
U01427,4,38,160.0,66.8,26.1,2026-06-18,23,23,22,20,20,22.67,21.6,1.36,6,6,Heavy,0,1,0,3,3,7.6,9,6,Low,6958,7,0,0,-1.4,-256,0,0,0,0,0,0,0,0,0,0,2026-07-11,23,23
U01428,12,39,159.9,57.5,22.5,2026-05-19,27,24,28,24,32,26.33,27.0,2.97,7,6,Medium,0,0,0,9,3,7.7,10,3,Low,13255,10,0,0,0.9,-59,0,1,1,0,0,0,0,0,0,0,2026-06-16,28,28
U01429,11,28,159.8,44.7,17.5,2026-06-05,32,32,33,30,29,32.33,31.2,1.47,4,3,Medium,0,0,1,10,1,5.7,4,5,Moderate,8353,6,0,0,-0.3,452,0,0,0,1,0,0,0,0,0,0,2026-07-06,31,31
U01430,10,18,165.2,52.4,19.2,2026-01-09,31,28,31,27,30,30.0,29.4,1.62,3,4,Medium,0,0,0,10,1,5.7,5,6,High,13413,9,0,0,-0.4,-258,0,0,0,0,0,0,0,0,0,0,2026-02-12,34,34
U01431,10,20,169.4,56.5,19.7,2026-07-10,29,28,29,30,26,28.67,28.4,1.36,6,6,Medium,0,0,0,5,9,7.0,5,1,Low,5167,5,0,0,0.6,115,0,0,0,0,0,0,0,1,0,0,2026-08-06,27,27
U01432,4,29,157.5,52.8,21.3,2026-02-19,27,25,29,28,25,27.0,26.8,1.6,4,5,Heavy,0,0,0,4,9,7.5,6,7,Moderate,8006,5,0,0,0.5,-602,0,0,0,0,0,0,0,0,0,0,2026-03-20,29,29
U01433,3,39,163.7,54.4,20.3,2026-08-16,29,29,29,28,28,29.0,28.6,0.49,4,5,Medium,0,0,0,10,6,6.1,4,0,High,10361,6,0,1,0.0,-423,0,0,0,0,0,0,0,0,0,0,2026-09-17,32,32
U01434,12,36,166.4,65.9,23.8,2026-02-19,29,29,28,26,31,28.67,28.6,1.62,5,6,Medium,0,0,0,7,3,9.0,10,2,High,13446,10,0,0,-1.8,-143,0,1,0,0,1,0,0,0,0,0,2026-03-24,33,33
U01435,10,18,148.3,52.6,23.9,2026-01-28,26,26,27,24,24,26.33,25.4,1.2,3,5,Heavy,0,0,0,10,10,6.8,4,3,Moderate,12722,3,0,0,0.9,-688,0,1,0,0,0,0,0,1,0,0,2026-02-25,28,28
U01436,2,33,158.3,45.4,18.1,2026-01-22,29,30,29,24,29,29.33,28.2,2.14,4,3,Heavy,0,0,0,4,9,6.9,1,5,Low,6568,1,0,0,1.8,218,0,0,0,0,0,0,0,0,0,0,2026-02-16,25,25
U01437,11,36,145.8,34.0,16.0,2026-03-06,30,30,30,31,30,30.0,30.2,0.4,6,7,Light,0,0,0,4,9,6.7,5,4,Moderate,9495,9,0,0,-1.2,-243,0,0,0,0,0,0,0,0,0,0,2026-04-02,27,27
U01438,7,34,169.7,57.3,19.9,2026-02-04,30,31,29,30,29,30.0,29.8,0.75,3,7,Medium,0,0,0,10,6,6.7,9,3,Low,12279,3,0,0,-1.8,-528,0,0,0,0,0,0,0,0,0,0,2026-03-09,33,33
U01439,8,28,165.9,49.3,17.9,2026-02-05,30,33,35,30,29,32.67,31.4,2.24,6,6,Medium,0,0,0,8,4,6.9,7,4,Moderate,2332,7,0,0,-1.2,-157,0,0,0,0,0,0,0,1,0,1,2026-03-05,28,28
U01440,7,20,164.3,49.9,18.5,2026-02-23,27,29,28,28,28,28.0,28.0,0.63,5,6,Heavy,0,0,0,8,1,8.5,3,4,Moderate,4472,8,0,0,-0.0,431,0,0,0,0,0,0,0,0,0,0,2026-03-24,29,29
U01441,3,34,158.2,59.6,23.8,2026-05-10,29,27,28,35,25,28.0,28.8,3.37,7,7,Heavy,0,1,1,1,6,6.0,6,0,High,7390,7,0,0,-1.6,-184,0,0,0,1,0,0,0,0,0,0,2026-06-07,28,28
U01442,7,37,145.4,41.4,19.6,2026-04-30,31,27,31,30,32,29.67,30.2,1.72,4,5,Heavy,0,0,0,8,7,7.8,2,3,Moderate,7607,9,0,0,-0.7,-561,0,0,0,0,0,0,0,0,0,0,2026-06-03,34,34
U01443,2,30,166.5,58.8,21.2,2026-01-01,33,34,33,33,33,33.33,33.2,0.4,3,4,Heavy,0,0,1,4,5,5.3,7,6,High,12010,2,0,0,0.3,261,0,0,0,1,0,0,0,0,0,0,2026-02-03,33,33
U01444,5,32,171.9,58.2,19.7,2026-03-09,38,41,40,40,39,39.67,39.6,1.02,6,4,Medium,0,0,1,8,9,8.2,5,2,High,9742,3,0,0,-1.0,-270,0,1,0,1,0,0,0,1,0,0,2026-04-16,38,38
U01445,9,20,165.4,67.8,24.8,2026-07-29,36,37,36,33,36,36.33,35.6,1.36,6,7,Medium,0,0,1,4,10,5.1,8,6,Moderate,9459,5,0,0,0.2,-82,0,0,0,1,1,0,0,0,0,1,2026-09-01,34,34
U01446,3,39,153.2,52.1,22.2,2026-04-20,27,27,26,24,23,26.67,25.4,1.62,4,4,Heavy,0,0,0,9,9,8.2,2,7,High,2023,8,0,0,0.9,-46,0,0,1,0,0,0,0,1,0,0,2026-05-17,27,27
U01447,5,26,168.7,70.3,24.7,2026-04-26,29,30,31,28,29,30.0,29.4,1.02,3,6,Heavy,0,0,0,9,5,6.6,2,2,Moderate,10904,2,0,0,0.5,-223,0,0,0,0,0,0,0,0,0,0,2026-05-28,32,32
U01448,9,40,158.5,60.8,24.2,2026-04-11,32,30,33,33,32,31.67,32.0,1.1,4,4,Light,0,0,0,7,4,7.0,9,2,Moderate,3277,4,0,0,-2.1,-434,0,1,1,0,0,0,0,0,0,0,2026-05-12,31,31
U01449,7,21,162.3,61.1,23.2,2026-07-19,31,33,31,28,29,31.67,30.4,1.74,3,7,Medium,0,0,0,8,1,7.8,1,4,Low,10611,10,0,0,0.8,-430,0,0,0,0,0,0,0,0,0,0,2026-08-21,33,33
U01450,11,35,166.5,53.8,19.4,2026-03-31,30,29,30,29,29,29.67,29.4,0.49,4,4,Medium,0,0,0,6,7,6.8,1,6,Moderate,13356,7,0,0,-0.2,450,0,0,0,0,0,0,0,0,0,0,2026-05-02,32,32
U01451,10,35,167.4,69.2,24.7,2026-01-23,30,31,27,31,32,29.33,30.2,1.72,7,5,Light,0,0,0,10,1,8.1,7,4,Moderate,6534,8,0,0,-1.5,-281,0,0,1,0,0,0,0,0,0,0,2026-02-27,35,35
U01452,8,36,159.3,47.2,18.6,2026-07-24,30,31,29,27,31,30.0,29.6,1.5,6,7,Medium,0,0,1,1,1,8.4,3,5,Low,10870,1,0,0,-0.5,-653,0,0,0,1,0,0,0,0,0,0,2026-08-23,30,30
U01453,10,24,158.0,48.7,19.5,2026-06-22,28,31,30,30,29,29.67,29.6,1.02,3,6,Heavy,0,1,0,10,6,7.4,3,7,High,9528,10,0,0,0.8,144,0,0,0,0,0,0,0,1,0,0,2026-07-18,26,26
U01454,6,40,168.8,84.9,29.8,2026-04-21,28,27,27,27,29,27.33,27.6,0.8,7,3,Medium,1,0,0,4,8,7.4,8,1,High,6624,1,0,0,-1.4,111,0,0,1,0,0,0,0,0,0,0,2026-05-22,31,31
U01455,7,27,159.5,55.0,21.6,2026-07-10,25,25,21,26,27,23.67,24.8,2.04,3,4,Heavy,0,1,0,10,3,4.0,9,6,Low,3637,2,1,0,-0.8,145,0,1,0,0,0,0,0,0,0,0,2026-08-06,27,27
U01456,9,34,157.0,51.8,21.0,2026-06-03,32,34,31,32,34,32.33,32.6,1.2,5,4,Light,0,0,0,1,5,7.0,6,6,Low,10228,6,0,0,-0.4,378,0,1,0,0,0,1,0,0,0,0,2026-07-04,31,31
U01457,7,19,159.1,52.4,20.7,2026-05-10,27,25,26,26,28,26.0,26.4,1.02,6,6,Light,0,0,0,2,1,6.2,2,6,High,9377,10,0,1,0.7,-557,1,0,1,0,0,0,0,0,0,0,2026-06-06,27,27
U01458,6,32,164.2,66.3,24.6,2026-02-20,28,27,30,30,24,28.33,27.8,2.23,4,5,Heavy,0,0,1,5,2,7.9,8,1,Low,9532,7,0,1,-0.4,-157,0,1,0,1,0,0,0,0,0,1,2026-03-21,29,29
U01459,2,23,164.9,59.0,21.7,2026-05-06,28,29,32,31,29,29.67,29.8,1.47,6,3,Medium,0,0,0,4,1,9.4,5,4,Moderate,10025,3,0,0,-1.8,-99,0,0,0,0,0,0,0,0,0,0,2026-06-03,28,28
U01460,8,30,170.7,82.5,28.3,2026-03-31,30,29,30,32,31,29.67,30.4,1.02,3,3,Medium,0,0,1,5,4,7.4,6,3,Low,6613,3,0,0,0.9,4,0,0,0,1,0,0,0,0,0,0,2026-05-01,31,31
U01461,12,34,169.0,52.8,18.5,2026-04-26,26,22,28,25,27,25.33,25.6,2.06,4,4,Medium,0,1,0,1,1,6.6,6,5,Moderate,4086,4,0,0,2.3,198,0,0,0,0,0,0,0,0,0,0,2026-05-20,24,24
U01462,10,30,160.6,66.0,25.6,2026-02-11,29,31,28,29,28,29.33,29.0,1.1,6,4,Medium,0,0,0,7,6,8.2,4,2,Moderate,8238,7,0,0,0.3,-408,0,0,0,0,0,0,0,0,0,0,2026-03-13,30,30
U01463,10,19,160.9,53.1,20.5,2026-07-18,27,26,26,26,27,26.33,26.4,0.49,5,3,Light,0,0,0,5,3,6.8,8,1,Moderate,4404,5,0,0,-0.8,300,0,0,0,0,0,0,0,0,0,0,2026-08-14,27,27
U01464,12,32,152.4,50.4,21.7,2026-07-08,31,32,31,32,34,31.33,32.0,1.1,7,7,Heavy,0,1,1,5,2,6.6,7,5,High,9455,8,0,0,1.3,90,1,0,1,1,1,0,0,1,0,0,2026-08-11,34,34
U01465,5,26,157.2,42.8,17.3,2026-05-04,29,30,28,29,31,29.0,29.4,1.02,6,5,Medium,0,0,0,10,2,7.0,1,6,High,8480,2,0,0,-3.2,-658,0,0,0,0,0,0,1,0,0,0,2026-06-02,29,29
U01466,12,32,176.7,82.7,26.5,2026-05-14,27,26,25,25,23,26.0,25.2,1.33,6,7,Light,1,0,0,10,9,5.4,2,4,Moderate,5289,3,0,0,-0.4,354,0,0,0,0,0,1,0,0,0,0,2026-06-13,30,30
U01467,11,33,161.3,64.5,24.8,2026-02-08,26,23,25,32,23,24.67,25.8,3.31,3,3,Medium,0,0,1,8,4,8.5,5,7,Low,9243,7,0,0,-1.8,-16,0,0,0,0,0,0,1,0,0,0,2026-03-08,28,28
U01468,11,18,148.1,37.5,17.1,2026-01-14,29,30,32,29,30,30.33,30.0,1.1,4,3,Heavy,0,0,0,7,3,8.1,2,1,Low,12908,10,0,0,-0.1,-537,0,0,1,0,0,0,0,1,0,0,2026-02-17,34,34
U01469,3,24,162.7,55.3,20.9,2026-01-04,32,30,31,28,34,31.0,31.0,2.0,4,5,Medium,0,0,0,8,5,9.4,6,3,High,3476,1,0,1,-1.9,-386,0,0,1,0,0,0,1,0,0,0,2026-02-02,29,29
U01470,7,21,159.5,62.8,24.7,2026-01-15,35,36,34,39,39,35.0,36.6,2.06,3,7,Medium,0,0,1,9,4,5.8,1,5,Low,2160,2,0,0,-0.3,-95,0,0,0,1,0,0,0,0,0,0,2026-02-19,35,35
U01471,8,33,160.2,55.2,21.5,2026-04-19,30,29,33,30,31,30.67,30.6,1.36,5,4,Medium,1,0,0,10,7,7.0,9,0,High,13566,2,0,0,-2.3,64,0,1,0,0,0,0,0,0,0,0,2026-05-20,31,31
U01472,4,27,170.3,68.7,23.7,2026-06-16,31,32,29,29,34,30.67,31.0,1.9,6,6,Medium,0,0,0,7,3,8.0,6,0,Moderate,9368,1,0,1,-2.0,473,0,0,0,0,0,1,0,1,0,0,2026-07-17,31,31
U01473,3,20,148.9,52.3,23.6,2026-06-29,28,28,27,28,27,27.67,27.6,0.49,5,6,Medium,0,0,0,7,3,6.2,8,6,Moderate,7891,1,0,1,-1.0,-449,0,0,0,0,0,0,0,1,0,1,2026-07-26,27,27
U01474,10,24,167.8,67.6,24.0,2026-01-24,27,28,30,26,27,28.33,27.6,1.36,3,7,Medium,0,0,0,3,7,7.1,8,0,Low,3496,6,0,0,-0.2,-627,0,0,0,0,0,0,0,0,0,0,2026-02-18,25,25
U01475,2,39,165.9,59.2,21.5,2026-08-03,24,23,21,24,25,22.67,23.4,1.36,7,6,Medium,0,0,0,2,3,5.8,1,5,Moderate,7741,4,0,0,-1.0,443,0,0,0,0,0,0,0,0,0,0,2026-08-26,23,23
U01476,12,33,156.8,48.7,19.8,2026-03-28,27,28,27,26,25,27.33,26.6,1.02,7,7,Medium,0,0,0,6,6,6.3,1,7,Moderate,12718,9,0,0,-0.3,-465,0,0,0,0,0,0,0,0,0,1,2026-04-25,28,28
U01477,3,27,157.8,48.1,19.3,2026-03-17,26,23,25,23,26,24.67,24.6,1.36,6,7,Light,0,0,0,2,2,7.5,9,7,Moderate,2771,9,1,0,0.2,-110,0,0,0,0,0,0,0,0,0,0,2026-04-11,25,25
U01478,7,40,159.2,52.5,20.7,2026-07-05,31,31,30,31,33,30.67,31.2,0.98,5,6,Light,0,0,0,9,1,6.5,9,0,Low,4245,5,1,0,0.4,-244,0,0,0,0,0,0,1,0,0,0,2026-08-04,30,30
U01479,7,33,158.0,65.7,26.3,2026-08-12,27,27,26,26,28,26.67,26.8,0.75,5,6,Light,1,0,0,1,7,7.3,2,4,Moderate,3132,7,0,0,-0.1,156,0,0,1,0,0,1,0,0,0,0,2026-09-04,23,23
U01480,12,24,164.9,67.7,24.9,2026-04-18,25,29,23,21,25,25.67,24.6,2.65,5,6,Light,0,0,0,5,8,7.8,6,4,High,4496,4,0,0,-0.2,318,0,0,0,0,0,0,0,0,0,0,2026-05-13,25,25
U01481,2,21,162.8,71.8,27.1,2026-05-20,31,29,31,32,33,30.33,31.2,1.33,6,3,Heavy,0,0,0,8,3,5.8,1,1,Moderate,4450,9,0,1,-0.8,124,0,0,0,0,0,1,0,1,0,1,2026-06-23,34,34
U01482,10,36,150.7,61.3,27.0,2026-06-20,29,29,29,30,30,29.0,29.4,0.49,7,4,Medium,0,0,0,7,1,5.2,3,0,High,6875,1,0,0,0.1,-135,0,0,0,0,0,0,0,0,0,0,2026-07-18,28,28
U01483,10,25,158.1,60.5,24.2,2026-05-25,30,31,30,30,30,30.33,30.2,0.4,5,5,Medium,0,0,0,10,4,5.8,7,0,High,3714,5,1,0,-1.4,309,0,0,0,0,0,0,0,0,0,0,2026-06-25,31,31
U01484,8,26,155.8,54.4,22.4,2026-04-18,27,27,28,25,28,27.33,27.0,1.1,3,6,Light,0,0,0,5,7,7.1,5,5,Low,13638,4,0,0,1.2,424,0,0,0,0,0,0,0,0,0,0,2026-05-17,29,29
U01485,3,23,158.3,49.9,19.9,2026-06-22,31,32,34,31,29,32.33,31.4,1.62,5,4,Light,0,0,0,10,1,7.1,3,7,Low,12313,5,0,0,0.2,-266,0,1,0,0,0,0,0,0,0,0,2026-07-23,31,31
U01486,7,34,165.4,60.5,22.1,2026-04-05,30,31,29,32,29,30.0,30.2,1.17,3,7,Heavy,0,0,0,5,6,6.6,4,0,Low,4018,5,0,0,-1.0,113,0,0,1,0,0,0,0,1,1,0,2026-05-04,29,29
U01487,10,21,165.8,51.4,18.7,2026-05-16,30,32,31,31,30,31.0,30.8,0.75,3,3,Medium,0,0,0,5,3,7.8,8,0,Moderate,6797,3,0,0,-0.1,-692,0,0,1,0,0,0,0,0,0,0,2026-06-12,27,27
U01488,2,20,156.7,51.1,20.8,2026-01-17,29,29,29,29,26,29.0,28.4,1.2,6,4,Light,0,0,0,9,4,5.7,6,3,Low,6125,7,1,1,0.3,-544,0,0,0,0,0,0,0,0,0,0,2026-02-19,33,33
U01489,4,31,158.1,45.2,18.1,2026-08-05,30,31,32,30,30,31.0,30.6,0.8,7,3,Medium,1,0,0,9,3,7.0,8,1,Low,4584,1,0,0,-0.7,500,0,0,1,0,0,0,0,0,0,0,2026-09-05,31,31
U01490,8,32,153.4,51.5,21.9,2026-01-06,28,29,28,32,26,28.33,28.6,1.96,3,6,Medium,0,0,0,1,8,4.0,8,5,Moderate,6277,6,0,0,0.5,-58,0,0,0,0,0,0,0,0,0,0,2026-02-01,26,26
U01491,11,32,151.7,47.4,20.6,2026-08-13,28,31,30,26,28,29.67,28.6,1.74,6,5,Light,0,0,0,2,8,5.8,3,2,Low,5264,10,0,1,1.1,-618,0,0,0,0,0,0,0,0,0,1,2026-09-11,29,29
U01492,6,29,158.5,50.7,20.2,2026-04-28,30,29,30,30,31,29.67,30.0,0.63,6,3,Heavy,0,0,1,4,6,8.0,9,4,Low,13127,2,0,0,0.2,127,0,0,0,1,0,0,0,0,0,0,2026-05-27,29,29
U01493,5,23,152.6,66.8,28.7,2026-01-23,34,31,37,35,32,34.0,33.8,2.14,6,6,Light,0,0,1,4,7,6.9,2,5,High,13389,3,0,1,-0.1,-420,0,0,0,1,0,0,0,0,0,0,2026-02-27,35,35
U01494,9,37,160.3,66.3,25.8,2026-04-18,22,22,23,21,23,22.33,22.2,0.75,3,7,Heavy,0,0,0,2,7,6.4,5,4,Moderate,9711,3,0,0,-0.7,84,0,0,1,0,0,0,0,0,0,0,2026-05-09,21,21
U01495,2,40,165.7,65.9,24.0,2026-06-23,29,27,31,29,27,29.0,28.6,1.5,3,5,Medium,0,0,0,8,5,6.7,7,2,Low,9761,10,1,0,2.0,-282,0,0,0,0,0,0,0,1,0,0,2026-07-28,35,35
U01496,11,20,155.1,58.0,24.1,2026-03-27,31,31,34,32,33,32.0,32.2,1.17,5,6,Heavy,0,0,0,5,8,8.1,7,2,Moderate,6966,1,0,0,1.5,-307,0,0,0,0,0,0,0,0,0,0,2026-04-29,33,33
U01497,2,25,170.7,53.3,18.3,2026-05-05,30,32,29,29,27,30.33,29.4,1.62,7,6,Medium,0,0,0,3,8,5.3,8,5,High,12797,9,0,0,-1.6,202,0,0,0,0,0,0,0,0,0,0,2026-06-04,30,30
U01498,6,29,157.6,65.3,26.3,2026-05-31,26,23,25,29,27,24.67,26.0,2.0,4,3,Light,0,0,0,8,4,7.8,7,5,Moderate,13497,3,0,0,-1.0,-198,0,0,1,0,0,0,0,0,0,0,2026-06-27,27,27
U01499,9,27,162.0,66.4,25.3,2026-07-05,27,26,29,25,27,27.33,26.8,1.33,5,5,Light,1,0,0,3,9,6.1,10,4,Low,4427,1,1,0,0.1,33,0,0,0,0,0,0,0,1,0,0,2026-08-01,27,27
U01500,2,37,170.9,62.2,21.3,2026-02-13,30,28,31,30,29,29.67,29.6,1.02,3,7,Heavy,0,0,0,10,1,6.4,1,6,Moderate,3981,4,1,0,-0.1,187,0,0,0,0,1,0,0,0,0,1,2026-03-18,33,33
U01501,10,40,171.7,75.8,25.7,2026-02-10,30,32,27,31,30,29.67,30.0,1.67,3,4,Light,0,0,0,2,9,6.6,9,4,Low,11925,10,0,0,-0.7,-683,0,1,0,0,1,0,0,0,0,0,2026-03-11,29,29
U01502,12,33,157.5,52.1,21.0,2026-01-07,25,24,26,27,23,25.0,25.0,1.41,7,7,Medium,1,0,0,3,10,7.9,10,4,Low,10298,4,0,0,-0.3,353,0,0,0,0,0,0,0,0,0,0,2026-01-28,21,21
U01503,11,27,158.2,63.6,25.4,2026-06-10,27,25,27,25,25,26.33,25.8,0.98,6,3,Light,0,0,0,3,7,7.0,9,1,Moderate,11389,2,0,0,-0.3,-630,0,0,0,0,0,1,0,0,0,1,2026-07-07,27,27
U01504,4,21,158.3,52.9,21.1,2026-06-15,30,30,31,34,29,30.33,30.8,1.72,5,6,Heavy,0,0,0,5,5,6.3,9,0,High,2948,9,0,0,-2.0,252,1,0,0,0,0,0,0,0,0,0,2026-07-16,31,31
U01505,10,35,175.3,68.8,22.4,2026-06-12,29,31,28,28,31,29.33,29.4,1.36,7,5,Medium,0,0,0,7,6,7.1,1,7,Moderate,2797,10,0,0,1.4,-100,0,1,0,0,0,0,0,1,0,0,2026-07-07,25,25
U01506,2,37,157.4,45.1,18.2,2026-04-23,34,35,34,33,30,34.33,33.2,1.72,7,5,Medium,0,0,0,1,1,8.9,2,3,Moderate,12824,10,0,0,-0.4,175,0,1,0,0,0,0,1,0,0,0,2026-05-27,34,34
U01507,2,40,168.9,48.8,17.1,2026-03-08,28,30,30,30,27,29.33,29.0,1.26,7,4,Medium,0,0,0,10,8,7.6,4,7,Moderate,10094,8,0,0,1.0,-185,1,0,0,0,0,0,1,1,0,0,2026-04-08,31,31
U01508,4,23,157.0,51.8,21.0,2026-03-05,31,31,31,32,32,31.0,31.4,0.49,6,7,Medium,0,1,0,3,5,8.7,3,1,Moderate,5336,4,0,0,-0.6,-310,0,1,0,0,0,0,0,0,0,0,2026-04-07,33,33
U01509,8,32,158.3,59.9,23.9,2026-06-10,29,28,32,27,32,29.67,29.6,2.06,7,5,Medium,0,0,0,6,10,6.9,4,6,Low,9955,6,0,0,-1.3,-621,0,1,0,0,0,0,0,0,0,0,2026-07-13,33,33
U01510,8,19,155.9,58.6,24.1,2026-01-01,24,25,25,25,21,24.67,24.0,1.55,6,7,Medium,0,0,0,9,8,8.7,6,1,Moderate,4176,5,0,0,1.8,-286,0,0,0,0,0,0,0,0,0,0,2026-01-26,25,25
U01511,11,39,154.5,47.0,19.7,2026-05-16,27,26,27,26,28,26.67,26.8,0.75,7,4,Heavy,0,1,0,6,1,7.3,8,1,High,8012,6,0,0,-1.3,392,0,0,0,0,0,0,0,0,0,0,2026-06-15,30,30
U01512,5,19,150.2,46.0,20.4,2026-02-28,26,26,25,24,28,25.67,25.8,1.33,4,4,Heavy,0,0,0,6,6,7.1,1,2,Low,11709,1,0,0,-0.8,-396,0,0,0,0,0,0,0,1,0,0,2026-03-26,26,26
U01513,10,36,170.9,73.0,25.0,2026-07-10,34,32,31,36,32,32.33,33.0,1.79,6,5,Light,0,0,1,10,7,5.5,9,2,Moderate,5678,1,0,0,1.4,-121,0,0,0,1,1,0,0,1,0,0,2026-08-14,35,35
U01514,3,36,157.6,42.7,17.2,2026-03-21,26,24,25,24,24,25.0,24.6,0.8,6,4,Light,0,0,0,1,9,5.5,4,1,Low,13342,1,0,0,-0.4,484,0,0,0,0,0,1,0,0,0,0,2026-04-16,26,26
U01515,4,28,171.0,76.9,26.3,2026-05-11,30,32,31,30,30,31.0,30.6,0.8,7,6,Medium,0,0,0,6,3,8.4,4,5,Low,13835,10,0,0,-0.4,-407,1,1,0,0,0,0,0,0,0,0,2026-06-07,27,27
U01516,5,37,155.9,58.6,24.1,2026-02-01,34,37,36,36,37,35.67,36.0,1.1,6,7,Medium,0,0,0,3,3,8.6,6,2,Moderate,8011,5,0,0,1.6,114,0,0,0,0,1,0,0,1,0,0,2026-03-04,31,31
U01517,11,19,159.9,56.5,22.1,2026-05-10,28,26,25,30,25,26.33,26.8,1.94,7,5,Light,0,0,0,7,3,5.7,8,7,Moderate,13421,6,0,0,0.3,-131,0,0,1,0,0,0,0,0,0,0,2026-06-07,28,28
U01518,9,38,152.3,51.5,22.2,2026-08-01,26,30,25,25,28,27.0,26.8,1.94,7,5,Medium,1,0,0,4,2,8.4,5,6,Low,4189,8,0,0,0.8,-664,1,0,1,0,0,0,0,0,0,0,2026-08-25,24,24
U01519,5,26,159.8,59.5,23.3,2026-02-23,28,28,28,28,29,28.0,28.2,0.4,4,5,Light,0,0,0,3,10,5.3,6,4,High,4459,3,0,1,0.3,360,0,0,0,0,0,0,0,1,0,0,2026-03-22,27,27
U01520,9,35,167.7,61.6,21.9,2026-06-28,31,30,30,35,34,30.33,32.0,2.1,6,4,Medium,0,0,0,9,7,8.0,8,3,Moderate,9793,7,0,0,-0.0,-306,1,0,0,0,0,0,1,0,0,0,2026-07-31,33,33
U01521,12,20,166.4,67.3,24.3,2026-07-02,28,29,30,30,30,29.0,29.4,0.8,6,7,Medium,0,0,1,9,5,7.1,5,7,Moderate,12557,8,0,0,1.7,-430,0,0,0,1,0,0,0,0,0,0,2026-08-02,31,31
U01522,10,38,161.4,79.5,30.5,2026-07-09,35,36,35,36,35,35.33,35.4,0.49,6,6,Medium,0,0,0,7,7,7.6,7,3,Moderate,9972,4,1,0,0.3,303,0,1,0,0,1,0,0,0,0,0,2026-08-11,33,33
U01523,11,21,163.0,53.9,20.3,2026-08-16,28,28,26,30,30,27.33,28.4,1.5,3,6,Medium,0,0,0,8,5,7.6,5,6,Moderate,3560,5,0,0,0.1,-406,0,1,1,0,0,0,0,0,0,0,2026-09-15,30,30
U01524,11,39,150.9,58.1,25.5,2026-07-05,34,30,36,36,33,33.33,33.8,2.23,5,3,Medium,1,0,1,9,5,7.4,8,6,Moderate,13756,5,0,0,1.3,479,0,1,0,1,0,0,0,0,0,0,2026-08-12,38,38
U01525,7,24,159.1,53.9,21.3,2026-07-20,28,26,29,27,27,27.67,27.4,1.02,3,3,Light,0,0,0,7,10,6.1,6,6,Low,9021,8,0,0,0.9,-54,0,0,0,0,0,0,0,0,1,0,2026-08-20,31,31
U01526,12,30,163.5,60.9,22.8,2026-03-30,31,29,32,29,32,30.67,30.6,1.36,4,7,Medium,0,0,0,3,6,6.5,9,6,High,12696,10,0,0,-2.4,282,0,0,0,0,0,0,0,0,0,0,2026-04-30,31,31
U01527,11,33,169.7,65.9,22.9,2026-08-10,27,27,29,25,26,27.67,26.8,1.33,6,3,Light,1,0,0,7,1,7.4,8,1,Moderate,8261,4,0,0,-0.7,-687,0,0,0,0,0,0,0,0,0,0,2026-09-07,28,28
U01528,3,32,165.4,55.3,20.2,2026-01-15,30,29,33,30,27,30.67,29.8,1.94,6,5,Heavy,0,0,0,9,2,9.6,7,0,Low,4101,9,0,0,-1.9,312,0,0,0,0,0,0,0,1,0,0,2026-02-17,33,33
U01529,9,30,150.0,45.4,20.2,2026-01-20,31,30,31,32,33,30.67,31.4,1.02,4,6,Light,0,0,0,7,9,5.1,1,6,High,9661,5,0,0,-0.6,-282,0,1,0,0,0,0,0,0,0,0,2026-02-20,31,31
U01530,3,39,161.3,65.8,25.3,2026-07-16,29,28,30,28,30,29.0,29.0,0.89,4,5,Light,0,0,0,5,9,6.7,2,4,Moderate,9374,6,0,0,-1.9,-537,0,0,0,0,0,0,0,0,0,0,2026-08-17,32,32
U01531,9,31,147.4,64.1,29.5,2026-08-10,29,31,29,29,26,29.67,28.8,1.6,4,7,Medium,0,0,0,10,5,7.3,5,2,High,3889,3,0,0,0.8,-629,0,0,0,0,0,0,0,1,0,0,2026-09-09,30,30
U01532,3,29,162.1,44.1,16.8,2026-05-14,35,31,35,36,34,33.67,34.2,1.72,5,3,Medium,0,0,0,6,4,6.1,2,6,Moderate,13781,9,0,0,0.5,-45,0,1,0,0,0,0,0,0,0,0,2026-06-15,32,32
U01533,4,19,160.7,43.1,16.7,2026-05-01,30,33,29,27,30,30.67,29.8,1.94,5,4,Medium,0,0,1,2,3,8.2,7,5,Moderate,8182,10,0,0,0.7,-630,0,0,0,1,0,0,0,0,0,1,2026-05-29,28,28
U01534,9,23,156.6,50.5,20.6,2026-05-22,26,26,27,26,26,26.33,26.2,0.4,7,6,Medium,0,0,0,1,4,7.1,1,1,Moderate,12835,8,0,0,-1.3,408,0,0,0,0,0,0,0,0,0,0,2026-06-16,25,25
U01535,2,28,150.4,53.8,23.8,2026-06-01,28,28,29,26,28,28.33,27.8,0.98,3,5,Medium,0,0,0,5,4,7.1,5,2,Moderate,10806,4,0,0,-0.2,-215,0,1,0,0,0,1,0,1,0,0,2026-06-30,29,29
U01536,4,39,164.5,76.3,28.2,2026-05-06,28,26,28,27,26,27.33,27.0,0.89,6,5,Medium,0,0,0,1,4,7.3,10,6,Moderate,3775,9,0,0,1.2,-513,0,0,0,0,0,0,0,0,0,0,2026-06-02,27,27
U01537,11,30,150.4,64.5,28.5,2026-06-24,30,30,28,31,29,29.33,29.6,1.02,6,3,Medium,0,0,0,5,3,6.7,9,7,Low,3311,8,0,0,1.4,-593,0,0,0,0,0,0,0,1,0,0,2026-07-25,31,31
U01538,12,19,166.6,60.8,21.9,2026-03-17,38,39,34,38,36,37.0,37.0,1.79,6,6,Medium,0,0,1,9,4,7.3,3,5,Moderate,4604,9,0,0,-0.6,155,0,1,1,1,0,0,0,0,0,0,2026-04-28,42,42
U01539,2,22,163.2,62.1,23.3,2026-04-12,29,29,29,27,28,29.0,28.4,0.8,6,5,Medium,0,0,0,4,6,7.7,8,0,High,2624,6,0,0,1.5,44,0,0,1,0,0,0,0,1,0,0,2026-05-14,32,32
U01540,9,31,155.3,60.1,24.9,2026-08-22,28,26,27,28,25,27.0,26.8,1.17,7,4,Light,0,0,0,2,7,7.4,9,2,Moderate,2704,3,0,0,-0.5,431,0,0,1,0,0,0,0,0,0,0,2026-09-18,27,27
U01541,3,21,145.0,47.1,22.4,2026-06-13,28,27,28,29,26,27.67,27.6,1.02,6,7,Heavy,1,0,0,2,4,6.0,5,5,Moderate,3312,4,0,0,-1.6,420,0,0,0,0,0,0,0,0,0,0,2026-07-10,27,27
U01542,7,39,165.7,69.7,25.4,2026-05-11,29,30,30,28,31,29.67,29.6,1.02,3,4,Medium,0,0,0,8,7,7.1,10,2,High,13873,7,0,1,-1.1,-83,1,0,0,0,0,0,0,0,0,0,2026-06-10,30,30
U01543,11,22,159.2,40.6,16.0,2026-06-04,33,33,34,34,32,33.33,33.2,0.75,5,7,Light,0,0,0,2,10,6.0,2,5,High,4255,9,0,0,-2.4,-318,0,1,0,0,1,0,0,1,1,0,2026-07-09,35,35
U01544,5,35,156.6,62.5,25.5,2026-01-30,25,26,24,27,26,25.0,25.6,1.02,5,4,Medium,0,0,0,2,10,8.1,6,0,Moderate,3222,4,0,1,-0.3,-12,0,0,0,0,0,0,0,0,0,0,2026-02-22,23,23
U01545,9,35,164.8,60.0,22.1,2026-03-11,31,32,29,32,31,30.67,31.0,1.1,4,7,Medium,0,0,0,10,1,6.4,6,7,Low,8868,9,0,0,0.7,-92,0,0,0,0,0,0,0,0,0,0,2026-04-12,32,32
U01546,12,31,154.0,66.4,28.0,2026-04-30,31,33,31,33,32,31.67,32.0,0.89,3,3,Medium,0,0,0,7,3,6.6,6,5,Moderate,10047,4,0,0,0.7,154,0,0,0,0,0,0,0,0,0,0,2026-05-30,30,30
U01547,5,31,161.0,50.5,19.5,2026-08-28,32,34,29,36,34,31.67,33.0,2.37,4,4,Medium,0,0,0,9,5,5.0,1,6,Moderate,8865,7,0,0,-0.6,-286,0,0,0,0,0,0,0,1,0,0,2026-10-02,35,35
U01548,4,29,174.1,80.0,26.4,2026-02-19,34,34,34,35,32,34.0,33.8,0.98,4,5,Medium,0,0,1,8,3,7.2,1,5,Low,13638,4,0,0,0.3,-326,0,0,1,1,0,1,0,0,0,0,2026-03-25,34,34
U01549,10,22,157.5,46.9,18.9,2026-03-20,27,29,27,26,29,27.67,27.6,1.2,6,7,Medium,0,0,0,8,4,7.0,3,1,Moderate,5200,1,0,0,0.3,-560,0,0,0,0,0,1,0,1,0,0,2026-04-15,26,26
U01550,4,24,170.0,69.4,24.0,2026-08-16,31,31,32,31,34,31.33,31.8,1.17,4,3,Heavy,0,0,0,9,10,7.0,9,5,High,7324,9,0,0,-0.4,-499,0,0,0,0,0,0,0,0,0,0,2026-09-16,31,31
U01551,3,28,158.0,53.9,21.6,2026-04-05,28,28,27,31,30,27.67,28.8,1.47,4,3,Medium,1,0,0,10,1,6.2,3,3,High,4531,9,0,0,-0.3,-649,0,0,0,0,0,0,0,0,0,1,2026-05-06,31,31
U01552,8,30,165.1,58.9,21.6,2026-01-07,27,29,24,28,29,26.67,27.4,1.85,3,5,Medium,0,0,0,6,5,6.8,1,1,Low,13242,2,0,1,-0.2,361,0,0,1,0,0,0,0,0,0,0,2026-02-01,25,25
U01553,5,37,153.4,51.8,22.0,2026-05-08,29,28,28,32,29,28.33,29.2,1.47,7,7,Light,0,0,0,5,5,6.2,8,5,Low,4843,9,0,0,-0.5,-351,0,1,0,0,0,0,0,0,0,0,2026-06-05,28,28
U01554,11,34,169.0,68.3,23.9,2026-05-04,30,25,32,28,30,29.0,29.0,2.37,5,7,Medium,0,0,0,4,9,7.2,7,0,Moderate,13004,5,0,0,0.4,192,0,1,0,0,0,0,0,0,0,0,2026-06-02,29,29
U01555,10,40,151.5,58.5,25.5,2026-08-14,33,32,35,33,34,33.33,33.4,1.02,3,4,Heavy,0,0,1,7,2,6.1,4,5,Moderate,5341,2,0,0,0.4,350,0,0,0,1,0,0,0,0,0,0,2026-09-16,33,33
U01556,7,30,176.6,63.3,20.3,2026-05-02,31,29,32,29,30,30.67,30.2,1.17,5,4,Medium,0,0,0,10,5,8.6,2,7,Low,5629,3,0,0,1.4,66,0,1,1,0,0,0,0,1,0,0,2026-06-03,32,32
U01557,8,28,166.3,64.4,23.3,2026-01-02,29,32,30,28,27,30.33,29.2,1.72,6,3,Medium,0,0,0,5,1,7.1,5,6,Low,9586,8,0,0,-2.7,-113,1,1,0,0,0,0,0,0,0,0,2026-02-01,30,30
U01558,6,35,162.1,61.7,23.5,2026-03-22,30,29,31,32,31,30.0,30.6,1.02,4,3,Medium,0,0,0,1,7,7.1,9,1,High,9012,4,0,0,0.6,-500,0,0,0,0,0,0,0,0,0,0,2026-04-18,27,27
U01559,10,29,159.4,55.4,21.8,2026-01-29,31,28,29,28,35,29.33,30.2,2.64,6,7,Heavy,0,0,0,7,10,7.7,2,4,Moderate,3961,1,0,0,2.1,-2,0,0,1,0,0,0,0,0,0,0,2026-03-02,32,32
U01560,11,40,150.6,55.6,24.5,2026-02-23,32,28,33,29,35,31.0,31.4,2.58,6,7,Medium,1,0,0,7,6,8.0,8,6,Moderate,10764,1,0,0,0.4,176,0,0,0,0,0,0,0,0,0,1,2026-03-30,35,35
U01561,5,30,166.6,67.7,24.4,2026-07-29,31,33,27,30,33,30.33,30.8,2.23,5,6,Medium,0,0,0,3,6,6.9,10,6,Moderate,7224,5,0,1,0.1,128,0,0,0,0,0,1,0,0,0,0,2026-08-28,30,30
U01562,9,32,159.9,62.6,24.5,2026-05-08,33,33,28,34,32,31.33,32.0,2.1,5,6,Light,1,0,0,7,6,5.9,9,5,Moderate,10948,3,0,0,0.0,-422,0,0,0,0,1,0,0,0,0,0,2026-06-08,31,31
U01563,6,39,158.1,58.7,23.5,2026-01-08,31,31,31,29,33,31.0,31.0,1.26,3,5,Heavy,0,0,0,8,5,6.0,1,3,Moderate,4557,9,0,0,-0.9,-474,0,0,0,0,1,0,0,0,0,0,2026-02-09,32,32
U01564,8,34,152.6,42.1,18.1,2026-02-16,27,30,27,27,25,28.0,27.2,1.6,4,6,Medium,0,0,0,4,1,7.4,6,0,Low,5506,4,0,0,0.2,451,0,0,0,0,0,0,0,1,0,0,2026-03-16,28,28
U01565,10,26,169.4,60.0,20.9,2026-07-26,29,27,29,29,29,28.33,28.6,0.8,5,5,Light,0,0,0,7,2,6.6,5,1,Low,11784,10,0,0,-1.0,425,0,0,0,0,0,0,0,0,0,0,2026-08-28,33,33
U01566,7,37,148.7,44.0,19.9,2026-04-28,35,34,36,35,36,35.0,35.2,0.75,7,7,Heavy,0,0,0,1,8,5.3,7,1,Moderate,9199,5,0,0,0.2,-429,0,0,1,0,1,0,0,0,0,1,2026-06-04,37,37
U01567,5,39,151.8,62.0,26.9,2026-04-23,33,32,29,33,35,31.33,32.4,1.96,3,3,Light,0,0,0,7,10,6.3,3,0,Moderate,4072,3,0,1,-0.0,-315,0,1,0,0,0,0,0,1,0,0,2026-05-27,34,34
U01568,2,30,171.5,81.2,27.6,2026-07-16,27,28,26,29,27,27.0,27.4,1.02,7,3,Light,0,0,0,1,7,6.1,10,1,Moderate,10114,1,0,0,0.0,-22,0,0,0,0,0,0,0,0,0,0,2026-08-10,25,25
U01569,10,37,145.0,47.9,22.8,2026-06-12,34,36,36,33,34,35.33,34.6,1.2,6,3,Light,0,0,0,8,7,4.5,4,2,Moderate,4790,8,0,0,3.3,-89,0,1,1,0,0,0,0,0,0,0,2026-07-19,37,37
U01570,3,24,154.4,63.9,26.8,2026-02-06,33,35,32,31,34,33.33,33.0,1.41,4,5,Light,0,0,0,3,1,5.5,6,2,Low,3486,9,1,1,-2.1,-413,1,1,0,0,0,0,0,0,0,0,2026-03-09,31,31
U01571,8,29,163.8,69.8,26.0,2026-08-26,28,30,26,28,28,28.0,28.0,1.26,7,4,Light,0,0,0,6,9,9.8,1,4,Moderate,2701,10,0,0,-0.7,490,0,0,0,0,0,0,0,1,0,1,2026-09-23,28,28
U01572,11,36,164.5,64.1,23.7,2026-06-13,29,29,31,34,27,29.67,30.0,2.37,6,5,Light,0,0,0,2,4,6.3,9,3,Moderate,9670,5,0,0,-0.4,-325,1,0,0,0,0,0,0,0,0,0,2026-07-11,28,28
U01573,9,22,145.0,61.6,29.3,2026-02-19,30,30,33,32,28,31.0,30.6,1.74,4,7,Light,0,1,1,2,5,6.7,5,5,Moderate,5164,8,0,0,-0.3,-348,1,0,0,1,0,0,0,1,0,0,2026-03-19,28,28
U01574,5,36,162.2,60.5,23.0,2026-02-13,31,31,32,31,30,31.33,31.0,0.63,6,5,Medium,0,0,0,8,9,5.7,3,2,Moderate,4754,6,0,0,1.2,153,0,0,0,0,0,0,0,1,0,1,2026-03-17,32,32
U01575,10,39,159.3,67.0,26.4,2026-03-18,32,31,32,33,28,31.67,31.2,1.72,4,5,Light,0,0,0,6,10,6.3,3,4,Low,8629,6,0,0,0.1,-331,0,0,1,0,0,0,0,0,0,0,2026-04-18,31,31
U01576,6,40,164.9,72.6,26.7,2026-01-23,31,30,33,30,33,31.33,31.4,1.36,3,7,Light,0,0,0,10,9,6.4,5,0,Moderate,10964,2,0,0,-0.5,-678,0,0,0,0,0,0,1,0,0,0,2026-02-23,31,31
U01577,9,21,170.3,67.6,23.3,2026-02-02,27,24,27,27,27,26.0,26.4,1.2,4,5,Light,0,1,0,2,3,6.1,4,6,High,13480,8,0,1,0.5,-393,0,0,0,0,0,0,0,0,0,0,2026-02-27,25,25
U01578,9,18,155.1,70.0,29.1,2026-03-24,32,30,34,32,27,32.0,31.0,2.37,5,7,Medium,0,0,1,3,7,8.2,8,5,Low,13591,6,0,0,0.1,-74,1,0,0,1,0,0,0,1,0,0,2026-04-25,32,32
U01579,11,26,162.6,60.0,22.7,2026-05-06,28,27,27,27,24,27.33,26.6,1.36,7,4,Medium,1,0,0,5,8,6.7,7,7,Moderate,4342,9,0,0,-0.8,-261,0,0,0,0,0,0,0,0,0,0,2026-06-02,27,27
U01580,6,29,173.5,75.6,25.1,2026-06-28,31,31,32,34,29,31.33,31.4,1.62,6,5,Medium,0,0,0,4,3,5.6,6,7,Moderate,11078,3,0,1,0.8,-122,0,0,0,0,0,0,0,0,0,0,2026-08-01,34,34
U01581,12,29,155.1,58.9,24.5,2026-08-03,29,28,29,29,26,28.67,28.2,1.17,4,7,Light,0,0,0,10,6,8.7,3,7,Moderate,2615,2,0,0,2.7,-233,0,0,1,0,0,0,0,0,0,0,2026-09-03,31,31
U01582,9,19,168.0,47.4,16.8,2026-06-06,30,31,30,31,27,30.33,29.8,1.47,3,3,Heavy,0,0,0,4,7,5.7,8,7,Low,4929,3,0,1,-0.1,-187,0,0,0,0,0,0,0,0,0,0,2026-07-08,32,32
U01583,11,33,171.2,77.1,26.3,2026-04-02,26,29,28,28,26,27.67,27.4,1.2,5,6,Medium,0,0,0,6,6,6.7,1,0,High,11814,1,0,0,0.7,164,1,0,0,0,0,0,0,0,0,0,2026-04-24,22,22
U01584,3,29,155.3,51.1,21.2,2026-02-16,28,29,26,28,29,27.67,28.0,1.1,6,4,Medium,0,0,0,5,7,7.9,5,5,High,3622,6,1,0,-0.3,200,1,0,0,0,0,0,0,0,0,0,2026-03-19,31,31
U01585,3,25,163.8,72.4,27.0,2026-03-07,30,29,29,32,29,29.33,29.8,1.17,7,7,Medium,0,0,0,1,2,8.7,7,4,High,11578,9,0,0,-0.4,-65,0,1,0,0,0,0,0,0,0,0,2026-04-05,29,29
U01586,6,28,158.2,56.6,22.6,2026-02-26,31,31,32,32,31,31.33,31.4,0.49,7,6,Medium,0,0,0,9,4,7.4,5,3,Moderate,12758,1,0,1,0.6,369,0,0,0,0,0,0,0,0,0,1,2026-03-27,29,29
U01587,9,30,160.5,69.3,26.9,2026-03-25,26,25,22,26,27,24.33,25.2,1.72,7,5,Medium,0,0,0,8,2,7.2,1,4,Moderate,3162,1,0,0,0.0,396,1,0,0,0,0,0,0,0,0,0,2026-04-21,27,27
U01588,4,23,176.4,56.0,18.0,2026-07-30,28,26,28,29,27,27.33,27.6,1.02,3,7,Light,0,0,0,5,10,6.0,5,2,Low,5958,8,0,0,0.6,284,0,0,0,0,0,0,0,0,0,0,2026-08-29,30,30
U01589,9,35,163.1,46.8,17.6,2026-03-19,28,27,31,27,27,28.67,28.0,1.55,5,4,Heavy,0,0,1,2,10,7.9,8,6,Low,6150,9,0,0,1.6,-529,0,0,0,1,0,0,0,0,0,0,2026-04-15,27,27
U01590,10,40,155.8,55.6,22.9,2026-06-05,24,25,25,24,25,24.67,24.6,0.49,4,5,Light,0,0,0,9,9,8.5,1,5,Moderate,2131,4,0,1,-0.6,-81,0,0,0,0,0,0,0,0,0,0,2026-06-29,24,24
U01591,2,26,166.9,53.8,19.3,2026-06-22,31,30,30,33,27,30.33,30.2,1.94,4,4,Medium,0,0,0,1,8,8.2,2,2,Moderate,12113,4,1,1,0.9,247,1,0,0,0,0,0,0,0,0,0,2026-07-21,29,29
U01592,2,35,162.9,68.2,25.7,2026-02-11,31,36,31,31,32,32.67,32.2,1.94,7,3,Medium,0,0,0,10,10,8.5,10,4,Moderate,2678,6,0,1,1.2,-107,0,0,1,0,0,0,0,0,0,0,2026-03-14,31,31
U01593,10,19,176.1,71.6,23.1,2026-02-06,33,32,36,31,33,33.67,33.0,1.67,7,7,Medium,1,0,0,2,8,7.3,9,5,Moderate,7065,8,0,1,-1.1,-120,0,0,0,0,0,0,0,0,0,0,2026-03-12,34,34
U01594,10,26,163.3,49.3,18.5,2026-03-13,29,27,27,27,29,27.67,27.8,0.98,6,5,Light,0,0,0,3,4,7.9,8,1,Moderate,9045,5,0,0,0.8,29,0,0,0,0,0,0,0,0,0,0,2026-04-09,27,27
U01595,2,30,158.9,65.9,26.1,2026-02-21,22,22,21,20,24,21.67,21.8,1.33,4,7,Medium,0,0,0,7,4,7.6,8,2,High,7132,1,0,0,-0.9,-677,0,0,0,0,0,0,0,0,0,0,2026-03-13,20,20
U01596,11,36,154.7,55.3,23.1,2026-08-22,32,34,32,32,35,32.67,33.0,1.26,4,7,Heavy,0,0,0,1,5,6.3,7,6,Moderate,12276,9,1,0,-1.0,195,0,0,0,0,0,0,0,0,0,0,2026-09-20,29,29
U01597,4,25,150.9,56.9,25.0,2026-01-06,26,28,27,28,26,27.0,27.0,0.89,4,4,Medium,0,0,0,1,4,7.4,7,1,Low,3622,2,0,0,-1.3,329,0,0,0,0,0,0,0,0,0,0,2026-02-02,27,27
U01598,11,23,148.7,50.6,22.9,2026-05-08,30,31,31,30,31,30.67,30.6,0.49,5,4,Light,0,0,0,4,10,8.0,9,4,High,12621,3,0,0,1.1,20,0,0,0,0,0,0,0,1,0,0,2026-06-05,28,28
U01599,12,37,160.9,74.6,28.8,2026-01-29,30,29,31,32,28,30.0,30.0,1.41,3,3,Medium,0,0,0,4,4,7.3,1,0,Moderate,8561,5,0,0,0.4,-54,0,1,0,0,0,0,0,0,1,0,2026-02-27,29,29
U01600,8,24,160.9,61.1,23.6,2026-05-06,30,33,26,30,29,29.67,29.6,2.24,5,3,Heavy,0,0,0,10,4,5.5,6,1,Moderate,7940,9,0,0,-1.2,-76,0,0,0,0,0,0,0,0,0,0,2026-06-04,29,29
U01601,7,22,157.6,50.9,20.5,2026-06-19,29,29,29,28,27,29.0,28.4,0.8,6,6,Medium,0,0,0,10,3,8.4,3,1,High,3160,9,0,0,1.1,-263,1,0,0,0,0,0,0,1,0,0,2026-07-19,30,30
U01602,3,35,158.4,70.5,28.1,2026-05-27,31,30,31,27,32,30.67,30.2,1.72,6,5,Medium,0,0,0,3,8,7.1,8,7,Low,9710,6,0,0,-1.1,340,0,0,0,0,0,0,0,1,0,0,2026-06-28,32,32
U01603,12,20,166.1,57.7,20.9,2026-06-27,30,31,31,30,29,30.67,30.2,0.75,5,5,Medium,0,0,0,4,9,5.9,2,0,Moderate,13532,5,0,0,0.7,-285,0,0,0,0,0,0,1,0,0,0,2026-07-25,28,28
U01604,3,33,166.6,53.3,19.2,2026-04-09,34,32,34,35,37,33.33,34.4,1.62,6,5,Medium,0,0,0,9,1,7.1,7,0,Moderate,11214,4,0,1,3.2,-586,0,0,0,0,0,0,0,1,0,0,2026-05-14,35,35
U01605,5,28,161.8,63.1,24.1,2026-04-06,32,32,32,29,31,32.0,31.2,1.17,3,6,Light,0,0,0,10,8,7.6,4,4,Low,12770,8,0,0,0.6,-56,0,0,0,0,0,0,0,0,0,0,2026-05-13,37,37
U01606,12,36,161.2,56.9,21.9,2026-08-14,31,33,34,29,31,32.67,31.6,1.74,6,6,Medium,0,0,1,6,10,9.0,5,5,Moderate,8946,2,1,1,-1.2,115,0,1,0,1,0,0,0,0,0,0,2026-09-13,30,30
U01607,10,37,160.7,46.7,18.1,2026-06-10,28,30,26,27,27,28.0,27.6,1.36,4,4,Heavy,0,0,0,9,7,7.6,8,3,Low,11719,1,1,0,0.4,-97,0,0,0,0,0,0,0,0,0,0,2026-07-12,32,32
U01608,9,26,150.6,61.0,26.9,2026-04-04,28,28,30,28,27,28.67,28.2,0.98,6,3,Medium,0,0,0,5,5,7.6,7,4,Low,2613,1,0,1,0.1,-54,0,0,0,0,0,0,0,0,0,0,2026-05-04,30,30
U01609,7,23,161.2,63.7,24.5,2026-08-22,33,34,33,34,31,33.33,33.0,1.1,7,7,Light,0,0,1,2,6,6.7,6,7,Low,9015,5,0,0,0.3,178,0,0,0,1,0,0,0,0,0,0,2026-09-24,33,33
U01610,4,22,150.9,44.4,19.5,2026-05-28,32,31,35,32,31,32.67,32.2,1.47,6,5,Medium,0,0,0,10,4,8.4,1,1,Low,2316,8,0,0,1.0,283,0,1,0,0,0,0,0,0,0,0,2026-07-01,34,34
U01611,2,34,161.4,58.1,22.3,2026-07-27,29,31,28,28,28,29.33,28.8,1.17,4,6,Medium,1,0,0,10,6,6.6,10,4,High,12636,2,1,0,0.7,-639,0,0,0,0,0,0,0,0,0,0,2026-08-24,28,28
U01612,6,27,154.3,60.9,25.6,2026-08-12,27,28,28,27,27,27.67,27.4,0.49,6,4,Light,0,0,0,4,7,8.3,10,0,Moderate,10622,2,0,0,0.1,147,0,0,0,0,0,0,0,0,0,1,2026-09-08,27,27
U01613,6,36,160.2,45.7,17.8,2026-03-08,30,30,28,27,28,29.33,28.6,1.2,4,3,Light,0,0,0,9,1,6.2,8,7,Moderate,6609,2,0,0,0.4,356,0,0,0,0,0,0,0,0,0,0,2026-04-08,31,31
U01614,5,35,158.2,58.1,23.2,2026-04-08,37,38,40,36,35,38.33,37.2,1.72,4,5,Medium,0,0,1,6,6,7.3,4,6,High,7674,5,0,1,0.5,-427,0,0,0,1,0,0,0,0,0,0,2026-05-17,39,39
U01615,7,40,147.3,34.7,16.0,2026-03-16,32,31,31,31,32,31.33,31.4,0.49,3,7,Light,0,0,0,1,6,6.7,7,0,High,4504,4,0,0,1.0,210,1,1,1,0,0,0,0,1,0,0,2026-04-16,31,31
U01616,2,37,162.8,68.1,25.7,2026-02-16,29,31,27,33,32,29.0,30.4,2.15,6,6,Heavy,0,0,0,1,2,8.2,9,5,High,6706,5,1,0,0.3,188,0,0,0,0,0,0,0,1,0,0,2026-03-19,31,31
U01617,3,39,164.6,61.0,22.5,2026-01-21,26,27,25,26,27,26.0,26.2,0.75,7,5,Light,0,1,0,3,5,6.7,3,2,Low,5666,2,0,0,-1.4,-168,0,1,0,0,0,0,1,0,0,0,2026-02-11,21,21
U01618,11,38,160.2,66.7,26.0,2026-06-18,29,28,29,27,27,28.67,28.0,0.89,6,4,Medium,0,0,0,9,1,4.9,7,1,High,5029,6,0,1,1.2,308,1,0,0,0,0,0,0,0,0,0,2026-07-17,29,29
U01619,2,38,157.8,43.8,17.6,2026-03-18,31,31,33,31,31,31.67,31.4,0.8,4,7,Light,0,0,0,9,8,6.7,7,2,Low,8580,2,0,0,1.2,-70,0,0,0,0,0,0,0,1,0,1,2026-04-21,34,34
U01620,2,40,155.8,55.6,22.9,2026-08-21,27,26,28,30,27,27.0,27.6,1.36,5,3,Heavy,0,0,0,8,1,9.7,3,7,Moderate,6944,10,0,0,-2.9,454,0,0,0,0,0,0,0,0,0,0,2026-09-17,27,27
U01621,4,26,157.1,53.6,21.7,2026-05-24,24,21,25,21,24,23.33,23.0,1.67,4,6,Medium,0,0,0,2,3,9.5,2,7,Low,10944,7,0,0,0.3,-432,0,0,0,0,0,1,0,0,0,0,2026-06-16,23,23
U01622,3,25,164.7,52.4,19.3,2026-02-09,33,35,31,34,33,33.0,33.2,1.33,4,4,Medium,0,0,1,1,4,7.4,7,0,High,5375,4,0,0,1.3,-132,0,0,0,1,0,0,0,0,0,0,2026-03-16,35,35
U01623,10,31,156.2,63.9,26.2,2026-01-27,32,34,31,33,31,32.33,32.2,1.17,5,3,Light,0,0,0,9,3,8.0,4,6,Moderate,9653,9,0,0,1.5,477,0,0,0,0,0,0,0,0,0,0,2026-02-26,30,30
U01624,4,37,163.4,61.4,23.0,2026-03-16,30,32,30,30,28,30.67,30.0,1.26,7,5,Medium,0,0,0,1,1,7.4,5,5,Low,9387,1,0,0,0.5,-620,1,0,0,0,0,0,0,0,0,0,2026-04-16,31,31
U01625,12,22,153.6,41.8,17.7,2026-01-10,30,33,30,31,29,31.0,30.6,1.36,4,7,Light,0,0,0,9,1,6.7,6,1,Moderate,12784,2,0,0,0.7,-66,0,0,0,0,0,0,0,0,0,0,2026-02-12,33,33
U01626,8,40,163.4,67.8,25.4,2026-07-25,29,28,28,30,29,28.33,28.8,0.75,7,4,Heavy,0,0,0,2,5,8.3,7,2,Low,10038,7,0,0,1.6,-241,0,0,0,0,0,0,0,0,0,0,2026-08-22,28,28
U01627,4,24,163.2,52.5,19.7,2026-02-14,31,33,32,30,31,32.0,31.4,1.02,5,3,Medium,0,0,0,9,4,7.1,10,1,Moderate,5445,9,0,1,-2.1,366,0,1,0,0,0,0,0,0,0,0,2026-03-16,30,30
U01628,8,24,166.2,58.0,21.0,2026-05-21,29,30,30,26,28,29.67,28.6,1.5,5,3,Heavy,0,0,0,3,7,6.3,10,5,Low,3845,3,0,0,-0.1,114,1,0,1,0,0,0,0,0,0,0,2026-06-19,29,29
U01629,6,27,174.0,66.3,21.9,2026-08-26,32,32,32,31,31,32.0,31.6,0.49,7,3,Heavy,0,0,0,3,10,5.3,2,2,Moderate,8966,4,0,0,1.2,-202,1,1,0,0,0,0,0,0,0,0,2026-09-27,32,32
U01630,9,18,160.1,63.8,24.9,2026-01-23,23,24,21,22,24,22.67,22.8,1.17,7,7,Medium,0,0,0,7,9,7.9,3,3,Moderate,6036,3,0,0,0.7,429,0,0,0,0,1,0,0,0,0,0,2026-02-18,26,26
U01631,6,27,178.9,74.9,23.4,2026-02-06,27,23,25,29,28,25.0,26.4,2.15,6,7,Medium,0,0,0,3,9,8.4,1,7,High,6437,1,0,0,0.4,232,1,0,0,0,0,0,0,0,0,0,2026-03-03,25,25
U01632,7,21,149.1,51.1,23.0,2026-07-10,31,30,32,29,33,31.0,31.0,1.41,5,6,Heavy,0,0,0,5,4,5.7,2,2,High,11861,5,1,0,0.0,-95,0,0,0,0,0,0,0,1,0,0,2026-08-11,32,32
U01633,8,36,145.0,56.6,26.9,2026-03-27,28,26,28,29,27,27.33,27.6,1.02,5,7,Medium,0,0,0,5,4,7.1,9,5,Moderate,3990,7,0,0,1.1,-254,0,0,0,0,0,0,0,0,0,0,2026-04-21,25,25
U01634,10,35,159.6,59.9,23.5,2026-04-19,30,30,33,30,28,31.0,30.2,1.6,7,5,Heavy,0,0,0,9,6,8.0,6,7,Moderate,7697,8,1,0,-0.7,-85,0,1,0,0,0,0,0,0,0,0,2026-05-18,29,29
U01635,10,32,168.4,57.0,20.1,2026-05-13,29,28,31,30,29,29.33,29.4,1.02,7,5,Medium,0,0,0,4,8,8.2,5,3,High,3713,3,1,0,-0.3,59,1,0,0,0,0,0,0,0,0,0,2026-06-14,32,32
U01636,10,36,160.7,64.8,25.1,2026-01-09,26,25,25,27,26,25.33,25.8,0.75,4,4,Light,1,0,0,4,9,6.5,4,5,Moderate,11534,1,0,0,-0.6,409,0,0,0,0,0,0,0,0,0,0,2026-02-02,24,24
U01637,11,21,175.3,56.5,18.4,2026-05-19,26,25,26,26,25,25.67,25.6,0.49,5,7,Medium,0,0,0,1,10,6.5,5,3,High,11924,5,0,0,-1.8,330,0,0,0,0,0,0,0,1,0,1,2026-06-15,27,27
U01638,5,23,167.6,61.2,21.8,2026-02-19,31,29,30,27,27,30.0,28.8,1.6,6,3,Medium,0,0,0,8,7,6.4,5,2,Moderate,7946,3,0,0,0.1,-411,0,0,0,0,0,0,0,1,0,0,2026-03-24,33,33
U01639,9,38,155.6,54.5,22.5,2026-07-25,30,27,30,28,31,29.0,29.2,1.47,5,4,Medium,0,0,0,8,1,7.2,5,3,High,9189,2,0,1,1.0,-520,1,1,0,0,1,0,0,0,0,0,2026-08-24,30,30
U01640,6,39,154.2,49.5,20.8,2026-02-16,27,25,27,27,25,26.33,26.2,0.98,7,3,Medium,0,0,0,9,10,6.9,10,0,Moderate,9463,5,0,1,-0.2,-586,0,0,0,0,0,0,0,0,0,0,2026-03-18,30,30
U01641,2,24,170.5,56.1,19.3,2026-01-13,30,28,28,31,29,28.67,29.2,1.17,3,7,Heavy,0,0,0,9,4,6.7,8,1,Low,5386,5,0,0,0.4,386,0,0,0,0,0,1,0,0,0,0,2026-02-13,31,31
U01642,6,23,160.4,73.8,28.7,2026-08-25,34,34,37,38,35,35.0,35.6,1.62,5,5,Heavy,0,0,0,5,2,5.3,3,7,Moderate,2325,1,0,0,0.8,446,0,0,0,0,0,0,0,0,0,0,2026-09-26,32,32
U01643,7,20,154.1,55.3,23.3,2026-04-23,26,26,27,28,27,26.33,26.8,0.75,7,6,Medium,0,0,0,6,6,7.1,2,2,Low,8680,1,0,0,0.6,-508,0,0,0,0,0,0,1,0,0,0,2026-05-18,25,25
U01644,7,34,154.8,64.0,26.7,2026-01-29,34,33,33,33,34,33.33,33.4,0.49,5,4,Heavy,0,0,0,7,4,6.8,10,6,Moderate,5857,1,0,1,0.9,222,1,0,0,0,0,0,0,0,0,0,2026-03-06,36,36
U01645,5,33,152.3,46.4,20.0,2026-07-24,34,34,35,36,31,34.33,34.0,1.67,3,7,Medium,0,0,0,3,10,5.0,9,4,High,3769,7,0,0,1.8,-176,0,1,0,0,0,0,0,0,0,0,2026-08-28,35,35
U01646,4,22,149.5,35.8,16.0,2026-01-02,30,27,30,30,31,29.0,29.6,1.36,6,4,Heavy,0,0,0,4,7,4.6,6,4,Low,6238,8,0,1,1.8,360,0,0,0,0,0,0,0,0,0,0,2026-01-31,29,29
U01647,7,32,167.1,62.5,22.4,2026-08-28,31,30,31,32,32,30.67,31.2,0.75,4,4,Light,0,0,1,6,10,6.5,8,4,Low,12317,9,0,0,-1.1,278,0,0,0,1,0,0,0,0,0,0,2026-10-02,35,35
U01648,2,35,161.6,55.4,21.2,2026-05-23,29,27,28,30,28,28.0,28.4,1.02,4,4,Light,0,0,0,8,2,7.0,3,5,Low,10173,10,0,0,0.2,158,0,0,0,0,0,1,0,0,0,0,2026-06-22,30,30
U01649,12,24,166.5,71.0,25.6,2026-02-16,27,26,26,26,24,26.33,25.8,0.98,6,3,Medium,0,0,0,6,9,6.9,1,4,Moderate,4825,2,0,1,-1.0,-28,0,0,0,0,0,0,0,0,0,0,2026-03-16,28,28
U01650,5,19,160.0,68.9,26.9,2026-03-30,33,31,33,35,35,32.33,33.4,1.5,4,4,Medium,0,0,0,9,7,7.9,1,5,Low,3675,10,0,0,0.7,-253,1,0,0,0,0,0,1,0,0,0,2026-05-02,33,33
U01651,10,23,166.0,65.6,23.8,2026-02-08,25,26,24,22,24,25.0,24.2,1.33,3,3,Medium,0,0,0,10,4,7.6,7,0,High,9135,4,0,0,1.0,135,0,0,0,0,0,0,0,0,1,0,2026-03-06,26,26
U01652,4,31,151.9,45.5,19.7,2026-03-05,29,30,30,29,31,29.67,29.8,0.75,4,6,Medium,0,0,0,2,3,6.7,8,1,Low,4719,2,0,0,-1.2,-196,0,1,0,0,0,0,0,0,0,1,2026-04-05,31,31
U01653,6,29,162.8,69.4,26.2,2026-04-05,33,34,34,32,34,33.67,33.4,0.8,4,3,Light,0,0,0,2,1,6.4,7,6,Moderate,10827,8,0,0,1.3,-506,0,0,0,0,1,0,0,1,0,0,2026-05-07,32,32
U01654,4,26,158.7,49.4,19.6,2026-08-28,31,33,33,35,28,32.33,32.0,2.37,5,4,Heavy,0,0,0,7,7,5.2,7,6,Moderate,8620,6,0,0,-1.3,-377,0,0,0,0,0,0,0,0,0,0,2026-09-29,32,32
U01655,4,30,151.3,56.3,24.6,2026-02-19,27,28,26,31,25,27.0,27.4,2.06,3,5,Light,0,0,0,7,6,6.8,4,1,Low,9810,3,0,0,0.9,344,0,0,1,0,0,1,0,1,0,0,2026-03-20,29,29
U01656,8,33,157.6,59.6,24.0,2026-02-08,28,28,30,29,29,28.67,28.8,0.75,6,6,Medium,0,0,0,4,2,8.5,10,7,Moderate,8990,9,0,1,-0.5,-57,0,0,0,0,1,0,0,0,0,0,2026-03-08,28,28
U01657,11,39,158.6,52.1,20.7,2026-06-08,27,27,24,29,27,26.0,26.8,1.6,3,3,Medium,0,0,0,4,9,8.2,6,5,Moderate,2697,8,0,1,-1.3,-123,0,0,0,0,0,0,0,0,0,0,2026-07-06,28,28
U01658,3,38,145.0,39.7,18.9,2026-07-20,30,28,31,31,33,29.67,30.6,1.62,3,7,Medium,0,0,0,6,1,8.5,9,4,High,9233,7,0,0,-1.5,-384,0,0,0,0,0,0,0,0,0,0,2026-08-18,29,29
U01659,3,33,170.4,61.6,21.2,2026-07-22,31,29,32,31,29,30.67,30.4,1.2,7,5,Medium,0,0,0,1,1,6.4,3,3,Moderate,12738,6,0,0,-2.1,66,0,0,0,0,0,0,0,1,0,0,2026-08-20,29,29
U01660,10,25,167.2,65.7,23.5,2026-02-28,25,23,26,23,26,24.67,24.6,1.36,5,4,Medium,1,0,0,5,7,6.8,8,4,Moderate,4380,7,0,0,-1.6,-40,0,0,0,0,0,0,0,0,0,0,2026-03-29,29,29
U01661,12,27,158.9,78.8,31.2,2026-03-17,31,31,34,31,26,32.0,30.6,2.58,5,7,Light,1,1,0,8,1,6.8,8,1,Low,13171,8,0,1,-0.5,441,0,0,0,0,0,0,0,0,0,0,2026-04-17,31,31
U01662,5,39,155.0,76.2,31.7,2026-05-17,31,33,30,30,30,31.33,30.8,1.17,5,7,Heavy,0,0,0,10,7,6.9,6,6,High,3453,9,0,0,0.3,471,0,0,0,0,0,0,0,0,0,0,2026-06-19,33,33
U01663,6,25,168.2,76.1,26.9,2026-03-30,28,28,27,30,27,27.67,28.0,1.1,4,7,Medium,1,0,0,8,9,7.6,6,2,Moderate,9508,2,0,0,-1.2,-393,0,0,0,0,0,0,0,0,0,0,2026-04-29,30,30
U01664,7,28,167.6,56.5,20.1,2026-03-29,34,34,33,34,33,33.67,33.6,0.49,6,6,Light,0,0,0,3,6,6.7,2,5,Moderate,12852,2,0,0,2.6,-456,0,1,1,0,0,0,0,0,0,1,2026-05-04,36,36
U01665,4,40,152.0,48.3,20.9,2026-02-16,28,28,27,29,27,27.67,27.8,0.75,3,4,Medium,0,0,0,6,5,7.9,5,2,Low,9657,10,0,0,0.8,-68,0,1,1,0,0,0,0,0,0,1,2026-03-15,27,27
U01666,6,27,150.1,46.0,20.4,2026-05-19,26,28,24,26,24,26.0,25.6,1.5,5,4,Light,0,0,0,4,7,6.3,10,2,High,13661,7,0,0,-2.5,346,0,1,0,0,0,0,0,0,0,0,2026-06-17,29,29
U01667,11,36,169.0,62.8,22.0,2026-02-09,33,33,39,38,33,35.0,35.2,2.71,3,3,Medium,0,0,1,4,1,5.5,1,7,Moderate,8815,1,0,0,-0.1,-684,0,1,0,1,0,0,0,0,0,0,2026-03-17,36,36
U01668,10,22,164.5,74.1,27.4,2026-03-29,33,37,35,33,33,35.0,34.2,1.6,4,6,Heavy,0,0,1,3,6,6.2,2,6,Moderate,11869,7,0,0,-0.1,-456,0,1,0,1,0,0,0,1,0,0,2026-04-29,31,31
U01669,7,27,166.1,57.9,21.0,2026-08-09,31,34,30,30,30,31.67,31.0,1.55,3,4,Heavy,1,0,0,9,4,5.7,5,0,Moderate,2835,5,0,1,0.7,-267,1,0,0,0,1,0,0,0,0,0,2026-09-11,33,33
U01670,7,19,150.5,59.8,26.4,2026-05-25,35,39,32,37,37,35.33,36.0,2.37,3,6,Medium,0,0,0,10,8,6.9,7,6,Moderate,8975,4,0,0,1.6,370,1,0,0,0,0,1,0,1,0,1,2026-06-30,36,36
U01671,11,37,158.8,53.2,21.1,2026-08-23,30,31,30,28,29,30.33,29.6,1.02,4,6,Light,0,0,0,10,4,8.5,2,3,High,2362,8,0,0,-2.3,35,0,0,0,0,1,0,0,0,0,0,2026-09-23,31,31
U01672,8,19,171.9,61.2,20.7,2026-02-18,34,36,32,35,33,34.0,34.0,1.41,7,7,Medium,0,0,0,6,9,6.6,10,2,Moderate,2815,7,0,0,-0.2,-575,0,0,0,0,1,0,0,0,0,0,2026-03-22,32,32
U01673,8,36,162.1,52.3,19.9,2026-02-17,26,28,26,24,24,26.67,25.6,1.5,4,6,Light,0,0,0,7,7,7.6,6,2,Moderate,13171,9,0,0,-2.9,-697,0,0,0,0,0,0,0,0,0,0,2026-03-14,25,25
U01674,6,37,157.5,54.6,22.0,2026-06-28,29,27,28,29,29,28.0,28.4,0.8,6,5,Light,0,0,1,4,5,4.7,8,5,Low,13892,3,0,0,1.8,462,1,0,0,1,0,0,0,0,0,0,2026-07-26,28,28
U01675,6,21,162.5,78.4,29.7,2026-08-06,30,34,32,29,30,32.0,31.0,1.79,5,4,Heavy,0,0,0,5,1,5.8,7,6,High,4948,1,0,0,0.4,-668,0,0,0,0,0,1,0,1,1,1,2026-09-05,30,30
U01676,9,18,158.8,57.7,22.9,2026-01-10,25,27,27,22,26,26.33,25.4,1.85,6,4,Light,0,0,0,4,7,6.4,9,2,Low,2246,4,0,0,1.7,404,0,0,0,0,0,0,0,1,0,0,2026-02-05,26,26
U01677,12,40,168.1,56.8,20.1,2026-03-16,29,29,30,31,27,29.33,29.2,1.33,6,4,Heavy,0,1,0,8,3,6.8,7,4,Moderate,11782,6,1,1,1.3,-152,1,0,0,0,0,0,0,0,0,0,2026-04-17,32,32
U01678,8,32,145.0,54.2,25.8,2026-07-03,29,30,27,25,28,28.67,27.8,1.72,7,3,Medium,0,0,0,3,9,6.3,4,3,Low,5070,5,0,0,0.7,87,0,1,0,0,0,0,0,0,0,0,2026-07-30,27,27
U01679,9,31,168.5,50.3,17.7,2026-01-22,30,29,31,31,30,30.0,30.2,0.75,4,5,Medium,0,0,1,7,6,8.1,10,6,Moderate,10517,10,0,0,-1.9,475,0,1,0,1,1,0,0,0,0,0,2026-02-23,32,32
U01680,8,32,168.7,62.3,21.9,2026-01-11,34,35,33,35,32,34.0,33.8,1.17,4,7,Light,1,0,0,5,3,5.0,2,2,Low,11139,3,0,0,1.1,-203,0,0,0,0,0,1,0,0,0,1,2026-02-13,33,33
U01681,12,35,159.2,62.9,24.8,2026-02-03,33,32,33,34,34,32.67,33.2,0.75,6,7,Medium,1,0,0,10,6,8.1,4,2,Low,13819,5,0,0,-0.4,40,0,0,0,0,0,0,0,0,0,0,2026-03-10,35,35
U01682,4,31,155.9,58.6,24.1,2026-07-11,33,35,31,34,34,33.0,33.4,1.36,3,7,Medium,0,0,0,10,10,6.6,4,2,High,8732,1,0,0,1.1,359,0,0,0,0,0,0,0,0,0,0,2026-08-16,36,36
U01683,8,35,170.2,54.7,18.9,2026-03-10,28,27,28,32,29,27.67,28.8,1.72,7,6,Heavy,0,0,0,10,7,7.1,3,2,Moderate,9428,1,0,0,0.8,360,0,1,0,0,1,0,0,0,0,0,2026-04-08,29,29
U01684,11,28,161.8,60.5,23.1,2026-06-02,28,30,25,31,26,27.67,28.0,2.28,4,7,Light,0,0,0,1,7,6.7,4,5,Moderate,10941,4,0,0,0.1,-176,0,0,0,0,0,0,0,0,0,0,2026-06-28,26,26
U01685,9,18,160.3,58.1,22.6,2026-07-09,29,30,24,31,30,27.67,28.8,2.48,5,7,Light,1,0,0,7,6,6.2,3,7,Moderate,13606,2,0,0,0.2,365,0,0,0,0,0,0,0,0,0,0,2026-08-09,31,31
U01686,10,19,153.8,37.8,16.0,2026-06-29,28,27,29,25,28,28.0,27.4,1.36,7,4,Heavy,0,0,0,7,1,7.5,10,1,Moderate,13421,1,1,0,0.0,416,0,1,0,0,0,0,0,0,0,0,2026-07-29,30,30
U01687,4,35,145.0,52.1,24.8,2026-06-23,26,26,28,29,22,26.67,26.2,2.4,6,5,Light,0,0,0,5,5,5.6,4,3,High,4212,1,0,0,-0.6,354,0,0,0,0,0,0,0,0,0,0,2026-07-16,23,23
U01688,7,22,149.6,47.2,21.1,2026-08-04,32,34,32,33,34,32.67,33.0,0.89,4,4,Heavy,0,0,0,4,10,5.9,8,4,Moderate,8443,2,0,0,1.1,-594,0,1,0,0,0,0,0,1,0,0,2026-09-05,32,32
U01689,7,20,150.3,54.2,24.0,2026-06-24,31,32,31,33,31,31.33,31.6,0.8,4,4,Medium,0,0,0,1,9,7.1,6,5,Low,6571,6,0,1,-1.1,366,0,0,0,0,0,1,0,1,0,1,2026-07-26,32,32
U01690,7,33,157.7,74.4,29.9,2026-01-27,29,30,25,27,28,28.0,27.8,1.72,5,5,Light,0,0,0,1,3,6.8,2,2,Moderate,10605,8,0,0,1.2,382,0,0,0,0,1,0,0,0,0,0,2026-02-22,26,26
U01691,5,21,157.4,54.3,21.9,2026-01-06,33,32,32,35,36,32.33,33.6,1.62,3,7,Heavy,0,0,1,5,7,6.9,4,5,Moderate,10318,3,0,0,1.6,-471,0,1,0,1,0,0,0,0,0,0,2026-02-09,34,34
U01692,11,38,148.3,42.4,19.3,2026-02-19,28,27,32,28,25,29.0,28.0,2.28,7,5,Medium,0,0,0,8,4,6.8,10,0,Moderate,2122,1,0,0,2.0,-102,0,0,0,0,0,1,0,0,0,0,2026-03-18,27,27
U01693,4,25,157.2,52.6,21.3,2026-02-19,24,23,24,23,24,23.67,23.6,0.49,6,7,Medium,0,0,0,1,4,6.4,3,2,Low,11732,8,0,0,-0.8,-505,0,0,0,0,0,0,0,1,0,0,2026-03-15,24,24
U01694,11,29,164.2,70.6,26.2,2026-08-06,31,32,32,34,32,31.67,32.2,0.98,7,5,Medium,0,0,1,6,3,6.9,8,0,Moderate,3221,6,0,0,0.0,474,0,0,0,1,0,0,0,0,0,0,2026-09-08,33,33
U01695,7,27,156.6,39.2,16.0,2026-07-19,23,25,22,24,20,23.33,22.8,1.72,7,6,Medium,0,0,0,1,4,4.1,8,4,Moderate,11502,10,0,0,0.5,-268,0,0,0,0,0,0,0,0,0,0,2026-08-08,20,20
U01696,3,26,159.2,60.8,24.0,2026-08-11,32,30,29,31,33,30.33,31.0,1.41,6,6,Light,0,0,0,7,2,7.9,6,3,Moderate,9476,6,0,0,-0.7,381,0,0,0,0,1,0,0,0,0,1,2026-09-09,29,29
U01697,3,32,164.5,67.1,24.8,2026-06-25,28,30,28,30,24,28.67,28.0,2.19,3,6,Light,0,0,0,4,2,5.9,4,0,High,12830,10,0,0,-1.2,47,0,0,0,0,0,0,0,0,0,0,2026-07-23,28,28
U01698,3,37,164.3,71.0,26.3,2026-03-24,30,29,30,27,31,29.67,29.4,1.36,4,5,Medium,0,0,0,10,7,7.0,5,1,High,3774,6,0,0,-0.3,-664,1,0,0,0,0,0,0,0,0,0,2026-04-25,32,32
U01699,11,23,159.1,50.9,20.1,2026-02-16,30,30,28,33,31,29.33,30.4,1.62,5,4,Medium,1,0,1,6,9,7.4,3,0,Low,12053,3,0,0,1.0,-633,0,1,0,1,0,0,0,0,0,0,2026-03-19,31,31
U01700,4,18,146.4,48.2,22.5,2026-08-24,33,34,33,33,35,33.33,33.6,0.8,3,3,Medium,0,0,0,9,4,7.2,6,4,Moderate,12698,6,1,0,0.4,404,1,0,0,0,0,0,0,0,0,0,2026-09-24,31,31
U01701,8,34,165.2,75.6,27.7,2026-08-28,27,28,27,28,30,27.33,28.0,1.1,5,7,Medium,0,0,0,7,2,6.1,7,0,Moderate,12254,9,0,0,0.3,225,0,0,0,0,0,0,0,0,0,0,2026-09-23,26,26
U01702,4,31,157.6,59.6,24.0,2026-05-25,28,30,26,27,25,28.0,27.2,1.72,4,3,Heavy,0,0,0,1,10,8.2,8,1,Low,7344,8,1,0,0.3,-639,0,0,0,0,0,1,0,0,0,0,2026-06-20,26,26
U01703,10,28,152.4,37.2,16.0,2026-04-18,27,25,29,30,26,27.0,27.4,1.85,5,7,Light,1,0,0,10,3,7.9,10,2,Moderate,5535,10,0,0,-1.0,497,0,0,0,0,0,0,0,0,0,0,2026-05-13,25,25
U01704,8,40,157.2,47.2,19.1,2026-02-21,28,28,28,25,30,28.0,27.8,1.6,7,7,Medium,0,1,0,2,6,6.3,1,2,High,6877,10,0,0,0.2,363,0,0,0,0,0,0,0,1,0,1,2026-03-19,26,26
U01705,5,25,160.0,60.7,23.7,2026-08-03,29,29,27,26,32,28.33,28.6,2.06,6,5,Medium,0,0,0,3,8,7.7,7,4,Low,11501,9,1,0,-1.1,-465,1,0,0,0,0,0,0,0,0,0,2026-09-03,31,31
U01706,9,27,157.8,64.5,25.9,2026-02-12,32,35,31,29,31,32.67,31.6,1.96,7,5,Light,0,0,0,6,6,6.2,9,4,Moderate,11272,1,0,0,-0.5,74,1,1,0,0,1,0,0,0,0,0,2026-03-17,33,33
U01707,5,37,155.9,59.1,24.3,2026-06-01,29,30,29,28,28,29.33,28.8,0.75,3,3,Medium,0,0,0,4,5,7.6,10,4,Moderate,5410,9,0,0,0.6,-692,0,0,0,0,0,0,0,0,0,0,2026-06-30,29,29
U01708,10,24,152.8,50.9,21.8,2026-01-18,26,29,27,28,27,27.33,27.4,1.02,7,7,Medium,1,0,0,5,2,6.7,10,2,Moderate,11494,4,0,0,2.2,49,0,0,0,0,0,0,0,0,0,0,2026-02-13,26,26
U01709,12,40,149.7,54.0,24.1,2026-06-29,31,30,34,33,31,31.67,31.8,1.47,6,7,Medium,0,0,0,7,6,7.4,5,0,Moderate,7793,3,0,0,2.1,-601,0,0,0,0,0,0,0,0,0,0,2026-07-29,30,30
U01710,7,26,167.0,48.8,17.5,2026-07-14,24,24,26,23,24,24.67,24.2,0.98,4,6,Light,0,0,1,7,4,6.1,3,5,Low,9140,8,0,0,2.5,-127,0,1,0,1,0,1,0,0,0,0,2026-08-09,26,26
U01711,7,34,165.0,74.1,27.2,2026-07-26,29,28,32,30,33,29.67,30.4,1.85,4,5,Light,0,0,0,5,8,7.3,5,5,Low,9220,6,0,0,-0.1,-273,0,1,1,0,0,0,0,0,0,0,2026-08-22,27,27
U01712,6,31,162.6,55.5,21.0,2026-07-01,35,35,34,35,34,34.67,34.6,0.49,3,7,Medium,0,0,1,9,3,6.0,5,5,High,3825,7,0,0,-0.8,-356,0,1,0,1,0,0,0,0,0,0,2026-08-06,36,36
U01713,10,35,161.1,57.9,22.3,2026-02-21,27,23,25,29,22,25.0,25.2,2.56,4,3,Heavy,0,0,0,1,1,7.8,6,1,Low,3003,9,1,0,0.3,422,1,0,1,0,0,0,0,0,0,0,2026-03-16,23,23
U01714,10,38,157.5,52.1,21.0,2026-02-15,32,33,32,31,35,32.33,32.6,1.36,3,7,Heavy,0,0,0,10,7,8.6,9,2,Moderate,5065,7,0,0,-0.7,-229,0,0,0,0,0,0,0,0,0,1,2026-03-21,34,34
U01715,4,21,161.3,62.2,23.9,2026-02-18,28,31,26,32,26,28.33,28.6,2.5,7,3,Medium,0,0,0,4,1,7.6,1,2,Moderate,13235,8,0,0,-0.8,331,0,0,1,0,0,1,0,0,0,0,2026-03-18,28,28
U01716,2,34,155.6,57.1,23.6,2026-04-13,25,24,26,23,23,25.0,24.2,1.17,7,7,Heavy,0,0,0,5,6,7.4,1,3,Moderate,13696,8,0,1,-1.4,-695,0,0,0,0,0,0,1,1,0,0,2026-05-08,25,25
U01717,7,27,154.9,55.4,23.1,2026-06-05,31,30,29,32,34,30.0,31.2,1.72,6,6,Medium,0,0,0,9,2,6.8,7,7,Low,12822,6,0,0,-0.7,476,0,0,0,0,0,0,0,1,0,0,2026-07-08,33,33
U01718,5,25,157.2,47.9,19.4,2026-02-10,33,33,33,33,35,33.0,33.4,0.8,7,3,Heavy,0,0,0,6,9,6.3,2,4,Moderate,9377,6,1,0,1.0,-329,0,1,0,0,0,0,1,0,0,0,2026-03-15,33,33
U01719,7,35,169.6,49.2,17.1,2026-08-14,30,28,31,29,30,29.67,29.6,1.02,5,3,Heavy,0,0,0,4,2,7.7,3,2,High,9342,6,0,0,-2.7,-239,0,0,0,0,0,0,0,0,0,0,2026-09-10,27,27
U01720,4,26,159.4,57.2,22.5,2026-04-23,26,25,30,26,25,27.0,26.4,1.85,3,7,Medium,0,0,0,6,1,9.0,3,6,Low,9248,10,0,0,0.1,297,0,0,0,0,0,0,1,0,0,0,2026-05-19,26,26
U01721,11,21,153.5,55.1,23.4,2026-08-28,34,36,37,32,34,35.67,34.6,1.74,7,3,Medium,0,0,0,1,4,7.0,4,3,Low,4192,1,0,1,1.4,-378,0,0,0,0,1,0,1,0,0,0,2026-10-03,36,36
U01722,12,32,161.9,51.1,19.5,2026-02-08,28,27,27,28,26,27.33,27.2,0.75,7,4,Medium,0,0,0,4,7,5.3,2,6,Moderate,10969,2,0,0,-1.3,-339,0,0,0,0,0,0,0,1,0,0,2026-03-07,27,27
U01723,2,39,147.8,48.7,22.3,2026-04-24,33,32,31,32,32,32.0,32.0,0.63,3,7,Medium,0,0,1,1,5,7.4,6,7,Low,7389,9,0,0,1.9,0,0,0,0,1,0,1,0,0,0,0,2026-05-27,33,33
U01724,5,32,162.5,61.0,23.1,2026-08-28,28,30,26,26,28,28.0,27.6,1.5,3,5,Medium,0,0,0,1,2,6.6,3,0,Moderate,13615,1,1,0,-0.4,-356,0,0,0,0,0,0,0,0,0,0,2026-09-27,30,30
U01725,9,25,154.9,48.2,20.1,2026-01-09,29,30,28,30,29,29.0,29.2,0.75,7,6,Light,0,0,0,10,9,6.5,10,6,Moderate,5997,1,0,0,1.4,403,1,0,0,0,0,0,0,0,0,0,2026-02-07,29,29
U01726,4,20,156.3,45.9,18.8,2026-01-17,29,29,29,32,28,29.0,29.4,1.36,4,4,Medium,0,0,0,10,1,6.8,6,1,Low,13881,6,0,0,-0.8,377,0,0,0,0,0,0,1,0,0,0,2026-02-16,30,30
U01727,4,24,153.5,65.5,27.8,2026-03-08,30,36,32,28,32,32.67,31.6,2.65,3,4,Light,0,0,0,10,9,5.6,10,7,Moderate,8303,8,0,1,0.6,-557,0,0,1,0,0,0,0,0,0,0,2026-04-08,31,31
U01728,2,31,150.2,49.2,21.8,2026-01-28,31,33,30,32,31,31.33,31.4,1.02,3,5,Light,0,0,0,5,10,7.7,10,4,High,3937,5,0,0,1.2,-541,0,0,0,0,0,0,0,0,0,0,2026-03-01,32,32
U01729,11,24,163.8,54.7,20.4,2026-04-18,29,30,27,31,29,28.67,29.2,1.33,6,3,Medium,0,0,0,5,4,6.0,1,3,High,6469,9,1,0,-0.8,-621,1,1,1,0,0,0,0,0,0,0,2026-05-21,33,33
U01730,7,35,158.4,51.2,20.4,2026-02-21,25,26,24,28,28,25.0,26.2,1.6,7,5,Medium,0,0,0,5,3,5.9,6,6,Moderate,11312,1,0,0,-0.9,-517,0,0,0,0,0,0,0,0,0,1,2026-03-15,22,22
U01731,9,26,169.2,67.6,23.6,2026-06-16,27,25,26,27,26,26.0,26.2,0.75,6,5,Light,0,0,0,7,2,7.5,3,3,Moderate,7716,1,0,0,1.2,367,0,0,1,0,0,0,0,0,0,0,2026-07-14,28,28
U01732,8,20,150.4,57.5,25.4,2026-03-27,32,31,34,32,30,32.33,31.8,1.33,7,3,Heavy,0,0,0,8,4,5.5,2,3,High,8072,6,0,0,0.5,-668,0,0,0,0,0,0,0,1,0,0,2026-04-30,34,34
U01733,8,32,160.3,51.1,19.9,2026-03-29,31,32,30,32,30,31.0,31.0,0.89,7,5,Medium,0,0,0,8,7,9.0,7,1,Moderate,8474,3,0,0,-0.4,173,0,0,0,0,0,0,0,1,1,0,2026-04-30,32,32
U01734,2,35,158.5,46.0,18.3,2026-01-13,31,30,28,30,35,29.67,30.8,2.32,3,4,Light,1,0,0,2,9,7.3,2,0,Moderate,9526,9,0,0,-0.6,-308,1,1,0,0,1,1,0,0,0,0,2026-02-12,30,30
U01735,3,38,161.9,57.7,22.0,2026-01-15,38,35,37,36,38,36.67,36.8,1.17,3,5,Medium,0,0,0,6,2,6.1,7,3,Moderate,13582,3,0,0,-1.6,57,1,0,0,0,1,0,0,0,0,0,2026-02-25,41,41
U01736,3,21,156.7,48.4,19.7,2026-01-02,30,28,28,31,29,28.67,29.2,1.17,3,4,Light,0,0,0,9,1,9.0,4,2,Moderate,12903,6,1,0,1.3,223,0,0,0,0,0,0,0,0,0,0,2026-02-03,32,32
U01737,4,36,168.4,68.9,24.3,2026-04-26,27,27,26,31,25,26.67,27.2,2.04,7,4,Heavy,0,0,0,2,5,7.5,7,1,Moderate,5620,10,0,0,0.3,-557,1,0,1,0,0,0,0,0,0,0,2026-05-23,27,27
U01738,5,19,155.0,51.7,21.5,2026-04-30,33,33,34,36,34,33.33,34.0,1.1,5,3,Medium,1,0,0,2,2,9.2,8,1,Low,9467,2,0,0,-0.9,281,1,0,0,0,1,0,0,0,0,0,2026-06-02,33,33
U01739,6,39,145.8,43.4,20.4,2026-01-04,33,33,32,35,34,32.67,33.4,1.02,7,4,Light,0,0,0,3,9,8.1,2,3,Moderate,13198,10,0,0,-0.9,-590,1,0,0,0,0,1,0,0,0,0,2026-02-06,33,33
U01740,9,30,166.2,58.8,21.3,2026-04-10,31,32,30,31,32,31.0,31.2,0.75,7,5,Heavy,0,0,0,8,2,7.4,10,2,Low,13097,2,0,0,-0.7,-511,0,0,0,0,0,0,1,0,0,0,2026-05-09,29,29
U01741,4,21,167.0,70.8,25.4,2026-03-01,29,27,31,29,29,29.0,29.0,1.26,5,5,Medium,0,1,0,2,2,6.0,4,5,Low,13409,9,1,1,0.9,-205,0,0,0,0,0,0,0,0,0,0,2026-03-31,30,30
U01742,2,35,160.4,54.3,21.1,2026-05-05,32,33,30,28,33,31.67,31.2,1.94,5,7,Heavy,0,0,0,6,7,6.0,10,2,Low,9840,5,0,0,0.1,436,0,0,0,0,0,0,1,0,0,0,2026-06-07,33,33
U01743,6,36,149.7,54.0,24.1,2026-03-11,31,31,29,28,30,30.33,29.8,1.17,6,6,Medium,1,0,1,7,7,8.7,2,3,Low,7643,10,0,1,-0.4,425,0,1,1,1,0,0,0,0,0,1,2026-04-11,31,31
U01744,11,32,170.2,58.8,20.3,2026-06-23,26,32,26,26,27,28.0,27.4,2.33,7,3,Light,0,0,0,1,1,6.4,9,4,Moderate,3121,6,0,0,0.5,412,0,1,0,0,0,0,0,1,0,0,2026-07-19,26,26
U01745,9,28,149.3,59.3,26.6,2026-08-21,31,27,28,32,28,28.67,29.2,1.94,3,6,Heavy,0,0,0,1,1,6.7,4,4,Low,5521,8,0,1,-2.2,6,0,1,0,0,0,0,0,0,0,0,2026-09-19,29,29
U01746,3,31,161.3,66.9,25.7,2026-06-25,31,25,32,31,33,29.33,30.4,2.8,6,5,Light,0,0,1,7,7,7.3,2,4,Low,7159,8,0,0,0.5,441,0,0,1,1,0,0,0,0,0,0,2026-07-26,31,31
U01747,6,35,164.2,55.0,20.4,2026-03-08,32,33,33,32,32,32.67,32.4,0.49,6,6,Light,0,0,0,10,7,7.7,7,3,Low,4340,8,0,1,-1.8,-116,1,0,0,0,0,0,0,0,0,0,2026-04-10,33,33
U01748,9,20,161.6,68.7,26.3,2026-04-25,32,29,28,31,29,29.67,29.8,1.47,5,5,Medium,0,0,0,5,2,5.3,10,4,Low,8985,10,0,0,1.8,259,1,0,0,0,0,0,0,0,0,0,2026-05-29,34,34
U01749,10,18,165.2,77.5,28.4,2026-01-29,31,28,34,33,30,31.0,31.2,2.14,4,7,Light,0,0,0,8,9,6.9,6,3,Low,3596,10,0,0,-1.3,102,0,1,0,0,0,0,0,0,0,0,2026-03-04,34,34
U01750,2,31,160.3,48.8,19.0,2026-06-28,29,28,30,23,31,29.0,28.2,2.79,5,6,Light,0,0,0,2,7,6.2,2,6,High,5832,7,0,0,0.1,134,0,0,0,0,0,0,0,0,0,0,2026-07-25,27,27
U01751,5,37,164.5,56.8,21.0,2026-05-11,25,25,25,26,24,25.0,25.0,0.63,4,3,Heavy,0,0,0,4,9,8.8,10,7,Moderate,2195,5,0,0,-2.0,107,0,0,0,0,0,0,0,0,0,0,2026-06-03,23,23
U01752,8,29,161.3,55.7,21.4,2026-05-30,30,29,31,34,28,30.0,30.4,2.06,4,7,Medium,0,0,1,2,8,5.9,7,3,Moderate,12011,1,0,1,-0.5,-414,0,0,0,1,0,0,0,0,0,0,2026-06-30,31,31
U01753,2,18,164.7,68.9,25.4,2026-01-04,27,30,26,24,25,27.67,26.4,2.06,4,3,Heavy,0,0,0,4,7,6.1,1,6,Moderate,2405,9,0,0,1.2,488,0,0,1,0,0,0,0,0,0,0,2026-02-01,28,28
U01754,4,18,145.0,41.4,19.7,2026-03-07,27,25,27,29,29,26.33,27.4,1.5,6,3,Medium,0,0,0,6,4,6.8,1,1,Moderate,5653,8,1,1,-0.3,354,0,0,0,0,0,0,0,0,0,0,2026-04-04,28,28
U01755,5,31,152.6,45.6,19.6,2026-03-18,27,28,29,26,30,28.0,28.0,1.41,4,3,Light,0,0,0,7,3,6.7,1,4,Moderate,5518,3,1,1,-0.4,48,0,1,0,0,0,0,0,0,0,0,2026-04-13,26,26
U01756,5,35,163.3,75.5,28.3,2026-05-13,28,25,29,26,25,27.33,26.6,1.62,5,6,Medium,0,0,0,4,7,7.4,8,6,Low,13346,7,1,0,0.4,-233,0,1,0,0,0,0,0,0,0,0,2026-06-12,30,30
U01757,2,30,168.0,76.5,27.1,2026-02-09,29,28,29,26,33,28.67,29.0,2.28,3,3,Heavy,0,0,1,2,7,8.5,6,1,Low,12918,10,0,0,0.5,131,0,0,0,1,0,0,0,0,0,0,2026-03-11,30,30
U01758,5,23,161.1,56.3,21.7,2026-03-03,26,23,25,27,26,24.67,25.4,1.36,3,4,Heavy,0,1,0,6,3,7.0,5,4,Low,6447,7,0,1,1.6,483,0,0,0,0,0,0,0,1,0,0,2026-03-28,25,25
U01759,8,24,166.0,71.6,26.0,2026-01-10,30,29,28,31,30,29.0,29.6,1.02,3,6,Medium,0,0,0,5,2,7.4,7,3,Low,12590,9,0,0,-0.4,179,0,1,0,0,0,0,0,0,0,0,2026-02-06,27,27
U01760,4,28,165.4,55.5,20.3,2026-04-01,29,28,32,29,29,29.67,29.4,1.36,6,7,Heavy,0,0,0,3,3,5.3,4,4,Moderate,10751,3,1,0,0.2,-521,0,0,1,0,0,0,0,0,0,1,2026-05-01,30,30
U01761,11,21,157.2,49.4,20.0,2026-05-01,32,35,33,31,33,33.33,32.8,1.33,5,7,Light,0,0,0,2,8,8.2,8,4,Moderate,3951,3,0,0,0.1,-694,0,0,0,0,0,1,0,1,0,0,2026-06-01,31,31
U01762,5,28,170.3,72.5,25.0,2026-07-21,29,30,31,30,31,30.0,30.2,0.75,3,7,Medium,0,0,0,1,9,7.8,7,0,Low,6429,1,0,0,-0.0,-541,0,1,0,0,0,0,0,0,0,0,2026-08-19,29,29
U01763,8,21,165.2,75.9,27.8,2026-04-08,29,27,28,26,28,28.0,27.6,1.02,7,7,Light,1,0,0,8,1,7.1,2,2,High,8791,8,0,0,1.2,296,1,0,0,0,0,1,1,0,1,1,2026-05-05,27,27
U01764,8,33,156.1,60.9,25.0,2026-02-25,27,28,26,23,25,27.0,25.8,1.72,3,5,Medium,0,0,0,10,7,6.7,9,6,Moderate,12169,9,1,0,-0.8,-173,0,0,0,0,0,0,0,0,0,0,2026-03-26,29,29
U01765,4,34,155.4,53.6,22.2,2026-07-05,34,34,34,35,34,34.0,34.2,0.4,4,5,Heavy,0,0,0,3,6,7.3,5,5,High,8294,9,0,0,-1.1,-59,0,0,0,0,0,0,0,0,0,0,2026-08-06,32,32
U01766,12,37,151.7,43.7,19.0,2026-02-08,27,28,28,26,23,27.67,26.4,1.85,5,7,Heavy,0,0,0,6,10,6.9,3,6,Moderate,10084,10,0,0,-1.1,37,0,0,0,0,0,0,0,0,0,0,2026-03-07,27,27
U01767,7,22,159.3,44.7,17.6,2026-02-21,27,26,26,28,30,26.33,27.4,1.5,7,4,Medium,0,1,0,5,2,9.0,7,3,High,2253,5,0,0,0.9,-33,0,0,0,0,0,0,0,0,0,0,2026-03-18,25,25
U01768,2,35,157.5,76.2,30.7,2026-03-18,28,29,31,29,32,29.33,29.8,1.47,7,4,Medium,0,0,0,4,3,7.0,5,6,Low,11434,10,1,0,-0.3,-210,0,0,1,0,0,0,1,0,0,0,2026-04-14,27,27
U01769,12,36,162.3,67.4,25.6,2026-07-14,27,24,28,27,26,26.33,26.4,1.36,5,7,Light,0,0,0,1,5,7.4,6,2,Moderate,11279,6,1,0,0.3,-535,0,0,0,0,0,0,0,0,0,0,2026-08-11,28,28
U01770,10,22,172.9,72.0,24.1,2026-01-10,26,25,25,25,25,25.33,25.2,0.4,3,4,Medium,0,0,0,4,1,6.4,4,1,Moderate,12366,3,1,0,0.2,-121,0,0,1,0,0,0,0,0,0,1,2026-02-04,25,25
U01771,10,38,148.5,54.0,24.5,2026-07-13,28,28,30,29,28,28.67,28.6,0.8,6,5,Light,0,0,0,4,1,8.0,3,0,High,2988,10,0,0,-1.2,-233,0,0,0,0,0,0,0,0,0,0,2026-08-08,26,26
U01772,4,23,160.3,67.1,26.1,2026-06-25,28,27,27,29,29,27.33,28.0,0.89,6,6,Medium,0,0,0,4,2,6.5,1,5,Low,10688,5,0,1,0.1,-460,0,0,1,0,0,0,0,0,0,0,2026-07-24,29,29
U01773,5,24,152.6,58.0,24.9,2026-05-01,33,31,31,36,33,31.67,32.8,1.83,4,5,Medium,0,0,1,6,10,7.0,8,2,Moderate,13781,5,0,0,-0.1,-118,0,0,0,1,0,0,0,0,0,1,2026-06-02,32,32
U01774,2,27,154.1,61.7,26.0,2026-08-24,25,27,23,22,26,25.0,24.6,1.85,4,5,Heavy,0,0,0,8,8,6.7,4,3,Moderate,4748,7,0,0,-0.2,-163,0,0,0,0,0,0,0,0,0,0,2026-09-22,29,29
U01775,8,36,160.0,59.4,23.2,2026-02-04,30,28,27,28,31,28.33,28.8,1.47,7,3,Medium,1,0,0,5,1,6.7,5,2,Moderate,12394,2,0,0,-1.0,215,0,0,0,0,0,0,0,0,0,0,2026-03-06,30,30
U01776,8,26,165.2,50.8,18.6,2026-04-09,26,23,28,24,27,25.67,25.6,1.85,5,4,Medium,0,0,0,7,4,7.7,1,7,High,7655,10,1,0,0.2,405,0,0,0,0,0,0,0,0,0,0,2026-05-06,27,27
U01777,12,36,171.4,60.8,20.7,2026-04-07,29,30,27,30,29,28.67,29.0,1.1,3,3,Heavy,0,0,0,9,9,4.6,2,0,Moderate,5963,8,0,0,-0.6,-13,0,0,0,0,0,0,1,1,0,0,2026-05-09,32,32
U01778,12,34,161.4,49.5,19.0,2026-02-26,27,26,25,31,27,26.0,27.2,2.04,6,5,Medium,0,0,0,5,2,6.5,6,6,Moderate,3669,7,0,1,0.4,-464,0,1,0,0,0,0,0,0,0,0,2026-03-24,26,26
U01779,4,31,161.3,65.3,25.1,2026-02-23,27,28,28,27,29,27.67,27.8,0.75,4,5,Medium,1,0,0,6,8,6.9,4,1,High,12549,2,0,0,-0.3,-610,0,0,0,0,0,0,0,0,0,0,2026-03-21,26,26
U01780,6,30,162.8,68.1,25.7,2026-05-18,31,30,34,32,31,31.67,31.6,1.36,7,4,Light,0,0,0,6,7,5.7,1,2,Moderate,8820,5,0,0,0.2,-622,0,0,0,0,0,0,0,0,0,0,2026-06-18,31,31
U01781,7,29,156.3,68.6,28.1,2026-02-13,27,28,29,27,27,28.0,27.6,0.8,6,6,Medium,0,0,0,5,10,7.5,8,3,Moderate,2941,2,0,0,0.4,-171,0,1,0,0,0,0,0,0,0,0,2026-03-11,26,26
U01782,4,28,164.3,43.2,16.0,2026-06-25,27,26,29,28,26,27.33,27.2,1.17,4,7,Heavy,0,1,0,6,2,6.6,9,4,Moderate,4521,2,0,0,0.4,298,0,1,0,0,0,0,0,1,0,0,2026-07-23,28,28
U01783,3,25,167.8,64.5,22.9,2026-08-13,29,28,27,26,31,28.0,28.2,1.72,5,4,Light,0,0,0,6,10,6.8,10,1,High,12909,8,0,0,-0.6,107,0,0,0,0,0,0,0,0,0,0,2026-09-06,24,24
U01784,7,31,162.0,60.6,23.1,2026-05-28,34,33,34,29,36,33.67,33.2,2.32,4,3,Heavy,0,0,0,5,8,7.2,10,0,Low,7246,9,0,0,0.0,-87,1,0,1,0,0,0,1,1,0,0,2026-07-01,34,34
U01785,12,19,158.6,53.8,21.4,2026-07-26,31,28,32,29,33,30.33,30.6,1.85,7,7,Medium,0,0,1,3,3,5.6,9,2,High,11807,3,0,0,-0.3,338,0,0,1,1,0,0,0,0,0,0,2026-08-26,31,31
U01786,2,26,159.9,54.7,21.4,2026-01-20,29,30,29,31,27,29.33,29.2,1.33,3,3,Heavy,0,0,0,6,7,6.6,3,5,Moderate,7101,1,0,0,1.0,264,0,0,1,0,0,0,0,0,1,1,2026-02-16,27,27
U01787,9,28,163.4,73.7,27.6,2026-04-24,31,30,30,31,31,30.33,30.6,0.49,4,5,Medium,0,0,0,4,10,8.1,4,1,Low,3601,2,0,0,-1.0,-407,0,0,1,0,0,0,0,0,0,0,2026-05-26,32,32
U01788,8,37,154.0,57.4,24.2,2026-04-04,32,34,28,32,30,31.33,31.2,2.04,3,4,Heavy,0,0,0,1,8,8.4,6,4,Moderate,6952,2,0,0,-0.9,334,0,0,0,0,0,0,0,0,0,0,2026-05-06,32,32
U01789,11,38,155.3,62.2,25.8,2026-04-05,28,27,29,29,29,28.0,28.4,0.8,7,6,Medium,0,0,0,10,9,8.5,3,7,Moderate,7669,4,0,0,-0.2,279,0,0,0,0,0,0,0,0,0,0,2026-05-04,29,29
U01790,2,35,155.8,59.5,24.5,2026-08-10,31,33,31,28,31,31.67,30.8,1.6,6,3,Light,0,0,0,10,7,5.8,10,4,Moderate,5590,10,0,1,0.5,-263,0,0,1,0,0,0,0,0,0,0,2026-09-11,32,32
U01791,11,22,155.7,58.4,24.1,2026-02-10,32,32,32,31,33,32.0,32.0,0.63,4,5,Medium,1,0,0,3,7,6.6,5,7,High,9683,1,1,0,1.4,-597,0,0,0,0,0,1,0,0,0,0,2026-03-12,30,30
U01792,11,36,161.0,56.8,21.9,2026-02-01,29,26,33,29,30,29.33,29.4,2.24,4,4,Medium,1,0,1,5,9,7.9,1,2,Moderate,4803,8,0,1,-0.4,-19,1,1,0,1,0,0,0,1,0,1,2026-03-03,30,30
U01793,8,36,163.7,60.3,22.5,2026-02-24,26,26,26,23,24,26.0,25.0,1.26,7,6,Medium,1,0,0,4,7,6.8,9,1,Moderate,7343,3,0,0,-0.5,152,0,0,0,0,0,0,0,0,0,0,2026-03-24,28,28
U01794,3,40,161.6,68.9,26.4,2026-05-28,26,24,23,27,26,24.33,25.2,1.47,5,3,Heavy,0,0,0,1,10,6.1,10,2,Moderate,8562,7,0,0,-1.3,-447,0,0,1,0,0,0,0,0,0,0,2026-06-20,23,23
U01795,7,31,158.1,57.2,22.9,2026-05-24,25,25,23,28,26,24.33,25.4,1.62,5,3,Medium,0,0,0,7,3,7.7,1,7,Moderate,12068,5,0,0,-0.3,-131,0,0,0,0,0,0,0,0,0,1,2026-06-16,23,23
U01796,7,33,158.1,69.2,27.7,2026-06-14,29,29,28,29,30,28.67,29.0,0.63,5,5,Medium,0,0,0,5,2,6.2,2,3,Low,9404,7,0,0,-0.9,-126,1,0,0,0,0,0,0,0,0,0,2026-07-13,29,29
U01797,2,25,154.7,51.9,21.7,2026-04-16,27,29,28,30,27,28.0,28.2,1.17,4,3,Medium,0,0,0,4,2,7.1,2,5,High,11616,6,0,0,-1.3,375,1,0,0,0,0,0,0,0,0,1,2026-05-12,26,26
U01798,4,32,168.7,54.9,19.3,2026-07-20,27,30,26,28,27,27.67,27.6,1.36,3,7,Medium,0,0,0,4,7,6.9,2,3,Moderate,11409,8,0,0,0.3,-341,0,0,0,0,0,0,0,0,0,0,2026-08-15,26,26
U01799,5,29,157.9,58.8,23.6,2026-02-18,30,30,28,31,30,29.33,29.8,0.98,5,7,Medium,0,0,0,6,6,6.7,9,2,Low,5588,4,0,0,-0.7,171,1,0,0,0,0,0,0,0,0,0,2026-03-18,28,28
U01800,7,35,151.7,65.1,28.3,2026-05-12,29,30,30,30,31,29.67,30.0,0.63,6,3,Medium,1,0,0,10,8,7.3,8,1,Moderate,5520,6,0,0,1.2,410,0,0,0,0,0,0,0,1,0,0,2026-06-09,28,28
U01801,3,19,180.0,66.4,20.5,2026-08-21,27,24,25,23,28,25.33,25.4,1.85,7,3,Medium,0,0,0,3,2,7.6,4,2,Moderate,13625,1,0,0,0.1,373,0,0,0,0,0,0,1,0,0,0,2026-09-15,25,25
U01802,6,32,158.8,57.5,22.8,2026-08-20,32,30,35,31,34,32.33,32.4,1.85,6,5,Light,1,0,0,6,4,8.0,3,0,Low,13922,4,1,0,1.1,-246,0,1,0,0,0,0,0,0,0,0,2026-09-21,32,32
U01803,8,31,164.9,66.9,24.6,2026-07-23,28,24,29,27,29,27.0,27.4,1.85,6,3,Medium,0,0,0,8,9,7.5,3,6,High,12263,3,0,0,-0.5,-659,0,0,0,0,0,0,1,0,0,1,2026-08-24,32,32
U01804,3,39,157.6,53.9,21.7,2026-02-06,31,30,28,29,32,29.67,30.0,1.41,3,5,Heavy,0,0,0,7,5,5.6,4,6,Low,8750,1,0,0,0.8,346,0,0,0,0,0,0,0,0,0,0,2026-03-10,32,32
U01805,3,40,165.3,61.5,22.5,2026-05-09,26,27,28,24,27,27.0,26.4,1.36,5,4,Medium,0,0,0,2,4,6.9,6,2,Moderate,6449,8,0,0,1.7,-512,0,0,0,0,1,0,1,1,0,0,2026-06-02,24,24
U01806,9,27,164.4,71.1,26.3,2026-05-14,26,24,27,26,26,25.67,25.8,0.98,3,7,Medium,0,0,0,9,2,8.6,5,0,Moderate,9273,5,0,0,-1.7,144,0,0,0,0,0,0,0,0,0,0,2026-06-12,29,29
U01807,12,30,161.8,58.6,22.4,2026-02-06,31,29,33,31,29,31.0,30.6,1.5,5,7,Light,0,0,0,3,2,6.8,6,3,Low,6049,3,0,0,-0.8,-516,0,0,1,0,0,1,0,0,0,0,2026-03-12,34,34
U01808,10,26,151.2,59.0,25.8,2026-06-01,28,28,26,31,26,27.33,27.8,1.83,6,4,Light,0,0,0,3,3,6.9,10,3,Low,4978,8,0,0,-1.2,-684,0,0,0,0,0,0,0,0,0,0,2026-06-26,25,25
U01809,3,19,162.0,51.4,19.6,2026-07-14,29,30,30,27,28,29.67,28.8,1.17,6,5,Heavy,0,0,0,1,5,5.5,7,5,Moderate,10003,1,0,0,-3.1,-486,0,0,0,0,0,0,0,1,0,0,2026-08-12,29,29
U01810,6,19,162.7,49.8,18.8,2026-07-17,32,31,30,33,30,31.0,31.2,1.17,5,4,Medium,0,0,0,9,4,8.5,10,0,Low,13914,3,0,0,1.6,-386,0,1,0,0,0,0,0,0,0,0,2026-08-22,36,36
U01811,5,20,163.3,62.4,23.4,2026-02-13,25,20,27,23,26,24.0,24.2,2.48,5,6,Heavy,0,0,0,2,7,10.0,8,7,Moderate,11009,10,0,0,-0.4,180,0,0,0,0,0,0,0,1,0,0,2026-03-11,26,26
U01812,12,39,156.1,63.6,26.1,2026-08-07,25,27,23,24,23,25.0,24.4,1.5,5,4,Light,0,0,0,2,4,7.0,2,1,Low,8568,8,0,0,0.1,456,0,0,0,0,0,0,0,0,0,0,2026-08-27,20,20
U01813,8,27,164.5,52.8,19.5,2026-06-09,33,32,31,33,31,32.0,32.0,0.89,6,6,Medium,0,0,0,9,6,7.6,6,7,High,2175,1,0,0,1.4,-281,0,1,0,0,0,0,0,0,0,0,2026-07-15,36,36
U01814,8,19,162.5,75.8,28.7,2026-06-04,30,31,28,27,34,29.67,30.0,2.45,7,7,Medium,1,0,0,7,1,9.0,5,5,High,9152,8,0,0,0.4,134,1,0,1,0,0,0,0,0,0,0,2026-07-04,30,30
U01815,9,24,158.3,52.9,21.1,2026-02-01,31,32,31,30,33,31.33,31.4,1.02,5,4,Medium,0,1,0,10,3,7.1,6,1,Moderate,4105,8,1,0,-1.3,-17,0,1,0,0,0,0,0,0,1,0,2026-02-28,27,27
U01816,3,38,175.5,68.7,22.3,2026-05-18,29,29,26,29,29,28.0,28.4,1.2,3,5,Medium,1,0,0,5,8,6.4,4,7,Moderate,12994,3,0,0,-1.8,57,0,0,1,0,0,0,0,0,0,0,2026-06-17,30,30
U01817,10,35,164.5,49.5,18.3,2026-01-23,27,28,24,28,25,26.33,26.4,1.62,4,3,Medium,0,0,0,7,5,7.9,5,5,High,4026,8,0,0,-1.2,380,0,0,0,0,0,0,0,0,0,0,2026-02-21,29,29
U01818,10,26,162.5,57.8,21.9,2026-04-17,30,31,32,30,33,31.0,31.2,1.17,7,6,Heavy,0,0,0,3,8,9.1,3,7,Moderate,8963,7,0,1,0.7,190,0,0,1,0,0,0,0,0,0,1,2026-05-17,30,30
U01819,9,26,151.9,52.8,22.9,2026-01-08,35,37,35,34,32,35.67,34.6,1.62,4,3,Light,0,0,0,6,3,7.9,2,0,Low,2733,2,0,0,-0.1,195,1,0,0,0,0,0,0,0,0,1,2026-02-11,34,34
U01820,8,40,169.2,69.3,24.2,2026-05-15,24,23,21,25,22,22.67,23.0,1.41,3,5,Medium,0,0,0,5,2,4.2,3,3,Moderate,12371,10,0,0,-0.5,446,0,0,0,0,0,0,0,0,0,0,2026-06-09,25,25
U01821,3,27,159.3,58.4,23.0,2026-05-13,29,28,31,28,29,29.33,29.0,1.1,4,3,Light,0,1,0,6,4,7.3,4,7,Moderate,8975,6,0,0,0.1,-273,0,0,1,0,0,0,0,1,0,1,2026-06-13,31,31
U01822,2,21,155.9,55.4,22.8,2026-02-11,31,27,29,31,29,29.0,29.4,1.5,5,7,Medium,0,0,0,7,10,5.7,4,3,Moderate,3168,10,0,0,-0.9,-324,1,0,0,0,0,0,0,0,0,0,2026-03-15,32,32
U01823,7,33,165.1,69.5,25.5,2026-07-20,33,33,32,33,31,32.67,32.4,0.8,6,6,Medium,0,0,0,8,6,8.0,6,2,Moderate,4977,3,0,0,0.6,-214,0,1,0,0,0,0,0,1,0,0,2026-08-23,34,34
U01824,12,23,153.1,51.1,21.8,2026-08-16,33,31,32,32,35,32.0,32.6,1.36,3,6,Medium,0,0,0,4,10,5.7,9,3,Moderate,6014,7,0,0,1.2,50,0,0,1,0,0,0,0,0,0,0,2026-09-20,35,35
U01825,5,32,154.2,54.7,23.0,2026-04-05,28,26,25,30,28,26.33,27.4,1.74,3,6,Medium,0,0,0,10,7,7.9,3,7,High,13620,3,0,0,-1.3,-659,0,0,0,0,0,0,0,1,0,0,2026-05-05,30,30
U01826,10,36,157.8,65.0,26.1,2026-07-21,26,26,26,25,26,26.0,25.8,0.4,5,7,Light,1,0,0,1,5,8.2,10,4,Moderate,11581,8,1,0,0.3,-341,0,0,0,0,0,0,0,0,0,0,2026-08-16,26,26
U01827,11,31,168.4,67.2,23.7,2026-07-16,32,29,30,34,33,30.33,31.6,1.85,4,3,Light,0,0,0,8,1,8.7,9,1,Moderate,2070,3,0,0,0.0,227,0,1,1,0,0,0,0,0,0,0,2026-08-20,35,35
U01828,3,26,156.8,47.9,19.5,2026-05-23,27,25,25,27,27,25.67,26.2,0.98,5,5,Light,0,0,0,3,8,8.5,1,2,High,4587,5,0,0,0.3,-256,0,1,0,0,0,0,0,0,0,0,2026-06-18,26,26
U01829,2,32,164.1,64.4,23.9,2026-07-16,28,29,29,29,28,28.67,28.6,0.49,6,3,Medium,0,0,0,1,9,6.9,9,7,Low,5498,1,0,0,-1.7,-275,1,0,0,0,0,0,0,0,0,0,2026-08-13,28,28
U01830,12,28,166.2,60.5,21.9,2026-05-30,31,32,34,33,27,32.33,31.4,2.42,4,5,Light,1,0,1,5,2,8.3,10,1,Moderate,5930,9,0,0,-0.2,-547,1,0,0,1,0,0,0,0,1,0,2026-06-29,30,30
U01831,3,31,145.0,43.5,20.7,2026-04-27,27,28,28,23,27,27.67,26.6,1.85,5,5,Medium,0,0,1,1,10,7.0,8,1,Moderate,9154,5,0,0,0.3,97,0,0,0,1,0,0,0,1,0,0,2026-05-22,25,25
U01832,12,22,155.2,68.6,28.5,2026-05-06,30,30,33,32,29,31.0,30.8,1.47,7,5,Medium,1,0,0,4,2,6.1,3,1,Low,12175,7,0,0,-0.4,-446,0,0,0,0,0,0,0,0,0,0,2026-06-04,29,29
U01833,2,35,156.9,59.1,24.0,2026-08-12,27,25,27,29,27,26.33,27.0,1.26,7,7,Medium,0,0,0,9,3,8.4,6,1,Low,7919,10,0,0,0.5,-298,0,0,0,0,0,0,0,1,0,0,2026-09-10,29,29
U01834,6,21,162.9,56.8,21.4,2026-01-01,27,27,26,27,25,26.67,26.4,0.8,7,5,Medium,0,0,0,4,1,8.7,7,5,Low,3418,5,1,0,-1.0,-604,0,0,0,0,0,0,0,0,0,0,2026-01-26,25,25
U01835,11,24,155.5,53.2,22.0,2026-05-12,31,29,31,31,29,30.33,30.2,0.98,3,7,Heavy,0,0,0,9,10,5.4,4,4,Moderate,13904,7,0,0,-0.1,-495,0,0,0,0,0,0,0,1,0,0,2026-06-10,29,29
U01836,7,37,161.7,69.8,26.7,2026-02-22,31,30,31,25,32,30.67,29.8,2.48,7,7,Medium,0,0,0,7,4,7.0,7,6,Moderate,2041,2,0,0,-0.7,157,0,0,0,0,1,0,0,0,0,0,2026-03-26,32,32
U01837,12,30,160.6,69.1,26.8,2026-02-20,32,30,29,32,32,30.33,31.0,1.26,6,4,Medium,0,0,0,5,4,8.0,7,3,Low,9322,7,0,0,-0.0,-473,0,0,0,0,0,0,1,1,0,0,2026-03-23,31,31
U01838,5,31,157.2,58.3,23.6,2026-08-27,27,28,28,28,28,27.67,27.8,0.4,5,6,Medium,0,0,0,5,5,6.9,8,2,Moderate,4234,3,0,0,-1.8,123,0,0,0,0,0,0,0,0,0,0,2026-09-22,26,26
U01839,6,33,161.6,48.6,18.6,2026-07-11,29,30,27,29,27,28.67,28.4,1.2,5,4,Light,0,0,0,2,6,5.5,10,0,Moderate,6465,6,0,0,0.9,-106,0,1,0,0,0,0,1,1,0,0,2026-08-10,30,30
U01840,12,36,159.8,49.0,19.2,2026-06-18,25,25,21,28,28,23.67,25.4,2.58,5,4,Medium,0,0,0,6,6,8.2,9,7,Moderate,8039,7,0,0,0.6,-404,0,0,1,0,0,0,0,0,0,0,2026-07-16,28,28
U01841,8,19,160.3,42.9,16.7,2026-03-25,32,30,30,32,31,30.67,31.0,0.89,6,4,Medium,1,0,0,1,7,8.9,3,4,Moderate,3057,5,0,1,0.6,-636,0,0,0,0,0,0,0,0,0,0,2026-04-25,31,31
U01842,4,26,173.9,62.9,20.8,2026-03-11,31,33,33,33,32,32.33,32.4,0.8,7,6,Light,0,0,0,10,3,4.0,1,6,Moderate,7492,1,0,0,-0.9,-205,0,0,0,0,0,1,0,0,0,0,2026-04-11,31,31
U01843,5,34,169.7,68.8,23.9,2026-01-06,34,32,37,35,35,34.33,34.6,1.62,6,6,Light,0,0,1,7,3,7.3,4,5,Moderate,11619,7,0,1,0.3,307,1,1,0,1,0,0,0,1,0,0,2026-02-08,33,33
U01844,9,29,153.7,49.1,20.8,2026-05-17,29,28,32,30,32,29.67,30.2,1.6,5,5,Light,0,0,0,4,3,5.6,10,4,Moderate,5740,7,0,0,0.4,-77,0,0,0,0,0,0,0,0,0,0,2026-06-16,30,30
U01845,3,28,160.5,61.8,24.0,2026-07-09,35,34,35,37,36,34.67,35.4,1.02,3,4,Heavy,0,0,0,10,9,8.0,2,4,Moderate,2329,9,0,0,-0.5,-417,1,0,0,0,1,0,0,0,0,0,2026-08-15,37,37
U01846,10,39,162.0,55.6,21.2,2026-07-24,39,39,43,41,37,40.33,39.8,2.04,5,3,Heavy,0,0,0,5,2,8.5,8,1,High,9269,5,0,0,-0.4,213,0,1,0,0,0,0,0,0,1,0,2026-09-02,40,40
U01847,10,40,158.3,46.4,18.5,2026-06-03,37,38,40,39,35,38.33,37.8,1.72,5,3,Medium,0,0,1,9,7,8.1,9,5,Moderate,8630,1,0,1,-0.4,116,0,0,0,1,0,0,0,1,0,0,2026-07-11,38,38
U01848,9,38,153.6,64.9,27.5,2026-03-17,30,30,30,31,31,30.0,30.4,0.49,7,6,Medium,0,0,0,8,2,7.3,9,0,High,10507,6,0,0,0.7,71,0,0,1,0,0,0,0,0,0,0,2026-04-16,30,30
U01849,6,19,145.0,51.9,24.7,2026-05-04,35,31,33,32,36,33.0,33.4,1.85,7,4,Light,0,0,0,2,3,5.3,9,5,Moderate,3992,6,0,0,1.3,-496,0,1,0,0,0,0,0,0,0,0,2026-06-10,37,37
U01850,4,31,160.8,79.4,30.7,2026-07-04,29,31,26,27,29,28.67,28.4,1.74,5,5,Medium,1,0,0,5,10,5.9,8,2,Low,11528,4,0,0,-1.2,66,0,1,0,0,0,0,0,0,0,0,2026-08-03,30,30
U01851,12,21,156.5,57.1,23.3,2026-01-08,31,32,29,31,31,30.67,30.8,0.98,3,6,Medium,0,0,1,6,8,6.8,1,5,Low,4804,5,0,0,1.1,493,0,0,0,1,0,0,0,0,0,0,2026-02-10,33,33
U01852,10,33,158.7,48.6,19.3,2026-03-02,28,29,25,27,27,27.33,27.2,1.33,4,3,Heavy,0,0,0,2,4,6.3,3,6,Moderate,7152,4,1,0,-0.6,490,0,1,0,0,0,0,0,0,0,0,2026-03-30,28,28
U01853,9,23,159.8,61.0,23.9,2026-01-26,27,28,26,27,24,27.0,26.4,1.36,4,5,Light,0,0,0,6,1,8.5,4,7,Moderate,5606,10,0,0,-0.9,-471,0,0,0,0,0,0,0,0,0,0,2026-02-23,28,28
U01854,10,19,159.1,59.2,23.4,2026-04-13,24,26,20,20,23,23.33,22.6,2.33,7,7,Medium,0,0,0,1,3,9.6,7,3,High,5746,9,0,0,-0.4,247,0,0,0,0,0,0,0,0,0,0,2026-05-06,23,23
U01855,6,32,159.6,69.3,27.2,2026-08-17,36,36,36,38,39,36.0,37.0,1.26,4,7,Medium,1,0,0,9,3,6.9,4,5,High,2090,10,0,0,1.4,-491,0,0,1,0,0,0,0,0,0,0,2026-09-22,36,36
U01856,11,25,156.4,42.3,17.3,2026-06-05,30,28,30,30,31,29.33,29.8,0.98,7,5,Heavy,1,0,0,1,5,8.3,9,4,Moderate,6935,1,1,0,0.4,188,0,0,0,0,0,0,0,0,0,0,2026-07-07,32,32
U01857,9,39,153.8,49.0,20.7,2026-01-10,28,29,28,29,28,28.33,28.4,0.49,3,6,Heavy,1,0,0,10,9,8.2,3,3,Moderate,7924,4,1,0,0.7,364,0,1,0,0,0,0,0,0,0,0,2026-02-11,32,32
U01858,4,31,165.0,62.3,22.9,2026-02-19,31,33,27,30,29,30.33,30.0,2.0,3,5,Medium,0,0,0,4,4,6.9,3,1,High,2431,9,0,0,0.3,413,0,1,0,0,1,0,0,0,0,1,2026-03-25,34,34
U01859,4,20,168.2,58.6,20.7,2026-07-02,27,28,27,24,26,27.33,26.4,1.36,5,3,Medium,0,0,0,10,1,7.2,3,0,Moderate,4382,10,0,0,-0.3,145,0,0,0,0,0,0,0,0,0,0,2026-07-31,29,29
U01860,10,28,160.8,63.1,24.4,2026-02-23,29,31,30,31,28,30.0,29.8,1.17,5,6,Heavy,0,0,0,3,4,6.5,10,6,Moderate,9765,4,0,0,-0.8,77,0,1,0,0,0,0,0,0,0,0,2026-03-23,28,28
U01861,3,37,155.7,61.3,25.3,2026-07-11,29,28,28,28,28,28.33,28.2,0.4,4,3,Medium,0,0,0,8,9,8.5,4,0,Moderate,8648,9,0,0,0.0,-42,0,0,0,0,0,0,0,0,0,0,2026-08-11,31,31
U01862,11,25,158.1,53.2,21.3,2026-04-25,31,30,30,30,33,30.33,30.8,1.17,6,7,Light,0,0,0,1,1,7.9,10,2,High,11694,9,0,0,-0.7,-531,0,0,0,0,0,0,0,0,0,0,2026-05-28,33,33
U01863,2,33,157.7,64.9,26.1,2026-02-10,28,27,26,26,28,27.0,27.0,0.89,3,6,Heavy,0,0,0,3,7,6.6,1,7,Low,11697,1,0,0,1.5,-544,0,1,0,0,0,0,0,0,0,0,2026-03-11,29,29
U01864,6,34,148.2,44.6,20.3,2026-05-17,28,27,29,28,27,28.0,27.8,0.75,4,4,Medium,0,0,0,5,10,6.6,1,2,Low,6608,3,0,0,-0.8,304,0,0,0,0,0,0,0,0,0,0,2026-06-16,30,30
U01865,7,24,160.8,57.9,22.4,2026-06-25,32,28,35,32,31,31.67,31.6,2.24,7,6,Medium,0,0,0,9,5,6.9,5,6,Moderate,6387,3,0,0,2.5,-271,0,0,0,0,0,0,0,0,0,0,2026-07-28,33,33
U01866,6,23,149.0,53.5,24.1,2026-06-22,27,26,24,29,25,25.67,26.2,1.72,6,4,Heavy,0,0,0,8,9,9.1,9,0,Moderate,11339,4,0,0,-1.2,362,0,1,0,0,0,0,0,0,0,0,2026-07-21,29,29
U01867,10,35,164.9,62.0,22.8,2026-07-17,31,31,29,32,30,30.33,30.6,1.02,3,7,Heavy,0,0,0,2,5,6.0,2,1,High,12553,2,0,1,2.0,497,0,0,1,0,0,0,0,0,0,0,2026-08-14,28,28
U01868,12,38,163.8,67.3,25.1,2026-01-20,28,31,29,26,29,29.33,28.6,1.62,7,3,Light,0,0,0,2,4,5.8,2,5,Moderate,8748,6,0,1,0.3,-650,0,1,0,0,0,0,0,1,0,0,2026-02-15,26,26
U01869,7,27,159.0,52.6,20.8,2026-03-24,34,38,37,34,34,36.33,35.4,1.74,4,7,Light,0,1,0,5,5,5.9,1,5,Moderate,10563,6,0,0,0.0,-84,0,0,0,0,0,0,0,0,0,0,2026-04-27,34,34
U01870,2,22,161.7,62.0,23.7,2026-08-02,32,32,32,34,31,32.0,32.2,0.98,5,7,Medium,0,0,0,10,4,7.1,2,0,Moderate,4948,5,0,0,0.8,308,1,1,0,0,1,0,0,0,0,0,2026-09-07,36,36
U01871,5,29,162.0,76.4,29.1,2026-04-03,30,28,27,33,30,28.33,29.6,2.06,4,7,Light,0,0,0,10,8,7.9,10,0,Moderate,13668,6,0,0,-0.4,-586,0,0,0,0,0,1,1,0,0,1,2026-05-05,32,32
U01872,3,34,157.9,61.3,24.6,2026-03-27,25,25,25,26,25,25.0,25.2,0.4,7,7,Light,0,0,0,6,4,5.8,2,5,Moderate,10101,4,0,0,-0.5,87,0,0,0,0,0,0,0,0,0,0,2026-04-22,26,26
U01873,5,31,173.8,65.9,21.8,2026-07-19,31,31,30,31,31,30.67,30.8,0.4,4,4,Medium,0,0,0,6,9,8.5,1,4,Moderate,3793,10,0,0,0.9,-120,1,0,0,0,0,0,0,0,0,0,2026-08-21,33,33
U01874,10,29,152.4,37.2,16.0,2026-04-24,31,28,31,30,33,30.0,30.6,1.62,4,6,Medium,0,1,0,7,6,6.7,7,5,High,9760,10,0,0,0.9,-215,0,0,1,0,1,0,0,0,0,0,2026-05-25,31,31
U01875,12,22,163.6,58.1,21.7,2026-06-11,38,36,38,36,39,37.33,37.4,1.2,3,4,Light,0,1,1,2,6,7.5,1,0,Moderate,8256,8,0,0,-0.1,-515,0,0,0,1,0,0,0,0,1,0,2026-07-16,35,35
U01876,4,34,172.1,71.7,24.2,2026-05-09,28,27,26,29,27,27.0,27.4,1.02,5,3,Medium,0,0,0,7,9,8.0,6,3,Low,8627,8,0,0,0.0,210,0,0,0,0,0,0,0,0,0,0,2026-06-02,24,24
U01877,8,30,159.9,64.7,25.3,2026-01-03,25,24,24,24,25,24.33,24.4,0.49,5,6,Medium,0,0,0,6,7,9.3,9,4,High,11870,8,0,0,1.2,387,0,0,1,0,0,0,0,0,0,0,2026-01-27,24,24
U01878,2,27,171.1,67.3,23.0,2026-07-26,36,35,35,36,37,35.33,35.8,0.75,3,5,Medium,0,0,0,3,4,7.3,2,7,Moderate,6964,2,0,0,-2.5,310,1,1,1,0,0,0,0,0,0,0,2026-08-30,35,35
U01879,8,33,159.9,69.5,27.2,2026-02-19,28,28,30,27,27,28.67,28.0,1.1,4,4,Medium,0,0,0,7,5,6.8,5,7,Low,9108,7,0,0,-0.0,-646,0,0,0,0,0,0,0,0,0,0,2026-03-21,30,30
U01880,11,26,158.0,46.9,18.8,2026-08-09,31,32,35,31,32,32.67,32.2,1.47,3,4,Medium,0,0,0,8,3,8.2,7,5,Low,6865,5,0,0,-0.1,290,1,0,0,0,0,0,0,0,0,1,2026-09-12,34,34
U01881,10,21,163.4,64.9,24.3,2026-05-28,27,28,28,30,30,27.67,28.6,1.2,7,6,Light,0,0,0,9,8,5.3,1,0,Moderate,5817,9,1,0,-1.9,-215,0,0,0,0,0,0,0,0,0,0,2026-06-27,30,30
U01882,5,32,161.2,55.9,21.5,2026-04-24,28,30,29,27,30,29.0,28.8,1.17,3,7,Medium,0,0,0,2,5,8.9,4,3,Low,4181,4,0,0,0.7,-620,1,0,0,0,0,0,0,0,0,1,2026-05-20,26,26
U01883,12,24,162.1,66.7,25.4,2026-04-15,25,27,22,26,24,24.67,24.8,1.72,3,6,Light,0,0,0,6,2,7.8,8,5,Low,6358,10,0,0,0.2,-649,0,0,0,0,0,0,0,0,0,1,2026-05-12,27,27
U01884,12,40,164.6,57.7,21.3,2026-07-01,33,33,33,34,30,33.0,32.6,1.36,3,7,Medium,1,0,0,7,3,7.5,2,1,Low,5741,9,0,1,-2.7,390,0,1,0,0,0,0,0,0,0,0,2026-08-05,35,35
U01885,6,25,160.6,62.9,24.4,2026-06-27,25,28,29,27,25,27.33,26.8,1.6,3,6,Medium,0,0,0,4,7,8.1,6,1,Low,2370,9,0,0,0.3,25,0,0,0,0,0,0,0,0,0,0,2026-07-24,27,27
U01886,10,33,156.8,62.0,25.2,2026-07-23,31,31,31,29,27,31.0,29.8,1.6,3,6,Medium,0,0,0,5,3,6.0,3,6,Low,9727,5,0,0,-0.7,-438,0,0,0,0,0,0,1,0,1,0,2026-08-21,29,29
U01887,4,22,159.8,55.4,21.7,2026-08-13,31,30,29,30,33,30.0,30.6,1.36,4,4,Medium,0,0,0,4,9,6.9,10,5,Low,6191,4,0,0,-0.3,-373,0,0,0,0,0,0,0,0,0,0,2026-09-15,33,33
U01888,3,18,163.6,76.5,28.6,2026-02-09,32,30,35,31,33,32.33,32.2,1.72,4,3,Heavy,0,0,0,4,3,5.3,8,7,High,12548,8,0,0,0.6,-83,1,0,0,0,0,0,0,0,0,0,2026-03-12,31,31
U01889,4,40,145.3,46.4,22.0,2026-04-23,31,29,30,29,33,30.0,30.4,1.5,3,5,Light,0,0,0,8,4,7.0,9,4,High,8420,1,0,0,0.0,483,0,0,0,0,0,0,0,0,0,1,2026-05-25,32,32
U01890,6,18,152.0,56.8,24.6,2026-05-01,33,34,33,31,31,33.33,32.4,1.2,4,4,Medium,0,0,0,6,1,6.0,8,5,Low,2597,8,0,0,-0.0,-25,0,1,0,0,0,1,0,0,1,0,2026-06-02,32,32
U01891,3,18,157.5,45.9,18.5,2026-05-04,32,31,32,33,30,31.67,31.6,1.02,4,4,Medium,0,0,0,3,3,5.1,3,6,High,12810,4,0,0,-0.4,-658,0,1,1,0,0,0,0,0,0,0,2026-06-05,32,32
U01892,9,22,161.5,61.0,23.4,2026-01-17,34,32,34,32,35,33.33,33.4,1.2,3,4,Light,0,0,1,9,6,5.5,7,7,Moderate,8930,5,0,0,0.9,-151,0,0,0,1,1,1,0,1,0,1,2026-02-21,35,35
U01893,8,19,160.0,56.1,21.9,2026-06-08,29,31,27,31,32,29.0,30.0,1.79,5,4,Heavy,0,0,0,8,3,8.6,9,1,Moderate,4477,3,0,0,-1.2,-173,0,0,1,0,0,0,0,0,0,0,2026-07-08,30,30
U01894,6,26,146.6,54.6,25.4,2026-01-29,28,30,27,28,26,28.33,27.8,1.33,7,3,Light,0,0,0,3,9,9.0,6,1,Low,3739,7,0,0,-2.5,-604,0,0,1,0,0,0,0,0,0,0,2026-02-25,27,27
U01895,10,35,159.0,60.2,23.8,2026-02-20,29,27,33,28,29,29.67,29.2,2.04,7,6,Medium,0,0,0,4,8,7.7,10,2,Moderate,4815,3,0,0,-1.0,-536,1,1,1,0,0,0,0,0,0,0,2026-03-20,28,28
U01896,7,21,170.4,84.8,29.2,2026-07-04,28,28,27,27,28,27.67,27.6,0.49,5,6,Medium,0,0,0,7,8,7.6,2,3,Moderate,6715,2,0,0,-0.3,-637,1,1,0,0,0,0,0,1,0,0,2026-07-31,27,27
U01897,7,40,169.9,76.5,26.5,2026-02-20,34,34,35,35,33,34.33,34.2,0.75,5,7,Heavy,0,0,1,1,1,7.7,2,3,High,6883,2,0,0,-0.2,-37,0,0,1,1,1,0,1,0,1,0,2026-03-24,32,32
U01898,6,39,159.4,49.8,19.6,2026-01-29,26,26,26,26,23,26.0,25.4,1.2,6,7,Medium,0,0,0,9,2,5.9,8,5,Low,3171,6,0,1,0.2,201,0,0,1,0,0,0,0,0,0,0,2026-02-27,29,29
U01899,8,27,159.8,45.5,17.8,2026-07-04,27,27,26,27,27,26.67,26.8,0.4,3,5,Heavy,0,0,0,9,3,7.8,10,3,Moderate,4839,8,0,0,1.0,-20,0,0,0,0,0,0,0,0,0,0,2026-08-01,28,28
U01900,8,24,154.5,49.2,20.6,2026-02-16,27,30,24,27,28,27.0,27.2,1.94,4,7,Medium,0,1,0,7,9,5.2,4,5,Moderate,13630,8,0,0,0.4,-137,0,0,0,0,0,0,0,0,0,0,2026-03-16,28,28
U01901,2,20,162.0,43.0,16.4,2026-02-25,28,30,26,28,29,28.0,28.2,1.33,4,3,Medium,0,0,0,1,1,6.7,7,2,Low,4267,4,0,0,0.7,-679,0,0,0,0,0,0,0,0,0,0,2026-03-23,26,26
U01902,6,28,153.3,55.7,23.7,2026-03-14,34,34,33,35,32,33.67,33.6,1.02,4,5,Medium,0,0,1,4,3,6.9,3,0,Moderate,11703,9,0,0,2.9,-665,0,0,1,1,0,0,0,0,0,0,2026-04-13,30,30
U01903,5,30,150.9,60.1,26.4,2026-06-04,27,26,26,29,26,26.33,26.8,1.17,7,4,Medium,0,0,0,3,4,6.8,6,7,Moderate,10002,1,0,0,0.6,-307,0,0,0,0,1,0,0,0,0,0,2026-06-28,24,24
U01904,12,21,161.3,55.7,21.4,2026-08-26,30,28,27,31,31,28.33,29.4,1.62,5,7,Medium,0,0,0,2,5,8.1,9,4,Low,5735,2,1,0,-0.3,-55,0,0,0,0,0,0,0,0,0,0,2026-09-24,29,29
U01905,12,40,147.8,62.9,28.8,2026-04-25,28,26,30,27,27,28.0,27.6,1.36,4,3,Medium,1,0,0,5,1,7.8,10,4,Low,10908,3,0,0,-1.0,86,0,0,0,0,0,0,0,0,0,0,2026-05-23,28,28
U01906,12,25,151.7,45.3,19.7,2026-07-22,32,29,35,31,28,32.0,31.0,2.45,6,5,Medium,0,0,0,5,7,5.4,7,0,Moderate,12051,8,1,0,-1.6,-315,0,0,0,0,1,0,0,0,0,0,2026-08-28,37,37
U01907,5,31,158.5,65.6,26.1,2026-04-16,29,28,29,30,31,28.67,29.4,1.02,3,3,Light,0,0,0,1,6,5.5,8,0,Moderate,13890,4,0,0,0.8,-456,0,0,0,0,0,0,0,0,0,0,2026-05-13,27,27
U01908,5,30,168.3,61.7,21.8,2026-03-07,25,25,26,25,25,25.33,25.2,0.4,5,3,Heavy,0,0,0,1,2,6.5,4,4,Low,11708,2,0,0,3.4,-70,0,0,0,0,0,0,0,0,0,0,2026-03-30,23,23
U01909,4,33,167.0,60.0,21.5,2026-01-07,27,27,26,28,27,26.67,27.0,0.63,3,6,Light,0,0,0,8,5,8.6,1,4,Low,9643,3,1,0,-0.2,-628,0,0,0,0,0,0,0,0,0,0,2026-02-04,28,28
U01910,11,27,164.0,62.9,23.4,2026-04-30,26,27,28,25,26,27.0,26.4,1.02,6,4,Light,0,0,0,8,3,6.5,8,5,Moderate,7834,3,0,0,0.3,484,1,0,0,0,0,1,0,0,0,0,2026-05-30,30,30
U01911,8,37,168.7,62.9,22.1,2026-08-16,26,27,24,26,26,25.67,25.8,0.98,7,4,Medium,0,0,0,4,6,7.1,1,5,Low,4740,9,0,0,-1.4,-32,0,0,0,0,0,0,0,0,0,1,2026-09-13,28,28
U01912,3,20,150.4,44.6,19.7,2026-05-02,27,28,26,27,26,27.0,26.8,0.75,5,7,Light,0,0,0,10,7,7.5,7,0,Low,8286,4,0,0,-0.2,-50,0,0,0,0,0,1,0,0,0,0,2026-06-01,30,30
U01913,9,32,167.9,63.1,22.4,2026-03-04,33,33,34,34,30,33.33,32.8,1.47,5,5,Medium,0,0,0,10,4,5.5,8,7,Low,9765,3,0,0,0.2,-579,0,0,0,0,0,0,0,0,0,1,2026-04-10,37,37
U01914,3,35,150.6,68.7,30.3,2026-05-18,28,30,28,28,25,28.67,27.8,1.6,3,6,Light,0,1,0,3,3,6.1,8,3,Low,4215,4,0,0,-0.1,-246,0,0,0,0,0,0,0,0,0,0,2026-06-19,32,32
U01915,12,35,168.3,49.6,17.5,2026-05-12,30,31,30,33,30,30.33,30.8,1.17,4,3,Medium,0,0,1,4,2,5.8,8,4,Moderate,7013,2,0,0,0.6,-388,0,0,1,1,0,0,0,0,0,0,2026-06-13,32,32
U01916,8,40,161.8,44.0,16.8,2026-02-13,28,27,30,31,28,28.33,28.8,1.47,5,3,Heavy,0,0,0,8,2,7.8,4,1,High,5675,3,0,0,-0.6,-37,0,0,0,0,1,0,0,1,0,0,2026-03-17,32,32
U01917,7,39,159.8,60.5,23.7,2026-04-20,26,25,27,28,27,26.0,26.6,1.02,5,4,Heavy,0,0,0,4,9,8.3,2,4,Low,7589,4,0,0,0.3,81,0,0,0,0,0,0,0,1,0,0,2026-05-13,23,23
U01918,5,23,158.4,66.2,26.4,2026-03-13,26,28,27,26,25,27.0,26.4,1.02,7,3,Medium,0,0,0,7,5,6.5,7,2,Moderate,9990,3,0,0,-1.3,63,0,0,0,0,0,0,0,0,0,0,2026-04-08,26,26
U01919,10,26,162.9,72.2,27.2,2026-07-21,33,34,34,35,35,33.67,34.2,0.75,4,5,Light,0,1,1,2,1,8.1,3,4,High,2215,6,0,0,0.5,410,1,0,0,1,0,0,0,0,0,0,2026-08-21,31,31
U01920,5,23,160.4,56.9,22.1,2026-01-30,29,30,28,30,29,29.0,29.2,0.75,6,5,Light,0,1,0,10,1,7.5,6,1,Moderate,11903,7,0,0,0.1,-292,0,0,0,0,0,0,0,0,0,0,2026-02-28,29,29
U01921,10,20,163.3,54.9,20.6,2026-06-20,31,29,32,33,33,30.67,31.6,1.5,3,5,Heavy,1,0,0,5,6,5.6,9,1,High,12741,9,1,1,-0.4,-257,0,0,0,0,0,0,0,0,0,0,2026-07-17,27,27
U01922,3,35,161.1,56.3,21.7,2026-01-22,30,28,30,30,31,29.33,29.8,0.98,7,7,Light,0,1,0,9,7,5.9,8,7,Moderate,10848,6,0,0,0.8,-429,0,0,0,0,0,0,0,0,0,0,2026-02-20,29,29
U01923,9,39,160.1,60.5,23.6,2026-01-07,30,30,31,31,30,30.33,30.4,0.49,4,6,Heavy,0,0,0,9,10,7.2,2,3,Moderate,5253,1,0,0,2.0,-238,1,0,1,0,0,0,0,0,0,0,2026-02-03,27,27
U01924,7,28,166.8,74.3,26.7,2026-03-20,28,30,28,28,28,28.67,28.4,0.8,6,5,Heavy,0,0,0,7,2,7.2,4,4,Low,4310,5,0,0,-0.8,320,1,0,0,0,0,0,0,0,0,0,2026-04-17,28,28
U01925,7,38,151.9,45.9,19.9,2026-05-01,29,32,29,29,30,30.0,29.8,1.17,5,4,Heavy,0,0,0,7,7,8.0,2,0,Moderate,4635,2,0,0,1.1,-456,0,1,0,0,0,0,0,0,0,1,2026-05-31,30,30
U01926,4,18,154.1,60.8,25.6,2026-03-13,26,28,26,25,25,26.67,26.0,1.1,6,6,Medium,0,0,0,7,1,7.9,8,5,Moderate,5115,5,0,1,-0.1,-88,0,0,0,0,0,0,0,0,0,0,2026-04-10,28,28
U01927,7,35,158.7,60.2,23.9,2026-05-23,30,29,27,30,30,28.67,29.2,1.17,4,7,Light,0,0,0,6,10,5.0,9,4,High,6000,10,0,0,-0.7,-183,0,0,1,0,0,0,0,0,0,0,2026-06-22,30,30
U01928,12,19,168.9,79.6,27.9,2026-07-08,23,21,25,22,23,23.0,22.8,1.33,7,5,Medium,0,0,0,9,2,7.0,6,6,Low,6782,1,0,0,-0.5,-291,1,0,0,0,0,0,0,0,0,0,2026-08-01,24,24
U01929,11,32,153.4,50.6,21.5,2026-05-21,35,37,38,35,31,36.67,35.2,2.4,4,6,Medium,0,0,0,8,2,6.6,7,0,High,7041,9,0,0,0.7,-349,1,0,0,0,0,0,1,0,0,0,2026-06-26,36,36
U01930,6,40,161.8,62.3,23.8,2026-06-16,31,28,30,33,31,29.67,30.6,1.62,7,7,Medium,0,0,0,4,4,7.2,2,1,Low,6704,2,0,0,-1.2,82,1,0,1,0,0,0,0,0,0,1,2026-07-19,33,33
U01931,4,27,161.9,65.5,25.0,2026-07-09,28,27,28,29,29,27.67,28.2,0.75,6,6,Heavy,1,0,0,3,10,5.6,7,4,Moderate,10771,4,0,1,-1.6,-271,1,0,0,0,0,0,0,0,0,0,2026-08-07,29,29
U01932,6,34,158.7,55.9,22.2,2026-07-06,34,35,32,32,34,33.67,33.4,1.2,7,4,Medium,0,0,1,3,10,7.6,3,4,Low,10304,3,0,0,0.2,73,0,0,0,1,0,0,0,0,1,0,2026-08-06,31,31
U01933,3,35,150.8,60.5,26.6,2026-04-30,28,28,24,28,28,26.67,27.2,1.6,5,7,Light,0,0,0,4,3,8.1,8,0,High,6384,4,0,0,-1.6,-225,0,0,0,0,0,0,0,1,0,0,2026-05-30,30,30
U01934,7,29,156.1,48.2,19.8,2026-04-28,31,31,31,35,33,31.0,32.2,1.6,6,3,Medium,0,0,0,7,3,5.3,5,7,Low,3078,10,0,0,1.2,-163,1,0,0,0,0,0,0,0,0,0,2026-05-30,32,32
U01935,5,27,151.4,64.2,28.0,2026-07-10,28,27,26,27,28,27.0,27.2,0.75,6,3,Light,0,0,0,6,5,5.5,4,5,Moderate,10784,6,1,0,1.2,-546,0,0,0,0,0,0,0,0,0,0,2026-08-08,29,29
U01936,6,21,164.2,70.6,26.2,2026-07-01,29,26,30,24,30,28.33,27.8,2.4,5,7,Heavy,0,0,0,10,6,7.8,1,7,Low,10449,3,0,0,0.1,-25,0,0,0,0,0,0,0,0,0,0,2026-08-03,33,33
U01937,12,34,168.6,58.6,20.6,2026-05-28,29,28,29,29,27,28.67,28.4,0.8,5,4,Light,0,1,0,8,4,7.5,3,3,Low,8477,10,0,0,0.3,278,0,0,0,0,0,1,0,0,0,0,2026-06-30,33,33
U01938,6,38,157.6,60.1,24.2,2026-06-20,33,33,34,33,32,33.33,33.0,0.63,5,5,Light,0,0,1,5,2,6.5,8,2,Low,10896,3,0,0,-2.0,-527,1,0,1,1,0,1,0,0,0,0,2026-07-21,31,31
U01939,8,26,159.5,71.5,28.1,2026-05-09,29,30,32,25,30,30.33,29.2,2.32,5,3,Medium,0,0,0,3,9,6.9,9,1,Moderate,3955,7,1,0,-0.9,58,0,1,1,0,1,0,0,0,0,0,2026-06-04,26,26
U01940,5,26,157.3,73.0,29.5,2026-06-20,29,32,31,29,30,30.67,30.2,1.17,7,7,Medium,0,0,0,6,5,7.5,6,4,High,4192,5,0,0,1.5,459,0,0,0,0,0,0,0,0,0,0,2026-07-19,29,29
U01941,6,22,154.7,51.2,21.4,2026-04-13,25,23,25,22,26,24.33,24.2,1.47,6,5,Light,1,0,0,8,6,7.5,3,0,Low,4238,6,1,0,-0.5,138,0,0,0,0,0,0,0,0,0,0,2026-05-10,27,27
U01942,3,25,167.1,57.2,20.5,2026-07-28,25,25,23,25,26,24.33,24.8,0.98,7,3,Heavy,0,0,0,5,7,6.7,7,5,Moderate,9476,9,0,0,1.7,-178,0,0,0,0,1,0,0,0,0,0,2026-08-22,25,25
U01943,3,32,167.3,58.2,20.8,2026-07-25,25,23,25,21,27,24.33,24.2,2.04,3,7,Medium,0,0,0,5,2,5.1,7,4,High,11833,4,0,0,0.7,341,1,0,0,0,0,0,0,0,0,0,2026-08-17,23,23
U01944,10,36,159.7,43.1,16.9,2026-04-29,25,24,27,23,26,25.33,25.0,1.41,6,7,Heavy,1,0,0,1,7,7.1,9,6,Moderate,5691,3,0,1,-0.8,-300,0,0,0,0,1,0,0,0,0,0,2026-05-26,27,27
U01945,12,39,156.8,49.2,20.0,2026-01-07,29,31,27,28,27,29.0,28.4,1.5,6,7,Medium,0,0,1,6,3,6.4,9,7,High,9646,9,0,0,-0.1,-209,0,0,0,1,0,0,0,0,0,0,2026-02-03,27,27
U01946,4,36,147.5,69.2,31.8,2026-04-12,29,28,28,29,28,28.33,28.4,0.49,4,3,Medium,0,0,0,6,3,6.5,10,6,Moderate,3015,1,0,0,-1.8,-523,0,0,0,0,0,0,0,0,0,0,2026-05-11,29,29
U01947,5,29,162.5,67.6,25.6,2026-06-05,35,36,35,35,36,35.33,35.4,0.49,3,7,Medium,0,0,0,6,2,7.1,8,7,Moderate,8032,8,0,0,-0.8,287,0,0,0,0,0,1,0,0,0,0,2026-07-10,35,35
U01948,9,18,155.6,54.7,22.6,2026-07-29,34,31,33,36,32,32.67,33.2,1.72,7,3,Heavy,1,0,0,1,1,6.6,9,1,Moderate,9394,1,0,0,0.6,-110,0,0,0,0,0,0,0,0,0,0,2026-08-28,30,30
U01949,9,22,174.0,76.9,25.4,2026-06-20,30,30,29,34,29,29.67,30.4,1.85,3,6,Heavy,0,0,0,3,3,6.4,6,3,Low,10704,6,0,0,0.6,389,0,0,0,0,0,0,0,0,0,0,2026-07-22,32,32
U01950,12,30,165.5,56.7,20.7,2026-06-19,28,27,25,28,26,26.67,26.8,1.17,7,6,Light,0,0,0,3,10,4.8,8,6,High,10264,6,0,0,0.7,-458,0,0,0,0,0,0,0,0,0,0,2026-07-15,26,26
U01951,11,32,149.1,40.9,18.4,2026-01-20,33,33,30,31,37,32.0,32.8,2.4,5,7,Light,0,0,1,5,5,8.3,6,5,Moderate,12522,10,0,0,0.4,467,0,0,1,1,0,0,0,1,0,0,2026-02-22,33,33
U01952,8,26,167.0,50.5,18.1,2026-05-19,27,26,26,28,27,26.33,26.8,0.75,5,4,Heavy,0,0,0,2,4,6.3,10,3,Moderate,13737,10,0,0,1.8,-241,0,1,0,0,0,0,0,1,0,0,2026-06-13,25,25
U01953,6,31,152.1,37.7,16.3,2026-04-24,26,27,27,26,26,26.67,26.4,0.49,6,4,Medium,0,0,0,3,3,7.6,8,1,Moderate,9632,1,0,0,-1.0,6,0,1,0,0,0,0,0,1,0,0,2026-05-22,28,28
U01954,4,40,158.1,55.2,22.1,2026-02-28,29,31,32,28,29,30.67,29.8,1.47,6,4,Heavy,0,0,0,2,2,6.5,5,3,Moderate,13452,1,0,0,0.9,-287,0,0,0,0,0,0,0,0,0,0,2026-04-01,32,32
U01955,5,35,148.7,35.4,16.0,2026-06-09,29,28,27,32,29,28.0,29.0,1.67,4,3,Medium,0,0,0,10,1,6.8,8,7,Moderate,12945,7,0,0,0.8,-31,0,0,0,0,0,0,0,0,0,0,2026-07-10,31,31
U01956,2,25,164.6,43.3,16.0,2026-03-28,24,27,26,20,24,25.67,24.2,2.4,5,6,Medium,0,1,0,7,10,7.9,2,1,Low,5821,1,0,0,-0.2,181,0,0,0,0,0,0,0,0,0,0,2026-04-23,26,26
U01957,5,40,171.1,51.5,17.6,2026-05-24,30,31,31,29,29,30.67,30.0,0.89,7,6,Light,0,0,0,3,1,5.1,4,0,High,4810,6,0,0,0.4,-82,0,0,0,0,0,0,1,0,0,0,2026-06-21,28,28
U01958,10,24,159.3,70.5,27.8,2026-08-11,30,31,34,30,32,31.67,31.4,1.5,6,6,Medium,0,0,0,5,9,5.5,1,4,High,7748,1,0,0,-1.0,185,0,0,0,0,0,0,0,0,0,0,2026-09-11,31,31
U01959,9,21,173.1,47.9,16.0,2026-06-24,28,26,28,27,27,27.33,27.2,0.75,6,6,Heavy,0,0,0,6,4,7.5,2,1,Moderate,7800,8,0,0,1.9,44,0,0,0,0,0,0,0,0,0,0,2026-07-25,31,31
U01960,4,33,155.3,64.4,26.7,2026-05-16,32,36,34,32,35,34.0,33.8,1.6,3,6,Medium,1,0,0,10,5,6.3,1,7,Low,7950,10,0,0,0.9,-335,0,0,0,0,0,0,0,0,0,0,2026-06-18,33,33
U01961,3,34,159.6,48.9,19.2,2026-03-22,29,32,30,28,27,30.33,29.2,1.72,7,5,Medium,0,0,0,4,5,7.3,5,1,Moderate,4998,3,0,0,0.9,-609,1,0,0,0,0,0,0,0,0,0,2026-04-17,26,26
U01962,3,38,151.4,43.3,18.9,2026-01-17,27,24,25,24,28,25.33,25.6,1.62,5,5,Light,0,0,0,7,6,8.0,3,3,High,11957,10,0,0,-0.2,475,1,0,0,0,0,0,0,0,0,1,2026-02-14,28,28
U01963,3,20,154.5,57.0,23.9,2026-03-28,30,31,29,29,33,30.0,30.4,1.5,6,3,Heavy,1,0,0,6,10,5.2,4,7,Moderate,7724,8,0,0,0.6,-198,0,0,0,0,0,0,0,0,0,0,2026-04-29,32,32
U01964,11,32,165.6,59.2,21.6,2026-08-11,27,25,29,27,25,27.0,26.6,1.5,4,4,Heavy,0,0,0,10,1,7.4,10,7,Low,6362,4,1,0,-2.5,446,0,0,0,0,0,0,0,0,0,0,2026-09-08,28,28
U01965,2,40,168.7,54.9,19.3,2026-05-11,30,30,32,33,29,30.67,30.8,1.47,7,6,Light,0,0,0,2,5,9.4,2,4,Moderate,11648,4,0,0,0.6,303,0,0,0,0,0,0,0,0,0,0,2026-06-10,30,30
U01966,4,30,155.8,52.2,21.5,2026-07-11,29,30,31,30,30,30.0,30.0,0.63,6,6,Medium,0,0,0,8,7,6.3,1,7,Low,9854,6,0,0,0.2,-694,0,0,0,0,0,0,0,0,0,0,2026-08-07,27,27
U01967,5,37,145.5,47.4,22.4,2026-06-29,31,28,31,36,32,30.0,31.6,2.58,7,7,Light,0,0,0,5,8,7.9,9,7,Low,7900,2,0,1,-0.9,-428,0,0,0,0,0,0,0,0,0,0,2026-07-28,29,29
U01968,10,20,172.1,58.6,19.8,2026-01-19,32,32,33,30,31,32.33,31.6,1.02,6,3,Medium,0,0,0,5,7,6.7,3,7,Low,6713,8,0,0,0.6,-509,0,0,1,0,0,0,0,0,0,0,2026-02-20,32,32
U01969,4,18,164.1,54.9,20.4,2026-03-09,28,29,30,25,28,29.0,28.0,1.67,5,3,Medium,0,0,0,4,7,6.8,7,0,Low,2044,2,0,1,0.3,328,0,1,0,0,0,0,0,0,0,0,2026-04-09,31,31
U01970,12,23,166.5,45.7,16.5,2026-02-25,32,29,31,31,32,30.67,31.0,1.1,4,7,Light,0,0,1,7,9,5.6,3,0,Low,8578,5,0,0,1.0,-484,0,0,0,1,0,0,0,0,0,0,2026-03-30,33,33
U01971,12,38,160.5,48.9,19.0,2026-04-10,29,28,27,30,31,28.0,29.0,1.41,7,6,Heavy,0,0,0,4,7,7.9,2,4,Moderate,3977,6,1,0,-0.2,-345,0,0,0,0,0,0,0,0,0,0,2026-05-08,28,28
U01972,12,36,165.2,64.4,23.6,2026-04-08,29,27,29,28,29,28.33,28.4,0.8,7,7,Medium,1,0,0,10,7,7.9,3,6,Moderate,2072,2,0,1,1.3,-635,0,0,0,0,0,0,0,0,0,1,2026-05-10,32,32
U01973,4,34,160.9,63.2,24.4,2026-08-07,32,34,32,35,33,32.67,33.2,1.17,7,7,Light,0,0,0,10,9,7.1,6,1,Moderate,3109,2,0,0,1.2,262,0,0,0,0,0,0,0,0,0,0,2026-09-09,33,33
U01974,10,21,162.7,63.5,24.0,2026-05-18,26,26,25,24,30,25.67,26.2,2.04,5,6,Medium,0,0,0,7,5,6.2,8,2,Low,10109,1,0,0,2.0,306,0,1,0,0,0,0,0,0,0,0,2026-06-13,26,26
U01975,2,39,160.6,68.1,26.4,2026-01-10,25,27,24,26,26,25.33,25.6,1.02,7,6,Heavy,0,0,0,6,7,5.9,5,4,Moderate,13677,6,0,0,0.1,-376,0,0,0,0,0,1,0,0,0,0,2026-02-05,26,26
U01976,5,39,158.6,67.7,26.9,2026-07-21,29,28,29,31,29,28.67,29.2,0.98,6,3,Medium,0,0,0,10,3,5.4,8,7,High,12953,3,1,0,-1.9,-53,0,0,1,0,0,0,0,0,0,0,2026-08-17,27,27
U01977,6,26,157.1,49.4,20.0,2026-01-28,28,30,26,26,28,28.0,27.6,1.5,6,7,Heavy,0,0,0,10,6,8.1,3,5,Low,6529,2,0,0,-0.3,-245,0,0,0,0,0,0,0,0,0,1,2026-02-24,27,27
U01978,6,39,168.9,74.2,26.0,2026-08-26,28,28,30,26,29,28.67,28.2,1.33,4,6,Medium,0,0,0,7,9,8.0,2,2,High,4791,3,0,0,0.0,-662,0,0,0,0,0,0,0,0,0,0,2026-09-22,27,27
U01979,3,23,165.0,52.5,19.3,2026-06-04,32,32,33,33,33,32.33,32.6,0.49,5,5,Light,0,0,0,8,10,8.5,4,2,Low,6489,6,0,0,0.4,-617,1,0,0,0,0,0,0,0,0,0,2026-07-06,32,32
U01980,5,32,164.1,54.1,20.1,2026-02-20,32,32,36,32,35,33.33,33.4,1.74,5,7,Medium,0,0,1,4,1,9.4,9,4,Moderate,10427,2,0,1,0.8,-463,0,0,0,1,1,1,0,0,0,0,2026-03-23,31,31
U01981,12,29,152.8,39.9,17.1,2026-06-13,26,26,27,25,27,26.33,26.2,0.75,4,3,Light,1,1,1,5,6,6.5,7,0,Moderate,2208,1,0,0,1.0,-629,0,0,0,1,0,0,0,0,0,0,2026-07-11,28,28
U01982,8,24,153.4,55.8,23.7,2026-07-05,32,31,29,31,31,30.67,30.8,0.98,4,5,Medium,0,0,1,9,5,8.2,7,4,Moderate,13613,6,0,0,-3.0,-62,0,0,0,1,0,0,0,0,0,0,2026-08-04,30,30
U01983,12,22,163.6,46.8,17.5,2026-06-13,26,27,29,27,26,27.33,27.0,1.1,3,5,Medium,0,0,0,3,4,6.2,7,0,Moderate,2848,2,0,0,-0.7,372,0,0,0,0,0,0,0,0,0,1,2026-07-10,27,27
U01984,6,39,154.8,52.0,21.7,2026-03-30,26,27,24,25,25,25.67,25.4,1.02,5,5,Medium,0,0,0,2,6,6.9,1,4,Moderate,12066,3,0,0,0.0,205,0,0,0,0,0,0,0,0,0,0,2026-04-26,27,27
U01985,12,37,155.4,55.3,22.9,2026-04-16,31,28,31,30,29,30.0,29.8,1.17,6,3,Light,0,0,0,5,10,5.6,8,0,Low,7347,5,0,0,0.0,-374,0,0,0,0,0,0,0,0,0,0,2026-05-18,32,32
U01986,4,36,154.1,57.9,24.4,2026-06-29,23,26,25,24,20,24.67,23.6,2.06,6,6,Light,1,0,0,1,9,5.0,2,0,Low,13785,6,0,1,0.1,248,0,0,0,0,0,0,1,0,0,0,2026-07-24,25,25
U01987,4,26,172.4,63.9,21.5,2026-08-20,35,38,35,35,35,36.0,35.6,1.2,3,4,Light,0,0,1,9,9,7.6,4,1,Moderate,13543,9,1,0,0.4,14,0,0,0,1,0,0,0,0,0,0,2026-09-23,34,34
U01988,10,34,157.7,55.0,22.1,2026-07-02,28,28,27,29,27,27.67,27.8,0.75,3,4,Medium,0,0,0,4,1,7.5,3,7,Moderate,5126,6,1,0,-1.1,26,0,0,0,0,0,0,0,0,0,0,2026-07-29,27,27
U01989,8,39,166.0,50.2,18.2,2026-06-07,33,34,33,34,33,33.33,33.4,0.49,3,5,Medium,0,0,0,8,5,7.2,5,0,Moderate,7863,10,1,1,-1.1,476,0,0,0,0,0,0,0,1,0,0,2026-07-15,38,38
U01990,2,21,153.4,80.0,34.0,2026-05-12,29,28,27,29,32,28.0,29.0,1.67,7,7,Light,1,0,0,3,6,6.4,3,4,Moderate,3216,1,0,0,1.6,-209,0,0,0,0,0,0,0,1,0,1,2026-06-11,30,30
U01991,4,35,176.7,74.3,23.8,2026-01-04,29,28,31,28,31,29.33,29.4,1.36,4,7,Medium,0,0,0,3,4,7.5,7,7,Moderate,8458,10,0,0,1.3,102,1,0,0,0,0,1,0,0,0,0,2026-02-04,31,31
U01992,7,32,159.7,72.4,28.4,2026-04-25,29,30,32,26,27,30.33,28.8,2.14,3,3,Light,0,0,0,8,7,7.9,7,3,High,4554,9,0,1,0.3,-688,0,0,0,0,1,0,0,0,0,0,2026-05-27,32,32
U01993,6,29,162.7,61.9,23.4,2026-05-17,27,24,27,25,27,26.0,26.0,1.26,7,3,Medium,0,0,0,10,6,7.9,9,5,Moderate,5463,8,1,0,0.5,-374,0,0,0,0,0,0,0,0,0,0,2026-06-16,30,30
U01994,6,36,164.9,44.3,16.3,2026-02-18,26,23,26,26,25,25.0,25.2,1.17,5,6,Medium,0,0,0,8,7,7.5,2,2,Moderate,6375,7,1,0,1.7,315,0,0,0,0,0,0,0,1,0,0,2026-03-16,26,26
U01995,3,31,162.8,56.2,21.2,2026-05-19,34,34,35,32,33,34.33,33.6,1.02,7,3,Light,0,0,1,4,8,8.1,1,1,Low,7434,6,0,0,1.4,-46,0,1,0,1,0,1,0,0,0,1,2026-06-22,34,34
U01996,5,23,158.9,61.4,24.3,2026-08-25,27,30,24,27,26,27.0,26.8,1.94,7,4,Light,0,0,0,7,5,6.6,10,4,Moderate,9061,10,1,0,0.6,-422,1,0,0,0,0,0,0,0,0,0,2026-09-22,28,28
U01997,12,33,154.3,45.7,19.2,2026-07-05,30,34,30,30,29,31.33,30.6,1.74,3,5,Medium,0,0,0,9,7,7.1,8,1,Moderate,5669,9,0,0,-0.7,-444,0,1,0,0,0,0,0,0,0,0,2026-08-03,29,29
U01998,9,23,159.0,62.4,24.7,2026-06-01,28,29,30,27,30,29.0,28.8,1.17,3,4,Heavy,0,0,0,5,8,5.7,5,2,Moderate,9171,8,0,0,1.1,-624,0,0,0,0,0,0,0,0,0,0,2026-06-30,29,29
U01999,11,26,165.4,60.7,22.2,2026-07-18,27,27,27,26,31,27.0,27.6,1.74,5,6,Light,1,1,1,3,4,8.5,2,6,Low,2009,2,0,0,1.4,-454,0,0,0,1,0,0,0,1,0,0,2026-08-15,28,28
U02000,8,28,163.8,51.0,19.0,2026-02-22,30,32,32,31,29,31.33,30.8,1.17,7,6,Light,0,0,0,10,2,7.4,9,4,Low,11297,7,0,0,2.6,-687,0,1,0,0,0,0,0,0,0,0,2026-03-23,29,29
U02001,5,29,159.6,44.1,17.3,2026-06-29,31,33,28,32,28,30.67,30.4,2.06,3,5,Medium,0,0,0,10,5,6.6,2,6,High,12363,2,0,0,-0.3,449,0,1,1,0,1,0,0,0,0,0,2026-07-30,31,31
U02002,11,36,161.1,64.9,25.0,2026-03-22,28,27,30,25,32,28.33,28.4,2.42,4,5,Medium,0,0,0,10,4,7.5,9,5,Low,2911,1,0,0,-1.9,-651,0,0,1,0,0,0,0,0,0,0,2026-04-22,31,31
U02003,11,23,164.6,61.5,22.7,2026-07-17,28,29,28,27,30,28.33,28.4,1.02,4,7,Medium,0,0,0,1,8,6.5,1,6,Moderate,11417,3,0,0,-1.1,-640,0,0,0,0,0,0,0,0,0,1,2026-08-13,27,27
U02004,6,20,159.5,56.0,22.0,2026-03-13,29,29,30,26,30,29.33,28.8,1.47,6,6,Medium,0,0,0,9,3,5.1,8,7,Low,7915,9,0,0,0.9,-363,0,0,0,0,0,0,0,0,0,0,2026-04-13,31,31
U02005,8,33,153.0,41.9,17.9,2026-02-27,28,30,27,28,30,28.33,28.6,1.2,4,4,Light,0,0,0,9,8,6.3,6,6,Moderate,2578,7,0,0,-2.3,137,0,0,0,0,1,0,0,0,0,0,2026-03-27,28,28
U02006,5,34,166.3,56.7,20.5,2026-03-02,32,34,32,31,32,32.67,32.2,0.98,3,4,Medium,0,0,0,2,9,6.2,8,4,High,13470,5,0,0,0.7,451,0,0,0,0,0,0,0,1,0,0,2026-04-01,30,30
U02007,6,21,164.1,70.8,26.3,2026-08-13,25,26,25,24,22,25.33,24.4,1.36,6,4,Medium,0,0,0,3,7,7.2,6,0,High,3199,9,0,0,-1.6,-205,1,0,1,0,0,1,0,0,0,0,2026-09-06,24,24
U02008,8,31,152.7,67.2,28.8,2026-01-25,27,28,28,28,29,27.67,28.0,0.63,7,7,Light,0,0,0,2,7,6.4,5,6,Low,11549,5,0,0,-1.0,-23,0,0,0,0,0,0,0,0,0,0,2026-02-20,26,26
U02009,4,29,159.2,69.2,27.3,2026-08-11,28,26,33,29,25,29.0,28.2,2.79,5,6,Light,0,0,0,6,5,7.4,6,0,Low,8534,2,1,0,0.3,-259,0,0,0,0,0,0,0,0,0,0,2026-09-07,27,27
U02010,10,34,154.1,61.3,25.8,2026-02-08,27,25,26,26,26,26.0,26.0,0.63,6,4,Light,0,0,0,9,3,9.3,10,2,Moderate,7440,3,0,0,-0.0,-410,0,0,0,0,0,0,0,1,0,0,2026-03-08,28,28
U02011,12,19,150.1,41.7,18.5,2026-05-20,28,27,29,26,30,28.0,28.0,1.41,7,5,Medium,0,1,0,7,2,5.1,1,4,Moderate,6264,3,0,1,-0.1,83,0,0,1,0,0,0,0,0,0,0,2026-06-19,30,30
U02012,9,21,156.0,52.6,21.6,2026-07-09,28,26,25,28,26,26.33,26.6,1.2,7,6,Light,0,0,0,2,10,4.8,10,4,Moderate,7568,9,1,0,1.3,-675,0,0,1,0,0,0,0,0,0,0,2026-08-05,27,27
U02013,3,20,160.9,65.5,25.3,2026-08-12,27,27,27,30,30,27.0,28.2,1.47,6,5,Medium,0,0,0,9,4,6.3,5,4,Low,10418,8,1,0,0.8,-455,0,0,0,0,0,0,0,0,0,0,2026-09-09,28,28
U02014,4,40,159.7,52.5,20.6,2026-05-21,25,22,24,29,27,23.67,25.4,2.42,6,3,Light,0,0,0,5,5,6.8,4,7,Low,12178,5,0,0,-0.9,-363,1,0,0,0,0,1,0,0,0,0,2026-06-16,26,26
U02015,8,33,170.5,73.3,25.2,2026-02-20,23,25,22,21,24,23.33,23.0,1.41,5,3,Heavy,0,0,0,3,8,8.5,7,2,Low,11935,1,0,0,-1.0,-80,0,0,0,0,0,0,0,0,0,1,2026-03-15,23,23
U02016,5,21,160.0,54.8,21.4,2026-06-12,32,30,35,34,32,32.33,32.6,1.74,5,6,Heavy,0,0,0,2,2,5.9,5,6,Moderate,9304,7,0,0,-0.5,73,0,0,0,0,0,1,0,0,0,0,2026-07-13,31,31
U02017,6,18,158.4,79.8,31.8,2026-02-09,28,26,29,27,28,27.67,27.6,1.02,3,5,Medium,0,0,0,1,4,7.3,10,4,Low,7847,10,0,1,1.5,-468,0,0,0,0,0,0,0,0,0,0,2026-03-07,26,26
U02018,10,36,160.2,67.2,26.2,2026-07-10,24,25,23,25,22,24.0,23.8,1.17,4,3,Medium,0,0,0,1,10,4.1,10,1,Moderate,8962,9,0,0,-0.3,-379,0,1,0,0,0,0,0,0,0,0,2026-08-04,25,25
U02019,8,29,161.4,52.4,20.1,2026-07-26,32,29,32,33,32,31.0,31.6,1.36,5,4,Medium,0,0,0,1,1,6.1,8,2,Low,11112,3,0,0,-0.4,29,1,0,0,0,1,0,0,0,0,0,2026-08-27,32,32
U02020,9,18,162.6,58.2,22.0,2026-02-01,30,28,30,31,32,29.33,30.2,1.33,4,5,Medium,0,0,0,1,3,9.2,9,3,Moderate,7350,10,0,0,2.1,-253,0,0,0,0,0,0,0,0,0,0,2026-03-07,34,34
U02021,2,33,163.1,62.2,23.4,2026-03-03,31,33,29,30,30,31.0,30.6,1.36,5,3,Medium,0,0,0,10,10,7.1,3,4,High,12178,4,0,0,1.4,168,0,0,1,0,0,0,0,0,0,0,2026-04-03,31,31
U02022,12,34,151.8,47.0,20.4,2026-03-07,35,33,34,31,36,34.0,33.8,1.72,3,3,Medium,0,1,0,1,6,5.1,3,0,High,6435,7,0,0,-0.1,-694,0,1,0,0,0,0,0,0,1,0,2026-04-10,34,34
U02023,8,27,156.7,51.3,20.9,2026-05-10,27,24,26,29,27,25.67,26.6,1.62,7,5,Medium,0,0,0,10,3,6.9,2,4,Moderate,9158,3,0,0,0.2,460,0,0,0,0,0,0,0,0,0,0,2026-06-05,26,26
U02024,5,25,153.7,65.2,27.6,2026-03-31,29,27,29,26,28,28.33,27.8,1.17,7,3,Medium,0,0,0,5,8,4.9,10,1,Moderate,9473,1,0,0,-0.2,270,0,0,0,0,0,0,0,0,0,0,2026-05-02,32,32
U02025,11,21,160.7,53.2,20.6,2026-01-28,32,33,32,34,33,32.33,32.8,0.75,5,7,Medium,0,1,1,1,3,7.8,3,4,High,2463,2,0,0,1.8,-361,0,0,0,1,0,0,0,0,0,0,2026-02-27,30,30
U02026,3,26,150.4,47.0,20.8,2026-06-13,27,29,29,29,28,28.33,28.4,0.8,3,5,Heavy,0,0,0,1,7,8.2,2,6,Low,3688,4,0,1,0.9,-342,0,0,1,0,0,0,0,0,0,0,2026-07-10,27,27
U02027,4,35,149.7,53.8,24.0,2026-03-13,33,34,32,35,34,33.0,33.6,1.02,4,3,Light,0,0,0,5,10,8.5,10,4,Low,11577,3,0,1,1.8,26,1,0,0,0,0,0,0,0,0,0,2026-04-16,34,34
U02028,9,38,155.3,56.9,23.6,2026-07-15,26,27,24,26,26,25.67,25.8,0.98,5,4,Heavy,0,0,1,7,2,7.1,9,4,Low,4944,2,0,0,0.7,136,0,0,0,1,1,0,0,0,0,0,2026-08-09,25,25
U02029,9,22,163.1,50.5,19.0,2026-01-13,28,30,26,23,32,28.0,27.8,3.12,5,4,Heavy,0,0,1,2,3,5.4,10,1,Moderate,7148,1,0,0,1.9,-464,0,0,0,0,0,0,0,1,0,0,2026-02-11,29,29
U02030,9,27,159.5,56.2,22.1,2026-02-24,31,30,32,30,30,31.0,30.6,0.8,7,6,Light,0,0,0,4,6,7.1,5,4,High,13738,6,0,1,0.8,178,0,0,0,0,1,0,0,1,0,0,2026-03-29,33,33
U02031,10,28,173.0,71.8,24.0,2026-06-10,26,23,26,22,25,25.0,24.4,1.62,6,3,Medium,0,0,0,7,2,6.2,5,5,High,7345,10,0,0,-0.7,-36,0,0,0,0,0,0,0,0,0,1,2026-07-03,23,23
U02032,9,30,173.1,73.1,24.4,2026-06-11,28,28,29,28,30,28.33,28.6,0.8,4,6,Medium,0,0,0,6,4,8.3,5,1,High,10572,8,0,1,-0.5,276,0,0,0,0,0,0,0,0,0,0,2026-07-11,30,30
U02033,2,27,165.0,62.3,22.9,2026-04-30,22,22,21,20,22,21.67,21.4,0.8,5,5,Medium,0,0,0,10,2,6.1,2,6,High,13026,10,0,0,0.3,396,0,0,0,0,0,0,0,0,0,0,2026-05-22,22,22
U02034,5,32,161.5,69.1,26.5,2026-08-21,27,26,29,29,27,27.33,27.6,1.2,5,5,Heavy,0,0,0,10,3,6.7,8,1,Moderate,4543,9,0,0,-0.7,475,0,0,0,0,0,0,0,0,0,0,2026-09-18,28,28
U02035,10,32,155.1,55.3,23.0,2026-02-09,28,27,25,28,24,26.67,26.4,1.62,4,6,Medium,0,0,0,6,3,8.2,3,4,Low,5455,4,0,0,1.5,344,0,0,0,0,0,0,0,0,0,0,2026-03-14,33,33
U02036,12,18,161.0,62.2,24.0,2026-01-12,23,24,22,24,23,23.0,23.2,0.75,3,7,Heavy,0,0,0,4,8,5.7,10,7,High,3067,7,0,0,-0.5,-547,0,0,1,0,0,0,0,0,0,0,2026-02-06,25,25
U02037,4,18,162.0,62.5,23.8,2026-05-13,27,26,29,29,28,27.33,27.8,1.17,7,5,Medium,0,0,0,2,6,6.1,4,5,Moderate,2810,10,0,0,-0.6,-588,0,1,0,0,0,0,0,0,0,0,2026-06-09,27,27
U02038,7,33,145.0,51.7,24.6,2026-03-20,30,30,29,32,31,29.67,30.4,1.02,3,5,Heavy,0,1,1,10,6,9.6,2,7,Moderate,2267,5,0,0,-0.6,357,0,0,1,1,0,0,0,0,0,0,2026-04-22,33,33
U02039,6,36,151.4,59.8,26.1,2026-01-31,31,32,29,30,31,30.67,30.6,1.02,6,7,Medium,0,0,1,1,9,6.3,3,3,High,12092,3,0,0,-0.7,-699,0,1,0,1,0,0,0,0,0,0,2026-03-04,32,32
U02040,2,39,145.0,47.7,22.7,2026-05-06,30,34,28,26,30,30.67,29.6,2.65,3,3,Light,0,0,0,1,4,7.3,6,1,Moderate,10965,9,1,0,-0.5,123,0,0,1,0,0,0,0,0,0,0,2026-06-04,29,29
U02041,10,30,159.3,56.8,22.4,2026-08-08,29,30,29,30,31,29.33,29.8,0.75,5,6,Heavy,0,0,0,3,6,7.6,8,6,High,5840,4,0,1,-0.4,-544,0,1,0,0,0,0,0,0,0,0,2026-09-05,28,28
U02042,11,27,168.1,58.2,20.6,2026-01-02,29,29,28,29,28,28.67,28.6,0.49,5,4,Heavy,0,0,0,5,5,6.6,8,6,High,2601,10,0,0,-1.5,476,0,0,0,0,0,0,0,0,0,0,2026-02-01,30,30
U02043,4,22,175.2,73.4,23.9,2026-01-21,25,28,23,23,28,25.33,25.4,2.24,3,5,Light,0,0,0,5,1,8.7,3,7,Moderate,9650,6,0,0,0.2,-156,0,0,0,0,0,0,0,1,0,0,2026-02-18,28,28
U02044,10,37,145.0,47.3,22.5,2026-05-23,30,29,34,33,28,31.0,30.8,2.32,6,4,Light,0,0,0,8,5,6.8,4,3,Moderate,10089,2,0,0,-0.9,109,0,0,1,0,0,0,0,0,0,0,2026-06-21,29,29
U02045,11,20,162.3,61.4,23.3,2026-07-06,30,27,29,30,31,28.67,29.4,1.36,3,4,Heavy,0,0,0,10,7,7.6,10,7,Moderate,5140,3,0,1,-0.1,354,0,0,0,0,0,0,0,0,0,0,2026-08-07,32,32
U02046,4,23,163.3,62.7,23.5,2026-06-27,27,25,24,28,29,25.33,26.6,1.85,3,4,Medium,0,0,0,5,1,7.2,1,3,Low,11856,4,0,0,1.8,336,0,0,0,0,0,0,0,0,1,1,2026-07-25,28,28
U02047,5,28,147.6,54.2,24.9,2026-02-26,28,26,28,25,29,27.33,27.2,1.47,3,5,Medium,0,0,1,3,2,6.0,3,5,High,9711,8,0,0,0.3,183,1,0,0,1,0,0,0,0,0,0,2026-03-27,29,29
U02048,9,30,152.3,56.8,24.5,2026-07-02,35,33,36,34,34,34.67,34.4,1.02,4,4,Heavy,0,0,0,8,1,7.5,8,5,Moderate,5084,6,0,1,0.0,280,0,0,0,0,0,1,0,1,0,0,2026-08-07,36,36
U02049,11,31,145.0,44.2,21.0,2026-05-01,29,30,30,31,31,29.67,30.2,0.75,6,6,Medium,0,0,1,10,4,8.6,6,2,Low,2127,3,0,0,-0.9,365,0,0,0,1,0,0,0,0,0,0,2026-06-02,32,32
U02050,9,23,158.8,62.5,24.8,2026-07-02,28,28,27,28,28,27.67,27.8,0.4,7,4,Heavy,0,0,0,8,7,7.1,6,2,Low,2848,8,0,0,0.1,-458,0,0,0,0,0,0,0,0,0,0,2026-07-30,28,28
U02051,10,23,156.3,59.9,24.5,2026-01-15,28,24,26,29,25,26.0,26.4,1.85,6,3,Light,0,0,0,10,5,8.9,5,0,High,5499,4,1,0,-1.4,55,0,0,0,0,0,0,0,0,0,0,2026-02-09,25,25
U02052,5,22,162.4,73.3,27.8,2026-06-27,27,25,28,26,25,26.67,26.2,1.17,6,5,Medium,0,0,0,2,9,5.7,9,6,Low,13527,5,0,1,-0.2,400,0,0,0,0,0,0,0,0,0,0,2026-07-23,26,26
U02053,2,25,161.5,52.7,20.2,2026-05-09,30,31,31,30,31,30.67,30.6,0.49,4,4,Light,0,0,1,6,1,8.3,3,6,Moderate,3600,9,1,0,-1.6,160,0,0,0,1,0,0,0,0,0,0,2026-06-08,30,30
U02054,10,32,160.2,59.3,23.1,2026-01-25,37,35,37,34,39,36.33,36.4,1.74,6,6,Medium,0,0,0,8,2,5.4,8,3,Moderate,13966,8,0,0,1.9,428,1,0,0,0,0,0,0,0,0,1,2026-03-06,40,40
U02055,11,22,153.5,61.7,26.2,2026-01-19,27,28,25,26,27,26.67,26.6,1.02,6,3,Medium,0,0,0,3,2,8.6,5,2,Moderate,10200,8,0,0,0.4,50,0,1,0,0,0,0,0,1,0,0,2026-02-13,25,25
U02056,7,18,163.3,51.2,19.2,2026-04-06,27,24,26,27,25,25.67,25.8,1.17,6,5,Light,0,0,0,8,6,8.0,1,2,Moderate,4247,8,0,0,-0.2,50,1,0,0,0,0,0,0,0,0,0,2026-05-05,29,29
U02057,10,32,168.2,53.8,19.0,2026-03-19,24,23,26,26,26,24.33,25.0,1.26,3,5,Medium,0,0,1,5,10,7.7,6,1,Low,13410,1,0,0,0.7,336,0,0,1,1,0,0,0,1,0,0,2026-04-15,27,27
U02058,4,40,171.9,75.1,25.4,2026-06-12,30,32,33,30,31,31.67,31.2,1.17,4,7,Medium,0,0,0,2,5,8.3,8,0,High,13063,4,0,0,0.4,-516,0,0,0,0,0,0,0,0,0,0,2026-07-10,28,28
U02059,10,35,156.3,45.0,18.4,2026-04-20,30,34,33,31,33,32.33,32.2,1.47,4,3,Light,1,0,0,7,7,6.8,6,1,Low,8938,9,0,0,0.1,-408,0,0,0,0,0,0,0,1,0,0,2026-05-20,30,30
U02060,4,34,159.9,47.0,18.4,2026-08-20,31,31,33,29,28,31.67,30.4,1.74,5,3,Heavy,0,0,0,10,3,8.5,10,7,Low,4799,9,0,1,-0.8,-283,0,0,0,0,1,0,0,0,0,0,2026-09-23,34,34
U02061,8,27,160.8,52.2,20.2,2026-06-30,29,28,29,29,29,28.67,28.8,0.4,5,4,Heavy,0,1,0,7,10,9.3,7,0,Low,2387,8,0,0,-1.0,159,0,0,0,0,0,0,0,0,0,0,2026-07-29,29,29
U02062,7,24,168.1,62.2,22.0,2026-02-09,29,28,25,32,28,27.33,28.4,2.24,5,4,Medium,1,0,0,1,3,6.6,10,5,Moderate,13048,6,0,0,-0.6,-411,0,0,0,0,0,0,0,1,0,0,2026-03-09,28,28
U02063,7,33,162.1,64.9,24.7,2026-05-27,27,29,29,25,28,28.33,27.6,1.5,7,4,Light,1,0,0,6,6,6.5,7,1,Moderate,6382,7,0,0,0.4,-98,0,0,0,0,0,0,0,1,0,0,2026-06-24,28,28
U02064,4,31,158.1,42.2,16.9,2026-04-03,25,24,23,24,23,24.0,23.8,0.75,5,6,Medium,1,0,0,4,10,6.9,9,5,High,8241,6,0,1,0.9,69,1,0,0,0,0,0,0,0,0,0,2026-04-30,27,27
U02065,11,35,168.9,47.6,16.7,2026-08-21,29,32,29,31,26,30.0,29.4,2.06,5,4,Medium,0,0,0,5,5,6.2,2,4,Low,2480,6,0,0,0.4,-686,0,0,0,0,0,0,0,0,0,0,2026-09-17,27,27
U02066,8,19,170.1,55.3,19.1,2026-01-03,25,23,25,27,27,24.33,25.4,1.5,7,5,Light,0,0,0,8,6,7.1,2,5,Low,8290,6,0,0,-1.0,269,0,0,0,0,1,0,0,0,0,0,2026-01-29,26,26
U02067,3,23,150.2,53.5,23.7,2026-08-11,29,31,30,30,31,30.0,30.2,0.75,4,6,Medium,0,0,0,2,1,7.6,8,1,High,5012,1,0,0,-1.2,-162,0,1,0,0,0,0,0,0,0,0,2026-09-07,27,27
U02068,7,33,165.9,76.2,27.7,2026-02-16,25,27,26,25,27,26.0,26.0,0.89,5,3,Medium,0,0,0,4,2,5.8,7,5,Moderate,9998,8,0,0,1.1,-580,0,0,0,0,0,0,0,0,0,0,2026-03-11,23,23
U02069,6,38,155.0,46.6,19.4,2026-06-23,37,38,34,37,42,36.33,37.6,2.58,6,3,Medium,0,0,1,5,10,7.6,8,5,Moderate,2513,6,0,1,0.7,449,1,1,0,1,1,1,0,0,0,0,2026-08-02,40,40
U02070,12,37,158.9,61.9,24.5,2026-08-19,28,28,30,31,28,28.67,29.0,1.26,3,6,Light,0,0,0,5,9,6.3,6,1,Low,10235,3,0,0,-0.3,455,0,0,0,0,0,0,0,0,0,0,2026-09-17,29,29
U02071,8,35,155.7,70.8,29.2,2026-02-04,33,37,31,32,34,33.67,33.4,2.06,4,4,Medium,0,0,0,10,1,8.0,7,0,High,13141,10,0,0,0.4,-610,0,0,0,0,0,0,0,0,0,0,2026-03-12,36,36
U02072,10,36,158.0,59.7,23.9,2026-01-27,33,35,35,34,35,34.33,34.4,0.8,7,4,Medium,0,0,0,3,2,8.8,4,5,Low,6993,2,0,0,0.4,-153,0,0,0,0,1,0,0,0,0,0,2026-03-02,34,34
U02073,8,39,164.9,58.5,21.5,2026-01-30,35,37,33,34,37,35.0,35.2,1.6,6,7,Medium,0,0,0,10,3,6.1,1,2,Low,8385,8,0,0,-0.9,314,0,1,0,0,0,0,0,0,0,1,2026-03-09,38,38
U02074,8,20,153.6,52.4,22.2,2026-02-14,31,30,32,30,30,31.0,30.6,0.8,6,6,Medium,1,0,0,7,3,6.8,4,0,High,13479,9,0,0,1.5,-510,0,0,0,0,0,0,0,0,0,1,2026-03-20,34,34
U02075,10,36,150.1,48.0,21.3,2026-05-18,34,31,35,34,35,33.33,33.8,1.47,6,4,Medium,0,0,1,10,8,8.1,6,2,Moderate,8316,9,0,0,3.2,333,0,0,0,1,0,0,0,0,0,0,2026-06-27,40,40
U02076,6,21,151.8,53.2,23.1,2026-07-06,30,29,31,31,31,30.0,30.4,0.8,7,3,Light,1,0,0,4,5,5.3,7,0,High,9353,7,0,0,-1.0,-324,0,0,1,0,0,0,0,1,0,0,2026-08-04,29,29
U02077,2,28,161.0,42.8,16.5,2026-07-20,28,29,29,26,28,28.67,28.0,1.1,5,5,Light,0,0,0,9,6,10.0,7,3,Moderate,3387,1,0,1,0.8,117,0,0,0,0,0,0,0,0,1,0,2026-08-17,28,28
U02078,2,33,161.7,53.6,20.5,2026-04-11,27,29,30,27,23,28.67,27.2,2.4,6,4,Light,0,0,0,5,4,7.0,4,2,Moderate,10361,9,0,1,0.2,105,0,0,1,0,0,0,0,0,0,0,2026-05-12,31,31
U02079,10,25,152.3,40.8,17.6,2026-03-13,33,31,33,33,32,32.33,32.4,0.8,4,7,Light,0,1,0,10,7,6.5,4,3,Moderate,6626,6,0,0,0.4,388,0,0,0,0,0,0,0,0,0,0,2026-04-16,34,34
U02080,7,24,160.9,45.6,17.6,2026-06-09,27,26,28,29,26,27.0,27.2,1.17,6,3,Heavy,1,0,0,6,7,9.1,9,0,High,11565,7,0,0,-1.6,-72,0,0,0,0,0,0,0,0,0,0,2026-07-07,28,28
U02081,2,23,149.7,38.5,17.2,2026-07-20,30,32,29,28,31,30.33,30.0,1.41,7,4,Medium,0,0,0,6,8,9.0,3,5,Low,11015,3,0,0,-0.0,472,1,0,0,0,0,0,0,1,0,1,2026-08-19,30,30
U02082,5,39,158.3,57.1,22.8,2026-08-16,34,38,29,34,33,33.67,33.6,2.87,6,4,Heavy,0,0,0,2,5,5.3,5,5,Moderate,11734,8,0,1,2.5,438,0,1,0,0,0,0,0,1,0,0,2026-09-16,31,31
U02083,8,18,150.3,46.3,20.5,2026-05-30,28,26,27,29,30,27.0,28.0,1.41,4,3,Heavy,1,0,0,5,1,8.1,6,5,Moderate,13531,5,0,0,-1.2,438,0,0,0,0,0,0,0,0,0,0,2026-06-24,25,25
U02084,2,31,155.0,46.8,19.5,2026-01-06,33,35,37,34,30,35.0,33.8,2.32,5,7,Light,0,0,0,5,5,5.3,5,2,High,5599,5,0,0,0.3,-63,0,0,1,0,0,0,0,0,0,0,2026-02-13,38,38
U02085,8,20,165.0,53.4,19.6,2026-03-04,34,33,31,33,37,32.67,33.6,1.96,4,5,Medium,0,0,0,10,7,6.0,4,3,Low,6559,6,0,0,-2.2,-185,0,1,0,0,0,0,0,0,0,0,2026-04-06,33,33
U02086,11,30,167.1,63.1,22.6,2026-03-16,31,33,32,30,31,32.0,31.4,1.02,4,5,Light,0,1,0,6,9,7.6,9,2,High,7831,5,0,0,2.5,108,0,0,0,0,0,0,0,0,0,0,2026-04-14,29,29
U02087,7,34,158.9,60.1,23.8,2026-03-29,29,28,31,31,33,29.33,30.4,1.74,3,5,Light,0,0,0,2,3,5.0,5,6,Low,10204,9,0,0,-0.0,156,0,0,0,0,0,0,0,0,0,0,2026-04-28,30,30
U02088,8,35,154.4,43.6,18.3,2026-08-20,32,34,31,32,36,32.33,33.0,1.79,3,5,Medium,0,0,0,8,3,7.5,5,1,Moderate,3745,6,0,0,0.7,302,0,0,0,0,0,0,0,0,0,0,2026-09-20,31,31
U02089,3,22,168.7,64.6,22.7,2026-03-15,27,24,30,34,26,27.0,28.2,3.49,7,7,Medium,0,0,1,8,8,7.8,7,2,Low,10723,5,0,0,-1.5,-677,0,0,0,0,0,0,0,0,0,0,2026-04-10,26,26
U02090,9,38,149.1,64.9,29.2,2026-05-21,32,32,33,33,31,32.33,32.2,0.75,7,5,Medium,0,0,0,7,10,8.1,7,0,Moderate,3095,1,0,0,1.1,417,0,0,0,0,0,0,1,0,0,0,2026-06-23,33,33
U02091,5,25,150.3,60.5,26.8,2026-05-20,27,27,25,27,29,26.33,27.0,1.26,6,6,Heavy,0,0,0,8,3,7.3,7,2,Moderate,5466,1,0,0,0.3,95,1,0,0,0,0,0,0,0,0,0,2026-06-12,23,23
U02092,6,28,151.8,50.2,21.8,2026-01-09,31,31,30,30,30,30.67,30.4,0.49,6,4,Medium,0,0,0,2,6,6.4,2,3,Moderate,5861,2,0,1,1.5,-295,0,0,0,0,0,0,0,0,1,1,2026-02-08,30,30
U02093,3,38,168.4,64.1,22.6,2026-03-26,30,31,29,29,32,30.0,30.2,1.17,3,6,Light,0,0,1,1,8,6.4,8,1,Low,4540,9,0,0,1.0,-26,0,0,0,1,0,0,0,0,0,0,2026-04-23,28,28
U02094,11,30,158.3,65.2,26.0,2026-01-25,33,33,30,33,31,32.0,32.0,1.26,4,7,Medium,0,0,0,9,5,8.4,2,1,Moderate,2030,3,0,0,0.6,-271,0,0,0,0,1,0,0,0,0,1,2026-02-28,34,34
U02095,12,37,154.6,54.3,22.7,2026-02-20,21,20,21,21,23,20.67,21.2,0.98,3,5,Medium,0,0,0,1,9,6.7,7,7,Moderate,9810,6,0,0,-1.8,-577,0,0,0,0,1,0,0,0,0,0,2026-03-13,21,21
U02096,2,19,159.2,66.4,26.2,2026-02-12,29,28,30,30,30,29.0,29.4,0.8,6,3,Heavy,0,0,0,2,3,6.7,1,4,Low,8724,5,0,0,0.9,-320,0,0,0,0,0,0,0,0,0,0,2026-03-11,27,27
U02097,12,37,163.9,79.0,29.4,2026-07-22,29,31,30,29,27,30.0,29.2,1.33,6,4,Medium,0,0,0,5,2,7.5,6,5,Low,7363,5,0,0,0.1,-54,0,0,0,0,1,0,0,0,0,0,2026-08-22,31,31
U02098,7,39,158.1,63.5,25.4,2026-05-22,26,28,26,25,24,26.67,25.8,1.33,7,4,Medium,0,0,0,4,2,6.0,3,6,Low,9518,7,0,0,1.7,-517,0,0,0,0,0,0,0,0,0,0,2026-06-19,28,28
U02099,8,21,165.9,61.1,22.2,2026-07-06,30,30,27,33,28,29.0,29.6,2.06,4,7,Light,0,1,1,2,7,8.0,10,4,Moderate,2337,2,0,1,-0.5,-629,1,0,0,1,0,0,0,0,0,0,2026-08-06,31,31
U02100,11,38,164.3,58.8,21.8,2026-04-15,27,26,29,28,28,27.33,27.6,1.02,7,7,Medium,0,0,0,6,5,7.8,3,5,Moderate,6638,3,0,0,0.2,-679,0,0,0,0,0,0,0,0,0,0,2026-05-13,28,28
U02101,11,30,154.8,59.4,24.8,2026-07-10,30,30,29,30,27,29.67,29.2,1.17,4,5,Light,0,0,0,3,1,6.2,7,4,Moderate,7299,4,0,0,-1.1,339,1,0,0,0,0,0,0,1,0,0,2026-08-09,30,30
U02102,12,19,157.6,59.9,24.1,2026-05-12,29,30,28,23,28,29.0,27.6,2.42,3,4,Medium,0,1,0,4,9,8.8,4,0,Low,5285,3,1,0,-1.7,-539,0,1,0,0,0,0,0,0,0,0,2026-06-11,30,30
U02103,11,34,162.3,60.8,23.1,2026-07-12,30,31,31,31,32,30.67,31.0,0.63,4,7,Medium,0,0,0,4,3,8.9,1,5,Moderate,6287,9,0,1,-0.1,-467,0,0,0,0,0,0,0,0,0,1,2026-08-11,30,30
U02104,12,26,162.6,52.6,19.9,2026-07-17,28,32,29,28,27,29.67,28.8,1.72,4,4,Light,0,0,0,4,5,7.4,4,7,Moderate,5927,3,0,0,-1.2,341,0,0,0,0,0,0,0,0,0,0,2026-08-13,27,27
U02105,10,23,147.7,54.5,25.0,2026-07-29,29,29,30,27,27,29.33,28.4,1.2,3,4,Medium,0,0,0,4,1,8.6,8,1,Moderate,9540,3,1,1,1.8,-438,0,0,0,0,0,0,0,0,0,0,2026-08-26,28,28
U02106,3,38,149.4,41.3,18.5,2026-06-09,33,32,34,37,34,33.0,34.0,1.67,7,3,Medium,0,0,0,8,4,7.3,8,5,Moderate,4907,8,0,0,-0.0,-495,0,0,1,0,0,0,0,1,0,0,2026-07-15,36,36
U02107,5,24,167.4,65.3,23.3,2026-02-28,25,24,23,28,26,24.0,25.2,1.72,3,3,Heavy,0,0,0,2,6,6.8,7,3,High,13829,8,0,0,-1.2,481,0,0,0,0,0,0,0,0,0,0,2026-03-26,26,26
U02108,3,31,153.0,57.8,24.7,2026-01-26,31,27,34,30,31,30.67,30.6,2.24,6,5,Light,1,0,0,9,4,7.5,7,5,Moderate,13102,10,0,0,-0.2,-604,0,0,0,0,0,1,0,0,0,1,2026-02-26,31,31
U02109,9,25,159.0,50.6,20.0,2026-05-20,34,34,34,36,30,34.0,33.6,1.96,3,4,Medium,0,0,1,8,2,6.9,7,1,High,4504,5,0,1,-0.2,260,0,0,0,1,0,0,0,0,0,0,2026-06-25,36,36
U02110,3,25,172.4,63.6,21.4,2026-04-28,27,29,25,25,25,27.0,26.2,1.6,5,6,Heavy,0,0,0,6,9,8.1,6,3,High,9906,5,0,0,-1.9,-455,0,0,0,0,0,0,0,1,0,0,2026-05-23,25,25
U02111,7,30,156.3,51.5,21.1,2026-03-11,26,25,22,26,24,24.33,24.6,1.5,3,7,Medium,0,0,0,6,10,5.0,4,0,Moderate,10069,2,0,0,0.8,-597,0,0,0,0,0,0,0,0,0,0,2026-04-08,28,28
U02112,10,26,163.9,43.0,16.0,2026-01-31,23,24,27,28,24,24.67,25.2,1.94,5,7,Heavy,0,0,0,7,2,8.1,8,1,Moderate,12329,2,0,0,1.0,-444,0,1,0,0,0,0,0,0,0,0,2026-02-23,23,23
U02113,6,29,173.4,66.4,22.1,2026-08-04,26,26,27,24,26,26.33,25.8,0.98,6,6,Medium,0,0,0,7,1,5.1,7,6,Low,7006,3,0,1,1.7,-576,0,0,0,0,0,0,0,0,0,0,2026-09-02,29,29
U02114,10,33,165.2,53.2,19.5,2026-03-21,30,30,29,26,29,29.67,28.8,1.47,7,7,Medium,0,0,0,2,6,4.9,8,4,Low,11131,9,0,0,-0.1,483,0,1,0,0,0,0,0,0,0,0,2026-04-21,31,31
U02115,10,30,164.3,60.2,22.3,2026-02-11,36,37,36,36,33,36.33,35.6,1.36,7,4,Light,0,0,0,7,8,6.8,5,0,Moderate,7249,5,0,1,1.2,77,1,0,0,0,0,0,1,0,0,0,2026-03-19,36,36
U02116,5,33,155.6,50.6,20.9,2026-07-11,24,25,24,28,24,24.33,25.0,1.55,5,6,Medium,0,0,0,4,4,8.4,2,6,Moderate,4355,10,0,0,1.0,-287,0,1,0,0,0,0,0,0,0,1,2026-08-03,23,23
U02117,10,36,172.6,53.6,18.0,2026-04-16,33,34,36,33,32,34.33,33.6,1.36,4,6,Light,0,0,0,4,8,9.3,5,2,Moderate,8092,5,0,0,-0.4,-478,0,0,0,0,1,0,0,1,0,0,2026-05-20,34,34
U02118,12,21,159.8,59.5,23.3,2026-04-30,31,32,32,31,26,31.67,30.4,2.24,5,5,Medium,0,0,0,1,7,7.2,3,4,High,7718,4,0,1,1.6,296,1,0,1,0,0,0,0,0,0,0,2026-05-29,29,29
U02119,3,20,160.2,63.6,24.8,2026-04-27,29,28,30,32,27,29.0,29.2,1.72,4,6,Medium,0,0,0,1,9,6.9,2,7,Low,4994,1,0,0,0.8,-100,1,0,0,0,0,0,0,0,0,0,2026-05-25,28,28
U02120,9,28,152.5,51.6,22.2,2026-06-03,30,29,25,32,29,28.0,29.0,2.28,5,7,Light,0,0,0,8,10,6.1,7,6,Low,9765,4,0,0,-0.5,267,1,1,0,0,0,0,0,0,0,0,2026-07-05,32,32
U02121,10,34,156.3,51.1,20.9,2026-08-24,25,20,24,29,24,23.0,24.4,2.87,5,6,Heavy,0,0,0,7,4,5.0,4,1,Low,11218,4,0,0,0.4,-214,0,0,0,0,0,0,0,1,0,0,2026-09-20,27,27
U02122,2,37,159.1,57.2,22.6,2026-07-07,27,28,27,27,31,27.33,28.0,1.55,5,5,Light,0,0,0,4,4,8.0,10,6,Low,13315,3,0,0,0.2,-283,1,1,0,0,0,0,0,0,0,0,2026-08-01,25,25
U02123,9,28,164.3,68.8,25.5,2026-07-09,27,29,29,28,31,28.33,28.8,1.33,3,6,Medium,0,0,0,2,5,5.2,5,6,Low,8853,8,0,0,0.2,-530,0,0,0,0,0,0,0,0,0,1,2026-08-02,24,24
U02124,6,37,166.4,63.7,23.0,2026-07-29,32,33,32,33,29,32.33,31.8,1.47,7,5,Light,0,0,0,10,10,5.8,10,2,Low,8659,9,0,0,-0.7,453,0,0,1,0,0,0,0,0,0,0,2026-09-03,36,36
U02125,2,22,166.4,58.1,21.0,2026-06-03,28,29,26,30,29,27.67,28.4,1.36,5,7,Medium,0,0,0,8,6,5.7,1,2,Low,4986,2,0,0,-0.4,471,1,0,1,0,0,0,0,1,0,0,2026-07-03,30,30
U02126,4,34,152.6,54.0,23.2,2026-06-16,28,26,30,29,30,28.0,28.6,1.5,6,4,Medium,0,0,0,6,4,7.6,6,1,Low,5712,1,0,0,-1.8,-75,0,0,0,0,1,0,0,1,0,0,2026-07-13,27,27
U02127,6,33,158.9,71.0,28.1,2026-08-12,35,33,34,36,34,34.0,34.4,1.02,4,4,Medium,0,0,0,3,6,7.1,2,4,High,6622,2,0,0,1.2,-510,1,0,0,0,1,0,0,0,0,0,2026-09-16,35,35
U02128,9,36,156.4,67.0,27.4,2026-02-22,35,36,35,34,34,35.33,34.8,0.75,3,5,Medium,0,0,1,5,4,6.1,8,4,Moderate,11496,2,0,1,-0.9,-441,0,0,0,1,0,0,0,0,0,0,2026-03-28,34,34
U02129,8,18,174.4,54.7,18.0,2026-03-16,28,28,26,27,27,27.33,27.2,0.75,6,5,Light,0,0,0,4,1,6.9,5,1,High,10317,1,0,0,-0.5,-231,0,0,0,0,0,0,0,0,0,0,2026-04-12,27,27
U02130,2,33,164.8,55.9,20.6,2026-04-02,23,21,25,23,25,23.0,23.4,1.5,3,6,Medium,0,0,0,7,7,5.9,8,6,Low,9302,3,0,0,0.7,-629,0,0,0,0,0,0,0,0,0,0,2026-04-25,23,23
U02131,6,30,156.8,64.2,26.1,2026-06-07,26,30,24,25,26,26.67,26.2,2.04,7,4,Light,0,0,0,4,1,8.2,10,7,Moderate,13799,1,0,0,0.9,-275,1,0,0,0,0,0,0,0,0,0,2026-07-03,26,26
U02132,10,37,155.6,61.0,25.2,2026-05-18,27,27,29,26,28,27.67,27.4,1.02,5,7,Light,0,0,0,6,5,8.4,8,0,Moderate,4966,3,0,0,-0.1,-581,0,0,0,0,0,0,0,0,1,0,2026-06-13,26,26
U02133,12,37,152.4,54.8,23.6,2026-04-13,31,27,32,33,28,30.0,30.2,2.32,3,6,Light,0,0,0,2,10,6.6,5,4,Moderate,2825,10,0,1,1.0,-645,1,1,0,0,0,0,0,0,0,0,2026-05-12,29,29
U02134,5,26,162.2,48.1,18.3,2026-07-05,27,29,24,26,27,26.67,26.6,1.62,7,7,Medium,0,0,0,10,2,8.3,1,1,Low,10959,6,1,0,-1.5,395,0,0,1,0,0,0,0,0,0,0,2026-08-04,30,30
U02135,6,30,156.8,49.2,20.0,2026-06-27,33,31,32,31,32,32.0,31.8,0.75,5,6,Medium,0,0,0,6,2,8.7,4,2,Moderate,12495,2,0,1,0.7,-17,0,1,0,0,0,0,0,0,0,0,2026-07-29,32,32
U02136,10,19,145.0,39.3,18.7,2026-02-15,31,27,32,31,30,30.0,30.2,1.72,7,3,Heavy,0,0,0,3,4,5.1,3,0,Low,7428,7,0,0,-1.2,-510,0,0,0,0,0,0,0,0,0,0,2026-03-20,33,33
U02137,6,20,156.8,73.3,29.8,2026-07-27,29,29,30,27,31,29.33,29.2,1.33,3,6,Medium,0,1,0,4,7,5.6,2,5,Moderate,2427,5,0,0,0.9,-460,0,0,0,0,0,0,0,0,0,0,2026-08-26,30,30
U02138,2,20,166.7,82.5,29.7,2026-01-11,30,31,29,28,33,30.0,30.2,1.72,3,6,Heavy,0,0,0,3,1,7.0,3,7,Moderate,12403,1,0,0,-0.5,-553,0,1,0,0,0,1,0,0,0,0,2026-02-07,27,27
U02139,7,32,158.1,54.0,21.6,2026-05-26,29,31,27,28,27,29.0,28.4,1.5,5,4,Light,1,0,0,5,1,4.8,9,4,Moderate,2596,10,1,0,-1.0,-118,0,0,0,0,0,0,0,0,0,0,2026-06-24,29,29
U02140,6,31,180.0,51.8,16.0,2026-07-16,31,32,31,28,31,31.33,30.6,1.36,3,5,Medium,0,0,0,1,6,6.2,7,6,Moderate,6011,8,0,1,1.4,-86,0,1,1,0,0,0,0,0,0,0,2026-08-17,32,32
U02141,5,39,159.7,65.3,25.6,2026-06-19,29,32,31,27,28,30.67,29.4,1.85,5,7,Heavy,0,0,0,8,4,7.1,2,5,Moderate,5450,3,0,0,1.9,-374,1,0,0,0,1,0,0,0,0,0,2026-07-21,32,32
U02142,10,18,166.6,50.2,18.1,2026-02-26,30,30,35,30,28,31.67,30.6,2.33,7,5,Medium,0,0,0,7,10,6.4,9,1,Low,3420,8,0,1,0.4,-479,0,0,0,0,0,0,0,0,0,0,2026-03-27,29,29
U02143,12,37,164.2,69.0,25.6,2026-02-13,27,24,28,25,25,26.33,25.8,1.47,4,5,Light,0,0,0,4,1,5.5,3,4,Moderate,4691,1,0,0,0.4,-316,0,0,0,0,0,0,0,0,0,0,2026-03-11,26,26
U02144,2,37,161.4,58.9,22.6,2026-05-28,26,22,26,28,27,24.67,25.8,2.04,4,4,Heavy,0,0,0,3,10,7.7,2,6,Low,11172,2,0,0,-0.9,-140,1,1,0,0,0,0,0,0,0,0,2026-06-23,26,26
U02145,10,21,153.5,56.1,23.8,2026-05-06,28,28,27,27,28,27.67,27.6,0.49,4,3,Heavy,0,0,1,5,9,7.0,4,7,Moderate,7303,4,0,0,2.6,315,0,0,1,1,0,0,0,0,1,0,2026-06-04,29,29
U02146,9,22,158.0,52.7,21.1,2026-01-26,27,28,28,25,28,27.67,27.2,1.17,4,5,Heavy,0,0,0,4,2,9.5,7,5,Moderate,4604,8,0,0,0.9,-395,0,0,0,0,0,0,0,1,0,0,2026-02-22,27,27
U02147,10,36,162.1,56.0,21.3,2026-07-18,29,27,29,28,28,28.33,28.2,0.75,5,6,Light,0,0,0,1,1,6.7,3,5,Moderate,3115,2,0,0,-1.2,-166,0,0,0,0,0,0,0,1,0,0,2026-08-13,26,26
U02148,9,36,162.6,42.3,16.0,2026-06-07,28,28,27,26,26,27.67,27.0,0.89,7,4,Light,0,0,0,6,3,5.9,8,6,Moderate,6430,6,0,1,1.3,-3,0,0,0,0,0,0,0,0,0,0,2026-07-06,29,29
U02149,3,36,145.0,61.8,29.4,2026-02-04,31,29,31,31,34,30.33,31.2,1.6,5,3,Medium,0,0,0,10,5,6.8,2,7,Low,10524,5,1,0,-1.3,490,0,1,1,0,0,0,0,0,0,0,2026-03-07,31,31
U02150,6,26,162.9,63.4,23.9,2026-02-07,31,26,29,30,31,28.67,29.4,1.85,5,3,Medium,0,0,0,2,1,7.2,8,7,Low,11411,4,0,0,-0.2,-586,0,1,0,0,0,1,0,0,0,0,2026-03-09,30,30
U02151,5,36,163.5,52.9,19.8,2026-04-10,29,28,26,28,31,27.67,28.4,1.62,4,7,Medium,0,0,1,1,4,6.9,3,3,Moderate,2370,2,0,0,-1.3,106,0,0,1,1,0,0,0,0,0,0,2026-05-05,25,25
U02152,3,20,153.8,60.6,25.6,2026-04-16,29,27,26,29,27,27.33,27.6,1.2,6,5,Light,0,0,0,9,9,9.1,2,7,Low,6641,6,0,0,-0.3,255,0,0,0,0,0,0,0,1,0,0,2026-05-16,30,30
U02153,2,40,159.4,71.4,28.1,2026-07-03,31,33,29,31,32,31.0,31.2,1.33,5,3,Medium,0,0,0,4,2,6.6,9,3,Moderate,9292,9,0,0,-0.8,-566,0,0,1,0,0,0,0,0,0,0,2026-07-31,28,28
U02154,9,26,169.1,70.6,24.7,2026-02-17,33,32,32,33,32,32.33,32.4,0.49,3,4,Medium,0,0,0,10,10,7.8,1,3,Moderate,10475,9,0,0,1.7,239,0,0,0,0,0,0,0,0,0,0,2026-03-23,34,34
U02155,5,21,152.4,40.2,17.3,2026-03-17,30,30,32,32,31,30.67,31.0,0.89,5,6,Medium,1,0,0,6,6,7.5,5,0,Low,7779,2,0,0,0.5,-113,0,0,0,0,0,0,0,0,0,0,2026-04-16,30,30
U02156,7,18,159.7,59.9,23.5,2026-06-10,24,27,27,25,25,26.0,25.6,1.2,4,5,Light,0,0,0,3,5,7.3,8,3,Low,9544,10,0,0,-1.1,-174,0,0,0,0,0,0,0,1,0,0,2026-07-05,25,25
U02157,12,35,160.1,41.0,16.0,2026-01-27,27,28,25,23,26,26.67,25.8,1.72,5,7,Light,0,0,0,5,4,10.0,7,5,High,7007,8,0,0,-0.1,-386,0,0,0,0,0,0,0,0,0,0,2026-02-22,26,26
U02158,5,22,158.2,46.1,18.4,2026-03-20,29,31,29,31,29,29.67,29.8,0.98,4,6,Medium,0,0,0,8,9,7.9,8,0,High,13588,4,0,0,0.5,1,0,0,1,0,0,0,0,0,0,0,2026-04-18,29,29
U02159,4,18,159.3,51.3,20.2,2026-03-02,29,31,33,31,32,31.0,31.2,1.33,6,6,Medium,0,0,0,6,3,8.0,5,0,High,5031,6,1,0,0.1,62,0,0,0,0,0,0,0,0,0,0,2026-03-30,28,28
U02160,7,21,161.4,58.6,22.5,2026-05-26,29,27,27,29,30,27.67,28.4,1.2,6,7,Heavy,0,0,0,3,10,7.5,2,3,Low,11728,1,0,0,-1.8,-231,0,0,0,0,1,0,0,1,0,0,2026-06-24,29,29
U02161,3,28,171.1,65.3,22.3,2026-03-08,29,26,29,26,32,28.0,28.4,2.24,3,5,Medium,0,0,0,8,4,7.8,3,3,High,12857,7,0,0,-0.9,151,0,0,0,0,0,0,0,1,0,1,2026-04-06,29,29
U02162,6,40,161.9,77.1,29.4,2026-05-31,25,24,27,25,26,25.33,25.4,1.02,5,7,Heavy,0,0,0,10,4,8.4,7,6,Moderate,11433,7,0,0,0.1,-182,0,0,0,0,0,0,0,0,0,1,2026-06-26,26,26
U02163,10,31,156.5,50.7,20.7,2026-04-11,27,29,29,27,27,28.33,27.8,0.98,4,6,Medium,0,0,1,6,10,5.4,10,4,Low,2331,3,0,0,-0.7,49,1,0,0,1,0,0,0,0,0,0,2026-05-06,25,25
U02164,9,27,154.1,46.5,19.6,2026-04-03,27,26,31,26,30,28.0,28.0,2.1,3,3,Light,0,0,0,6,9,6.5,4,3,Moderate,11870,6,0,0,0.8,-152,0,0,1,0,0,0,0,0,0,0,2026-04-29,26,26
U02165,5,30,162.2,51.3,19.5,2026-03-14,31,36,30,29,28,32.33,30.8,2.79,5,7,Light,0,0,0,7,8,7.2,2,6,Moderate,8838,5,0,0,-0.4,-266,0,0,0,0,0,0,0,0,1,0,2026-04-16,33,33
U02166,8,30,152.2,43.1,18.6,2026-08-10,25,27,26,27,25,26.0,26.0,0.89,4,6,Light,0,0,0,2,6,5.4,9,2,Moderate,8266,6,0,0,-0.2,-640,1,0,0,0,0,0,0,0,0,0,2026-09-03,24,24
U02167,4,21,162.9,53.3,20.1,2026-03-05,30,31,28,30,30,29.67,29.8,0.98,7,6,Medium,0,0,1,4,5,7.5,3,2,Low,8576,10,0,0,1.0,-238,0,0,0,1,0,0,0,0,0,0,2026-04-02,28,28
U02168,3,19,157.3,66.8,27.0,2026-01-04,32,31,29,31,31,30.67,30.8,0.98,3,5,Light,0,0,0,4,7,7.0,4,5,Moderate,8007,5,0,0,0.8,-178,0,0,0,0,0,1,0,0,0,0,2026-02-05,32,32
U02169,11,21,162.3,70.9,26.9,2026-04-13,28,25,26,30,28,26.33,27.4,1.74,4,3,Medium,0,0,0,9,2,7.0,2,5,Moderate,8018,7,0,0,-1.1,-375,0,0,0,0,0,0,0,0,0,0,2026-05-11,28,28
U02170,9,19,159.3,49.0,19.3,2026-08-15,31,34,30,32,31,31.67,31.6,1.36,6,4,Heavy,0,0,0,6,9,7.0,8,1,Moderate,7165,2,0,0,0.9,-454,0,0,0,0,0,0,0,1,0,1,2026-09-19,35,35
U02171,7,34,161.2,70.4,27.1,2026-06-28,24,24,23,25,21,23.67,23.4,1.36,3,3,Heavy,0,0,0,3,2,6.2,4,7,Moderate,3628,4,0,0,-1.0,-71,1,0,0,0,0,0,0,0,0,0,2026-07-23,25,25
U02172,8,31,157.3,57.7,23.3,2026-06-07,29,31,28,27,28,29.33,28.6,1.36,7,5,Heavy,0,0,0,6,9,6.5,8,3,High,8353,6,0,0,-1.2,-679,0,0,0,0,0,0,0,1,0,0,2026-07-04,27,27
U02173,3,34,157.0,69.3,28.1,2026-01-12,28,31,28,29,32,29.0,29.6,1.62,5,7,Medium,0,0,0,10,6,6.0,4,7,Low,6992,5,0,0,-0.1,-470,0,0,0,0,0,0,0,0,0,0,2026-02-08,27,27
U02174,12,25,168.4,68.3,24.1,2026-01-08,31,30,30,30,32,30.33,30.6,0.8,3,4,Medium,0,0,1,5,2,8.6,5,6,Moderate,6296,7,0,0,0.9,360,0,0,0,1,0,0,0,1,1,0,2026-02-07,30,30
U02175,12,29,157.7,61.2,24.6,2026-01-15,34,31,34,30,33,33.0,32.4,1.62,4,6,Heavy,1,0,0,8,1,7.1,5,3,Low,3661,8,0,0,1.1,-33,1,0,0,0,0,0,0,1,1,1,2026-02-19,35,35
U02176,10,24,158.5,53.5,21.3,2026-08-26,30,33,33,30,27,32.0,30.6,2.24,5,4,Heavy,0,0,0,2,10,8.5,7,5,Low,3900,7,0,1,-0.5,-631,0,0,0,0,0,0,0,0,0,0,2026-09-23,28,28
U02177,8,32,161.7,62.5,23.9,2026-05-06,31,33,33,34,35,32.33,33.2,1.33,4,3,Medium,0,0,0,10,4,7.9,9,5,Moderate,13396,7,0,0,1.1,397,0,0,0,0,0,0,0,1,0,0,2026-06-09,34,34
U02178,12,21,152.8,49.0,21.0,2026-01-21,35,34,33,35,36,34.0,34.6,1.02,5,6,Medium,0,0,0,3,10,6.7,5,0,Moderate,13855,9,0,0,0.1,437,0,0,0,0,0,0,0,1,1,0,2026-02-24,34,34
U02179,9,19,157.3,66.8,27.0,2026-07-27,24,28,24,24,24,25.33,24.8,1.6,5,5,Medium,0,0,0,1,9,6.8,9,2,High,7679,5,0,0,0.5,147,0,0,0,0,0,0,1,1,0,1,2026-08-18,22,22
U02180,7,35,160.5,54.6,21.2,2026-02-03,32,32,30,31,30,31.33,31.0,0.89,4,3,Heavy,0,0,0,6,10,6.6,4,2,Low,8720,3,0,0,-1.8,450,1,0,0,0,0,0,0,1,0,0,2026-03-08,33,33
U02181,3,22,146.7,56.6,26.3,2026-07-07,24,24,23,22,23,23.67,23.2,0.75,7,4,Light,0,0,0,3,5,7.9,6,3,Moderate,9109,10,0,0,-1.1,-182,0,0,0,0,0,0,0,0,0,0,2026-07-29,22,22
U02182,9,39,162.5,62.6,23.7,2026-07-06,30,28,28,30,29,28.67,29.0,0.89,3,4,Medium,0,0,0,5,6,7.7,2,3,Moderate,13964,4,0,0,2.2,-244,0,0,0,0,1,0,0,1,0,0,2026-08-05,30,30
U02183,8,24,155.1,48.4,20.1,2026-02-14,31,32,31,29,30,31.33,30.6,1.02,3,4,Light,0,0,1,7,3,7.7,10,1,Low,9610,2,0,0,1.1,-46,0,0,0,1,0,0,0,0,0,0,2026-03-21,35,35
U02184,12,26,153.1,56.0,23.9,2026-02-07,31,32,31,32,32,31.33,31.6,0.49,5,6,Heavy,0,0,0,1,8,8.6,3,7,Low,5354,8,0,0,1.3,-555,0,0,0,0,1,0,0,0,0,0,2026-03-09,30,30
U02185,4,35,162.2,55.0,20.9,2026-03-23,26,26,23,27,26,25.0,25.6,1.36,4,3,Heavy,0,0,0,4,3,8.7,3,5,Moderate,4253,3,0,0,-1.2,-533,0,0,0,0,0,0,0,0,0,0,2026-04-19,27,27
U02186,7,26,157.5,59.3,23.9,2026-04-12,28,27,24,29,26,26.33,26.8,1.72,7,4,Heavy,0,1,0,1,9,8.0,9,2,Low,7418,7,0,1,1.1,-350,0,0,1,0,0,0,0,0,0,1,2026-05-10,28,28
U02187,10,22,168.4,70.9,25.0,2026-08-18,27,29,28,30,23,28.0,27.4,2.42,5,5,Light,0,0,0,7,1,7.2,6,4,Moderate,3346,10,0,1,0.8,-422,0,0,0,0,0,0,0,0,0,0,2026-09-15,28,28
U02188,12,24,156.1,61.2,25.1,2026-01-18,32,31,33,32,34,32.0,32.4,1.02,4,4,Light,1,0,0,9,10,7.7,10,7,Moderate,9045,5,0,0,0.4,-317,0,1,0,0,0,0,0,0,0,0,2026-02-23,36,36
U02189,4,35,163.0,56.9,21.4,2026-03-20,28,28,28,27,29,28.0,28.0,0.63,5,4,Medium,0,0,0,5,10,8.1,4,4,Low,11491,2,0,0,1.0,-5,0,1,0,0,0,0,0,0,0,0,2026-04-15,26,26
U02190,4,22,158.1,67.0,26.8,2026-05-23,28,28,28,27,24,28.0,27.0,1.55,4,4,Light,1,0,0,6,8,6.0,1,2,Low,2487,1,0,0,-1.3,-83,0,0,0,0,0,0,0,0,0,0,2026-06-20,28,28
U02191,4,28,155.4,47.6,19.7,2026-06-03,29,29,32,26,31,30.0,29.4,2.06,3,3,Heavy,0,0,0,5,2,5.6,7,2,Moderate,13715,7,0,0,-0.1,-276,0,0,0,0,0,0,0,0,0,0,2026-07-05,32,32
U02192,2,25,162.0,67.4,25.7,2026-08-01,28,28,31,27,28,29.0,28.4,1.36,5,4,Light,0,0,0,1,6,5.7,8,7,Moderate,13992,3,0,0,1.0,-264,0,0,0,0,0,0,0,0,0,0,2026-08-26,25,25
U02193,2,27,158.3,72.2,28.8,2026-03-18,28,32,28,29,30,29.33,29.4,1.5,4,4,Medium,0,0,0,10,5,6.3,3,7,High,8211,10,0,0,0.8,-152,0,0,0,0,0,0,0,0,0,0,2026-04-14,27,27
U02194,3,36,148.8,60.2,27.2,2026-07-05,27,27,26,30,25,26.67,27.0,1.67,6,7,Heavy,0,0,1,2,6,9.1,5,4,Moderate,4489,5,0,0,-1.2,377,0,0,1,1,0,0,0,0,0,0,2026-08-02,28,28
U02195,8,32,159.7,53.0,20.8,2026-06-03,29,30,29,28,32,29.33,29.6,1.36,7,6,Medium,0,0,1,4,6,6.0,8,0,Moderate,10221,8,0,0,-0.5,-560,0,0,1,1,0,0,0,1,0,0,2026-06-30,27,27
U02196,11,19,170.5,59.6,20.5,2026-07-04,27,27,28,29,27,27.33,27.6,0.8,3,4,Medium,0,0,0,4,7,6.0,8,7,Low,10139,2,0,0,-0.5,-679,0,1,1,0,0,0,0,0,0,0,2026-07-30,26,26
U02197,6,34,173.4,79.7,26.5,2026-06-15,34,36,33,33,33,34.33,33.8,1.17,7,5,Light,0,0,1,1,2,6.6,2,4,Moderate,13033,8,0,0,0.3,-218,0,0,0,1,0,0,0,0,0,0,2026-07-21,36,36
U02198,7,36,161.6,61.6,23.6,2026-05-31,31,33,31,33,33,31.67,32.2,0.98,7,5,Light,0,0,0,4,4,8.5,9,0,Moderate,2108,5,0,0,1.2,43,1,0,0,0,0,0,0,0,0,0,2026-07-02,32,32
U02199,11,32,164.6,75.9,28.0,2026-08-23,29,27,27,28,32,27.67,28.6,1.85,7,6,Light,0,0,0,10,7,8.4,6,1,Moderate,7079,3,0,0,-0.4,50,1,0,0,0,0,0,0,0,0,0,2026-09-22,30,30
U02200,6,19,161.1,56.3,21.7,2026-03-18,30,32,27,29,32,29.67,30.0,1.9,3,6,Light,0,1,0,1,7,6.6,2,2,Moderate,11187,8,0,1,-1.2,400,1,0,0,0,0,0,0,0,0,0,2026-04-14,27,27
U02201,10,29,151.1,48.6,21.3,2026-01-30,25,26,26,25,26,25.67,25.6,0.49,5,4,Light,1,0,0,9,8,5.3,5,2,Low,8300,7,0,1,0.7,-642,0,0,0,0,0,0,0,0,0,0,2026-02-27,28,28
U02202,12,30,145.0,47.1,22.4,2026-03-11,26,23,24,27,28,24.33,25.6,1.85,6,3,Medium,0,0,0,5,7,8.2,5,4,Moderate,3319,3,0,0,0.3,-55,0,0,0,0,0,0,1,1,0,0,2026-04-09,29,29
U02203,5,18,168.0,66.9,23.7,2026-05-10,35,31,37,36,36,34.33,35.0,2.1,6,3,Light,1,0,0,4,3,5.5,10,0,Low,2413,6,0,0,0.7,-673,0,0,0,0,0,0,0,0,1,0,2026-06-16,37,37
U02204,3,35,158.7,51.1,20.3,2026-07-12,32,33,32,35,29,32.33,32.2,1.94,4,3,Light,0,0,0,10,2,7.6,2,4,High,3315,2,0,0,1.0,-246,0,0,0,0,1,0,1,0,0,0,2026-08-16,35,35
U02205,10,21,164.8,69.3,25.5,2026-05-22,32,32,28,31,29,30.67,30.4,1.62,3,7,Medium,0,0,0,6,10,5.0,5,7,Moderate,10206,5,1,0,0.7,-614,0,0,1,0,0,1,0,0,0,0,2026-06-23,32,32
U02206,8,25,156.9,59.8,24.3,2026-07-21,31,31,31,26,30,31.0,29.8,1.94,4,3,Light,0,0,0,3,1,7.8,3,3,Low,5357,10,0,0,-1.8,-426,0,0,1,0,0,1,0,0,0,0,2026-08-19,29,29
U02207,3,25,154.0,37.9,16.0,2026-04-10,27,25,27,24,28,26.33,26.2,1.47,7,7,Heavy,0,0,0,4,1,8.3,4,7,High,11050,10,0,0,0.9,-208,1,0,1,0,0,0,0,0,0,1,2026-05-05,25,25
U02208,7,38,170.0,58.4,20.2,2026-03-08,26,26,27,25,26,26.33,26.0,0.63,5,7,Light,0,0,0,4,10,6.4,7,1,Moderate,7124,4,0,0,-0.6,-488,1,0,1,0,0,0,0,0,0,0,2026-04-07,30,30
U02209,7,39,147.0,48.6,22.5,2026-05-02,31,30,28,30,30,29.67,29.8,0.98,3,3,Heavy,0,0,0,9,9,7.7,2,6,Low,5068,2,0,0,0.1,-204,0,1,0,0,0,0,0,1,0,0,2026-05-31,29,29
U02210,7,35,163.6,55.1,20.6,2026-06-25,28,28,28,27,26,28.0,27.4,0.8,6,5,Heavy,0,0,1,3,9,7.8,7,1,Moderate,4778,4,0,0,0.0,-273,1,0,1,1,0,0,0,0,0,0,2026-07-17,22,22
U02211,8,26,167.6,51.4,18.3,2026-06-30,32,33,34,33,34,33.0,33.2,0.75,3,4,Light,0,1,1,10,5,4.9,6,5,Low,5934,6,0,0,-0.3,195,1,1,0,1,0,0,0,0,0,0,2026-07-31,31,31
U02212,2,32,164.5,70.9,26.2,2026-07-07,29,28,30,32,28,29.0,29.4,1.5,4,3,Light,0,0,0,8,6,6.5,1,5,Moderate,9733,9,0,0,-0.1,16,0,1,0,0,0,0,0,0,0,0,2026-08-05,29,29
U02213,8,32,150.7,45.9,20.2,2026-04-18,31,32,31,29,31,31.33,30.8,0.98,6,7,Light,0,0,0,10,7,4.5,5,4,High,12148,1,0,0,1.4,383,0,0,1,0,0,0,0,0,0,0,2026-05-24,36,36
U02214,3,26,156.0,49.9,20.5,2026-02-13,29,30,30,28,30,29.67,29.4,0.8,4,7,Heavy,0,0,0,3,8,8.9,8,3,Moderate,11693,5,0,0,1.8,-346,0,0,1,0,0,0,0,0,0,0,2026-03-15,30,30
U02215,8,23,161.9,54.5,20.8,2026-03-27,32,33,33,33,34,32.67,33.0,0.63,4,4,Medium,0,0,0,3,4,5.8,8,7,Low,3996,9,0,0,-1.3,339,0,0,1,0,0,0,0,0,0,1,2026-04-24,28,28
U02216,11,21,158.1,53.7,21.5,2026-01-03,28,27,26,30,27,27.0,27.6,1.36,7,5,Medium,0,0,0,3,4,6.2,1,0,Low,13267,9,1,1,-0.8,-371,0,0,0,0,0,1,0,0,0,0,2026-01-29,26,26
U02217,10,28,165.8,50.9,18.5,2026-02-05,27,28,24,25,28,26.33,26.4,1.62,6,5,Light,0,0,0,6,9,8.5,4,5,Moderate,9203,9,0,0,1.4,-240,0,0,0,0,0,0,0,0,0,0,2026-03-05,28,28
U02218,3,31,166.1,65.9,23.9,2026-05-11,28,25,29,29,27,27.33,27.6,1.5,7,6,Medium,0,0,0,7,7,9.7,3,6,Moderate,12096,10,0,0,0.8,-457,0,0,0,0,0,0,0,0,0,0,2026-06-12,32,32
U02219,11,34,168.2,76.7,27.1,2026-03-19,29,30,27,29,26,28.67,28.2,1.47,3,4,Light,1,0,0,3,5,5.9,6,6,Moderate,5092,6,0,0,-0.2,-425,0,1,0,0,0,0,0,0,0,0,2026-04-19,31,31
U02220,3,22,164.4,63.2,23.4,2026-07-07,25,24,22,26,24,23.67,24.2,1.33,7,3,Light,0,0,0,7,8,8.6,6,7,High,12795,10,0,0,-1.0,-282,0,0,0,0,0,0,0,0,0,0,2026-08-01,25,25
U02221,5,32,153.7,54.3,23.0,2026-03-04,28,30,27,29,28,28.33,28.4,1.02,5,7,Medium,0,0,0,7,10,8.7,7,0,Low,7578,7,1,1,0.1,401,0,0,1,0,0,0,0,0,0,1,2026-03-31,27,27
U02222,3,38,152.0,41.1,17.8,2026-08-08,28,26,30,32,29,28.0,29.0,2.0,4,4,Medium,0,0,0,7,3,5.9,8,4,Moderate,2710,5,1,1,0.4,-414,0,0,0,0,0,0,0,0,0,0,2026-09-07,30,30
U02223,3,35,160.6,54.9,21.3,2026-01-17,27,26,24,30,29,25.67,27.2,2.14,5,3,Light,1,0,0,3,5,6.5,2,0,Moderate,6643,3,0,0,1.0,485,0,1,0,0,0,0,0,1,0,0,2026-02-13,27,27
U02224,6,38,155.7,63.3,26.1,2026-03-05,31,29,33,32,30,31.0,31.0,1.41,7,6,Light,0,0,0,8,3,7.2,6,6,Low,8864,6,0,0,0.1,52,0,0,0,0,0,0,0,0,0,0,2026-04-05,31,31
U02225,4,36,168.5,70.7,24.9,2026-03-19,29,27,28,28,27,28.0,27.8,0.75,3,3,Medium,1,0,0,9,2,7.2,2,5,Low,2244,6,0,0,1.3,-527,1,0,0,0,1,0,0,0,0,0,2026-04-19,31,31
U02226,7,29,163.5,51.9,19.4,2026-01-08,29,30,33,30,32,30.67,30.8,1.47,5,6,Medium,0,0,0,2,2,5.6,6,3,Moderate,10952,4,0,0,2.3,-479,0,0,0,0,0,0,0,1,0,0,2026-02-08,31,31
U02227,10,40,172.6,57.5,19.3,2026-08-05,28,29,28,27,25,28.33,27.4,1.36,7,4,Heavy,0,0,0,10,2,6.8,6,1,Moderate,9019,1,0,0,0.1,-624,1,0,0,0,0,0,0,0,0,0,2026-09-05,31,31
U02228,4,33,162.9,55.7,21.0,2026-07-23,33,35,34,31,27,34.0,32.0,2.83,4,6,Medium,1,0,0,8,4,8.0,3,7,Moderate,5375,1,0,0,1.4,478,1,1,0,0,0,0,0,1,0,0,2026-08-26,34,34
U02229,4,28,161.6,51.7,19.8,2026-07-03,28,28,29,30,29,28.33,28.8,0.75,6,5,Medium,0,0,0,10,3,6.8,10,2,High,12000,2,0,1,-0.1,-79,0,1,1,0,0,0,0,0,0,1,2026-07-29,26,26
U02230,2,34,167.3,62.1,22.2,2026-03-12,30,30,32,30,32,30.67,30.8,0.98,7,4,Medium,0,0,0,2,3,9.3,8,7,High,6170,4,0,0,0.5,-313,0,0,1,0,0,0,0,0,0,0,2026-04-08,27,27
U02231,2,39,156.1,51.7,21.2,2026-01-09,28,26,28,26,29,27.33,27.4,1.2,4,3,Heavy,0,0,0,4,8,7.7,9,4,Moderate,9372,4,0,0,0.4,479,0,0,0,0,0,0,0,0,0,1,2026-02-08,30,30
U02232,10,25,160.8,51.7,20.0,2026-08-13,33,31,34,32,33,32.67,32.6,1.02,3,5,Light,0,0,1,4,6,6.8,9,1,High,6486,3,0,0,0.1,-475,0,0,0,1,0,1,0,0,0,0,2026-09-14,32,32
U02233,3,18,154.4,39.8,16.7,2026-03-13,29,29,28,28,26,28.67,28.0,1.1,6,6,Medium,0,0,0,2,4,6.0,6,3,Low,12791,9,1,0,0.2,-554,0,1,0,0,0,0,0,0,0,0,2026-04-09,27,27
U02234,12,21,168.4,68.3,24.1,2026-01-05,31,30,30,29,30,30.33,30.0,0.63,5,5,Medium,0,0,0,9,1,7.1,8,5,Moderate,3318,5,0,0,-0.3,233,0,0,0,0,0,0,0,0,0,0,2026-02-04,30,30
U02235,5,34,157.2,57.3,23.2,2026-02-09,27,26,23,29,26,25.33,26.2,1.94,4,7,Medium,0,1,0,5,5,6.4,5,0,Moderate,3179,9,0,0,0.4,-432,0,0,0,0,0,0,0,1,0,0,2026-03-10,29,29
U02236,12,27,159.9,55.5,21.7,2026-04-18,28,28,24,27,29,26.67,27.2,1.72,3,5,Medium,0,0,0,4,5,8.1,8,2,High,7593,7,0,0,-0.8,-49,0,0,0,0,0,0,0,0,0,0,2026-05-18,30,30
U02237,6,18,156.2,49.8,20.4,2026-04-10,28,30,31,25,27,29.67,28.2,2.14,3,6,Light,0,0,0,5,6,6.6,3,4,High,11503,10,0,0,0.7,-671,0,0,0,0,0,0,0,0,0,0,2026-05-06,26,26
U02238,9,29,146.3,35.7,16.7,2026-07-13,27,29,27,27,24,27.67,26.8,1.6,3,7,Medium,0,1,0,9,10,5.5,9,4,Moderate,10978,9,0,0,1.9,-649,0,0,0,0,0,0,0,1,0,0,2026-08-11,29,29
U02239,3,38,160.4,63.3,24.6,2026-05-30,27,27,25,26,26,26.33,26.2,0.75,5,5,Medium,1,0,0,10,8,6.1,4,4,Moderate,8549,10,0,0,-0.8,250,0,0,0,0,0,0,0,0,0,0,2026-07-02,33,33
U02240,2,33,155.1,54.1,22.5,2026-01-21,28,27,30,29,26,28.33,28.0,1.41,7,5,Medium,0,0,0,7,2,7.0,9,4,Moderate,8804,7,0,0,-0.7,166,1,1,0,0,0,0,0,0,0,0,2026-02-16,26,26
U02241,11,39,168.4,61.3,21.6,2026-04-07,26,27,29,25,26,27.33,26.6,1.36,6,5,Medium,0,0,0,3,8,8.0,8,2,Moderate,6501,3,0,0,1.5,-608,0,0,0,0,0,0,0,0,0,0,2026-05-04,27,27
U02242,5,33,170.4,63.6,21.9,2026-06-13,28,26,32,25,29,28.67,28.0,2.45,3,3,Medium,1,0,0,3,7,7.5,3,6,Moderate,12336,4,0,0,0.2,244,1,0,1,0,0,0,0,0,0,0,2026-07-10,27,27
U02243,5,19,163.8,66.0,24.6,2026-03-02,30,32,33,33,30,31.67,31.6,1.36,3,4,Medium,1,0,0,9,1,9.4,2,0,Low,7214,8,0,0,-1.9,188,0,0,0,0,0,0,0,0,0,0,2026-03-31,29,29
U02244,10,19,150.4,55.6,24.6,2026-01-15,26,24,29,26,25,26.33,26.0,1.67,7,5,Heavy,0,0,0,2,1,6.8,2,2,Low,6266,2,0,0,0.7,-432,1,0,0,0,0,0,0,0,0,1,2026-02-11,27,27
U02245,6,36,165.0,61.8,22.7,2026-03-05,32,31,33,30,31,32.0,31.4,1.02,5,7,Medium,0,0,0,8,8,7.2,10,2,High,2991,7,1,0,0.1,218,0,0,0,0,0,0,0,0,0,1,2026-04-06,32,32
U02246,6,39,151.5,61.3,26.7,2026-02-26,31,30,32,33,30,31.0,31.2,1.17,5,5,Light,0,0,0,5,8,8.4,3,6,High,7024,9,0,0,-0.0,157,0,0,1,0,1,0,0,0,0,0,2026-03-27,29,29
U02247,10,30,156.6,64.3,26.2,2026-05-07,29,28,26,30,26,27.67,27.8,1.6,7,3,Medium,0,1,0,6,2,6.9,3,3,High,5502,1,0,0,-1.3,-600,0,0,0,0,0,0,0,1,0,0,2026-06-05,29,29
U02248,11,22,165.0,63.2,23.2,2026-05-10,30,30,31,30,29,30.33,30.0,0.63,6,5,Light,0,0,0,5,1,7.1,2,6,Moderate,5703,5,0,0,0.1,-348,0,0,1,0,0,0,0,0,0,0,2026-06-08,29,29
U02249,5,37,145.0,49.0,23.3,2026-04-12,29,27,32,32,27,29.33,29.4,2.24,6,4,Medium,0,0,0,3,7,6.8,10,6,Moderate,9508,9,0,0,1.8,109,0,0,0,0,0,0,0,0,0,0,2026-05-08,26,26
U02250,9,23,166.6,66.9,24.1,2026-01-21,30,31,29,31,34,30.0,31.0,1.67,5,6,Heavy,0,0,0,9,9,6.8,8,4,Moderate,2264,10,0,1,-0.8,169,0,0,0,0,0,0,0,0,0,1,2026-02-24,34,34
U02251,10,36,161.5,66.2,25.4,2026-07-06,27,30,23,28,25,26.67,26.6,2.42,7,4,Heavy,0,0,0,2,7,7.0,9,5,Low,4648,8,0,0,0.7,-672,1,0,1,0,0,0,0,0,0,0,2026-08-02,27,27
U02252,11,20,156.6,58.6,23.9,2026-08-28,24,24,23,26,23,23.67,24.0,1.1,5,3,Medium,0,0,0,5,10,7.4,2,2,Moderate,6449,8,0,1,0.1,-527,0,0,1,0,0,0,0,0,0,0,2026-09-18,21,21
U02253,8,28,157.6,64.6,26.0,2026-06-30,29,31,32,27,26,30.67,29.0,2.28,4,7,Medium,0,0,0,8,4,6.6,5,5,Moderate,4640,6,0,0,-0.3,278,0,0,0,0,0,0,0,0,0,0,2026-07-30,30,30
U02254,12,29,145.0,43.3,20.6,2026-04-28,30,29,32,29,29,30.33,29.8,1.17,4,5,Medium,0,0,0,8,7,6.9,3,5,Moderate,4955,9,0,0,-1.9,-92,0,0,0,0,1,0,0,0,0,0,2026-05-28,30,30
U02255,2,31,156.6,39.2,16.0,2026-08-11,29,28,29,28,32,28.67,29.2,1.47,7,4,Medium,0,0,0,4,10,6.8,7,0,Low,8341,10,0,0,-1.7,-413,1,0,0,0,0,0,0,0,0,0,2026-09-07,27,27
U02256,7,39,156.7,44.0,17.9,2026-01-14,28,28,27,27,25,27.67,27.0,1.1,3,7,Medium,0,0,0,4,6,5.7,7,0,Moderate,6811,10,0,0,-0.6,-139,0,0,0,0,0,0,0,0,0,0,2026-02-10,27,27
U02257,7,32,151.0,50.8,22.3,2026-02-18,29,28,28,30,32,28.33,29.4,1.5,5,7,Medium,0,0,0,1,8,6.9,4,6,Low,2773,3,1,0,1.9,69,1,1,1,0,0,0,0,0,0,0,2026-03-16,26,26
U02258,12,33,155.6,45.5,18.8,2026-06-17,28,27,30,30,29,28.33,28.8,1.17,3,5,Medium,0,0,0,7,4,6.7,7,4,Low,8638,1,0,0,0.4,-594,0,1,1,0,0,0,0,0,0,0,2026-07-16,29,29
U02259,10,36,156.0,56.7,23.3,2026-04-13,32,32,33,32,30,32.33,31.8,0.98,3,7,Medium,0,0,0,8,8,6.8,10,4,Moderate,13186,5,1,0,-0.8,-630,0,1,0,0,0,0,0,0,0,0,2026-05-18,35,35
U02260,3,29,160.9,67.1,25.9,2026-04-18,28,28,26,29,27,27.33,27.6,1.02,6,5,Light,0,0,0,8,4,6.7,7,6,Moderate,11638,6,0,0,-1.2,-114,0,0,1,0,1,0,0,0,0,0,2026-05-20,32,32
U02261,2,34,158.8,57.5,22.8,2026-07-12,33,35,32,32,33,33.33,33.0,1.1,6,6,Medium,0,0,1,5,2,8.6,9,3,Moderate,6521,6,1,0,0.4,169,1,0,0,1,0,0,0,1,0,0,2026-08-16,35,35
U02262,7,37,163.8,58.8,21.9,2026-03-15,29,28,28,29,30,28.33,28.8,0.75,3,5,Heavy,0,0,0,6,9,8.1,7,7,Moderate,8330,7,0,0,1.1,-419,0,0,0,0,0,0,0,0,0,0,2026-04-12,28,28
U02263,4,18,153.6,61.6,26.1,2026-07-16,33,32,32,36,34,32.33,33.4,1.5,7,7,Medium,0,0,0,2,10,7.3,6,3,Moderate,9029,5,0,0,0.5,-340,0,0,0,0,0,0,0,0,0,0,2026-08-15,30,30
U02264,7,39,147.8,54.2,24.8,2026-02-10,29,27,30,30,30,28.67,29.2,1.17,6,6,Medium,0,0,1,5,3,5.6,4,3,High,5881,4,0,0,-1.3,-208,0,0,0,1,0,0,0,0,0,0,2026-03-09,27,27
U02265,12,37,159.1,55.4,21.9,2026-04-18,29,29,29,26,30,29.0,28.6,1.36,6,5,Medium,0,1,0,10,6,6.5,10,0,High,13463,9,0,0,0.3,-270,0,0,0,0,0,0,0,0,0,0,2026-05-18,30,30
U02266,9,30,148.2,56.9,25.9,2026-07-06,28,29,30,28,30,29.0,29.0,0.89,4,7,Medium,0,0,1,3,5,7.1,8,1,Low,9414,8,0,0,-0.7,-534,0,0,0,1,0,0,0,0,0,0,2026-08-01,26,26
U02267,11,32,155.5,46.9,19.4,2026-03-20,30,32,28,30,33,30.0,30.6,1.74,6,5,Light,0,0,0,6,3,4.9,10,0,Moderate,13960,9,0,0,0.1,-527,0,0,0,0,0,0,0,0,0,0,2026-04-21,32,32
U02268,5,36,158.1,63.7,25.5,2026-03-11,26,25,28,27,28,26.33,26.8,1.17,4,4,Heavy,0,0,0,3,2,8.7,2,6,Low,10511,8,0,0,0.2,360,1,0,0,0,0,0,0,0,0,0,2026-04-07,27,27
U02269,8,32,177.9,89.6,28.3,2026-08-24,32,32,30,32,31,31.33,31.4,0.8,3,6,Light,0,1,0,3,9,7.4,9,4,Moderate,9074,2,0,1,1.3,-371,0,0,1,0,0,0,0,0,0,0,2026-09-24,31,31
U02270,2,40,157.8,49.6,19.9,2026-05-01,29,25,29,29,29,27.67,28.2,1.6,7,6,Light,0,0,0,10,1,5.3,4,2,Low,4455,4,0,0,0.2,240,0,0,0,0,0,0,1,0,0,1,2026-06-02,32,32
U02271,4,32,147.0,45.2,20.9,2026-04-07,32,34,30,33,34,32.0,32.6,1.5,5,7,Medium,0,0,0,5,2,6.7,10,4,Low,2185,10,1,1,-0.6,203,0,0,1,0,0,0,0,1,0,0,2026-05-08,31,31
U02272,6,18,149.6,57.3,25.6,2026-06-30,27,26,23,28,29,25.33,26.6,2.06,3,5,Medium,0,0,0,9,6,6.1,10,2,Moderate,9974,10,0,0,-0.2,-240,0,0,0,0,0,0,0,0,0,0,2026-07-29,29,29
U02273,2,24,164.5,71.7,26.5,2026-01-18,31,31,28,32,29,30.0,30.2,1.47,7,7,Medium,0,0,0,10,8,5.3,4,0,Moderate,5604,4,0,0,0.1,-445,0,0,0,0,0,1,0,0,1,0,2026-02-20,33,33
U02274,4,31,164.7,59.9,22.1,2026-07-13,27,30,27,26,27,28.0,27.4,1.36,5,3,Light,0,0,0,1,8,7.1,6,7,High,4043,4,0,0,-1.5,-64,0,1,0,0,0,0,0,0,0,0,2026-08-07,25,25
U02275,2,32,164.1,53.9,20.0,2026-06-11,25,23,26,24,26,24.67,24.8,1.17,5,7,Heavy,0,0,0,6,8,6.2,5,4,Moderate,3968,7,0,0,0.6,9,0,0,0,0,0,0,0,1,0,0,2026-07-05,24,24
U02276,12,33,157.2,48.9,19.8,2026-01-13,27,28,28,25,29,27.67,27.4,1.36,6,6,Light,0,0,0,3,2,7.2,4,1,High,4519,4,0,0,0.3,-222,0,0,0,0,0,0,0,0,0,0,2026-02-07,25,25
U02277,6,34,166.2,57.5,20.8,2026-02-23,29,30,28,31,29,29.0,29.4,1.02,7,4,Light,0,0,1,3,2,7.8,1,4,Moderate,5261,8,0,0,-0.8,266,1,0,0,1,1,0,0,0,0,0,2026-03-25,30,30
U02278,9,30,156.2,69.3,28.4,2026-04-11,28,28,28,30,28,28.0,28.4,0.8,5,5,Heavy,0,0,0,1,6,5.7,2,5,Low,4396,3,0,0,0.7,-114,0,0,0,0,0,1,0,0,0,0,2026-05-08,27,27
U02279,5,20,164.3,60.2,22.3,2026-06-27,32,31,33,32,30,32.0,31.6,1.02,7,3,Medium,0,0,0,5,7,7.8,5,7,Low,3916,9,0,0,0.5,-125,1,0,1,0,1,0,0,0,0,0,2026-07-31,34,34
U02280,9,24,165.2,68.8,25.2,2026-06-16,27,26,26,26,27,26.33,26.4,0.49,3,6,Medium,0,0,0,3,4,8.4,8,1,Moderate,10573,8,0,0,-0.1,83,0,0,0,0,0,0,0,0,0,0,2026-07-10,24,24
U02281,10,30,150.8,40.5,17.8,2026-02-01,30,33,28,31,31,30.33,30.6,1.62,5,4,Heavy,0,0,0,8,3,5.7,4,6,Moderate,9674,8,0,1,-0.1,235,0,0,0,0,0,0,0,0,0,0,2026-03-03,30,30
U02282,12,24,166.5,59.9,21.6,2026-04-03,28,25,27,27,28,26.67,27.0,1.1,5,3,Light,0,0,0,10,10,6.6,3,6,Moderate,5243,3,0,0,-1.3,-327,0,0,0,0,0,0,0,0,0,0,2026-05-02,29,29
U02283,3,29,160.6,63.2,24.5,2026-03-24,37,36,36,33,38,36.33,36.0,1.67,5,7,Heavy,0,0,1,3,10,7.8,8,5,Moderate,13753,1,0,0,1.1,-317,0,1,0,1,0,0,0,0,0,0,2026-04-30,37,37
U02284,6,38,160.4,62.0,24.1,2026-02-11,29,30,27,27,31,28.67,28.8,1.6,7,7,Medium,0,0,0,6,6,7.1,5,4,Low,12697,1,0,0,-0.4,-160,0,0,1,0,0,0,0,1,0,0,2026-03-12,29,29
U02285,9,24,162.4,49.8,18.9,2026-03-09,27,27,24,32,29,26.0,27.8,2.64,4,5,Medium,0,0,0,9,5,5.9,2,3,Low,2174,10,0,0,0.2,337,0,0,0,0,0,0,0,1,0,0,2026-04-09,31,31
U02286,3,38,157.1,61.0,24.7,2026-05-31,33,33,34,33,32,33.33,33.0,0.63,4,4,Heavy,0,0,0,5,4,7.8,1,6,Moderate,10455,9,0,0,2.1,-188,0,1,0,0,1,1,0,0,0,0,2026-07-03,33,33
U02287,12,40,164.8,61.1,22.5,2026-06-28,30,28,34,34,30,30.67,31.2,2.4,4,4,Medium,0,0,1,8,1,6.9,2,5,Moderate,10513,4,0,0,-1.7,-656,0,0,0,1,0,0,0,1,0,0,2026-07-29,31,31
U02288,2,21,167.0,75.6,27.1,2026-08-12,26,26,27,26,26,26.33,26.2,0.4,3,7,Medium,0,1,0,2,3,5.8,2,3,Moderate,11756,5,0,0,0.9,-348,1,0,1,0,0,1,0,0,0,0,2026-09-08,27,27
U02289,9,38,167.6,57.9,20.6,2026-07-03,38,37,36,38,38,37.0,37.4,0.8,7,4,Medium,0,0,0,9,9,6.8,1,6,Moderate,3278,7,1,0,-2.0,239,0,0,0,0,1,0,0,0,1,0,2026-08-09,37,37
U02290,2,35,155.4,61.6,25.5,2026-08-02,34,35,33,31,33,34.0,33.2,1.33,3,5,Medium,0,0,1,6,3,8.9,3,7,Low,13016,2,0,0,-1.5,-340,0,0,0,1,0,0,0,0,0,0,2026-09-05,34,34
U02291,9,26,158.8,47.2,18.7,2026-08-11,31,31,29,27,30,30.33,29.6,1.5,3,3,Light,0,0,0,1,5,7.9,4,1,High,2657,5,0,1,1.4,276,0,0,0,0,0,0,0,0,0,1,2026-09-09,29,29
U02292,10,34,162.5,83.2,31.5,2026-06-22,26,25,25,27,25,25.33,25.6,0.8,6,7,Light,0,0,0,4,2,7.9,8,2,Low,2751,10,0,0,-0.1,-491,1,0,0,0,0,0,0,0,0,0,2026-07-17,25,25
U02293,2,20,157.4,55.2,22.3,2026-02-01,28,29,27,27,26,28.0,27.4,1.02,6,4,Heavy,0,0,0,6,6,5.2,3,2,Low,11531,5,0,0,0.5,-25,0,1,0,0,0,0,0,0,0,0,2026-03-03,30,30
U02294,11,28,158.9,58.3,23.1,2026-05-30,28,27,30,28,26,28.33,27.8,1.33,5,4,Heavy,0,0,0,6,3,7.0,8,0,Low,3199,3,0,0,-0.3,-169,0,0,0,0,0,0,0,1,0,0,2026-06-27,28,28
U02295,12,26,151.7,67.7,29.4,2026-04-24,35,34,34,33,32,34.33,33.6,1.02,5,5,Light,0,0,0,9,6,8.2,2,2,Moderate,8894,6,0,0,0.4,39,0,1,0,0,0,0,0,0,1,0,2026-05-28,34,34
U02296,12,27,161.6,67.1,25.7,2026-07-09,29,30,28,31,26,29.0,28.8,1.72,4,4,Heavy,0,1,0,8,8,6.9,7,7,Moderate,4109,10,0,0,0.5,152,1,0,0,0,0,0,0,0,0,0,2026-08-09,31,31
U02297,7,36,167.9,67.9,24.1,2026-07-17,26,26,29,28,24,27.0,26.6,1.74,4,7,Medium,0,0,0,7,9,6.2,8,3,Moderate,11233,1,0,0,0.3,-448,0,1,0,0,1,0,0,0,0,1,2026-08-17,31,31
U02298,5,25,161.9,65.0,24.8,2026-04-02,31,31,32,32,31,31.33,31.4,0.49,7,6,Medium,0,0,1,9,8,7.6,9,3,Moderate,3552,5,1,0,0.6,-59,0,0,0,1,0,1,0,0,0,0,2026-05-03,31,31
U02299,11,31,164.3,48.9,18.1,2026-08-24,28,28,27,29,29,27.67,28.2,0.75,5,5,Heavy,0,0,0,10,4,7.3,4,6,High,9384,1,0,0,-0.1,442,0,0,0,0,0,0,0,0,0,0,2026-09-24,31,31
U02300,7,34,159.9,67.0,26.2,2026-04-15,29,26,28,29,29,27.67,28.2,1.17,7,3,Light,0,0,0,1,2,7.9,1,1,Moderate,2017,4,0,0,0.3,12,0,1,0,0,0,0,0,1,0,0,2026-05-11,26,26
U02301,12,36,166.1,50.8,18.4,2026-03-21,28,26,28,28,27,27.33,27.4,0.8,4,7,Light,0,0,0,6,1,8.7,4,2,High,7461,5,0,1,-1.1,49,0,0,0,0,0,0,0,0,0,0,2026-04-18,28,28
U02302,9,28,160.5,55.1,21.4,2026-04-25,33,32,35,33,34,33.33,33.4,1.02,5,6,Light,0,0,1,6,2,7.8,5,1,Moderate,11951,9,0,0,-1.3,-185,1,1,0,1,0,0,0,0,0,0,2026-05-26,31,31
U02303,9,35,166.5,82.9,29.9,2026-08-10,31,32,31,30,31,31.33,31.0,0.63,3,3,Heavy,0,0,0,5,5,8.0,10,4,Low,6631,3,0,0,0.9,-123,0,1,0,0,0,0,0,0,0,0,2026-09-09,30,30
U02304,5,33,157.4,49.3,19.9,2026-04-07,31,32,33,32,35,32.0,32.6,1.36,5,7,Heavy,0,0,0,4,10,9.2,1,1,Low,9497,5,0,0,-0.7,297,0,0,0,0,0,0,1,0,1,0,2026-05-06,29,29
U02305,7,22,162.1,61.0,23.2,2026-05-25,34,35,30,34,33,33.0,33.2,1.72,3,6,Medium,0,0,0,4,7,7.0,6,3,Moderate,10251,2,1,0,-0.7,-79,0,0,1,0,1,0,0,0,0,0,2026-06-26,32,32
U02306,7,34,167.9,63.1,22.4,2026-05-05,25,21,23,25,26,23.0,24.0,1.79,7,4,Light,0,0,0,5,6,7.8,7,7,Moderate,13107,1,0,0,-1.4,454,0,0,0,0,0,0,0,0,0,0,2026-05-29,24,24
U02307,6,26,161.9,69.7,26.6,2026-03-17,25,25,26,26,27,25.33,25.8,0.75,3,4,Medium,0,0,0,1,10,6.8,7,6,High,5757,4,0,0,0.5,307,0,0,0,0,0,1,0,1,0,0,2026-04-09,23,23
U02308,4,40,150.1,40.8,18.1,2026-06-07,31,33,30,30,28,31.33,30.4,1.62,7,7,Light,0,0,0,8,10,6.9,5,2,High,12753,3,0,0,0.4,195,0,0,0,0,0,0,0,1,0,0,2026-07-08,31,31
U02309,6,36,149.1,50.0,22.5,2026-03-15,31,31,31,30,27,31.0,30.0,1.55,4,5,Light,0,0,0,9,6,8.8,1,4,Low,2261,4,0,0,1.1,0,0,1,0,0,0,0,0,0,0,0,2026-04-16,32,32
U02310,2,33,145.0,58.2,27.7,2026-07-22,27,26,24,27,25,25.67,25.8,1.17,3,3,Heavy,0,0,0,7,10,7.9,9,2,Moderate,7347,1,1,0,1.0,446,0,0,1,0,0,0,0,0,0,0,2026-08-20,29,29
U02311,9,34,166.8,69.0,24.8,2026-02-17,32,28,30,33,32,30.0,31.0,1.79,6,5,Medium,0,0,0,8,5,6.3,9,5,Moderate,5062,4,0,0,0.4,303,0,0,0,0,0,0,0,0,0,0,2026-03-23,34,34
U02312,3,19,160.7,54.7,21.2,2026-01-12,30,32,30,31,30,30.67,30.6,0.8,5,3,Medium,0,0,0,2,10,6.0,5,1,Low,4250,3,0,0,0.8,-305,1,1,0,0,0,0,0,0,0,0,2026-02-10,29,29
U02313,10,36,160.4,54.3,21.1,2026-03-19,24,25,20,22,23,23.0,22.8,1.72,7,7,Heavy,0,1,0,1,6,7.0,5,1,Moderate,10738,4,1,0,0.2,414,1,1,0,0,0,0,0,0,0,0,2026-04-09,21,21
U02314,12,23,145.0,52.4,24.9,2026-08-08,28,27,28,28,28,27.67,27.8,0.4,4,4,Medium,0,0,0,5,9,6.1,2,1,High,8172,5,0,1,0.7,-415,0,0,0,0,0,1,0,0,0,0,2026-09-04,27,27
U02315,5,35,161.3,71.0,27.3,2026-03-30,28,28,28,26,24,28.0,26.8,1.6,5,7,Medium,0,0,0,7,7,6.3,4,6,High,6484,8,1,0,-0.2,-310,0,0,1,0,0,0,0,0,0,0,2026-04-30,31,31
U02316,12,31,171.7,48.1,16.3,2026-03-05,27,28,25,26,25,26.67,26.2,1.17,5,7,Heavy,0,0,0,1,2,7.0,6,3,Moderate,3618,6,0,0,-0.2,-427,0,0,0,0,0,0,0,0,0,0,2026-03-31,26,26
U02317,5,40,167.4,68.1,24.3,2026-05-08,28,29,28,27,30,28.33,28.4,1.02,5,7,Light,0,0,0,2,6,7.5,6,1,Moderate,12246,7,0,0,0.0,89,0,0,0,0,0,0,0,0,0,0,2026-06-07,30,30
U02318,10,18,160.8,55.6,21.5,2026-05-13,25,26,25,23,26,25.33,25.0,1.1,5,3,Medium,0,1,0,6,10,6.0,10,6,Moderate,8304,9,0,0,-1.0,90,0,0,1,0,0,0,0,0,1,0,2026-06-08,26,26
U02319,5,33,157.5,39.7,16.0,2026-04-13,25,22,26,27,25,24.33,25.0,1.67,3,5,Medium,0,0,0,6,5,6.4,1,7,Moderate,10989,6,0,1,-0.9,271,0,1,0,0,0,0,0,0,0,0,2026-05-09,26,26
U02320,10,28,170.8,75.0,25.7,2026-02-07,25,27,25,22,26,25.67,25.0,1.67,4,7,Medium,0,0,0,1,6,6.7,1,7,High,6407,4,0,0,-0.8,-275,0,0,0,0,0,0,0,0,0,0,2026-03-03,24,24
U02321,9,30,157.7,64.9,26.1,2026-04-05,26,27,22,29,30,25.0,26.8,2.79,5,7,Heavy,0,0,0,2,9,8.9,4,5,Low,9500,1,0,0,-0.6,-267,0,0,0,0,0,0,0,0,0,0,2026-04-30,25,25
U02322,2,25,161.7,75.6,28.9,2026-04-18,31,31,30,33,32,30.67,31.4,1.02,4,4,Medium,0,0,0,10,4,7.0,3,7,High,2760,8,0,0,1.0,45,0,0,0,0,0,0,0,1,0,0,2026-05-21,33,33
U02323,6,33,161.8,60.5,23.1,2026-04-16,25,24,27,27,22,25.33,25.0,1.9,4,4,Medium,0,0,0,4,3,7.7,5,1,Low,2727,4,0,0,1.6,191,0,0,0,0,0,0,0,0,0,1,2026-05-10,24,24
U02324,9,22,166.2,53.9,19.5,2026-04-25,32,34,33,34,31,33.0,32.8,1.17,5,3,Medium,0,0,0,6,7,7.4,8,4,High,10681,8,0,0,-0.6,-10,0,1,0,0,0,0,1,0,0,0,2026-05-25,30,30
U02325,6,21,164.2,50.7,18.8,2026-06-17,28,30,26,28,24,28.0,27.2,2.04,4,3,Light,1,0,0,3,4,5.6,5,4,Moderate,5462,4,0,0,-0.2,12,0,0,0,0,0,0,0,1,0,1,2026-07-14,27,27
U02326,4,19,164.5,82.3,30.4,2026-06-02,30,31,28,31,32,29.67,30.4,1.36,4,7,Heavy,0,0,0,1,10,8.8,6,3,Moderate,3331,6,0,0,0.0,-465,0,0,1,0,0,0,0,0,0,0,2026-07-01,29,29
U02327,11,20,160.8,78.9,30.5,2026-04-13,29,29,30,29,34,29.33,30.2,1.94,5,3,Medium,0,0,0,7,9,7.4,3,5,High,4967,8,0,0,-1.8,-238,0,0,0,0,0,0,0,0,0,1,2026-05-13,30,30
U02328,5,18,162.7,79.9,30.2,2026-05-16,32,32,31,33,32,31.67,32.0,0.63,6,7,Medium,0,0,1,6,5,8.6,4,4,High,6014,5,0,0,0.0,-141,0,1,0,1,0,0,0,0,0,0,2026-06-17,32,32
U02329,3,25,158.6,45.5,18.1,2026-06-02,35,36,35,38,36,35.33,36.0,1.1,4,7,Medium,0,0,1,10,1,8.8,2,5,High,3152,1,0,0,-0.2,-289,0,1,1,1,0,0,0,0,0,0,2026-07-07,35,35
U02330,6,21,161.0,55.0,21.2,2026-06-02,31,29,33,30,31,31.0,30.8,1.33,5,7,Light,0,0,0,2,8,5.4,4,6,Low,6186,4,0,0,0.1,-445,1,0,0,0,0,0,0,0,0,0,2026-07-02,30,30
U02331,8,33,155.5,48.6,20.1,2026-04-29,27,31,25,28,25,27.67,27.2,2.23,3,5,Medium,0,0,0,2,8,7.3,1,6,Moderate,3321,7,0,1,-0.6,-4,0,0,1,0,0,0,0,1,0,0,2026-05-24,25,25
U02332,12,39,159.2,55.8,22.0,2026-05-26,30,32,30,28,30,30.67,30.0,1.26,4,3,Medium,0,0,0,5,7,5.2,8,2,Moderate,6101,9,0,0,-0.3,-653,0,1,0,0,0,0,0,0,0,1,2026-06-22,27,27
U02333,3,40,154.7,64.4,26.9,2026-04-23,28,27,28,29,26,27.67,27.6,1.02,7,7,Medium,0,1,0,4,5,8.2,10,0,Low,4621,4,0,0,-0.8,62,1,0,0,0,0,0,0,0,0,0,2026-05-19,26,26
U02334,3,25,149.9,37.5,16.7,2026-02-23,27,30,30,27,27,29.0,28.2,1.47,3,7,Medium,0,0,0,9,8,7.8,3,0,Moderate,6264,3,0,0,1.7,146,0,0,1,0,0,0,0,0,0,0,2026-03-20,25,25
U02335,4,38,165.3,56.0,20.5,2026-01-29,28,25,31,28,31,28.0,28.6,2.24,4,3,Medium,0,0,0,8,3,6.8,8,3,Low,11720,10,1,0,1.3,-41,0,0,0,0,0,0,0,0,0,1,2026-02-26,28,28
U02336,9,39,148.7,53.1,24.0,2026-05-12,28,29,30,25,31,29.0,28.6,2.06,5,7,Light,0,0,0,3,8,9.2,2,5,Low,3850,2,0,0,1.4,-692,0,0,1,0,0,0,0,0,0,0,2026-06-06,25,25
U02337,3,31,157.3,54.2,21.9,2026-04-09,31,30,32,31,27,31.0,30.2,1.72,6,5,Medium,0,0,0,10,3,8.7,3,7,Moderate,5173,4,0,0,-2.2,-192,0,1,0,0,0,1,0,0,0,0,2026-05-10,31,31
U02338,5,20,172.1,58.1,19.6,2026-05-04,28,24,28,29,28,26.67,27.4,1.74,7,6,Medium,0,0,0,10,1,6.1,2,3,High,4433,7,0,0,-0.6,295,0,1,0,0,0,0,0,0,0,0,2026-06-02,29,29
U02339,9,19,163.7,61.6,23.0,2026-04-11,36,36,38,35,38,36.67,36.6,1.2,3,4,Medium,0,0,0,10,4,6.8,5,0,Low,6354,8,0,0,1.0,69,0,0,1,0,1,0,0,0,0,0,2026-05-16,35,35
U02340,5,31,166.3,62.5,22.6,2026-06-16,27,27,28,28,28,27.33,27.6,0.49,7,6,Heavy,0,0,0,1,3,5.2,7,2,Moderate,7070,1,0,0,0.7,-56,0,0,0,0,0,0,0,0,0,0,2026-07-16,30,30
U02341,10,32,150.5,37.4,16.5,2026-07-18,33,34,34,33,31,33.67,33.0,1.1,6,4,Medium,0,1,1,3,2,7.1,2,6,Low,7219,2,0,0,-0.7,129,0,0,0,1,0,0,0,0,0,0,2026-08-20,33,33
U02342,6,30,157.8,63.7,25.6,2026-07-18,29,28,31,29,28,29.33,29.0,1.1,3,5,Medium,0,0,0,3,10,5.1,7,2,Moderate,5887,6,0,1,0.6,-699,0,0,0,0,0,0,0,0,0,0,2026-08-14,27,27
U02343,4,31,154.2,49.2,20.7,2026-07-06,35,36,37,36,36,36.0,36.0,0.63,6,4,Heavy,0,0,0,9,7,7.1,3,6,Low,3293,2,0,0,-1.4,441,0,0,0,0,0,1,0,0,0,0,2026-08-10,35,35
U02344,12,32,158.5,62.3,24.8,2026-04-24,30,30,29,29,29,29.67,29.4,0.49,3,6,Medium,1,0,0,3,2,8.4,3,2,Moderate,3887,6,0,0,-0.0,-117,0,0,0,0,0,0,0,0,0,0,2026-05-26,32,32
U02345,9,26,154.6,52.6,22.0,2026-03-04,28,32,33,29,29,31.0,30.2,1.94,4,7,Medium,0,1,0,2,4,10.0,10,0,Moderate,9729,10,0,0,0.7,65,0,1,0,0,0,0,0,0,0,0,2026-04-01,28,28
U02346,6,37,163.4,55.8,20.9,2026-05-22,33,34,34,31,34,33.67,33.2,1.17,3,4,Medium,0,0,0,7,1,6.8,9,2,Low,6681,3,0,1,0.3,-475,0,0,1,0,1,0,0,0,0,0,2026-06-24,33,33
U02347,4,34,159.7,54.1,21.2,2026-05-31,39,41,39,41,39,39.67,39.8,0.98,6,6,Light,0,0,1,2,3,7.0,3,0,Moderate,9150,3,0,0,1.3,-78,0,1,0,1,0,0,0,0,0,0,2026-07-11,41,41
U02348,3,26,154.2,51.6,21.7,2026-01-27,30,31,32,29,34,31.0,31.2,1.72,5,3,Light,0,0,1,8,4,6.5,10,2,Moderate,9249,6,0,0,1.6,488,0,0,0,1,0,0,0,0,0,0,2026-03-01,33,33
U02349,3,34,168.0,69.1,24.5,2026-08-28,36,40,39,37,36,38.33,37.6,1.62,7,3,Medium,0,0,0,10,10,7.7,2,3,High,4795,6,0,1,1.2,-524,1,0,0,0,1,0,1,0,0,0,2026-10-10,43,43
U02350,4,33,154.6,45.7,19.1,2026-04-04,28,26,25,28,29,26.33,27.2,1.47,3,4,Medium,0,0,0,5,5,9.6,7,4,Moderate,13795,4,0,0,-0.9,165,0,0,0,0,0,0,0,0,0,0,2026-05-03,29,29
U02351,2,24,173.8,69.8,23.1,2026-01-14,32,32,32,32,30,32.0,31.6,0.8,5,5,Heavy,0,0,1,5,6,6.2,10,6,Moderate,11840,10,0,0,1.2,-637,0,0,0,1,0,0,0,0,0,0,2026-02-14,31,31
U02352,5,22,158.8,56.0,22.2,2026-07-24,31,28,30,32,33,29.67,30.8,1.72,3,3,Heavy,0,0,0,6,10,5.9,4,5,Low,10592,4,0,1,-0.7,56,0,0,0,0,0,0,0,1,0,1,2026-08-26,33,33
U02353,5,24,157.5,45.6,18.4,2026-05-31,27,31,27,28,28,28.33,28.2,1.47,5,4,Medium,0,0,0,1,7,8.4,7,0,Moderate,5886,6,1,0,-0.7,418,0,0,0,0,0,0,0,0,0,0,2026-06-25,25,25
U02354,9,36,170.7,74.6,25.6,2026-04-14,29,27,28,28,29,28.0,28.2,0.75,6,3,Light,0,0,0,7,10,6.3,7,6,Moderate,4790,10,0,0,0.1,-584,0,0,0,0,0,0,0,0,0,0,2026-05-14,30,30
U02355,3,21,155.3,56.0,23.2,2026-03-31,27,29,25,25,27,27.0,26.6,1.5,4,4,Light,0,1,0,8,7,7.3,7,0,Low,5412,6,0,0,-1.2,-394,0,0,0,0,0,0,0,0,0,0,2026-04-27,27,27
U02356,12,30,167.3,55.7,19.9,2026-02-01,30,28,33,30,33,30.33,30.8,1.94,7,4,Medium,0,0,0,7,9,7.3,5,1,Moderate,4616,2,0,0,1.8,-490,0,0,1,0,0,0,0,1,0,1,2026-03-03,30,30
U02357,7,40,156.9,49.7,20.2,2026-07-10,27,26,25,28,27,26.0,26.6,1.02,6,7,Medium,0,0,0,8,2,4.7,6,2,Low,4544,2,0,0,0.0,-68,0,0,0,0,0,0,0,1,0,0,2026-08-08,29,29
U02358,4,19,159.5,62.8,24.7,2026-05-13,33,33,33,31,28,33.0,31.6,1.96,3,4,Medium,0,0,0,10,4,6.9,8,2,High,3169,4,0,0,0.0,3,0,1,0,0,0,0,0,0,0,0,2026-06-18,36,36
U02359,11,30,146.5,59.0,27.5,2026-08-13,30,29,29,32,29,29.33,29.8,1.17,3,4,Heavy,0,0,0,4,9,6.8,5,6,High,13959,4,0,0,0.0,280,0,1,0,0,0,0,0,0,0,0,2026-09-13,31,31
U02360,5,24,169.4,60.5,21.1,2026-08-07,30,34,28,28,30,30.67,30.0,2.19,7,7,Heavy,0,0,0,1,5,6.3,6,2,High,6810,7,0,0,-0.2,-680,0,0,0,0,0,0,0,0,0,0,2026-09-07,31,31
U02361,3,37,160.0,55.0,21.5,2026-06-22,34,34,33,35,33,33.67,33.8,0.75,6,6,Medium,0,0,1,9,9,7.1,8,5,Low,8236,6,0,0,0.3,-573,0,0,1,1,0,0,0,0,0,0,2026-07-27,35,35
U02362,3,21,175.5,83.5,27.1,2026-08-15,32,30,33,31,29,31.67,31.0,1.41,7,7,Medium,0,1,0,3,6,9.3,3,2,Moderate,2123,4,0,0,-0.1,-302,0,0,0,0,0,0,0,0,0,0,2026-09-15,31,31
U02363,4,31,150.4,46.1,20.4,2026-01-15,33,31,30,33,31,31.33,31.6,1.2,5,7,Heavy,0,0,0,7,7,6.5,7,4,High,10365,5,0,0,0.4,277,0,0,0,0,0,0,0,1,0,0,2026-02-16,32,32
U02364,8,35,157.0,51.3,20.8,2026-04-18,27,28,26,25,26,27.0,26.4,1.02,7,7,Light,0,0,0,8,6,5.8,10,5,Moderate,8552,4,0,0,1.3,-384,0,0,0,0,0,0,0,1,0,0,2026-05-18,30,30
U02365,2,20,149.3,39.9,17.9,2026-07-31,29,28,27,31,28,28.0,28.6,1.36,3,7,Light,0,0,0,10,2,4.2,9,0,Low,8274,8,0,0,1.1,-555,0,0,0,0,0,0,0,0,0,0,2026-09-02,33,33
U02366,2,27,151.6,49.6,21.6,2026-04-17,27,27,26,24,27,26.67,26.2,1.17,6,4,Heavy,0,0,0,9,1,6.9,4,3,Moderate,8005,5,0,0,1.8,-293,0,0,0,0,0,0,0,0,0,0,2026-05-15,28,28
U02367,3,21,167.5,82.2,29.3,2026-07-24,30,28,32,30,29,30.0,29.8,1.33,4,4,Medium,0,0,0,6,4,6.3,3,5,Moderate,4083,7,0,0,0.1,-154,1,1,0,0,0,0,0,0,0,1,2026-08-23,30,30
U02368,5,30,155.9,62.7,25.8,2026-05-27,31,30,30,27,33,30.33,30.2,1.94,6,4,Medium,0,0,0,3,4,6.2,1,0,Low,8286,3,0,0,0.1,-527,1,0,1,0,0,0,0,0,0,0,2026-06-27,31,31
U02369,10,18,158.8,54.2,21.5,2026-05-31,27,26,24,30,25,25.67,26.4,2.06,4,3,Medium,0,0,0,8,7,6.9,8,2,Low,8709,4,1,0,-0.6,449,0,0,0,0,0,0,0,0,0,0,2026-06-25,25,25
U02370,2,32,155.8,53.4,22.0,2026-06-15,26,26,26,27,25,26.0,26.0,0.63,4,3,Light,0,0,0,8,8,7.5,3,1,Moderate,12918,4,0,0,0.6,-365,0,0,0,0,0,0,0,0,0,0,2026-07-10,25,25
U02371,4,24,162.0,76.4,29.1,2026-08-13,29,29,29,29,29,29.0,29.0,0.0,4,5,Heavy,0,0,0,1,7,5.6,6,1,Low,10986,3,0,0,-0.4,-601,0,0,0,0,1,0,0,1,0,0,2026-09-12,30,30
U02372,5,26,154.4,54.1,22.7,2026-01-19,31,29,32,34,26,30.67,30.4,2.73,3,3,Medium,0,0,0,7,6,6.9,8,3,Low,3673,7,0,0,0.3,-205,0,0,0,0,0,0,0,0,0,0,2026-02-16,28,28
U02373,3,36,145.0,47.7,22.7,2026-02-28,31,32,29,35,31,30.67,31.6,1.96,5,4,Heavy,0,0,0,6,9,7.0,2,4,Moderate,7630,1,0,0,2.2,115,0,0,0,0,0,0,0,1,0,0,2026-03-29,29,29
U02374,9,40,161.6,53.3,20.4,2026-01-14,31,33,33,31,32,32.33,32.0,0.89,5,6,Medium,0,0,0,1,1,8.2,10,6,High,10683,2,0,1,-0.1,-127,0,1,0,0,0,0,0,0,0,0,2026-02-11,28,28
U02375,5,29,160.4,51.5,20.0,2026-07-01,21,21,20,20,22,20.67,20.8,0.75,5,4,Medium,0,0,0,6,4,8.2,10,3,Moderate,5769,2,0,0,1.2,-276,0,1,0,0,0,0,0,0,0,0,2026-07-24,23,23
U02376,12,35,165.3,60.9,22.3,2026-02-08,28,27,24,28,29,26.33,27.2,1.72,7,6,Light,0,0,0,7,10,7.2,2,2,Moderate,4922,8,0,1,-0.0,-662,0,0,1,0,0,0,0,0,0,0,2026-03-07,27,27
U02377,12,26,170.0,46.2,16.0,2026-01-14,30,29,26,29,29,28.33,28.6,1.36,6,3,Heavy,1,0,0,6,9,6.7,9,4,Moderate,7968,5,0,0,2.2,-278,0,0,0,0,1,0,0,0,0,0,2026-02-15,32,32
U02378,2,32,152.1,63.2,27.3,2026-04-29,28,25,27,31,28,26.67,27.8,1.94,7,3,Medium,0,0,0,8,10,8.0,1,0,Low,9364,2,0,0,-0.4,-299,0,0,1,0,0,0,0,0,0,0,2026-05-28,29,29
U02379,8,26,155.2,60.7,25.2,2026-08-27,28,28,27,29,29,27.67,28.2,0.75,4,5,Medium,0,0,0,4,10,6.2,5,1,Moderate,13158,9,0,0,-0.2,-335,0,0,0,0,0,0,0,0,0,0,2026-09-24,28,28
U02380,8,21,160.1,57.9,22.6,2026-06-13,32,34,32,31,31,32.67,32.0,1.1,6,7,Medium,0,0,0,8,2,5.7,5,7,Moderate,13902,4,0,1,0.2,112,0,1,0,0,1,0,0,1,0,0,2026-07-13,30,30
U02381,12,37,168.9,57.9,20.3,2026-02-07,32,33,30,33,30,31.67,31.6,1.36,4,5,Medium,0,0,0,6,9,5.9,6,5,Moderate,8653,6,0,0,1.3,-294,1,0,1,0,0,0,0,0,0,0,2026-03-09,30,30
U02382,4,26,157.4,56.5,22.8,2026-01-27,23,24,26,22,20,24.33,23.0,2.0,5,6,Light,0,0,0,3,8,8.9,7,7,Moderate,13988,10,0,0,0.5,-557,0,0,0,0,0,0,0,0,0,1,2026-02-18,22,22
U02383,12,26,158.7,59.2,23.5,2026-04-12,23,22,25,21,24,23.33,23.0,1.41,7,6,Medium,1,0,0,8,2,8.5,3,7,Moderate,4072,10,0,0,0.5,-81,0,0,0,0,0,0,1,0,0,0,2026-05-06,24,24
U02384,11,26,160.7,65.3,25.3,2026-06-10,33,34,31,33,29,32.67,32.0,1.79,6,6,Heavy,0,0,0,9,2,5.4,1,0,Moderate,9390,3,0,0,0.4,-591,0,0,1,0,0,0,0,0,0,0,2026-07-14,34,34
U02385,8,36,166.2,44.2,16.0,2026-02-17,26,24,24,24,24,24.67,24.4,0.8,6,3,Medium,0,0,0,7,10,8.9,7,1,Low,10966,5,0,1,0.8,-357,0,0,0,0,0,0,0,0,0,0,2026-03-16,27,27
U02386,8,34,149.8,43.5,19.4,2026-07-09,29,28,30,32,28,29.0,29.4,1.5,7,3,Medium,1,0,1,4,1,7.1,8,0,Moderate,2062,9,0,0,0.7,-673,0,0,0,1,0,0,0,0,0,0,2026-08-08,30,30
U02387,3,22,165.8,60.2,21.9,2026-05-05,32,31,37,33,35,33.33,33.6,2.15,6,4,Light,0,0,0,3,4,6.9,3,6,High,5566,1,0,0,-0.5,-326,0,0,0,0,0,0,0,0,0,0,2026-06-05,31,31
U02388,5,19,160.9,47.1,18.2,2026-02-24,29,30,29,26,29,29.33,28.6,1.36,5,5,Medium,0,0,0,4,3,7.5,6,4,High,5875,2,0,0,0.5,-230,0,1,0,0,0,0,0,0,0,0,2026-03-26,30,30
U02389,12,32,165.5,48.8,17.8,2026-05-07,35,32,33,36,34,33.33,34.0,1.41,7,6,Medium,0,0,1,10,9,7.0,3,3,Low,10107,5,0,0,0.0,92,0,0,1,1,0,0,0,0,0,0,2026-06-12,36,36
U02390,6,21,163.7,54.7,20.4,2026-03-15,31,31,31,29,29,31.0,30.2,0.98,4,5,Medium,0,0,0,8,8,8.3,1,6,High,2221,8,0,0,-1.1,-458,0,0,1,0,0,0,0,0,0,0,2026-04-17,33,33
U02391,8,21,145.0,44.4,21.1,2026-08-05,33,34,34,34,33,33.67,33.6,0.49,3,7,Medium,0,1,1,10,7,7.2,3,7,Moderate,13546,1,0,0,-0.2,491,0,0,0,1,0,0,1,0,0,0,2026-09-08,34,34
U02392,3,36,167.6,56.7,20.2,2026-08-16,28,30,27,27,28,28.33,28.0,1.1,3,6,Heavy,0,0,0,1,9,5.3,6,6,Moderate,11751,1,0,0,-0.6,343,0,0,1,0,0,0,0,0,0,0,2026-09-09,24,24
U02393,11,34,167.0,51.9,18.6,2026-03-18,23,23,26,25,26,24.0,24.6,1.36,5,3,Medium,0,0,0,10,8,7.5,10,3,High,10792,10,1,0,1.5,217,0,0,0,0,0,0,0,0,0,1,2026-04-10,23,23
U02394,2,26,166.8,58.1,20.9,2026-07-31,32,31,30,31,30,31.0,30.8,0.75,3,5,Heavy,0,0,0,5,3,6.2,3,6,Low,8965,4,0,0,2.0,479,1,0,0,0,0,0,1,0,0,0,2026-09-01,32,32
U02395,10,34,147.5,35.5,16.3,2026-06-07,25,23,24,24,25,24.0,24.2,0.75,7,5,Heavy,0,1,0,8,7,6.8,7,5,Moderate,8695,10,0,0,-1.5,1,1,0,1,0,0,1,0,0,0,0,2026-07-03,26,26
U02396,11,24,154.2,45.9,19.3,2026-07-20,33,32,34,30,33,33.0,32.4,1.36,5,5,Medium,0,0,0,1,4,5.2,9,0,Moderate,2892,6,1,1,0.2,121,0,0,1,0,0,0,0,0,0,0,2026-08-24,35,35
U02397,3,28,165.9,53.9,19.6,2026-08-17,28,28,31,30,26,29.0,28.6,1.74,7,4,Heavy,0,1,0,2,2,7.6,5,3,Low,13446,6,1,0,0.2,-36,0,0,0,0,0,0,0,0,0,0,2026-09-13,27,27
U02398,7,20,154.4,59.8,25.1,2026-08-23,31,30,28,29,31,29.67,29.8,1.17,7,5,Light,0,0,1,7,5,7.2,10,4,Low,10179,8,0,0,0.1,-33,0,1,0,1,0,0,0,0,0,0,2026-09-25,33,33
U02399,5,36,145.0,53.4,25.4,2026-05-24,28,27,26,26,26,27.0,26.6,0.8,5,7,Heavy,0,0,0,9,8,7.3,6,0,Low,10185,6,0,0,0.1,191,0,0,0,0,0,0,0,0,0,0,2026-06-24,31,31
U02400,11,19,158.7,71.5,28.4,2026-08-02,25,25,25,24,25,25.0,24.8,0.4,6,4,Medium,0,0,0,2,6,9.8,10,5,Moderate,4637,5,1,1,0.0,-232,0,0,0,0,0,0,0,0,0,0,2026-08-24,22,22
U02401,3,39,154.4,57.0,23.9,2026-08-19,31,33,31,30,30,31.67,31.0,1.1,6,3,Medium,0,0,0,5,9,5.2,2,0,Moderate,8876,9,0,0,0.8,-668,1,0,0,0,0,0,0,0,0,0,2026-09-17,29,29
U02402,10,27,152.1,50.7,21.9,2026-07-22,31,32,31,32,31,31.33,31.4,0.49,3,7,Light,0,0,0,9,1,7.0,5,3,Moderate,8995,8,0,0,-0.8,-499,0,0,1,0,0,0,0,0,0,1,2026-08-26,35,35
U02403,3,24,156.1,47.5,19.5,2026-01-21,29,28,33,24,26,30.0,28.0,3.03,6,3,Medium,0,0,1,1,7,7.9,7,1,Moderate,11886,5,0,0,-0.5,-329,1,0,0,0,0,0,0,0,0,0,2026-02-19,29,29
U02404,8,28,148.3,53.7,24.4,2026-04-04,30,30,30,27,31,30.0,29.6,1.36,4,7,Medium,1,0,0,9,10,6.4,5,4,High,4954,8,0,0,-0.6,-405,0,0,0,0,0,0,0,0,0,0,2026-05-04,30,30
U02405,8,32,164.1,52.8,19.6,2026-06-21,32,32,36,35,34,33.33,33.8,1.6,4,5,Heavy,0,0,0,9,3,4.6,6,3,High,3915,9,0,0,-0.4,379,0,1,0,0,0,0,0,0,0,0,2026-07-21,30,30
U02406,7,40,152.4,53.2,22.9,2026-07-27,27,28,27,25,25,27.33,26.4,1.2,3,5,Medium,0,0,0,2,10,7.3,9,4,Moderate,4017,10,0,0,-0.9,-365,0,1,0,0,0,0,0,0,0,0,2026-08-22,26,26
U02407,2,39,168.2,71.6,25.3,2026-01-08,30,31,33,31,28,31.33,30.6,1.62,5,7,Light,0,0,0,7,3,4.0,10,5,Moderate,6156,8,0,0,-1.1,213,0,0,0,0,0,0,0,0,0,1,2026-02-08,31,31
U02408,10,33,161.8,47.4,18.1,2026-07-13,27,29,32,29,31,29.33,29.6,1.74,3,6,Medium,0,0,0,1,8,7.3,8,5,Moderate,5747,1,0,0,-0.1,-613,0,0,1,0,0,0,0,1,0,0,2026-08-07,25,25
U02409,4,40,158.0,40.4,16.2,2026-07-11,31,33,33,32,32,32.33,32.2,0.75,6,4,Heavy,0,0,0,8,2,7.1,1,0,Moderate,4224,6,0,0,-0.2,-572,0,1,0,0,0,0,1,0,0,0,2026-08-10,30,30
U02410,6,23,177.2,60.3,19.2,2026-08-17,31,28,33,30,31,30.67,30.6,1.62,6,5,Light,0,0,0,4,9,5.9,1,1,Moderate,11321,6,1,0,-0.4,-90,0,0,0,0,0,0,0,0,0,0,2026-09-19,33,33
U02411,9,18,168.2,62.2,22.0,2026-07-26,30,31,31,30,33,30.67,31.0,1.1,6,7,Medium,0,0,0,2,2,5.9,9,4,High,9930,3,0,0,0.3,395,0,0,0,0,0,0,0,0,0,0,2026-08-26,31,31
U02412,7,33,171.2,54.5,18.6,2026-02-03,32,30,32,34,32,31.33,32.0,1.26,5,6,Medium,0,0,1,1,8,8.5,9,1,High,3616,7,0,1,-0.2,236,1,1,1,1,0,0,0,0,0,0,2026-03-03,28,28
U02413,11,39,165.9,58.9,21.4,2026-05-19,26,25,28,26,24,26.33,25.8,1.33,6,5,Medium,0,0,0,3,3,7.5,2,6,High,5088,10,0,1,0.3,-504,0,0,0,0,0,0,0,0,0,0,2026-06-17,29,29
U02414,9,18,160.0,61.7,24.1,2026-04-18,30,30,29,30,26,29.67,29.0,1.55,6,5,Medium,0,0,0,1,9,7.9,8,4,Moderate,5204,7,0,0,0.7,-362,0,0,0,0,0,1,1,0,0,0,2026-05-18,30,30
U02415,4,38,166.0,44.1,16.0,2026-05-28,25,25,23,21,25,24.33,23.8,1.6,3,7,Medium,0,0,0,7,9,8.7,4,1,Moderate,11147,8,0,0,-1.3,-182,1,0,0,0,0,0,0,0,0,0,2026-06-22,25,25
U02416,3,35,166.8,62.6,22.5,2026-06-04,26,26,25,26,26,25.67,25.8,0.4,6,3,Medium,0,0,0,4,1,7.3,8,6,Low,7286,2,0,0,-0.3,-144,0,0,0,0,0,0,0,0,0,0,2026-06-28,24,24
U02417,6,35,157.1,49.9,20.2,2026-05-08,29,32,25,29,28,28.67,28.6,2.24,5,3,Medium,0,0,0,8,3,7.1,3,0,Moderate,13516,7,0,0,-1.3,458,0,0,0,0,0,0,0,0,0,0,2026-06-06,29,29
U02418,8,25,156.4,67.0,27.4,2026-01-25,30,32,33,34,32,31.67,32.2,1.33,6,7,Medium,0,0,0,1,6,7.5,7,4,Low,8890,10,0,0,-0.0,255,0,0,0,0,0,0,0,0,0,0,2026-02-22,28,28
U02419,4,36,152.4,43.9,18.9,2026-02-08,28,27,28,30,26,27.67,27.8,1.33,4,7,Light,1,0,0,10,9,7.4,3,6,Moderate,8192,8,0,0,0.7,-565,0,0,0,0,0,0,0,0,0,0,2026-03-11,31,31
U02420,10,33,145.5,56.1,26.5,2026-01-14,30,27,32,31,31,29.67,30.2,1.72,5,7,Medium,1,0,0,9,8,6.7,9,2,Moderate,5082,10,0,1,1.9,-472,0,0,0,0,0,0,0,0,0,1,2026-02-15,32,32
U02421,5,36,165.5,61.9,22.6,2026-08-14,31,33,29,33,29,31.0,31.0,1.79,6,5,Light,0,0,0,8,8,7.8,6,4,Moderate,10450,5,1,0,0.4,-642,0,0,0,0,0,0,0,0,0,0,2026-09-15,32,32
U02422,11,39,163.1,53.5,20.1,2026-08-24,27,25,26,24,28,26.0,26.0,1.41,3,4,Light,0,0,0,1,1,6.7,1,5,Low,8412,1,0,0,-1.9,-665,0,0,1,0,0,0,0,1,0,1,2026-09-20,27,27
U02423,11,29,157.4,50.3,20.3,2026-03-19,30,29,28,29,28,29.0,28.8,0.75,5,6,Medium,0,1,0,2,6,5.2,5,4,Low,4477,6,0,0,2.8,433,1,0,0,0,0,0,0,1,0,0,2026-04-18,30,30
U02424,5,40,157.6,46.9,18.9,2026-05-13,28,30,25,26,28,27.67,27.4,1.74,3,6,Heavy,0,0,0,1,8,7.4,6,2,Low,3938,9,0,0,1.1,87,0,1,0,0,0,0,0,1,0,1,2026-06-12,30,30
U02425,5,25,152.4,44.8,19.3,2026-04-03,26,25,21,26,24,24.0,24.4,1.85,6,7,Light,0,0,0,2,7,8.2,3,2,High,10555,6,0,0,1.9,-92,0,0,0,0,0,0,0,0,0,0,2026-04-28,25,25
U02426,3,30,162.5,51.0,19.3,2026-03-31,33,31,31,34,31,31.67,32.0,1.26,5,4,Medium,0,0,0,7,3,7.7,6,0,Moderate,6372,7,0,0,-0.9,138,0,0,0,0,0,0,0,0,0,0,2026-05-02,32,32
U02427,7,39,180.0,60.6,18.7,2026-02-17,32,32,33,31,33,32.33,32.2,0.75,5,7,Light,0,0,0,7,9,5.5,9,0,High,8462,7,0,0,3.0,-482,1,0,0,0,0,0,0,0,0,0,2026-03-23,34,34
U02428,4,19,155.4,55.3,22.9,2026-08-21,35,36,36,34,31,35.67,34.4,1.85,7,5,Heavy,1,0,1,9,7,8.1,3,6,Moderate,8054,2,0,0,-1.5,155,0,0,0,1,0,0,0,0,0,0,2026-09-28,38,38
U02429,9,23,161.8,48.7,18.6,2026-04-22,32,33,31,32,35,32.0,32.6,1.36,5,5,Heavy,0,0,0,7,6,8.1,10,1,Moderate,10276,6,0,0,-1.0,246,0,0,0,0,0,0,0,0,0,0,2026-05-25,33,33
U02430,11,19,157.6,50.2,20.2,2026-06-07,30,33,31,30,30,31.33,30.8,1.17,3,7,Medium,0,0,0,10,4,7.7,10,1,Moderate,13976,2,0,0,-0.5,-424,0,0,1,0,0,1,0,0,0,0,2026-07-05,28,28
U02431,3,34,167.9,60.3,21.4,2026-02-12,32,35,26,29,33,31.0,31.0,3.16,6,6,Light,0,0,1,7,6,5.7,5,6,Moderate,6041,8,0,0,0.4,-78,0,1,0,0,1,0,0,1,0,0,2026-03-18,34,34
U02432,4,24,167.1,57.5,20.6,2026-07-09,30,31,28,30,29,29.67,29.6,1.02,3,4,Medium,0,0,0,10,5,8.4,7,0,Low,10457,2,1,0,-2.5,466,0,0,1,0,0,0,0,0,0,0,2026-08-09,31,31
U02433,11,21,167.8,70.7,25.1,2026-01-20,26,25,28,28,27,26.33,26.8,1.17,5,7,Medium,0,0,1,2,1,7.1,6,0,Moderate,5554,7,0,0,0.8,-173,0,0,0,1,0,0,0,0,0,1,2026-02-17,28,28
U02434,9,20,153.1,58.4,24.9,2026-06-19,31,25,28,31,32,28.0,29.4,2.58,5,6,Medium,0,0,1,3,9,6.3,5,3,Moderate,10581,6,0,0,1.4,233,0,1,0,1,0,0,0,0,0,0,2026-07-19,30,30
U02435,8,34,164.8,68.7,25.3,2026-03-15,25,25,26,29,25,25.33,26.0,1.55,5,3,Light,0,0,0,9,6,6.1,4,5,High,9833,1,0,0,1.4,-589,0,0,1,0,0,0,0,0,0,1,2026-04-09,25,25
U02436,10,24,167.1,79.9,28.6,2026-03-04,30,32,28,32,36,30.0,31.6,2.65,6,5,Medium,0,1,0,1,4,6.4,3,5,Low,12524,3,0,0,-2.4,418,0,0,0,0,0,0,0,0,0,0,2026-04-01,28,28
U02437,2,39,149.4,44.0,19.7,2026-05-01,28,30,26,26,30,28.0,28.0,1.79,5,6,Medium,0,0,0,4,1,7.4,8,4,Moderate,6953,9,0,0,0.3,-526,0,0,0,0,0,0,0,0,0,0,2026-05-28,27,27
U02438,9,38,172.4,75.2,25.3,2026-01-22,25,26,23,25,26,24.67,25.0,1.1,6,4,Heavy,0,0,0,2,2,5.9,1,1,High,11225,10,0,0,-1.8,251,0,0,0,0,0,0,0,0,0,0,2026-02-19,28,28
U02439,9,25,158.9,70.7,28.0,2026-07-19,28,26,30,29,29,28.0,28.4,1.36,5,5,Medium,0,0,0,7,7,6.7,3,3,High,5522,8,0,0,0.3,291,0,0,0,0,0,0,0,0,0,0,2026-08-14,26,26
U02440,6,25,157.8,58.5,23.5,2026-08-19,30,31,30,30,30,30.33,30.2,0.4,5,6,Light,0,0,1,6,8,7.7,3,0,Moderate,12149,1,0,0,0.0,487,0,0,0,1,0,0,0,0,0,0,2026-09-17,29,29
U02441,3,38,171.4,54.6,18.6,2026-04-20,25,24,25,22,26,24.67,24.4,1.36,5,4,Medium,0,1,0,6,2,5.6,5,3,Moderate,13452,4,0,0,-0.1,-72,0,0,0,0,0,0,1,1,0,0,2026-05-18,28,28
U02442,10,25,152.8,59.1,25.3,2026-03-22,31,30,30,26,29,30.33,29.2,1.72,3,7,Medium,0,0,0,1,7,8.4,2,4,Moderate,10053,3,0,0,0.1,155,0,1,0,0,0,0,0,1,0,0,2026-04-26,35,35
U02443,12,31,162.6,47.6,18.0,2026-04-22,26,21,23,21,27,23.33,23.6,2.5,5,6,Medium,0,0,0,5,3,6.1,2,0,Low,2901,1,0,0,-0.0,313,0,0,0,0,0,0,1,0,0,0,2026-05-21,29,29
U02444,5,37,161.5,59.2,22.7,2026-08-20,26,25,26,27,25,25.67,25.8,0.75,7,3,Medium,0,0,0,6,5,6.1,5,5,Low,13434,9,0,0,-0.8,-489,0,0,0,0,0,0,0,0,0,0,2026-09-16,27,27
U02445,6,37,151.9,46.4,20.1,2026-05-24,29,28,29,31,30,28.67,29.4,1.02,4,4,Medium,0,0,0,6,8,6.2,4,6,Low,5399,5,0,0,-0.3,489,0,0,0,0,0,0,0,0,0,0,2026-06-24,31,31
U02446,8,35,160.1,55.4,21.6,2026-08-21,41,39,40,43,43,40.0,41.2,1.6,6,4,Medium,0,0,1,1,8,6.0,4,1,Moderate,7376,10,0,0,-0.6,-461,0,0,1,1,0,0,0,0,1,0,2026-09-30,40,40
U02447,12,32,146.1,42.5,19.9,2026-04-25,31,31,28,30,30,30.0,30.0,1.1,4,6,Medium,1,0,0,6,6,7.6,3,4,High,5414,4,1,0,-0.5,446,0,1,0,0,0,0,0,0,0,0,2026-05-26,31,31
U02448,9,25,162.8,48.0,18.1,2026-03-10,29,28,28,26,31,28.33,28.4,1.62,3,7,Light,0,0,0,1,7,7.5,4,7,Moderate,6785,1,0,0,1.4,-239,1,0,0,0,0,0,0,0,0,0,2026-04-08,29,29
U02449,8,23,171.6,58.9,20.0,2026-03-16,31,32,31,32,31,31.33,31.4,0.49,6,5,Medium,0,0,0,2,9,7.7,1,3,High,13506,6,1,0,0.8,-221,0,0,1,0,0,0,0,0,0,0,2026-04-15,30,30
U02450,7,29,163.2,57.0,21.4,2026-05-14,28,28,30,27,28,28.67,28.2,0.98,3,3,Heavy,0,0,1,9,3,7.3,8,2,Low,8275,4,0,0,0.1,-584,0,0,0,1,0,0,0,0,0,0,2026-06-12,29,29
U02451,7,40,163.1,76.1,28.6,2026-05-02,31,32,33,32,29,32.0,31.4,1.36,4,3,Light,0,0,0,8,9,7.9,5,5,High,9017,2,0,0,0.4,-39,1,0,0,0,1,0,0,1,0,0,2026-06-04,33,33
U02452,10,30,160.0,63.5,24.8,2026-05-26,23,23,23,24,26,23.0,23.8,1.17,6,3,Medium,0,0,1,7,1,5.9,7,1,Moderate,3652,3,0,0,0.7,64,0,0,0,1,0,0,0,0,0,1,2026-06-15,20,20
U02453,7,27,150.0,51.8,23.0,2026-04-09,33,34,36,33,32,34.33,33.6,1.36,5,7,Medium,0,0,0,10,1,8.5,5,2,High,10261,6,0,0,0.6,-625,0,0,0,0,0,0,0,1,0,0,2026-05-13,34,34
U02454,2,34,158.4,44.2,17.6,2026-07-02,33,31,34,31,35,32.67,32.8,1.6,4,4,Heavy,0,0,0,2,3,7.1,1,1,Low,5274,4,0,0,2.5,329,0,0,1,0,0,0,1,0,0,1,2026-08-04,33,33
U02455,6,21,169.8,55.4,19.2,2026-05-16,26,30,25,26,27,27.0,26.8,1.72,4,4,Medium,0,0,1,6,8,7.4,5,1,Low,13462,9,1,0,0.9,-231,0,0,0,1,0,0,0,0,0,0,2026-06-12,27,27
U02456,12,21,158.9,60.9,24.1,2026-02-24,31,32,32,31,32,31.67,31.6,0.49,6,3,Light,0,0,0,2,4,7.5,3,2,Moderate,2041,9,0,0,-0.4,386,0,1,0,0,0,0,0,0,0,0,2026-03-24,28,28
U02457,3,26,153.8,57.5,24.3,2026-05-06,30,32,27,31,30,29.67,30.0,1.67,5,7,Medium,0,0,0,1,7,7.1,2,7,Moderate,6457,3,0,0,0.1,398,0,0,0,0,1,0,0,1,0,0,2026-05-30,24,24
U02458,12,35,145.0,47.9,22.8,2026-08-11,37,38,37,35,36,37.33,36.6,1.02,3,7,Heavy,0,0,1,9,9,8.0,1,5,Moderate,7236,6,1,0,-0.7,-379,0,0,0,1,0,0,0,0,0,0,2026-09-18,38,38
U02459,6,37,153.6,46.2,19.6,2026-04-25,27,26,27,24,25,26.67,25.8,1.17,5,5,Medium,0,0,0,1,8,7.7,10,5,High,10133,8,0,0,-0.2,347,0,0,1,0,0,0,1,0,0,0,2026-05-24,29,29
U02460,3,20,174.4,72.7,23.9,2026-03-12,28,28,29,28,28,28.33,28.2,0.4,7,7,Medium,0,0,1,3,6,7.6,6,4,Moderate,7371,1,0,0,-1.0,435,0,1,1,1,0,0,0,0,0,0,2026-04-05,24,24
U02461,2,21,161.1,51.9,20.0,2026-03-19,33,33,31,31,33,32.33,32.2,0.98,6,7,Medium,0,0,0,1,8,6.2,5,0,Moderate,5218,6,0,0,0.7,-14,1,0,1,0,0,0,0,0,0,0,2026-04-19,31,31
U02462,7,31,157.1,72.8,29.5,2026-06-19,30,30,29,33,31,29.67,30.6,1.36,4,5,Medium,0,0,0,2,7,8.4,5,2,Low,13526,5,1,0,-0.1,-453,0,0,0,0,0,0,0,0,0,0,2026-07-18,29,29
U02463,6,35,162.3,67.2,25.5,2026-01-23,35,34,37,35,33,35.33,34.8,1.33,4,6,Medium,0,0,0,5,9,6.5,6,4,Low,5924,1,0,0,0.7,-596,0,1,1,0,1,0,0,0,0,0,2026-02-22,30,30
U02464,6,39,164.7,52.4,19.3,2026-03-26,27,28,28,29,27,27.67,27.8,0.75,4,3,Light,0,0,0,3,5,6.7,2,2,Moderate,7189,9,0,1,0.7,266,0,0,0,0,0,0,0,0,0,0,2026-04-17,22,22
U02465,6,27,173.8,69.5,23.0,2026-04-21,29,29,26,28,29,28.0,28.2,1.17,5,5,Light,0,0,0,2,5,8.0,3,1,Low,4381,10,1,0,1.0,460,0,0,1,0,0,0,0,1,0,0,2026-05-20,29,29
U02466,3,21,160.4,55.8,21.7,2026-07-19,29,28,29,26,28,28.67,28.0,1.1,3,3,Heavy,0,0,0,5,2,7.7,2,3,Moderate,2109,5,0,0,1.0,-389,0,0,0,0,0,0,0,0,0,1,2026-08-21,33,33
U02467,6,23,168.5,45.4,16.0,2026-02-05,32,30,32,32,30,31.33,31.2,0.98,6,4,Medium,0,0,0,9,6,5.2,1,0,Low,12412,4,0,0,0.4,-238,0,0,1,0,0,0,0,0,0,0,2026-03-11,34,34
U02468,8,35,162.3,59.5,22.6,2026-03-08,25,25,31,26,23,27.0,26.0,2.68,3,7,Medium,0,0,0,6,1,8.5,6,6,High,9804,10,0,0,-1.2,58,0,0,0,0,0,0,0,1,0,0,2026-04-01,24,24
U02469,8,33,154.2,47.6,20.0,2026-02-02,30,30,27,30,30,29.0,29.4,1.2,6,6,Medium,0,0,0,4,9,7.6,4,7,High,6371,9,1,0,-1.8,-381,0,1,0,0,0,0,1,0,0,0,2026-03-03,29,29
U02470,4,27,166.7,48.4,17.4,2026-02-19,33,36,34,33,37,34.33,34.6,1.62,3,6,Light,0,0,0,6,3,5.9,10,5,Moderate,5805,6,0,0,-0.4,271,0,0,0,0,0,1,0,0,0,0,2026-03-25,34,34
U02471,2,30,162.3,70.1,26.6,2026-03-20,28,29,29,26,29,28.67,28.2,1.17,6,6,Light,0,0,0,10,9,7.5,10,3,Low,6259,1,1,0,-0.0,-257,0,0,0,0,0,0,0,0,0,0,2026-04-20,31,31
U02472,7,23,151.1,56.6,24.8,2026-08-27,29,28,31,26,31,29.33,29.0,1.9,7,5,Heavy,0,0,0,10,1,8.2,10,5,High,9531,2,0,0,-1.3,-293,1,0,0,0,1,0,0,1,0,0,2026-09-28,32,32
U02473,5,30,171.0,75.1,25.7,2026-04-24,32,33,33,31,31,32.67,32.0,0.89,6,4,Medium,0,0,0,10,1,6.6,1,2,Moderate,8134,5,0,0,0.3,-515,0,1,0,0,0,0,1,0,0,0,2026-05-27,33,33
U02474,4,29,163.0,47.6,17.9,2026-07-16,37,37,37,37,39,37.0,37.4,0.8,5,3,Heavy,0,1,1,1,7,6.0,4,7,Low,3129,3,1,0,-0.2,-483,1,0,0,1,0,0,0,0,0,0,2026-08-19,34,34
U02475,4,21,151.8,50.9,22.1,2026-06-12,29,29,28,30,31,28.67,29.4,1.02,6,7,Heavy,0,0,0,9,9,7.5,8,1,Moderate,2231,1,0,0,0.1,369,0,0,0,0,0,0,0,0,0,0,2026-07-13,31,31
U02476,11,22,161.5,57.1,21.9,2026-06-10,29,27,29,29,29,28.33,28.6,0.8,3,3,Medium,0,0,0,3,5,7.1,5,5,High,13879,6,0,0,-0.3,-542,0,0,1,0,0,0,0,0,0,0,2026-07-09,29,29
U02477,2,36,155.9,50.6,20.8,2026-03-21,28,28,27,28,26,27.67,27.4,0.8,6,3,Heavy,0,0,0,2,7,6.1,3,7,High,12457,8,0,1,-0.0,-695,1,0,0,0,0,0,0,1,0,0,2026-04-16,26,26
U02478,7,28,150.2,38.4,17.0,2026-01-22,31,31,33,29,32,31.67,31.2,1.33,6,3,Medium,0,0,0,3,3,7.6,5,7,Moderate,12719,4,0,0,1.8,-37,0,0,1,0,0,0,0,0,0,0,2026-02-22,31,31
U02479,6,21,154.6,48.5,20.3,2026-02-22,34,36,34,31,34,34.67,33.8,1.6,5,4,Medium,0,0,0,10,9,6.0,4,0,High,5908,8,0,0,-1.3,20,0,1,0,0,1,0,0,0,0,0,2026-04-02,39,39
U02480,10,31,145.0,49.6,23.6,2026-07-07,29,27,28,28,28,28.0,28.0,0.63,3,7,Medium,0,0,0,7,4,7.1,9,0,Moderate,10271,10,1,0,-0.4,-657,0,1,0,0,0,1,0,0,0,1,2026-08-05,29,29
U02481,11,29,163.3,63.7,23.9,2026-06-10,27,25,29,30,25,27.0,27.2,2.04,6,4,Light,0,0,0,7,2,7.1,6,2,Moderate,10671,3,0,0,-1.3,-564,0,0,0,0,0,0,0,0,0,0,2026-07-07,27,27
U02482,4,35,164.2,66.1,24.5,2026-02-28,30,32,30,28,30,30.67,30.0,1.26,7,6,Light,1,0,0,1,10,7.1,9,5,Moderate,10311,2,0,0,-0.1,-388,0,0,0,0,0,0,0,0,0,0,2026-03-28,28,28
U02483,7,21,167.4,73.1,26.1,2026-08-06,33,31,34,37,32,32.67,33.4,2.06,4,7,Medium,0,0,0,5,4,8.1,5,1,Moderate,6377,5,0,0,1.1,-377,0,0,0,0,1,0,0,0,0,1,2026-09-05,30,30
U02484,3,36,165.4,64.6,23.6,2026-03-16,30,31,31,31,31,30.67,30.8,0.4,7,4,Medium,1,0,0,5,8,6.7,6,0,High,12620,2,0,0,-1.2,-126,0,0,0,0,0,0,0,0,0,0,2026-04-19,34,34
U02485,3,38,157.7,51.5,20.7,2026-07-26,29,30,27,26,32,28.67,28.8,2.14,3,6,Medium,0,0,0,1,4,6.5,1,6,Low,13477,6,1,0,-0.0,500,1,0,0,0,0,0,0,1,0,0,2026-08-24,29,29
U02486,2,38,174.8,52.6,17.2,2026-01-06,29,30,27,28,30,28.67,28.8,1.17,4,7,Light,0,0,0,7,6,6.5,1,7,High,13997,1,0,0,0.8,-105,0,0,0,0,0,0,0,0,0,0,2026-02-05,30,30
U02487,10,21,159.1,63.0,24.9,2026-03-13,28,30,26,27,29,28.0,28.0,1.41,5,4,Medium,0,0,0,5,10,4.3,4,0,High,12514,1,0,0,-0.8,-460,0,0,1,0,0,0,0,0,0,0,2026-04-12,30,30
U02488,2,29,171.2,62.4,21.3,2026-06-19,26,27,23,26,25,25.33,25.4,1.36,4,5,Heavy,0,0,0,10,10,7.6,4,6,Moderate,5990,8,0,0,0.7,159,0,0,0,0,0,0,0,0,0,0,2026-07-14,25,25
U02489,7,26,159.7,50.2,19.7,2026-06-03,31,28,32,29,30,30.33,30.0,1.41,4,6,Medium,0,0,0,8,4,6.7,4,7,Low,11713,3,0,0,1.9,-607,0,0,0,0,0,0,0,0,0,0,2026-07-04,31,31
U02490,5,39,148.2,61.9,28.2,2026-01-02,32,32,32,34,34,32.0,32.8,0.98,4,7,Heavy,0,0,0,7,2,6.7,7,5,Moderate,2015,8,0,0,-1.2,-55,1,0,0,0,0,0,0,0,0,0,2026-02-05,34,34
U02491,7,38,167.7,88.9,31.6,2026-01-16,25,21,27,25,27,24.33,25.0,2.19,5,6,Medium,0,0,0,10,6,6.2,6,7,High,4118,3,0,0,-0.6,-200,0,0,0,0,0,0,0,0,0,0,2026-02-09,24,24
U02492,8,38,160.4,63.3,24.6,2026-04-26,26,26,27,25,26,26.33,26.0,0.63,4,4,Medium,0,0,0,7,4,8.0,5,6,Low,11005,6,1,0,0.4,339,0,0,0,0,0,0,0,1,0,0,2026-05-22,26,26
U02493,8,37,155.7,56.7,23.4,2026-05-07,33,34,31,33,33,32.67,32.8,0.98,3,5,Heavy,0,0,0,7,8,6.8,8,2,Low,4897,8,0,0,-0.2,59,0,0,0,0,0,0,0,1,0,1,2026-06-11,35,35
U02494,2,29,158.4,49.2,19.6,2026-05-08,28,29,28,28,31,28.33,28.8,1.17,3,7,Heavy,0,0,0,5,2,5.7,6,7,Moderate,2011,10,0,0,0.5,-353,0,0,0,0,0,0,0,0,0,1,2026-06-05,28,28
U02495,9,18,148.1,44.7,20.4,2026-06-26,37,34,39,36,37,36.67,36.6,1.62,3,4,Light,0,0,1,9,8,7.5,9,6,High,9747,2,0,0,-2.4,141,0,0,1,1,0,1,0,0,0,0,2026-08-02,37,37
U02496,6,20,162.3,52.9,20.1,2026-07-29,26,27,26,28,27,26.33,26.8,0.75,7,5,Medium,0,0,0,7,2,7.4,7,4,Moderate,3364,4,0,0,-1.1,-408,0,0,0,0,0,0,1,1,0,0,2026-08-24,26,26
U02497,3,23,161.2,65.2,25.1,2026-06-29,29,31,30,29,28,30.0,29.4,1.02,3,3,Medium,0,0,0,5,4,7.2,7,1,Moderate,2344,5,0,1,-0.1,-194,0,0,1,0,0,0,0,0,0,0,2026-07-29,30,30
U02498,10,26,157.3,63.8,25.8,2026-03-28,26,27,26,32,25,26.33,27.2,2.48,5,4,Light,1,0,0,2,5,5.0,2,7,Low,2152,4,0,0,-0.2,-396,0,0,0,0,0,0,1,0,0,0,2026-04-23,26,26
U02499,9,29,170.7,48.4,16.6,2026-07-16,32,31,30,33,33,31.0,31.8,1.17,4,6,Light,0,0,0,4,7,8.5,4,0,Low,11680,8,0,0,-0.1,177,1,0,0,0,0,0,0,1,0,0,2026-08-20,35,35
U02500,9,35,149.1,59.1,26.6,2026-03-17,31,30,31,31,34,30.67,31.4,1.36,3,5,Medium,0,0,0,7,8,7.5,2,4,High,5921,5,0,0,0.7,-611,0,0,0,0,0,0,0,0,0,0,2026-04-21,35,35
U02501,12,23,175.2,66.9,21.8,2026-04-03,33,33,34,31,33,33.33,32.8,0.98,7,4,Light,0,0,0,8,3,7.6,7,0,Low,8939,6,0,0,-1.0,-72,0,0,0,0,0,0,0,1,0,0,2026-05-09,36,36
U02502,7,30,166.7,49.2,17.7,2026-01-04,30,30,30,29,30,30.0,29.8,0.4,7,5,Medium,0,0,0,8,9,5.8,5,0,Moderate,12254,6,0,0,0.6,426,0,1,0,0,0,0,0,0,0,0,2026-02-05,32,32
U02503,11,29,163.8,52.1,19.4,2026-07-06,31,32,32,28,28,31.67,30.2,1.83,6,5,Light,0,0,0,10,9,7.4,7,7,Moderate,3605,3,0,0,1.6,324,0,0,1,0,0,0,0,0,0,0,2026-08-07,32,32
U02504,7,22,156.3,62.8,25.7,2026-06-14,29,27,31,32,28,29.0,29.4,1.85,5,7,Medium,1,0,0,2,4,6.7,1,0,Low,8862,8,0,0,-0.1,-695,0,0,0,0,0,1,0,0,0,0,2026-07-09,25,25
U02505,9,23,156.5,54.6,22.3,2026-02-28,29,31,30,28,28,30.0,29.2,1.17,7,6,Medium,0,0,0,1,5,8.4,3,3,Low,10506,9,0,0,1.2,-5,0,0,0,0,0,0,0,0,0,1,2026-03-29,29,29
U02506,9,37,158.6,60.4,24.0,2026-07-15,29,31,31,31,27,30.33,29.8,1.6,3,5,Light,1,1,0,7,2,8.8,5,1,Moderate,5165,5,0,0,-0.7,20,0,0,0,0,0,0,0,0,0,0,2026-08-13,29,29
U02507,11,29,163.8,55.8,20.8,2026-06-06,29,32,30,26,34,30.33,30.2,2.71,5,6,Medium,0,0,0,5,7,6.4,2,4,Low,13459,9,0,0,0.9,-400,0,1,0,0,0,0,0,0,0,1,2026-07-05,29,29
U02508,8,32,156.7,50.8,20.7,2026-02-09,29,28,27,25,28,28.0,27.4,1.36,3,3,Medium,0,0,0,2,2,10.0,6,0,Moderate,6159,4,0,0,-1.6,263,0,1,0,0,0,0,0,0,0,0,2026-03-08,27,27
U02509,11,26,155.9,59.5,24.5,2026-08-04,35,35,35,35,33,35.0,34.6,0.8,5,6,Medium,0,0,0,10,8,7.1,5,5,Moderate,9789,10,0,0,-2.2,454,0,1,1,0,0,0,0,0,0,0,2026-09-10,37,37
U02510,6,20,175.7,75.0,24.3,2026-01-05,26,26,25,24,26,25.67,25.4,0.8,4,4,Medium,0,0,0,5,4,7.5,3,1,Moderate,5444,5,1,0,-0.6,-103,0,0,0,0,0,0,0,0,0,0,2026-01-31,26,26
U02511,12,24,167.2,55.4,19.8,2026-01-01,31,27,30,28,32,29.33,29.6,1.85,4,3,Medium,0,0,0,8,9,8.4,4,0,Low,13017,4,0,1,-0.7,89,1,0,0,0,0,0,0,0,0,0,2026-02-06,36,36
U02512,7,36,169.1,64.9,22.7,2026-06-18,32,33,31,34,31,32.0,32.2,1.17,6,4,Medium,0,0,1,7,10,7.7,1,1,Moderate,13263,7,1,0,1.3,23,0,0,0,1,1,0,0,1,0,0,2026-07-22,34,34
U02513,4,38,153.5,54.4,23.1,2026-08-16,29,30,29,29,28,29.33,29.0,0.63,5,7,Medium,0,0,0,7,4,7.6,1,0,Moderate,8058,5,0,0,0.4,312,0,1,0,0,0,0,0,1,0,0,2026-09-12,27,27
U02514,3,29,146.5,44.9,20.9,2026-01-26,29,31,30,28,27,30.0,29.0,1.41,5,3,Heavy,0,0,0,6,4,6.6,7,0,Moderate,10008,9,0,0,1.4,-372,0,0,0,0,0,0,0,0,0,0,2026-02-23,28,28
U02515,12,32,162.6,42.3,16.0,2026-04-25,30,31,32,28,28,31.0,29.8,1.6,7,5,Medium,0,0,1,4,6,7.0,8,6,Moderate,4507,1,0,0,-1.7,-501,0,0,1,1,0,0,0,0,0,0,2026-05-25,30,30
U02516,5,26,154.5,59.0,24.7,2026-04-23,31,29,31,31,30,30.33,30.4,0.8,5,3,Medium,0,0,0,6,3,7.3,2,3,Low,2024,6,0,0,-0.8,451,1,0,0,0,0,0,0,0,0,0,2026-05-23,30,30
U02517,11,38,171.3,75.1,25.6,2026-06-04,30,29,27,30,27,28.67,28.6,1.36,3,3,Heavy,0,0,0,5,10,7.6,9,1,Moderate,8736,8,0,0,1.2,461,0,1,0,0,0,0,0,0,0,0,2026-07-05,31,31
U02518,9,30,156.6,54.0,22.0,2026-03-15,31,28,31,31,30,30.0,30.2,1.17,5,4,Medium,0,0,0,6,5,6.9,6,2,Low,2729,5,0,0,0.5,187,0,0,0,0,0,0,0,0,0,1,2026-04-17,33,33
U02519,6,32,166.7,76.1,27.4,2026-07-11,32,32,32,32,29,32.0,31.4,1.2,7,4,Light,0,0,1,5,10,7.4,1,6,High,8180,9,0,0,3.7,-148,0,0,0,1,0,0,0,0,0,0,2026-08-14,34,34
U02520,3,30,159.2,63.1,24.9,2026-07-01,27,29,27,26,29,27.67,27.6,1.2,7,3,Heavy,0,0,0,3,9,7.6,9,7,Moderate,7611,8,0,0,-1.3,25,0,0,0,0,1,0,0,0,0,1,2026-07-29,28,28
U02521,2,30,163.1,59.6,22.4,2026-07-05,34,35,34,33,38,34.33,34.8,1.72,6,4,Medium,0,0,0,3,6,8.4,2,3,High,11468,3,0,0,0.8,82,1,0,1,0,0,0,0,0,0,0,2026-08-06,32,32
U02522,9,40,154.1,75.0,31.6,2026-05-30,30,35,30,30,30,31.67,31.0,2.0,4,5,Medium,1,0,0,6,10,5.9,10,3,Moderate,9801,1,0,0,-0.4,-446,0,0,0,0,0,0,0,0,0,0,2026-06-30,31,31
U02523,4,30,148.4,49.3,22.4,2026-04-15,27,25,27,28,25,26.33,26.4,1.2,6,3,Medium,0,0,0,10,1,7.8,10,5,Moderate,10026,9,0,0,0.1,383,0,0,0,0,0,0,0,1,0,0,2026-05-13,28,28
U02524,2,33,175.8,83.4,27.0,2026-08-28,31,30,32,31,33,31.0,31.4,1.02,6,3,Light,0,1,0,9,7,6.5,1,2,High,5833,9,0,0,-2.8,-228,1,1,1,0,0,0,0,1,0,0,2026-09-29,32,32
U02525,2,27,155.6,65.6,27.1,2026-03-28,24,24,25,23,20,24.33,23.2,1.72,6,4,Heavy,0,0,0,2,2,6.0,3,2,Low,9644,7,0,0,-1.1,-416,0,0,0,0,0,0,0,0,0,0,2026-04-21,24,24
U02526,6,24,155.8,66.3,27.3,2026-07-09,31,32,31,30,33,31.33,31.4,1.02,4,3,Medium,0,0,0,2,4,6.9,10,5,Low,10029,4,0,0,0.3,-545,0,1,0,0,0,1,0,0,0,0,2026-08-07,29,29
U02527,6,21,170.0,64.7,22.4,2026-07-19,30,31,30,27,27,30.33,29.0,1.67,7,7,Heavy,1,0,0,6,9,7.4,2,3,Low,10605,6,0,0,1.5,157,0,1,0,0,0,0,0,1,0,0,2026-08-18,30,30
U02528,8,27,164.8,72.8,26.8,2026-03-31,25,26,24,26,23,25.0,24.8,1.17,4,3,Medium,0,0,0,7,2,8.0,6,4,Moderate,9135,3,0,0,1.2,201,0,0,0,0,0,0,0,0,0,0,2026-04-29,29,29
U02529,12,31,160.0,60.4,23.6,2026-08-25,27,26,26,26,29,26.33,26.8,1.17,7,3,Light,0,0,0,5,7,6.0,5,4,Low,6720,6,0,0,2.5,-627,0,1,0,0,0,0,0,1,0,0,2026-09-22,28,28
U02530,10,20,157.2,60.5,24.5,2026-07-14,30,30,31,30,27,30.33,29.6,1.36,5,6,Medium,0,0,0,7,8,7.1,9,3,Moderate,6019,6,0,0,1.1,-384,0,0,0,0,0,0,0,0,0,0,2026-08-15,32,32
U02531,9,39,165.0,60.7,22.3,2026-01-14,31,31,31,32,33,31.0,31.6,0.8,5,6,Medium,0,0,0,7,4,7.2,3,1,Low,2941,9,0,0,0.5,-63,0,0,0,0,0,0,0,0,0,0,2026-02-17,34,34
U02532,2,26,162.1,63.6,24.2,2026-02-25,29,30,31,30,32,30.0,30.4,1.02,5,5,Heavy,0,0,0,7,4,5.6,1,5,Moderate,7467,10,0,0,-1.0,91,0,1,0,0,0,0,0,0,0,0,2026-03-28,31,31
U02533,2,39,158.4,60.0,23.9,2026-02-03,32,34,34,32,35,33.33,33.4,1.2,7,6,Light,0,0,0,8,10,5.0,4,3,Moderate,13076,1,0,0,0.9,-683,1,0,0,0,0,0,0,0,0,0,2026-03-11,36,36
U02534,11,36,160.9,54.9,21.2,2026-06-09,32,36,35,31,32,34.33,33.2,1.94,4,7,Light,0,1,1,9,1,6.6,1,1,Moderate,8402,6,0,1,-0.2,27,0,0,0,1,0,0,0,0,0,0,2026-07-11,32,32
U02535,6,20,164.8,53.0,19.5,2026-06-05,27,26,24,26,28,25.67,26.2,1.33,4,7,Medium,0,0,0,6,10,6.2,1,3,Moderate,7529,9,0,0,0.3,-135,0,0,0,0,0,0,0,0,0,0,2026-07-02,27,27
U02536,11,27,163.3,65.3,24.5,2026-07-09,32,33,34,28,33,33.0,32.0,2.1,4,4,Medium,0,0,1,3,2,7.6,8,0,Moderate,3725,2,0,0,-0.7,485,0,0,0,1,0,0,0,0,0,0,2026-08-10,32,32
U02537,11,21,161.6,70.2,26.9,2026-05-05,31,30,30,33,33,30.33,31.4,1.36,3,3,Medium,0,0,0,9,5,4.7,4,4,High,11036,1,0,1,-1.8,-24,0,0,0,0,0,0,0,0,0,0,2026-06-06,32,32
U02538,7,36,160.2,59.3,23.1,2026-08-24,34,33,35,35,35,34.0,34.4,0.8,6,3,Medium,0,1,1,5,1,9.0,5,5,Moderate,5153,9,1,0,0.1,-70,0,1,0,1,0,0,0,0,0,1,2026-09-26,33,33
U02539,4,25,169.1,56.0,19.6,2026-06-18,29,29,30,29,30,29.33,29.4,0.49,6,4,Medium,0,0,0,10,4,6.0,3,2,Moderate,3864,3,0,0,-0.5,-678,0,1,0,0,0,0,0,0,0,0,2026-07-19,31,31
U02540,3,25,155.8,56.6,23.3,2026-06-26,28,23,25,28,29,25.33,26.6,2.24,3,6,Medium,0,0,0,6,9,6.8,7,1,Moderate,4481,5,0,0,0.8,490,0,0,0,0,0,0,0,0,0,0,2026-07-26,30,30
U02541,8,36,167.0,60.5,21.7,2026-02-28,26,26,28,27,26,26.67,26.6,0.8,5,4,Light,1,0,0,7,1,7.3,10,0,Moderate,4858,6,0,0,0.7,-692,0,0,0,0,0,0,0,0,0,0,2026-03-27,27,27
U02542,3,32,155.6,52.3,21.6,2026-07-16,29,26,27,27,31,27.33,28.0,1.79,7,3,Medium,0,0,1,3,6,4.6,4,4,High,4147,3,0,0,-0.0,-489,0,1,0,1,0,0,0,0,0,1,2026-08-14,29,29
U02543,2,18,169.1,78.9,27.6,2026-02-18,27,28,28,26,28,27.67,27.4,0.8,6,5,Heavy,0,0,0,4,4,6.6,10,7,High,11281,6,0,0,0.3,-466,0,1,0,0,0,0,0,0,0,0,2026-03-17,27,27
U02544,11,19,168.8,79.5,27.9,2026-04-12,29,29,28,27,24,28.67,27.4,1.85,4,7,Medium,0,0,0,2,1,6.5,2,3,Low,11406,5,0,0,-1.4,-45,0,0,0,0,1,0,0,1,0,0,2026-05-10,28,28
U02545,7,18,157.1,56.3,22.8,2026-06-29,26,26,24,24,27,25.33,25.4,1.2,7,4,Medium,0,0,0,7,5,8.4,5,5,Moderate,4054,1,0,0,-0.2,-361,1,0,0,0,0,0,0,0,0,0,2026-07-25,26,26
U02546,2,21,164.1,71.4,26.5,2026-08-15,27,24,28,26,28,26.33,26.6,1.5,5,4,Heavy,0,0,0,1,6,6.5,5,3,High,10500,6,0,0,0.8,-52,0,0,0,0,0,0,0,0,0,1,2026-09-10,26,26
U02547,3,27,156.4,50.6,20.7,2026-06-10,29,26,29,29,28,28.0,28.2,1.17,4,5,Light,0,0,0,5,6,8.1,4,0,Moderate,9532,2,1,1,-1.0,231,0,0,0,0,0,0,0,0,0,1,2026-07-10,30,30
U02548,11,27,160.3,66.0,25.7,2026-03-20,30,29,31,31,30,30.0,30.2,0.75,6,6,Medium,0,0,0,8,5,4.8,10,2,Moderate,13976,4,0,0,0.6,-601,0,0,0,0,0,0,0,0,0,0,2026-04-24,35,35
U02549,2,26,153.1,56.0,23.9,2026-02-28,30,29,31,30,33,30.0,30.6,1.36,3,4,Medium,1,0,0,8,5,6.6,7,2,Low,9180,9,0,0,-0.1,129,0,1,0,0,0,0,0,0,0,0,2026-03-30,30,30
U02550,11,39,165.3,73.8,27.0,2026-06-01,32,32,32,30,34,32.0,32.0,1.26,5,3,Medium,0,0,0,8,10,4.9,2,0,Moderate,12643,3,0,0,0.1,194,0,1,0,0,0,0,0,0,0,0,2026-07-03,32,32
U02551,3,30,171.7,62.8,21.3,2026-01-27,33,32,35,32,32,33.33,32.8,1.17,7,6,Medium,0,0,0,1,7,7.0,2,2,Low,11537,8,0,0,1.1,336,0,0,0,0,0,0,0,1,0,0,2026-02-28,32,32
U02552,5,34,155.3,69.9,29.0,2026-04-17,33,35,34,34,31,34.0,33.4,1.36,5,5,Light,0,0,0,9,9,7.5,3,5,Low,2860,5,0,0,-0.3,-202,0,0,0,0,0,0,0,0,0,0,2026-05-21,34,34
U02553,5,22,157.6,50.9,20.5,2026-06-01,28,31,30,30,27,29.67,29.2,1.47,5,3,Medium,0,0,0,4,8,4.0,4,3,Moderate,2846,10,0,0,-0.7,468,1,1,0,0,0,0,0,0,0,0,2026-06-30,29,29
U02554,6,23,158.6,41.8,16.6,2026-07-13,35,35,38,34,35,36.0,35.4,1.36,6,5,Light,1,0,0,2,5,5.8,3,1,Moderate,3266,10,0,0,-0.3,344,0,1,0,0,1,0,0,0,0,0,2026-08-16,34,34
U02555,10,23,153.8,53.2,22.5,2026-06-09,33,34,33,34,33,33.33,33.4,0.49,6,5,Light,0,0,1,5,10,4.5,4,0,Moderate,6438,10,0,1,-0.5,-560,0,1,0,1,0,0,1,0,0,0,2026-07-16,37,37
U02556,4,24,155.9,59.1,24.3,2026-06-26,28,29,28,26,31,28.33,28.4,1.62,6,3,Light,0,0,0,5,4,7.6,8,4,Moderate,2441,3,0,0,-2.1,42,1,0,0,0,0,0,0,0,0,0,2026-07-24,28,28
U02557,7,34,164.6,62.6,23.1,2026-02-25,28,28,29,30,32,28.33,29.4,1.5,3,5,Heavy,1,0,0,9,5,6.6,6,3,Low,4660,10,0,0,-0.9,236,0,0,0,0,0,0,0,0,0,0,2026-03-23,26,26
U02558,4,19,171.0,64.6,22.1,2026-04-14,32,32,28,30,31,30.67,30.6,1.5,5,7,Medium,0,0,1,7,8,8.0,3,3,High,10025,2,0,0,-1.9,-539,0,0,0,1,0,0,0,0,0,0,2026-05-19,35,35
U02559,5,19,145.0,44.2,21.0,2026-01-11,31,31,33,32,30,31.67,31.4,1.02,6,4,Heavy,0,0,0,4,9,7.4,9,1,Moderate,11810,7,0,0,-1.5,417,1,0,0,0,0,0,1,0,0,0,2026-02-14,34,34
U02560,11,32,149.7,35.9,16.0,2026-04-22,28,23,29,29,26,26.67,27.0,2.28,5,6,Medium,0,0,0,6,5,8.0,2,3,High,4298,1,0,1,-0.4,-371,0,0,0,0,0,0,0,1,0,1,2026-05-21,29,29
U02561,10,21,157.6,62.8,25.3,2026-06-15,31,33,32,32,29,32.0,31.4,1.36,5,6,Medium,0,0,0,9,1,7.7,10,7,Moderate,10471,10,0,0,-0.5,475,0,0,0,0,0,0,0,0,0,0,2026-07-21,36,36
U02562,2,39,151.3,42.1,18.4,2026-01-26,33,33,38,35,31,34.67,34.0,2.37,5,7,Heavy,0,1,0,1,4,6.4,9,5,Low,6089,8,0,0,-0.6,-249,0,0,1,0,0,0,0,0,0,0,2026-02-22,27,27
U02563,4,18,160.1,60.7,23.7,2026-08-25,35,36,36,33,36,35.67,35.2,1.17,5,6,Medium,0,0,0,10,2,5.4,10,6,Moderate,8651,10,0,0,0.3,-214,0,0,0,0,0,0,0,0,0,0,2026-10-02,38,38
U02564,3,32,163.4,54.5,20.4,2026-06-25,27,24,24,25,26,25.0,25.2,1.17,6,3,Heavy,0,0,0,7,5,7.9,8,3,Moderate,6201,10,1,0,-1.7,426,0,0,0,0,0,0,0,0,0,0,2026-07-23,28,28
U02565,7,27,149.6,47.7,21.3,2026-07-11,26,26,28,26,26,26.67,26.4,0.8,7,7,Heavy,0,0,0,8,8,7.8,3,0,Low,12121,9,0,0,-0.4,320,0,0,0,0,0,0,0,0,0,0,2026-08-07,27,27
U02566,4,35,164.9,57.6,21.2,2026-05-04,26,25,28,27,27,26.33,26.6,1.02,4,7,Heavy,0,0,0,6,2,6.1,6,7,Low,6613,9,0,0,0.2,-444,0,0,1,0,0,0,1,1,0,0,2026-05-30,26,26
U02567,6,38,161.0,54.4,21.0,2026-05-16,31,31,31,32,28,31.0,30.6,1.36,6,6,Light,0,0,0,6,9,7.1,8,6,High,8966,1,0,0,-0.5,14,1,0,0,0,0,0,0,0,1,0,2026-06-15,30,30
U02568,8,26,162.6,61.9,23.4,2026-08-04,33,35,31,33,35,33.0,33.4,1.5,3,6,Medium,0,0,0,8,1,5.5,8,0,High,9587,5,0,0,1.0,-27,0,0,0,0,0,0,0,1,0,0,2026-09-07,34,34
U02569,11,32,155.2,56.4,23.4,2026-01-24,25,25,26,24,27,25.33,25.4,1.02,3,3,Medium,0,0,0,6,1,4.6,10,3,Moderate,5874,6,0,1,0.6,-167,0,0,0,0,0,0,0,0,0,0,2026-02-19,26,26
U02570,6,35,148.3,64.9,29.5,2026-05-05,29,32,29,30,30,30.0,30.0,1.1,4,4,Medium,0,0,0,4,4,8.1,8,4,High,5139,2,0,0,-1.0,61,0,0,0,0,0,0,0,0,0,0,2026-06-06,32,32
U02571,6,28,169.0,54.3,19.0,2026-07-16,33,35,32,31,32,33.33,32.6,1.36,6,3,Heavy,0,0,0,2,5,7.7,6,2,Low,4385,10,0,1,2.4,-151,0,0,0,0,1,0,0,1,0,1,2026-08-20,35,35
U02572,12,29,159.9,55.0,21.5,2026-01-04,29,31,30,30,27,30.0,29.4,1.36,4,4,Light,1,0,0,10,9,8.4,8,5,Moderate,2410,2,0,1,1.2,498,0,0,0,0,0,0,0,0,0,0,2026-02-02,29,29
U02573,3,26,167.8,68.1,24.2,2026-07-16,28,30,29,27,28,29.0,28.4,1.02,3,4,Medium,1,0,0,2,4,7.3,3,7,Moderate,6034,7,0,0,1.5,-623,0,0,0,0,0,0,0,0,0,0,2026-08-11,26,26
U02574,9,34,162.7,64.1,24.2,2026-02-07,29,27,29,29,29,28.33,28.6,0.8,7,7,Light,0,0,0,8,9,6.9,5,6,Moderate,10785,10,0,0,2.1,-529,0,0,0,0,0,0,0,0,0,0,2026-03-09,30,30
U02575,9,40,167.1,68.4,24.5,2026-06-01,29,30,28,28,27,29.0,28.4,1.02,7,3,Medium,0,0,1,7,7,7.7,4,6,Low,7974,7,0,0,-0.0,-631,0,0,0,1,0,0,0,0,0,0,2026-06-30,29,29
U02576,10,23,158.7,55.9,22.2,2026-08-08,33,33,34,28,31,33.33,31.8,2.14,4,5,Light,0,0,0,9,4,6.2,4,0,High,12328,6,0,0,-1.1,340,0,0,0,0,1,0,0,0,0,0,2026-09-12,35,35
U02577,8,24,159.3,54.3,21.4,2026-06-21,29,29,26,28,29,28.0,28.2,1.17,7,5,Medium,0,0,0,6,7,8.8,7,5,Moderate,9703,3,0,0,0.3,-689,0,0,0,0,0,0,0,0,0,0,2026-07-22,31,31
U02578,10,34,170.9,65.1,22.3,2026-08-09,32,30,30,31,29,30.67,30.4,1.02,7,3,Medium,0,0,1,9,8,8.6,4,0,High,11706,2,0,0,-0.8,279,0,0,0,1,0,0,0,1,0,0,2026-09-10,32,32
U02579,10,26,160.6,63.2,24.5,2026-03-20,30,30,30,29,27,30.0,29.2,1.17,3,7,Heavy,1,0,0,1,9,7.4,10,7,Low,2596,3,1,1,-0.6,-368,0,0,1,0,1,0,0,0,0,0,2026-04-16,27,27
U02580,10,23,162.6,61.6,23.3,2026-03-31,32,31,29,34,33,30.67,31.8,1.72,4,7,Medium,0,0,0,2,3,6.8,3,2,Moderate,10162,9,0,0,1.4,254,0,1,0,0,0,0,0,0,0,0,2026-04-28,28,28
U02581,8,19,163.4,57.7,21.6,2026-05-06,28,29,31,30,32,29.33,30.0,1.41,7,6,Medium,0,0,0,4,8,5.9,8,1,Low,4594,1,0,0,0.6,-222,0,0,0,0,0,0,0,1,0,1,2026-06-01,26,26
U02582,5,25,165.1,71.1,26.1,2026-05-06,28,26,29,28,27,27.67,27.6,1.02,4,6,Medium,0,0,0,6,4,7.5,2,0,High,11265,6,0,0,-0.2,306,0,0,0,0,0,0,0,1,0,0,2026-06-05,30,30
U02583,11,29,161.0,73.6,28.4,2026-08-28,32,31,31,31,30,31.33,31.0,0.63,4,7,Heavy,0,0,1,3,10,7.4,1,1,Low,7323,10,0,0,-1.6,377,0,0,0,1,1,0,0,0,0,0,2026-09-27,30,30
U02584,6,24,157.2,55.6,22.5,2026-02-26,29,27,30,24,30,28.67,28.0,2.28,7,6,Heavy,0,0,0,4,6,7.2,1,3,Moderate,8344,1,0,0,-0.4,-100,1,0,0,0,0,0,0,0,0,0,2026-03-23,25,25
U02585,3,34,151.3,55.6,24.3,2026-07-28,31,31,31,28,31,31.0,30.4,1.2,3,7,Medium,0,0,0,9,10,8.3,9,2,Moderate,7681,4,0,0,-0.8,137,0,0,0,0,0,0,0,0,0,0,2026-08-30,33,33
U02586,8,28,176.6,56.4,18.1,2026-04-11,29,27,29,31,28,28.33,28.8,1.33,7,4,Medium,0,0,0,7,5,8.3,10,4,Moderate,13405,2,1,0,1.4,48,0,0,0,0,0,0,0,0,0,0,2026-05-10,29,29
U02587,4,25,156.6,58.4,23.8,2026-08-21,28,25,28,28,27,27.0,27.2,1.17,5,5,Medium,0,0,0,3,4,8.0,3,6,Moderate,2756,2,0,0,0.1,252,0,0,0,0,0,0,0,0,0,0,2026-09-17,27,27
U02588,4,22,162.1,64.9,24.7,2026-02-16,28,29,27,28,28,28.0,28.0,0.63,5,5,Medium,0,0,0,6,7,7.2,3,6,High,10798,4,0,0,-0.0,95,0,0,1,0,0,0,0,0,0,0,2026-03-19,31,31
U02589,6,27,160.5,54.1,21.0,2026-01-17,31,28,30,30,30,29.67,29.8,0.98,4,7,Medium,0,0,0,8,10,6.8,4,3,Low,12101,3,0,0,1.0,-392,0,0,0,0,0,0,0,0,0,0,2026-02-15,29,29
U02590,12,31,163.0,65.1,24.5,2026-02-24,31,35,31,29,31,32.33,31.4,1.96,3,4,Light,0,0,0,7,9,5.3,2,7,Low,12753,4,0,0,-0.9,389,0,0,0,0,0,0,1,0,0,0,2026-03-30,34,34
U02591,6,31,160.1,50.8,19.8,2026-07-17,28,28,27,29,26,27.67,27.6,1.02,6,7,Medium,0,0,0,5,10,7.1,5,3,Moderate,12609,8,0,0,0.5,447,1,0,1,0,1,0,1,0,0,0,2026-08-18,32,32
U02592,7,32,150.3,49.7,22.0,2026-03-28,27,25,26,28,25,26.0,26.2,1.17,3,5,Light,0,0,0,1,1,7.4,6,0,High,6871,5,0,0,-1.8,84,0,0,0,0,0,0,0,0,0,0,2026-04-23,26,26
U02593,10,26,157.0,59.9,24.3,2026-07-22,35,30,36,35,35,33.67,34.2,2.14,4,6,Light,0,0,1,8,1,5.6,3,3,Moderate,7777,5,0,0,0.3,400,0,0,0,1,0,0,0,0,0,0,2026-08-28,37,37
U02594,12,23,156.9,41.4,16.8,2026-06-02,31,30,31,31,31,30.67,30.8,0.4,6,3,Medium,0,0,0,7,10,7.2,3,7,Moderate,6871,8,0,0,-2.0,-313,0,0,0,0,0,0,0,0,0,1,2026-07-03,31,31
U02595,5,40,172.1,65.8,22.2,2026-03-03,28,27,28,31,29,27.67,28.6,1.36,4,6,Light,0,0,0,3,1,6.9,7,4,Moderate,11745,8,0,0,0.1,372,0,0,0,0,0,0,0,0,0,0,2026-04-01,29,29
U02596,2,35,160.7,50.9,19.7,2026-02-10,28,27,27,27,27,27.33,27.2,0.4,6,4,Heavy,0,0,0,9,5,5.4,3,3,Moderate,4958,4,0,0,-0.5,-67,0,1,1,0,0,0,0,0,0,0,2026-03-13,31,31
U02597,8,38,164.7,49.9,18.4,2026-02-20,34,36,33,36,35,34.33,34.8,1.17,6,7,Light,0,0,1,8,6,7.0,2,2,Low,12322,5,0,0,0.7,141,0,0,0,1,0,0,0,0,0,0,2026-03-27,35,35
U02598,3,33,154.2,55.6,23.4,2026-07-12,32,32,31,33,33,31.67,32.2,0.75,3,3,Medium,1,0,0,3,9,5.7,10,1,Moderate,11154,3,0,0,0.3,-421,0,0,0,0,1,0,0,0,0,0,2026-08-15,34,34
U02599,5,36,163.1,63.6,23.9,2026-08-07,27,27,26,27,28,26.67,27.0,0.63,3,7,Heavy,0,0,0,2,2,6.6,10,3,Moderate,10233,5,0,0,0.0,147,0,1,0,0,0,0,0,0,0,0,2026-09-01,25,25
U02600,6,40,162.3,56.4,21.4,2026-06-11,26,30,28,24,26,28.0,26.8,2.04,4,5,Heavy,0,0,0,10,9,8.1,5,5,Low,4868,2,0,0,-0.8,96,1,0,0,0,0,1,0,0,0,0,2026-07-08,27,27
U02601,10,25,153.4,53.4,22.7,2026-02-01,33,35,33,29,35,33.67,33.0,2.19,4,5,Light,0,0,0,6,2,4.9,6,2,Moderate,4251,9,1,0,1.8,-662,1,0,0,0,0,0,0,0,0,0,2026-03-08,35,35
U02602,11,37,168.5,54.2,19.1,2026-07-12,29,27,30,27,30,28.67,28.6,1.36,6,4,Medium,0,0,0,4,5,6.6,10,0,Moderate,11807,3,0,0,-0.9,-605,0,1,0,0,0,0,0,1,0,0,2026-08-08,27,27
U02603,3,31,147.8,55.9,25.6,2026-05-08,25,28,24,24,23,25.67,24.8,1.72,6,3,Medium,0,0,0,3,5,7.0,1,0,High,8841,4,0,0,1.8,-437,0,0,0,0,0,0,0,0,0,0,2026-06-01,24,24
U02604,10,39,145.0,53.4,25.4,2026-06-06,31,33,34,30,32,32.67,32.0,1.41,4,6,Heavy,0,0,0,5,2,7.9,8,2,Low,4698,6,1,0,0.6,-87,0,0,0,0,0,0,0,1,0,0,2026-07-06,30,30
U02605,11,39,158.5,46.5,18.5,2026-06-26,28,27,28,30,28,27.67,28.2,0.98,5,7,Heavy,0,0,0,2,4,7.2,2,5,High,10825,1,0,0,-1.0,-501,0,0,1,0,0,0,0,0,0,0,2026-07-24,28,28
U02606,2,39,157.4,51.5,20.8,2026-04-14,27,28,26,29,27,27.0,27.4,1.02,3,7,Medium,0,0,0,3,3,6.6,4,1,Moderate,3989,6,0,0,0.5,-637,0,0,0,0,0,0,0,1,0,0,2026-05-10,26,26
U02607,12,39,165.3,45.9,16.8,2026-02-03,29,30,30,28,27,29.67,28.8,1.17,6,7,Medium,0,0,0,4,3,6.9,10,1,Moderate,8718,1,0,0,0.2,323,0,0,0,0,0,0,0,0,0,0,2026-03-03,28,28
U02608,7,38,159.2,60.8,24.0,2026-04-13,33,32,32,32,34,32.33,32.6,0.8,7,5,Medium,0,1,0,10,7,5.3,1,4,Moderate,4462,2,0,0,-0.6,-14,1,0,0,0,0,0,0,0,0,0,2026-05-18,35,35
U02609,3,33,152.2,55.6,24.0,2026-07-26,28,27,27,26,24,27.33,26.4,1.36,6,7,Medium,0,0,0,5,1,5.9,8,5,Moderate,2558,8,1,0,-2.0,-651,0,0,0,0,0,0,0,0,0,0,2026-08-23,28,28
U02610,5,40,162.1,56.8,21.6,2026-08-03,28,24,30,26,27,27.33,27.0,2.0,5,4,Heavy,0,0,0,2,1,6.6,7,3,Moderate,8419,7,0,0,-0.4,-307,0,0,1,0,0,0,0,1,0,1,2026-08-29,26,26
U02611,8,39,164.6,51.2,18.9,2026-03-24,29,29,27,28,30,28.33,28.6,1.02,4,7,Medium,0,0,0,9,8,6.9,5,2,High,4473,7,0,0,-0.6,-57,0,0,1,0,0,0,0,0,0,0,2026-04-21,28,28
U02612,4,39,162.9,60.2,22.7,2026-08-23,34,33,32,34,36,33.0,33.8,1.33,4,4,Medium,1,0,0,6,3,7.2,7,2,Moderate,12525,3,0,0,1.5,-463,1,0,1,0,1,1,0,1,0,0,2026-09-29,37,37
U02613,12,29,161.9,50.9,19.4,2026-07-22,28,30,28,31,30,28.67,29.4,1.2,5,6,Medium,0,0,1,2,2,7.2,6,2,Moderate,2515,7,0,1,-0.3,-2,0,0,0,1,0,0,0,0,0,0,2026-08-19,28,28
U02614,11,26,156.0,54.0,22.2,2026-03-22,32,29,33,30,31,31.33,31.0,1.41,7,4,Light,0,0,0,9,8,7.6,1,5,Moderate,9373,10,0,0,1.0,-472,0,0,1,0,0,0,0,0,0,0,2026-04-23,32,32
U02615,10,21,153.9,48.3,20.4,2026-07-08,32,32,33,35,33,32.33,33.0,1.1,6,3,Light,0,0,0,4,8,6.9,1,2,Moderate,11397,1,0,0,-1.7,453,0,1,0,0,0,0,0,0,0,1,2026-08-11,34,34
U02616,7,21,164.1,47.1,17.5,2026-03-11,28,27,28,29,29,27.67,28.2,0.75,4,6,Heavy,0,0,0,5,8,6.7,9,3,Low,4006,3,0,1,-0.2,119,1,1,1,0,0,0,0,0,0,0,2026-04-08,28,28
U02617,6,33,161.3,41.6,16.0,2026-02-28,30,31,31,33,29,30.67,30.8,1.33,5,7,Heavy,0,0,0,5,2,6.9,4,5,High,11968,1,0,0,1.5,-66,0,0,0,0,0,0,0,0,0,0,2026-03-29,29,29
U02618,4,39,164.6,57.7,21.3,2026-06-04,29,25,26,28,30,26.67,27.6,1.85,7,6,Heavy,0,0,0,5,5,5.0,8,3,High,12176,3,0,0,0.9,-280,0,0,0,0,0,0,1,0,0,0,2026-07-01,27,27
U02619,12,33,162.6,57.1,21.6,2026-07-10,34,35,34,34,33,34.33,34.0,0.63,6,5,Medium,0,0,0,8,1,6.5,1,6,Low,5092,4,0,0,-2.3,-205,1,0,0,0,1,1,0,0,0,0,2026-08-13,34,34
U02620,6,25,163.1,42.6,16.0,2026-02-28,27,30,29,27,28,28.67,28.2,1.17,5,3,Medium,1,0,0,6,9,8.1,1,4,Moderate,7487,2,0,0,1.0,-445,0,0,1,0,0,0,0,0,0,0,2026-03-29,29,29
U02621,9,22,166.5,67.9,24.5,2026-03-06,30,29,33,28,31,30.67,30.2,1.72,3,5,Heavy,0,0,0,3,4,8.3,8,5,High,2136,10,0,0,-0.3,-397,0,0,0,0,0,0,0,0,0,0,2026-04-05,30,30
U02622,12,37,160.2,58.3,22.7,2026-07-02,31,30,32,29,33,31.0,31.0,1.41,5,6,Light,0,0,0,4,6,7.1,9,2,Low,13118,5,0,1,2.5,-588,0,1,0,0,0,1,0,0,0,0,2026-08-02,31,31
U02623,8,18,167.3,59.6,21.3,2026-06-14,28,24,30,27,28,27.33,27.4,1.96,5,3,Medium,0,0,0,6,10,9.5,5,5,Moderate,7269,6,0,0,-2.8,-66,0,0,0,0,1,0,0,0,0,0,2026-07-13,29,29
U02624,7,40,152.1,55.5,24.0,2026-02-07,28,28,27,29,27,27.67,27.8,0.75,6,7,Medium,0,0,0,1,1,5.9,3,6,Low,11206,7,0,0,-1.8,6,0,0,0,0,0,0,0,0,0,1,2026-03-06,27,27
U02625,8,22,165.6,62.8,22.9,2026-07-21,33,34,32,29,32,33.0,32.0,1.67,7,4,Light,0,0,1,1,8,8.8,7,0,Moderate,2557,3,1,1,-0.3,-283,0,1,0,1,0,1,0,0,0,0,2026-08-24,34,34
U02626,10,32,161.1,55.3,21.3,2026-07-25,27,27,30,28,30,28.0,28.4,1.36,4,7,Heavy,0,1,1,4,3,8.0,4,6,Low,6062,6,0,0,-0.7,-308,0,0,0,1,0,0,0,0,0,0,2026-08-20,26,26
U02627,3,37,155.0,63.7,26.5,2026-08-25,32,32,33,31,30,32.33,31.6,1.02,3,4,Heavy,0,0,0,6,6,5.7,3,4,Moderate,8653,5,0,1,1.6,-561,0,0,0,0,0,0,0,0,0,0,2026-09-26,32,32
U02628,8,24,172.6,59.3,19.9,2026-06-07,25,25,24,28,27,24.67,25.8,1.47,4,7,Medium,0,0,0,6,2,6.8,10,2,Low,8291,7,0,0,-0.9,-413,1,0,0,0,0,0,0,0,0,0,2026-07-01,24,24
U02629,4,19,163.1,64.6,24.3,2026-06-07,32,34,32,32,31,32.67,32.2,0.98,7,6,Medium,0,0,0,8,7,6.0,3,0,High,8507,6,0,0,-0.3,295,0,0,1,0,0,0,0,1,0,0,2026-07-09,32,32
U02630,11,33,155.6,60.5,25.0,2026-07-20,26,29,25,24,29,26.67,26.6,2.06,6,7,Medium,0,0,0,4,9,7.6,7,2,Moderate,12793,3,0,0,-0.8,239,0,0,0,0,0,0,0,0,0,0,2026-08-14,25,25
U02631,8,38,161.6,52.5,20.1,2026-04-20,31,32,31,31,33,31.33,31.6,0.8,4,7,Light,0,0,0,1,2,6.7,3,7,Moderate,10447,7,0,0,1.1,410,0,1,0,0,0,0,0,0,0,0,2026-05-20,30,30
U02632,4,37,169.9,75.1,26.0,2026-06-19,25,24,22,24,24,23.67,23.8,0.98,4,6,Medium,0,0,0,3,1,6.1,10,1,Low,9835,5,1,0,-0.4,240,0,0,1,0,0,0,0,1,0,0,2026-07-15,26,26
U02633,11,27,168.8,70.1,24.6,2026-02-10,33,35,30,33,33,32.67,32.8,1.6,6,3,Light,0,0,1,9,7,8.8,4,1,Moderate,5635,8,0,1,-0.3,-303,0,0,0,1,0,0,0,0,0,0,2026-03-17,35,35
U02634,11,21,155.7,55.3,22.8,2026-05-10,31,33,31,31,29,31.67,31.0,1.26,6,7,Light,0,0,1,3,4,5.4,9,5,Low,11277,5,1,0,0.4,249,0,0,0,1,0,0,0,1,0,0,2026-06-10,31,31
U02635,2,22,162.2,72.6,27.6,2026-02-17,23,20,24,26,22,22.33,23.0,2.0,4,5,Medium,0,0,0,10,3,7.1,10,6,High,4685,6,0,0,-1.7,-173,1,0,0,0,0,0,0,0,0,0,2026-03-14,25,25
U02636,5,38,157.7,47.3,19.0,2026-05-18,29,28,26,29,28,27.67,28.0,1.1,5,6,Medium,0,1,0,2,5,6.7,5,3,Moderate,6014,3,0,0,-0.0,389,0,1,0,0,0,0,0,0,0,0,2026-06-16,29,29
U02637,5,30,155.3,41.5,17.2,2026-03-21,25,26,23,26,24,24.67,24.8,1.17,3,3,Medium,0,0,0,8,4,6.8,2,7,Low,13850,2,0,0,0.5,188,0,0,0,0,0,0,0,0,0,0,2026-04-14,24,24
U02638,9,34,154.4,61.5,25.8,2026-06-21,28,28,26,26,27,27.33,27.0,0.89,7,7,Light,1,0,0,7,7,4.1,1,7,Moderate,4573,10,0,0,-0.6,-655,0,0,0,0,0,0,0,0,0,0,2026-07-19,28,28
U02639,6,36,160.4,55.8,21.7,2026-05-22,35,34,35,35,31,34.67,34.0,1.55,4,4,Heavy,0,0,1,9,4,9.3,5,2,Moderate,11525,2,0,0,-1.0,-8,1,0,0,1,0,0,0,1,0,0,2026-07-01,40,40
U02640,11,39,155.0,50.7,21.1,2026-05-15,30,29,27,29,28,28.67,28.6,1.02,4,7,Medium,0,0,0,6,9,6.3,10,4,Moderate,8415,9,0,0,-0.5,182,1,0,0,0,0,0,0,0,0,0,2026-06-16,32,32
U02641,2,24,155.9,68.5,28.2,2026-07-19,29,28,30,28,28,29.0,28.6,0.8,5,4,Heavy,0,0,0,4,4,6.1,5,6,Moderate,12279,2,0,0,0.8,231,0,0,0,0,0,0,0,0,0,0,2026-08-18,30,30
U02642,4,25,161.6,68.9,26.4,2026-02-19,32,30,37,34,32,33.0,33.0,2.37,7,4,Light,0,0,0,8,1,7.0,2,6,Moderate,11121,1,1,1,0.2,-377,0,0,0,0,0,0,0,1,0,0,2026-03-23,32,32
U02643,9,31,163.1,60.4,22.7,2026-05-30,26,27,29,25,26,27.33,26.6,1.36,5,7,Medium,0,0,0,6,8,6.6,2,4,Moderate,7502,10,0,0,1.1,-306,0,0,0,0,0,0,0,0,0,0,2026-06-22,23,23
U02644,7,38,166.3,50.9,18.4,2026-05-07,33,29,31,32,31,31.0,31.2,1.33,3,3,Medium,1,1,0,7,10,7.2,2,0,Low,12927,4,0,0,-1.7,-427,0,1,0,0,1,0,0,1,0,0,2026-06-11,35,35
U02645,4,37,169.4,68.3,23.8,2026-08-18,25,26,26,24,26,25.67,25.4,0.8,6,3,Medium,0,0,0,6,9,8.5,9,3,Moderate,9670,7,0,1,-0.5,12,0,0,0,0,0,0,0,0,0,0,2026-09-14,27,27
U02646,6,22,171.6,61.2,20.8,2026-01-27,30,30,28,32,30,29.33,30.0,1.26,6,4,Light,0,0,0,6,9,7.8,10,1,Moderate,7994,9,0,1,1.0,124,0,1,0,0,0,0,0,1,0,1,2026-02-27,31,31
U02647,7,38,151.3,46.0,20.1,2026-04-17,26,23,25,22,29,24.67,25.0,2.45,7,3,Light,0,0,0,5,2,7.6,2,7,Moderate,9116,10,0,0,-0.5,-400,0,1,0,0,0,0,0,0,0,0,2026-05-14,27,27
U02648,6,34,145.0,44.6,21.2,2026-06-07,26,27,26,28,24,26.33,26.2,1.33,6,7,Medium,0,0,0,1,4,8.0,5,3,Moderate,2775,2,1,0,-0.7,-492,0,0,1,0,0,1,0,0,0,0,2026-07-03,26,26
U02649,7,37,157.3,51.5,20.8,2026-02-10,29,31,30,30,33,30.0,30.6,1.36,5,7,Medium,0,0,0,9,3,7.3,4,0,Low,11320,9,0,1,-0.5,270,0,0,0,0,0,0,0,0,0,0,2026-03-10,28,28
U02650,6,39,153.1,44.8,19.1,2026-01-27,31,30,32,28,31,31.0,30.4,1.36,6,5,Light,0,0,0,10,8,5.6,9,6,Low,10302,1,0,1,1.1,304,0,0,0,0,0,0,0,1,0,0,2026-02-25,29,29
U02651,9,19,147.4,36.1,16.6,2026-06-16,32,29,33,34,32,31.33,32.0,1.67,4,5,Medium,0,0,0,8,9,7.5,4,4,Moderate,6065,2,0,0,-0.3,-519,0,0,1,0,0,0,0,0,0,0,2026-07-20,34,34
U02652,6,30,154.8,44.1,18.4,2026-05-14,31,29,32,29,36,30.67,31.4,2.58,6,7,Heavy,0,0,0,7,8,5.7,9,7,Low,2977,6,0,0,-0.9,-48,0,0,0,0,0,0,0,0,0,0,2026-06-12,29,29
U02653,11,18,153.0,60.4,25.8,2026-07-01,24,23,22,26,25,23.0,24.0,1.41,3,3,Light,0,0,0,7,8,7.5,2,7,Moderate,7989,1,0,0,-1.7,-635,0,0,0,0,0,0,0,0,0,0,2026-07-25,24,24
U02654,12,21,157.8,55.0,22.1,2026-01-31,28,25,25,30,33,26.0,28.2,3.06,7,6,Medium,0,0,1,3,4,8.2,10,5,Moderate,5612,1,0,1,0.4,-593,0,0,0,0,0,0,0,0,0,0,2026-03-02,30,30
U02655,3,25,157.8,43.3,17.4,2026-01-06,31,32,31,31,29,31.33,30.8,0.98,4,6,Medium,1,0,0,8,10,8.7,3,7,Moderate,5460,9,0,0,1.2,-523,0,0,0,0,0,0,0,0,0,0,2026-02-06,31,31
U02656,9,40,157.8,57.0,22.9,2026-06-05,31,31,33,30,36,31.67,32.2,2.14,3,6,Medium,0,1,0,7,1,8.4,3,1,Moderate,8122,1,0,0,-2.0,-494,0,0,0,0,0,0,0,1,0,0,2026-07-04,29,29
U02657,9,32,162.4,45.9,17.4,2026-08-18,27,27,32,27,28,28.67,28.2,1.94,7,3,Medium,0,0,0,2,7,7.7,8,1,High,4101,8,0,0,1.3,-326,0,0,0,0,0,0,0,0,0,0,2026-09-13,26,26
U02658,8,31,164.5,63.1,23.3,2026-08-07,33,36,34,36,35,34.33,34.8,1.17,3,7,Medium,0,0,1,4,10,7.0,9,5,Moderate,12476,3,0,0,-0.1,-278,0,0,0,1,0,0,0,1,0,0,2026-09-11,35,35
U02659,3,19,165.4,60.2,22.0,2026-01-06,28,27,30,27,27,28.33,27.8,1.17,6,4,Heavy,1,0,0,7,7,5.4,7,1,Low,9387,8,0,0,1.5,-160,0,0,1,0,0,0,0,0,0,0,2026-02-05,30,30
U02660,2,24,167.6,69.9,24.9,2026-03-12,23,23,22,20,25,22.67,22.6,1.62,6,3,Light,0,0,0,9,6,6.3,10,2,Moderate,10789,4,0,0,0.8,-153,0,0,0,0,0,0,0,0,0,0,2026-04-06,25,25
U02661,3,18,159.0,59.4,23.5,2026-05-01,27,27,28,25,25,27.33,26.4,1.2,5,3,Heavy,0,0,0,9,8,8.7,10,6,High,10822,4,0,0,-0.8,-615,0,0,0,0,0,0,0,0,0,1,2026-05-30,29,29
U02662,7,39,161.4,57.3,22.0,2026-02-15,29,25,32,26,31,28.67,28.6,2.73,6,5,Heavy,0,0,0,8,7,6.6,7,6,Moderate,7006,2,0,0,-0.8,119,0,0,0,0,0,0,0,1,0,0,2026-03-15,28,28
U02663,10,27,168.0,66.0,23.4,2026-04-05,33,33,30,33,34,32.0,32.6,1.36,7,5,Medium,0,0,0,10,6,6.7,10,4,Moderate,9926,1,1,0,0.4,41,0,0,0,0,0,0,0,0,0,0,2026-05-12,37,37
U02664,12,37,164.4,78.1,28.9,2026-02-03,31,30,30,30,32,30.33,30.6,0.8,6,5,Medium,0,0,0,10,3,9.1,3,7,Low,3688,8,0,0,1.2,-194,0,0,0,0,0,0,0,0,0,0,2026-03-06,31,31
U02665,3,19,159.2,57.3,22.6,2026-05-13,26,27,26,28,26,26.33,26.6,0.8,4,5,Medium,0,0,0,2,4,6.0,8,1,Moderate,4049,3,0,0,-0.5,-636,0,0,0,0,0,1,0,0,0,0,2026-06-09,27,27
U02666,5,39,166.2,54.7,19.8,2026-02-13,30,28,28,28,30,28.67,28.8,0.98,4,5,Light,0,0,0,9,4,7.2,3,7,Low,4488,6,0,0,-0.1,474,0,0,0,0,0,0,0,0,0,0,2026-03-16,31,31
U02667,5,30,167.6,73.3,26.1,2026-03-17,32,34,28,33,31,31.33,31.6,2.06,6,4,Light,1,0,1,9,2,7.4,2,1,Low,12754,8,1,0,-1.3,-522,0,0,0,1,0,0,0,0,0,0,2026-04-21,35,35
U02668,4,32,168.5,55.4,19.5,2026-05-27,29,30,32,32,27,30.33,30.0,1.9,3,5,Medium,0,0,1,3,1,6.9,7,6,Low,9117,8,0,0,0.2,-76,0,0,0,1,0,0,0,0,0,0,2026-06-23,27,27
U02669,8,34,169.7,77.5,26.9,2026-02-01,25,22,28,26,24,25.0,25.0,2.0,6,6,Heavy,1,0,0,9,4,7.0,7,1,Low,10747,9,0,0,0.1,150,0,0,1,0,0,0,0,0,0,0,2026-02-27,26,26
U02670,8,23,159.8,52.3,20.5,2026-04-07,35,36,39,34,33,36.67,35.4,2.06,7,4,Medium,0,0,1,1,2,6.4,3,7,Low,9320,2,0,0,-0.4,-537,0,0,0,1,0,0,0,0,1,1,2026-05-10,33,33
U02671,4,28,157.2,63.5,25.7,2026-05-16,31,30,31,28,31,30.67,30.2,1.17,5,6,Heavy,0,0,0,8,1,6.8,8,4,Moderate,11791,3,0,0,-0.7,356,1,0,0,0,0,0,0,0,0,0,2026-06-16,31,31
U02672,2,31,145.0,46.0,21.9,2026-06-05,27,28,29,26,28,28.0,27.6,1.02,7,5,Medium,0,0,0,4,6,6.7,3,0,Low,2560,4,0,0,1.0,146,1,0,0,0,0,0,0,0,0,0,2026-07-04,29,29
U02673,5,36,166.3,52.8,19.1,2026-06-21,34,35,31,32,34,33.33,33.2,1.47,6,3,Medium,0,1,0,8,1,5.4,9,0,Moderate,10001,7,0,1,-1.4,-143,0,0,0,0,0,0,0,0,1,0,2026-07-26,35,35
U02674,9,29,163.9,58.3,21.7,2026-03-24,30,30,30,32,32,30.0,30.8,0.98,5,5,Medium,0,0,0,3,8,7.0,5,5,Low,4401,10,1,0,0.1,318,0,0,0,0,0,0,0,0,0,0,2026-04-23,30,30
U02675,10,31,164.8,65.7,24.2,2026-02-17,34,36,32,34,33,34.0,33.8,1.33,4,7,Medium,1,0,0,10,10,4.9,3,2,High,3490,5,0,0,-1.1,-276,0,1,0,0,0,0,0,0,0,1,2026-03-23,34,34
U02676,3,29,170.1,69.4,24.0,2026-05-31,29,28,24,29,31,27.0,28.2,2.32,6,6,Medium,1,0,0,6,9,7.5,1,4,Moderate,5842,7,0,0,-1.1,-252,0,0,0,0,0,0,0,1,0,0,2026-06-30,30,30
U02677,6,25,163.5,64.2,24.0,2026-08-11,33,31,32,32,33,32.0,32.2,0.75,6,4,Medium,1,0,0,2,3,8.1,4,4,Moderate,9619,4,0,0,0.3,-677,0,0,0,0,0,0,0,0,0,1,2026-09-11,31,31
U02678,4,18,154.7,48.3,20.2,2026-03-14,32,29,32,34,31,31.0,31.6,1.62,4,6,Heavy,0,0,0,9,10,6.6,2,4,Moderate,11421,9,0,0,-0.1,-555,0,0,1,0,0,1,0,0,0,0,2026-04-16,33,33
U02679,3,36,170.2,46.9,16.2,2026-05-22,26,27,28,26,26,27.0,26.6,0.8,7,7,Medium,0,0,0,6,9,7.6,8,4,High,9587,8,0,0,0.3,385,0,0,0,0,0,0,0,0,0,0,2026-06-17,26,26
U02680,2,23,163.1,56.7,21.3,2026-05-17,36,33,34,36,35,34.33,34.8,1.17,3,6,Medium,0,0,1,9,7,6.9,8,6,High,13594,5,0,1,0.5,-254,0,1,0,1,0,0,0,0,0,0,2026-06-23,37,37
U02681,9,26,167.7,56.5,20.1,2026-04-04,28,30,29,32,27,29.0,29.2,1.72,7,4,Medium,0,0,0,10,2,8.7,6,7,Low,9353,10,0,0,-0.5,20,0,0,0,0,0,0,0,1,0,0,2026-05-02,28,28
U02682,9,24,167.7,83.0,29.5,2026-01-27,29,31,29,29,28,29.67,29.2,0.98,6,5,Medium,0,0,0,4,4,6.7,3,7,Low,12084,5,1,0,1.2,-558,0,0,0,0,0,0,0,0,0,0,2026-02-27,31,31
U02683,11,33,167.7,75.7,26.9,2026-05-04,26,23,24,29,24,24.33,25.2,2.14,3,6,Medium,0,0,0,2,2,6.9,4,7,Moderate,7781,2,0,0,-0.5,69,0,0,0,0,0,0,0,0,0,0,2026-05-31,27,27
U02684,7,20,162.9,57.1,21.5,2026-02-09,30,31,28,28,32,29.67,29.8,1.6,3,4,Light,0,0,0,10,4,7.3,1,4,Moderate,7733,4,0,0,-1.4,-594,0,0,0,0,0,0,0,0,0,0,2026-03-15,34,34
U02685,8,28,167.9,52.4,18.6,2026-01-15,26,28,27,29,23,27.0,26.6,2.06,6,6,Heavy,0,1,0,7,1,8.2,8,6,High,2545,6,0,0,1.8,-464,0,0,0,0,0,0,0,0,0,0,2026-02-11,27,27
U02686,2,26,160.9,54.1,20.9,2026-06-29,30,32,33,30,28,31.67,30.6,1.74,6,3,Medium,0,0,0,6,4,6.0,5,6,Moderate,6502,2,0,0,2.5,-35,0,0,0,0,0,1,0,0,0,0,2026-07-30,31,31
U02687,12,31,165.2,60.9,22.3,2026-05-24,28,28,27,29,31,27.67,28.6,1.36,4,6,Medium,1,0,0,2,1,6.4,3,5,High,6197,2,0,0,-1.0,-521,0,0,0,0,0,0,0,0,0,0,2026-06-22,29,29
U02688,3,28,151.7,54.8,23.8,2026-06-14,32,33,28,29,33,31.0,31.0,2.1,5,5,Medium,0,0,0,3,4,5.1,8,6,Moderate,6293,8,0,0,-2.3,-667,1,1,0,0,0,0,0,0,0,0,2026-07-12,28,28
U02689,2,22,163.6,67.2,25.1,2026-07-16,21,20,20,20,20,20.33,20.2,0.4,3,5,Light,0,0,0,5,7,6.3,1,4,High,11593,10,0,0,-0.6,-632,0,0,0,0,0,0,0,0,0,0,2026-08-05,20,20
U02690,3,33,165.5,72.6,26.5,2026-08-19,29,30,27,29,29,28.67,28.8,0.98,3,3,Medium,0,0,0,8,8,8.5,7,7,Moderate,7970,4,0,0,-1.0,-666,0,0,0,0,0,0,0,0,0,0,2026-09-18,30,30
U02691,3,36,160.4,72.3,28.1,2026-07-19,27,28,27,24,27,27.33,26.6,1.36,4,3,Medium,0,0,0,10,8,7.7,5,7,Moderate,9491,6,0,0,-0.9,-584,0,0,0,0,0,0,0,1,0,0,2026-08-17,29,29
U02692,10,29,146.2,45.5,21.3,2026-01-24,30,30,30,31,30,30.0,30.2,0.4,7,3,Medium,0,0,1,9,7,7.5,3,3,High,13220,6,0,0,0.4,-73,0,0,0,1,0,0,0,0,0,0,2026-02-27,34,34
U02693,6,34,156.8,59.7,24.3,2026-02-14,26,23,31,28,26,26.67,26.8,2.64,7,7,Medium,0,0,0,8,8,8.0,8,0,Moderate,11736,5,0,0,-2.9,-143,1,0,0,0,0,0,1,0,0,0,2026-03-12,26,26
U02694,6,28,152.1,44.9,19.4,2026-08-05,30,33,29,28,30,30.67,30.0,1.67,3,5,Heavy,0,0,1,7,1,6.9,3,6,Low,8938,5,0,0,0.3,-108,0,0,0,1,0,0,0,0,0,0,2026-09-06,32,32
U02695,11,30,167.2,80.0,28.6,2026-05-01,30,27,26,32,35,27.67,30.0,3.29,3,5,Medium,0,0,1,3,10,7.0,4,2,Moderate,13275,9,1,0,-0.7,206,0,0,0,0,0,0,0,0,0,0,2026-05-29,28,28
U02696,12,21,161.1,45.4,17.5,2026-01-22,24,24,22,25,22,23.33,23.4,1.2,6,7,Medium,0,0,0,4,8,7.7,9,7,Low,6483,4,0,0,-0.7,-187,0,0,0,0,0,0,0,0,0,0,2026-02-17,26,26
U02697,11,31,156.2,47.3,19.4,2026-03-30,29,27,30,27,27,28.67,28.0,1.26,3,6,Light,0,0,0,7,10,7.0,1,1,Moderate,5729,5,1,0,-0.8,469,0,1,0,0,0,0,0,0,0,0,2026-04-28,29,29
U02698,12,23,159.2,41.3,16.3,2026-06-21,29,32,27,30,30,29.33,29.6,1.62,5,6,Medium,0,0,0,8,5,7.9,10,0,Low,10241,3,1,1,1.2,186,0,0,0,0,0,0,0,0,0,0,2026-07-25,34,34
U02699,3,37,154.0,53.1,22.4,2026-05-01,30,27,29,31,31,28.67,29.6,1.5,4,7,Medium,1,1,0,9,4,6.7,10,6,Moderate,11018,3,1,1,0.8,-442,0,0,0,0,0,0,0,0,0,0,2026-06-01,31,31
U02700,12,25,149.8,56.5,25.2,2026-02-19,27,30,28,29,27,28.33,28.2,1.17,4,4,Medium,0,0,0,1,5,4.7,3,7,Low,13704,3,0,0,-1.1,-665,0,0,0,0,0,0,0,1,0,0,2026-03-17,26,26
U02701,7,22,152.4,57.8,24.9,2026-02-16,33,34,31,33,32,32.67,32.6,1.02,5,6,Medium,0,0,1,2,10,8.7,4,3,Low,8481,6,0,0,1.2,-210,0,0,0,1,0,0,0,1,0,0,2026-03-22,34,34
U02702,8,21,164.0,58.1,21.6,2026-01-10,34,34,34,34,32,34.0,33.6,0.8,7,3,Light,0,0,1,5,8,6.7,1,3,Low,4237,6,0,0,-0.2,-120,0,0,0,1,0,0,0,0,0,1,2026-02-15,36,36
U02703,10,18,155.7,53.3,22.0,2026-02-06,30,30,30,32,32,30.0,30.8,0.98,6,3,Light,0,0,0,2,5,6.1,8,4,Low,8857,1,0,0,-1.2,-176,0,0,0,0,0,0,0,0,0,0,2026-03-07,29,29
U02704,6,23,162.2,63.4,24.1,2026-04-08,27,24,28,28,28,26.33,27.0,1.55,6,7,Medium,0,0,0,5,5,7.5,4,3,Low,9129,10,1,1,-0.8,-580,0,0,0,0,0,1,0,0,0,0,2026-05-04,26,26
U02705,12,23,157.9,56.1,22.5,2026-04-30,27,28,27,28,27,27.33,27.4,0.49,5,6,Medium,1,0,0,6,1,8.7,1,5,High,5975,9,0,0,-0.5,275,0,0,0,0,0,0,0,0,0,0,2026-05-25,25,25
U02706,6,27,155.4,55.1,22.8,2026-01-22,30,30,28,28,34,29.33,30.0,2.19,4,4,Medium,0,0,0,2,4,5.7,1,1,High,2710,1,0,0,0.5,-302,0,0,0,0,0,0,0,0,0,0,2026-02-21,30,30
U02707,8,18,150.8,46.6,20.5,2026-05-15,32,31,31,34,33,31.33,32.2,1.17,3,3,Medium,0,0,0,5,10,7.0,6,5,Low,4819,4,0,0,0.7,-109,0,1,0,0,0,0,0,0,0,0,2026-06-14,30,30
U02708,5,23,167.5,58.6,20.9,2026-02-09,27,25,29,27,25,27.0,26.6,1.5,6,5,Light,0,0,0,7,2,8.0,8,3,High,5952,7,0,0,1.8,-464,0,1,0,0,0,0,0,0,0,0,2026-03-11,30,30
U02709,12,38,151.3,58.4,25.5,2026-04-14,24,26,24,24,22,24.67,24.0,1.26,3,6,Heavy,0,1,0,10,10,6.9,5,1,Moderate,4774,1,0,1,-0.5,-33,0,0,0,0,0,0,0,0,0,0,2026-05-11,27,27
U02710,7,23,158.0,39.9,16.0,2026-04-16,30,32,31,32,32,31.0,31.4,0.8,7,7,Medium,0,0,0,4,7,4.7,4,1,Low,3395,10,0,0,0.9,294,0,0,0,0,0,1,0,0,0,0,2026-05-14,28,28
U02711,10,38,172.2,65.5,22.1,2026-01-20,28,25,28,27,25,27.0,26.6,1.36,6,5,Medium,0,0,0,8,9,8.7,8,3,Moderate,10594,5,0,0,-1.9,-419,0,0,0,0,0,0,1,0,0,0,2026-02-19,30,30
U02712,3,36,160.8,50.4,19.5,2026-02-12,28,27,28,31,28,27.67,28.4,1.36,5,3,Light,0,0,0,6,3,9.7,7,1,Moderate,12614,6,0,0,-0.7,477,1,0,0,0,0,0,0,0,0,0,2026-03-14,30,30
U02713,6,19,163.2,50.6,19.0,2026-05-04,25,26,27,28,26,26.0,26.4,1.02,6,6,Medium,0,0,0,10,3,7.3,5,5,Low,12391,4,0,0,0.3,-370,1,1,0,0,0,0,0,1,0,0,2026-06-01,28,28
U02714,9,26,161.3,62.7,24.1,2026-07-27,32,34,32,35,34,32.67,33.4,1.2,7,6,Medium,0,0,0,2,4,7.0,3,2,Moderate,6215,9,0,0,0.3,73,0,0,1,0,1,0,0,0,0,0,2026-08-28,32,32
U02715,3,18,163.2,60.7,22.8,2026-03-24,30,28,34,29,30,30.67,30.2,2.04,4,3,Medium,0,0,0,4,1,5.0,5,3,Moderate,3301,8,0,0,-0.3,-161,1,0,0,0,0,0,0,1,0,0,2026-04-24,31,31
U02716,5,26,166.0,63.1,22.9,2026-01-18,33,35,31,30,32,33.0,32.2,1.72,7,7,Heavy,0,0,1,1,5,5.1,4,1,Moderate,12131,9,0,0,-0.7,-48,1,0,0,1,0,0,0,1,0,0,2026-02-20,33,33
U02717,11,27,160.1,54.1,21.1,2026-06-11,27,26,29,29,30,27.33,28.2,1.47,4,4,Medium,0,0,0,2,6,6.6,5,5,Moderate,4020,8,0,0,-0.6,-178,1,0,1,0,0,0,0,0,0,0,2026-07-10,29,29
U02718,2,35,166.9,49.6,17.8,2026-02-22,30,31,29,30,33,30.0,30.6,1.36,3,3,Medium,0,0,1,3,2,9.3,1,5,High,6415,8,0,0,-0.0,361,0,0,0,1,0,0,0,0,0,0,2026-03-22,28,28
U02719,10,26,147.5,45.9,21.1,2026-07-08,32,35,30,29,37,32.33,32.6,3.01,3,6,Medium,0,0,1,7,6,5.0,8,5,Moderate,8514,6,0,0,1.2,-309,1,0,1,0,0,0,0,0,0,0,2026-08-10,33,33
U02720,8,35,158.2,46.1,18.4,2026-04-02,23,25,24,22,25,24.0,23.8,1.17,3,6,Medium,0,0,0,1,6,7.5,6,7,Moderate,11116,7,0,0,-1.2,284,0,0,0,0,0,0,0,0,0,1,2026-04-26,24,24
U02721,11,29,156.8,41.6,16.9,2026-04-10,30,31,28,32,31,29.67,30.4,1.36,6,5,Medium,0,0,0,3,7,8.3,5,3,High,6277,10,0,0,2.2,402,0,0,0,0,0,0,0,0,0,0,2026-05-10,30,30
U02722,3,34,159.4,54.1,21.3,2026-04-12,32,30,30,30,28,30.67,30.0,1.26,3,3,Light,0,0,0,5,6,5.6,2,7,Moderate,6479,9,0,0,-0.8,482,1,0,1,0,0,0,0,0,0,0,2026-05-13,31,31
U02723,4,25,157.8,56.8,22.8,2026-03-21,31,32,31,30,28,31.33,30.4,1.36,6,5,Light,0,1,0,7,9,5.8,6,6,Moderate,2505,4,0,0,-0.8,-525,0,0,0,0,0,0,0,0,0,0,2026-04-22,32,32
U02724,9,31,154.6,59.5,24.9,2026-04-09,27,32,28,32,29,29.0,29.6,2.06,6,5,Light,0,0,0,9,4,7.6,10,5,Low,5753,3,0,0,-0.6,500,0,0,1,0,0,0,0,0,0,0,2026-05-06,27,27
U02725,7,18,158.0,65.2,26.1,2026-05-08,28,30,26,26,29,28.0,27.8,1.6,4,5,Light,0,0,0,7,8,8.4,8,1,High,12942,8,0,0,-0.6,220,0,0,1,0,0,0,0,0,0,0,2026-06-05,28,28
U02726,7,19,156.4,57.2,23.4,2026-07-03,31,30,29,32,32,30.0,30.8,1.17,3,5,Light,0,0,0,3,9,8.3,2,3,Moderate,3963,9,0,0,-1.0,-114,0,0,0,0,0,0,0,0,0,0,2026-08-04,32,32
U02727,2,34,164.8,68.7,25.3,2026-01-07,25,24,22,25,24,23.67,24.0,1.1,3,4,Medium,0,0,0,6,10,6.3,4,4,Low,9440,2,0,0,-0.7,-230,0,0,0,0,0,0,0,1,0,0,2026-02-04,28,28
U02728,11,37,164.5,50.9,18.8,2026-04-03,27,26,23,29,28,25.33,26.6,2.06,3,4,Medium,0,0,0,10,6,6.7,1,7,High,9182,8,0,0,-1.8,-592,0,0,0,0,0,0,0,0,0,0,2026-05-02,29,29
U02729,9,19,157.9,53.4,21.4,2026-01-08,29,26,27,28,30,27.33,28.0,1.41,6,3,Medium,0,0,0,9,7,8.4,5,0,High,7192,5,0,0,-0.1,-240,0,0,0,0,0,0,0,0,0,0,2026-02-09,32,32
U02730,4,32,156.4,58.0,23.7,2026-08-09,30,30,31,30,29,30.33,30.0,0.63,7,7,Light,0,0,1,5,9,7.9,4,2,High,4878,5,0,0,-1.1,-406,0,0,0,1,0,0,0,0,0,0,2026-09-08,30,30
U02731,12,20,161.0,54.7,21.1,2026-04-20,31,30,31,33,29,30.67,30.8,1.33,5,4,Light,0,0,0,1,6,5.7,6,6,High,5911,5,0,0,-0.5,-413,0,0,0,0,0,0,0,0,0,0,2026-05-19,29,29
U02732,4,39,165.8,52.5,19.1,2026-02-01,36,37,34,37,37,35.67,36.2,1.17,5,5,Light,0,0,0,9,7,7.4,8,2,Low,3609,10,0,0,0.1,-686,1,1,1,0,0,0,0,0,0,0,2026-03-08,35,35
U02733,12,19,161.7,61.4,23.5,2026-02-19,27,32,27,27,27,28.67,28.0,2.0,4,3,Light,0,0,0,1,1,7.0,2,4,Low,4661,4,0,0,1.4,196,0,0,0,0,0,0,0,0,0,0,2026-03-15,24,24
U02734,5,22,158.0,64.2,25.7,2026-04-10,28,28,30,29,29,28.67,28.8,0.75,4,5,Medium,0,0,0,2,4,7.8,1,1,Low,5545,2,0,0,-2.2,140,0,1,0,0,0,0,0,0,0,0,2026-05-11,31,31
U02735,3,36,161.9,77.3,29.5,2026-01-28,28,28,30,24,29,28.67,27.8,2.04,3,4,Medium,0,0,1,4,2,6.9,2,7,Moderate,7562,10,0,0,-0.6,318,1,0,0,1,0,0,0,0,0,0,2026-02-27,30,30
U02736,11,20,154.2,41.8,17.6,2026-05-26,31,32,33,31,28,32.0,31.0,1.67,4,5,Heavy,0,0,1,7,3,6.6,9,5,High,10208,2,0,0,-0.0,382,0,1,0,1,0,0,0,1,0,0,2026-06-28,33,33
U02737,3,21,167.4,68.7,24.5,2026-07-29,32,30,32,31,33,31.33,31.6,1.02,5,6,Medium,1,0,1,2,9,6.4,9,1,High,2370,3,0,0,-1.6,362,1,0,0,1,0,0,0,0,0,0,2026-08-29,31,31
U02738,11,38,155.3,67.8,28.1,2026-07-17,30,27,29,29,31,28.67,29.2,1.33,5,7,Medium,0,0,0,1,4,5.4,3,4,High,10570,5,0,0,2.8,-565,0,0,0,0,0,0,0,0,0,0,2026-08-18,32,32
U02739,4,19,167.0,80.6,28.9,2026-01-10,30,29,29,31,31,29.33,30.0,0.89,4,5,Light,0,1,0,8,1,8.9,7,4,Low,6370,10,0,0,0.6,-439,0,0,0,0,0,0,0,0,0,0,2026-02-09,30,30
U02740,9,25,164.4,57.3,21.2,2026-06-03,28,27,27,31,29,27.33,28.4,1.5,3,3,Light,0,0,0,7,4,7.3,4,2,Moderate,11126,1,0,0,-0.0,-382,1,0,0,0,0,1,0,0,0,0,2026-07-03,30,30
U02741,6,38,163.4,57.9,21.7,2026-03-31,30,27,27,30,30,28.0,28.8,1.47,5,3,Heavy,0,0,0,2,8,6.2,10,2,Moderate,4364,4,0,0,0.8,197,0,0,0,0,0,0,0,0,0,0,2026-05-01,31,31
U02742,12,40,165.5,48.2,17.6,2026-04-20,35,34,35,36,37,34.67,35.4,1.02,7,3,Medium,0,0,0,10,1,7.2,9,3,Moderate,5408,4,0,0,-1.2,-509,0,1,0,0,0,0,0,0,0,0,2026-05-28,38,38
U02743,6,20,152.2,40.3,17.4,2026-03-17,31,34,30,29,29,31.67,30.6,1.85,6,5,Medium,0,0,0,8,1,8.0,2,6,Low,12155,1,0,1,1.5,-268,0,0,0,0,1,0,0,0,1,0,2026-04-19,33,33
U02744,4,35,169.1,59.8,20.9,2026-02-28,29,32,26,31,28,29.0,29.2,2.14,7,7,Heavy,0,0,0,2,9,7.0,7,4,Moderate,7993,6,0,0,0.1,-545,0,0,0,0,0,0,0,0,0,0,2026-03-28,28,28
U02745,2,39,166.8,60.1,21.6,2026-05-04,28,26,29,32,31,27.67,29.2,2.14,7,7,Medium,0,1,0,8,1,6.7,4,1,High,13957,6,0,0,1.2,-245,0,0,0,0,0,0,0,1,0,0,2026-06-02,29,29
U02746,3,23,176.5,54.5,17.5,2026-05-07,30,29,31,32,33,30.0,31.0,1.41,7,6,Heavy,0,0,0,3,1,7.1,3,2,Moderate,6584,7,0,0,-1.1,319,0,0,0,0,0,0,0,0,0,0,2026-06-04,28,28
U02747,10,29,156.0,51.6,21.2,2026-07-07,29,28,30,28,27,29.0,28.4,1.02,7,4,Medium,0,0,0,4,1,4.0,4,1,Moderate,5321,8,0,0,0.4,-462,0,0,0,0,0,0,0,0,0,0,2026-08-05,29,29
U02748,5,32,162.0,57.2,21.8,2026-04-19,30,36,32,30,29,32.67,31.4,2.5,3,5,Light,0,1,0,7,8,6.8,7,2,Moderate,4472,3,0,0,0.7,447,0,1,0,0,0,0,0,0,0,0,2026-05-19,30,30
U02749,7,26,165.5,71.8,26.2,2026-01-01,27,29,23,28,28,26.33,27.0,2.1,7,4,Heavy,0,1,0,6,2,7.9,3,3,Moderate,12608,6,0,1,0.9,-70,1,0,1,0,0,0,0,0,0,0,2026-01-30,29,29
U02750,5,25,155.8,57.8,23.8,2026-04-25,34,36,37,37,35,35.67,35.8,1.17,6,5,Heavy,0,0,1,6,4,7.5,4,4,Moderate,9995,9,0,0,-0.6,-295,0,1,0,1,0,0,0,0,0,0,2026-05-27,32,32
U02751,3,26,157.2,44.5,18.0,2026-01-11,30,31,31,31,30,30.67,30.6,0.49,5,6,Light,0,0,0,9,7,8.7,3,1,Moderate,12978,4,0,0,0.0,-530,0,0,0,0,0,0,0,0,0,0,2026-02-13,33,33
U02752,12,36,163.6,58.9,22.0,2026-04-16,29,31,32,32,26,30.67,30.0,2.28,4,7,Light,0,0,0,5,1,7.0,2,6,Low,13308,3,0,0,-1.0,-215,0,1,0,0,0,0,0,0,0,0,2026-05-14,28,28
U02753,2,18,168.8,63.8,22.4,2026-07-22,25,28,25,24,26,26.0,25.6,1.36,3,7,Medium,0,0,0,4,1,4.0,9,1,Moderate,2505,6,0,0,-0.8,-553,0,0,0,0,0,0,0,0,0,1,2026-08-15,24,24
U02754,11,32,162.3,61.9,23.5,2026-01-10,32,35,34,34,31,33.67,33.2,1.47,5,6,Medium,0,0,0,8,4,6.4,10,0,Low,5098,8,0,0,0.4,430,0,0,0,0,1,0,0,0,0,0,2026-02-12,33,33
U02755,5,30,175.9,59.4,19.2,2026-05-03,29,30,29,31,29,29.33,29.6,0.8,3,3,Light,0,0,0,5,5,7.5,5,7,Low,7455,8,0,0,0.0,-469,0,0,0,0,0,0,0,1,0,0,2026-06-03,31,31
U02756,4,34,164.0,54.3,20.2,2026-08-24,25,26,26,25,26,25.67,25.6,0.49,5,6,Medium,0,0,0,2,8,8.2,2,2,High,4960,1,0,0,0.7,231,0,0,0,0,0,0,0,0,0,0,2026-09-20,27,27
U02757,10,34,159.6,49.7,19.5,2026-05-10,26,28,21,23,28,25.0,25.2,2.79,4,3,Heavy,0,0,0,3,3,6.6,2,1,Moderate,8801,7,0,0,0.2,86,0,0,0,0,0,0,0,0,0,0,2026-06-07,28,28
U02758,9,24,148.1,37.9,17.3,2026-07-29,24,25,28,22,23,25.67,24.4,2.06,4,6,Light,0,0,0,3,5,6.3,8,4,Moderate,6887,3,0,0,0.1,-401,0,0,0,0,0,0,0,0,0,0,2026-08-22,24,24
U02759,10,28,161.2,47.3,18.2,2026-03-03,28,27,25,27,28,26.67,27.0,1.1,4,3,Light,0,0,0,9,3,7.7,10,4,Moderate,5041,9,0,0,0.4,-34,0,0,0,0,0,0,0,0,0,0,2026-04-04,32,32
U02760,9,18,152.3,42.7,18.4,2026-07-20,25,24,25,24,22,24.67,24.0,1.1,5,4,Heavy,0,0,0,3,3,5.0,10,6,Low,5792,2,0,0,-2.9,378,0,0,0,0,0,0,0,0,0,0,2026-08-14,25,25
U02761,4,28,167.0,62.5,22.4,2026-06-14,28,29,31,29,29,29.33,29.2,0.98,3,5,Light,0,0,0,5,2,8.8,10,5,High,3967,2,0,0,0.8,128,0,1,0,0,0,0,0,0,0,0,2026-07-13,29,29
U02762,12,27,171.5,72.4,24.6,2026-01-24,31,30,33,32,32,31.33,31.6,1.02,6,5,Medium,0,0,0,6,2,5.3,4,0,Low,11680,6,0,0,-0.3,-299,0,0,0,0,0,0,0,1,0,1,2026-02-24,31,31
U02763,4,36,164.3,63.2,23.4,2026-01-16,31,31,28,31,34,30.0,31.0,1.9,3,7,Medium,0,0,0,3,2,6.8,2,4,Moderate,2312,3,0,0,2.1,-26,0,0,1,0,0,0,0,0,0,0,2026-02-16,31,31
U02764,6,34,159.8,63.6,24.9,2026-04-04,25,25,23,27,24,24.33,24.8,1.33,7,4,Light,0,0,0,3,10,6.4,2,4,Low,10263,3,0,1,0.3,40,0,0,0,0,0,0,0,0,0,0,2026-04-27,23,23
U02765,3,26,155.5,63.6,26.3,2026-06-21,30,31,29,31,28,30.0,29.8,1.17,7,7,Light,0,0,0,2,7,8.5,8,0,Low,6373,1,0,0,-1.6,-190,0,1,1,0,0,0,0,1,0,0,2026-07-21,30,30
U02766,11,38,163.7,69.7,26.0,2026-06-06,33,36,34,34,32,34.33,33.8,1.33,5,3,Medium,0,0,1,1,4,6.6,8,3,Moderate,10106,1,1,0,-0.8,-656,0,0,1,1,1,0,0,0,0,0,2026-07-05,29,29
U02767,2,29,163.2,66.1,24.8,2026-01-24,30,28,30,27,34,29.33,29.8,2.4,4,6,Heavy,1,0,0,10,4,7.1,2,4,Moderate,6420,7,0,0,0.0,-250,1,1,0,0,1,0,0,0,0,0,2026-02-23,30,30
U02768,2,25,165.8,68.2,24.8,2026-03-27,29,28,30,33,29,29.0,29.8,1.72,6,4,Medium,1,0,0,2,7,6.1,7,3,Low,12861,7,0,0,1.3,-245,0,0,0,0,0,0,0,0,1,0,2026-04-24,28,28
U02769,4,32,159.4,58.4,23.0,2026-07-14,28,28,27,27,27,27.67,27.4,0.49,5,7,Heavy,0,1,0,9,2,6.6,6,5,Moderate,6145,4,0,0,0.7,90,1,0,0,0,0,0,0,0,0,0,2026-08-10,27,27
U02770,8,28,146.9,47.7,22.1,2026-01-18,29,29,29,28,30,29.0,29.0,0.63,4,5,Medium,0,0,0,6,4,5.7,6,1,Moderate,10142,10,0,0,-0.3,186,1,0,0,0,0,0,0,0,0,1,2026-02-16,29,29
U02771,4,40,157.1,52.8,21.4,2026-03-06,29,25,27,30,28,27.0,27.8,1.72,7,3,Heavy,0,0,0,10,1,7.9,6,2,High,8416,5,1,0,0.1,-644,0,0,0,0,0,0,0,0,0,0,2026-04-06,31,31
U02772,12,38,165.4,60.5,22.1,2026-06-19,36,34,38,38,39,36.0,37.0,1.79,5,5,Medium,0,0,1,3,4,6.1,8,4,Moderate,2065,8,0,0,-0.9,269,0,0,0,1,0,0,0,0,0,0,2026-07-25,36,36
U02773,5,18,164.2,46.4,17.2,2026-08-04,28,28,27,29,29,27.67,28.2,0.75,4,5,Light,0,0,0,6,3,6.6,1,3,Moderate,9994,7,0,0,-0.2,167,0,0,0,0,0,0,1,0,0,0,2026-09-03,30,30
U02774,7,23,151.7,49.9,21.7,2026-03-31,36,37,36,40,36,36.33,37.0,1.55,3,6,Medium,0,0,1,8,7,6.6,1,7,Moderate,4301,10,0,0,0.4,-448,0,0,0,1,0,0,0,1,0,0,2026-05-07,37,37
U02775,9,27,172.1,69.6,23.5,2026-07-08,29,28,27,28,27,28.0,27.8,0.75,7,4,Medium,0,0,0,5,5,7.3,7,0,Low,3219,9,1,0,1.4,-558,0,0,1,0,0,0,0,0,0,0,2026-08-06,29,29
U02776,10,33,165.1,58.6,21.5,2026-04-25,29,30,29,31,27,29.33,29.2,1.33,4,7,Medium,0,0,0,7,9,6.4,4,6,Low,8456,4,0,0,0.6,-266,0,0,1,0,0,0,0,0,0,1,2026-05-24,29,29
U02777,2,32,154.7,51.2,21.4,2026-01-17,31,33,32,31,31,32.0,31.6,0.8,6,5,Light,0,0,0,8,10,5.3,6,3,Moderate,13123,3,0,0,-1.3,-608,0,0,0,0,0,0,0,0,0,0,2026-02-18,32,32
U02778,5,38,162.4,62.2,23.6,2026-06-26,24,22,24,23,24,23.33,23.4,0.8,3,6,Light,1,1,0,4,7,8.8,2,3,Moderate,9520,1,0,0,-0.4,-283,0,0,0,0,0,0,0,0,0,0,2026-07-23,27,27
U02779,3,21,156.4,70.0,28.6,2026-04-19,29,31,29,27,29,29.67,29.0,1.26,5,6,Light,0,0,0,7,5,8.2,3,1,Low,12811,3,0,0,-1.4,-310,0,0,1,0,0,0,0,0,0,0,2026-05-18,29,29
U02780,2,32,164.3,45.6,16.9,2026-02-01,32,31,32,32,33,31.67,32.0,0.63,6,3,Heavy,0,1,0,9,1,8.3,6,2,High,12418,8,0,0,1.6,382,0,0,0,0,0,0,0,1,0,1,2026-03-06,33,33
U02781,7,38,172.5,81.5,27.4,2026-07-10,30,30,31,31,31,30.33,30.6,0.49,7,7,Medium,1,0,1,8,5,5.4,9,1,Moderate,7347,1,1,0,0.2,-429,0,1,1,1,0,0,0,0,0,0,2026-08-11,32,32
U02782,3,20,169.5,74.1,25.8,2026-03-03,27,32,29,27,24,29.33,27.8,2.64,4,7,Light,0,0,0,3,10,6.5,9,0,High,4263,9,0,0,2.3,389,0,0,0,0,0,0,0,0,0,0,2026-03-27,24,24
U02783,2,33,166.0,61.2,22.2,2026-03-24,29,29,28,30,30,28.67,29.2,0.75,4,4,Medium,0,0,0,4,2,8.9,4,5,Moderate,4942,2,0,0,-1.1,-63,0,0,0,0,0,0,0,0,0,0,2026-04-19,26,26
U02784,10,33,164.7,74.1,27.3,2026-03-29,27,27,27,24,26,27.0,26.2,1.17,5,7,Medium,0,0,0,6,2,7.1,5,6,High,12232,5,0,0,-0.3,467,0,0,0,0,0,0,0,0,0,0,2026-04-27,29,29
U02785,11,18,169.4,71.7,25.0,2026-02-06,30,32,27,30,27,29.67,29.2,1.94,4,7,Light,0,0,0,9,5,5.9,9,2,Moderate,2595,9,0,0,0.5,-353,0,0,0,0,0,0,0,1,0,0,2026-03-08,30,30
U02786,3,18,160.2,59.3,23.1,2026-05-25,31,33,30,31,30,31.33,31.0,1.1,6,6,Medium,0,0,1,5,10,7.0,9,3,High,11221,6,0,0,-1.8,344,0,0,1,1,0,0,0,0,0,0,2026-06-23,29,29
U02787,2,19,158.0,67.9,27.2,2026-04-23,30,30,30,30,27,30.0,29.4,1.2,5,7,Medium,0,0,0,6,3,7.1,1,2,Low,6010,4,0,0,1.0,356,0,1,1,0,0,0,0,0,0,0,2026-05-22,29,29
U02788,7,24,160.0,51.2,20.0,2026-06-06,30,28,30,32,31,29.33,30.2,1.33,7,7,Medium,0,0,0,10,2,9.6,8,7,Low,11691,4,0,0,-0.2,-671,0,0,1,0,0,1,0,0,0,0,2026-07-07,31,31
U02789,7,33,156.6,52.0,21.2,2026-02-11,28,30,27,27,31,28.33,28.6,1.62,4,4,Medium,0,0,0,6,8,6.4,3,3,Low,6404,6,0,1,1.0,47,0,0,0,0,0,0,0,0,1,0,2026-03-11,28,28
U02790,8,38,161.5,73.6,28.2,2026-02-26,29,29,27,28,32,28.33,29.0,1.67,3,6,Medium,0,0,0,6,10,8.1,6,7,Low,10070,2,0,0,-0.5,-190,0,0,0,0,0,0,0,0,0,0,2026-03-29,31,31
U02791,5,33,155.7,60.6,25.0,2026-05-24,25,26,25,23,22,25.33,24.2,1.47,7,6,Medium,0,0,0,7,5,5.4,7,3,Low,4052,1,1,0,-0.1,-689,0,0,1,0,0,1,0,0,0,0,2026-06-17,24,24
U02792,2,34,157.4,39.6,16.0,2026-02-12,29,26,30,27,28,28.33,28.0,1.41,5,7,Light,0,0,0,8,9,6.1,9,6,Low,2137,2,0,0,-0.6,370,1,0,0,0,0,0,0,0,1,0,2026-03-13,29,29
U02793,6,27,164.5,59.8,22.1,2026-01-27,32,32,28,34,32,30.67,31.6,1.96,7,6,Medium,0,0,1,8,6,6.1,10,2,High,7678,7,0,0,1.8,-379,0,1,1,1,0,0,0,1,0,0,2026-02-27,31,31
U02794,4,22,165.3,45.1,16.5,2026-01-22,28,28,27,29,27,27.67,27.8,0.75,6,3,Light,0,0,0,10,3,9.8,4,1,High,9809,3,1,0,1.1,41,0,0,1,0,0,1,0,0,1,0,2026-02-20,29,29
U02795,11,30,157.3,61.6,24.9,2026-05-12,30,29,31,34,31,30.0,31.0,1.67,5,4,Medium,0,0,0,7,10,6.8,3,3,Low,5715,8,0,0,1.9,19,0,0,0,0,0,0,1,0,0,0,2026-06-13,32,32
U02796,9,33,159.1,66.3,26.2,2026-05-24,26,25,27,24,26,26.0,25.6,1.02,4,7,Medium,0,0,0,10,4,6.7,1,3,Low,9987,1,0,0,1.9,255,0,0,0,0,0,1,0,0,0,0,2026-06-22,29,29
U02797,10,37,166.4,68.7,24.8,2026-02-28,26,22,28,29,28,25.33,26.6,2.5,5,4,Light,0,0,0,5,7,7.1,9,6,Low,8215,6,0,0,-0.8,458,0,1,0,0,0,0,0,0,0,0,2026-03-26,26,26
U02798,2,31,163.3,48.3,18.1,2026-02-12,30,27,30,30,27,29.0,28.8,1.47,3,3,Light,0,0,0,8,3,5.8,8,7,High,11695,2,0,0,0.2,-346,1,0,1,0,0,0,0,0,0,0,2026-03-15,31,31
U02799,4,40,151.2,53.3,23.3,2026-06-12,30,29,31,30,29,30.0,29.8,0.75,7,6,Medium,0,0,0,10,2,5.2,9,1,Low,8287,7,0,0,-0.5,168,0,0,0,0,1,0,0,0,0,0,2026-07-11,29,29
U02800,8,36,153.3,50.3,21.4,2026-05-05,31,32,30,31,30,31.0,30.8,0.75,6,6,Light,0,0,0,1,8,5.5,5,7,Low,2587,8,0,1,1.5,352,0,0,1,0,0,0,0,0,0,0,2026-06-02,28,28
U02801,11,39,156.4,70.7,28.9,2026-08-15,29,33,30,28,30,30.67,30.0,1.67,3,4,Medium,0,0,0,2,10,7.7,4,7,Moderate,10195,9,0,0,0.5,-383,0,0,0,0,0,0,0,0,0,0,2026-09-14,30,30
U02802,8,33,153.6,52.4,22.2,2026-06-26,29,31,28,31,29,29.33,29.6,1.2,7,5,Light,0,0,0,4,2,6.6,8,7,Moderate,4706,4,0,0,-0.9,-382,1,0,0,0,0,0,0,0,0,1,2026-07-25,29,29
U02803,11,23,161.7,48.6,18.6,2026-03-16,28,30,28,28,28,28.67,28.4,0.8,4,6,Heavy,0,0,0,8,4,6.8,9,5,Moderate,4973,6,0,0,-2.6,322,0,0,0,0,0,0,0,0,0,0,2026-04-11,26,26
U02804,11,36,172.7,59.7,20.0,2026-05-01,36,35,35,34,34,35.33,34.8,0.75,7,5,Light,0,1,0,6,10,7.4,10,2,Moderate,11929,9,0,1,-0.3,29,1,0,0,0,0,0,1,0,0,0,2026-06-09,39,39
U02805,12,32,152.8,73.8,31.6,2026-03-15,31,31,32,28,28,31.33,30.0,1.67,6,6,Medium,0,0,0,9,5,6.4,3,5,Moderate,11044,3,0,1,-0.9,395,1,0,0,0,0,0,0,0,0,0,2026-04-16,32,32
U02806,8,34,164.5,75.5,27.9,2026-01-22,31,33,29,32,31,31.0,31.2,1.33,3,7,Light,0,0,1,5,1,8.7,2,1,Low,8690,1,0,0,1.4,314,0,0,0,1,0,0,1,0,0,1,2026-02-23,32,32
U02807,12,24,158.1,64.7,25.9,2026-08-09,30,30,33,31,29,31.0,30.6,1.36,5,7,Light,0,1,0,3,10,6.2,8,6,Moderate,10806,4,0,1,0.5,-368,0,0,0,0,0,0,0,0,0,0,2026-09-07,29,29
U02808,4,19,168.0,62.7,22.2,2026-08-15,29,29,31,28,28,29.67,29.0,1.1,3,4,Medium,0,0,0,4,9,7.7,10,0,Moderate,12298,5,0,0,-1.2,447,0,1,1,0,0,0,0,0,0,0,2026-09-15,31,31
U02809,5,40,152.1,38.6,16.7,2026-03-18,29,30,27,30,26,28.67,28.4,1.62,7,7,Light,0,0,0,10,2,6.1,9,4,Low,10577,1,1,0,-0.9,-532,0,0,0,0,0,0,0,0,0,0,2026-04-18,31,31
U02810,3,28,155.6,47.2,19.5,2026-07-29,29,29,31,29,29,29.67,29.4,0.8,3,5,Medium,0,0,0,1,1,5.3,7,3,High,12387,6,0,1,0.0,401,0,0,0,0,0,0,0,0,0,0,2026-08-25,27,27
U02811,10,31,160.7,57.1,22.1,2026-06-21,28,26,30,28,28,28.0,28.0,1.26,5,4,Light,1,0,0,7,5,7.9,8,3,Moderate,4951,2,0,0,1.8,-260,1,0,0,0,0,0,0,0,0,0,2026-07-20,29,29
U02812,5,19,165.1,60.2,22.1,2026-07-13,30,31,31,31,35,30.67,31.6,1.74,5,3,Medium,0,0,0,5,3,6.3,4,3,Moderate,11092,5,0,0,0.5,370,0,1,0,0,0,0,0,0,0,0,2026-08-11,29,29
U02813,11,37,158.4,57.0,22.7,2026-07-12,31,32,33,31,31,32.0,31.6,0.8,3,6,Light,0,0,0,2,2,5.2,7,2,Moderate,5510,4,0,1,0.1,296,0,0,0,0,0,1,1,0,0,0,2026-08-14,33,33
U02814,9,24,158.1,56.0,22.4,2026-04-28,28,28,30,29,24,28.67,27.8,2.04,6,5,Medium,0,1,0,6,9,7.2,4,6,Low,4472,8,0,0,-1.3,-283,0,0,1,0,0,0,0,0,0,0,2026-05-25,27,27
U02815,7,18,165.3,68.6,25.1,2026-05-08,30,29,28,31,28,29.0,29.2,1.17,3,5,Medium,0,0,0,3,8,6.5,3,0,High,2199,8,1,0,-1.3,155,0,0,1,0,0,0,0,0,0,0,2026-06-05,28,28
U02816,10,24,150.2,45.3,20.1,2026-06-03,31,32,30,31,32,31.0,31.2,0.75,3,3,Medium,0,0,0,10,4,7.3,1,2,Moderate,9356,9,0,0,1.3,109,0,0,0,0,0,0,0,1,0,0,2026-07-07,34,34
U02817,3,21,157.4,49.5,20.0,2026-07-07,26,24,25,26,26,25.0,25.4,0.8,7,5,Medium,0,0,0,1,5,6.4,2,2,Moderate,11421,7,0,0,-0.8,-249,0,0,0,0,0,0,0,0,0,0,2026-07-30,23,23
U02818,12,28,162.1,54.9,20.9,2026-03-18,32,31,32,34,30,31.67,31.8,1.33,7,5,Medium,0,0,0,7,6,5.3,2,5,Moderate,12359,10,0,0,-1.5,64,1,0,0,0,0,0,0,0,0,0,2026-04-21,34,34
U02819,11,33,161.2,60.0,23.1,2026-05-01,29,25,30,30,29,28.0,28.6,1.85,6,3,Medium,0,0,0,9,3,6.6,6,3,Moderate,11210,10,1,0,1.6,234,0,0,0,0,0,0,0,0,0,0,2026-05-28,27,27
U02820,5,25,160.4,55.1,21.4,2026-02-10,27,27,27,26,26,27.0,26.6,0.49,5,5,Medium,0,0,0,7,10,6.0,6,7,Low,11914,10,0,0,0.5,138,0,1,0,0,0,0,0,0,0,0,2026-03-11,29,29
U02821,2,22,161.0,66.9,25.8,2026-05-16,29,32,29,33,27,30.0,30.0,2.19,7,5,Light,0,0,0,2,3,6.7,8,0,Moderate,13398,2,0,0,0.1,-587,0,0,0,0,0,0,0,1,0,0,2026-06-14,29,29
U02822,3,23,163.0,44.9,16.9,2026-06-25,28,26,25,29,27,26.33,27.0,1.41,6,6,Heavy,0,1,0,6,1,7.0,2,1,High,7445,1,0,1,-0.5,-640,0,0,0,0,0,0,0,0,1,0,2026-07-21,26,26
U02823,3,21,152.4,52.3,22.5,2026-04-05,33,33,35,30,34,33.67,33.0,1.67,6,6,Medium,1,0,0,8,8,7.8,4,7,Low,12157,9,1,0,-1.1,-530,0,1,0,0,0,1,0,0,0,0,2026-05-08,33,33
U02824,2,37,151.5,62.0,27.0,2026-08-19,29,28,25,29,28,27.33,27.8,1.47,3,3,Medium,0,0,0,10,3,6.1,1,5,Moderate,2666,8,0,0,-1.3,495,0,1,0,0,0,0,0,0,0,0,2026-09-16,28,28
U02825,10,29,159.8,62.3,24.4,2026-07-07,23,26,22,22,21,23.67,22.8,1.72,7,7,Medium,0,0,0,5,6,7.1,1,5,Moderate,7988,4,0,1,0.7,106,0,0,0,0,0,0,0,0,0,0,2026-07-30,23,23
U02826,9,19,153.5,60.3,25.6,2026-05-17,27,26,25,28,25,26.0,26.2,1.17,5,3,Medium,0,0,0,6,4,6.1,5,0,Low,10134,5,0,0,-1.2,-356,0,0,0,0,0,0,0,1,0,0,2026-06-12,26,26
U02827,5,27,162.2,45.5,17.3,2026-07-27,29,27,25,30,31,27.0,28.4,2.15,7,6,Light,0,0,0,2,6,6.2,10,5,Low,9630,4,0,0,0.0,-427,1,1,1,0,0,0,0,0,0,0,2026-08-24,28,28
U02828,5,28,156.2,56.1,23.0,2026-01-03,30,31,28,29,26,29.67,28.8,1.72,3,5,Medium,0,0,0,7,7,5.9,10,4,Moderate,8407,7,0,0,-1.8,-443,0,0,0,0,0,0,0,0,0,0,2026-02-05,33,33
U02829,9,34,150.1,59.0,26.2,2026-07-21,28,28,31,27,32,29.0,29.2,1.94,7,4,Medium,0,0,0,5,4,4.9,2,3,Low,11163,10,0,0,-0.6,309,0,0,0,0,0,0,0,0,0,0,2026-08-17,27,27
U02830,8,32,157.7,56.7,22.8,2026-06-19,27,29,26,27,28,27.33,27.4,1.02,7,5,Heavy,0,0,0,5,4,6.3,6,7,Moderate,3473,10,0,0,0.7,-589,0,0,0,0,0,0,0,0,0,0,2026-07-16,27,27
U02831,10,34,157.8,54.5,21.9,2026-02-28,32,31,31,34,33,31.33,32.2,1.17,6,7,Medium,0,0,0,10,3,4.7,3,0,Moderate,10031,1,0,0,-1.5,-460,0,1,0,0,0,0,0,0,0,0,2026-04-04,35,35
U02832,11,22,158.6,73.7,29.3,2026-02-17,32,32,34,33,32,32.67,32.6,0.8,4,4,Light,0,0,1,10,9,6.2,5,3,High,10450,5,0,0,-0.6,-97,0,0,1,1,0,0,0,1,0,0,2026-03-21,32,32
U02833,10,18,168.9,69.6,24.4,2026-03-31,30,30,32,32,27,30.67,30.2,1.83,7,3,Medium,0,0,0,10,9,6.8,3,7,Moderate,7101,10,0,0,-0.5,-194,0,0,0,0,0,0,0,0,0,0,2026-04-29,29,29
U02834,10,28,153.8,49.0,20.7,2026-04-16,29,27,25,30,30,27.0,28.2,1.94,3,3,Heavy,0,0,0,6,8,7.4,8,7,Moderate,2103,7,1,0,0.2,-189,0,0,0,0,0,0,0,0,0,0,2026-05-15,29,29
U02835,10,25,160.8,72.7,28.1,2026-08-24,28,27,26,27,24,27.0,26.4,1.36,7,3,Medium,0,0,0,4,4,5.7,2,2,Moderate,10611,7,0,0,-0.0,-424,0,0,0,0,0,0,0,0,0,0,2026-09-22,29,29
U02836,6,25,155.7,57.7,23.8,2026-08-02,28,29,25,29,30,27.33,28.2,1.72,6,7,Medium,0,0,0,6,5,5.4,1,0,Moderate,5648,7,0,0,-1.6,10,0,0,1,0,0,0,0,1,0,0,2026-08-29,27,27
U02837,11,38,160.7,49.3,19.1,2026-02-04,28,32,28,29,31,29.33,29.6,1.62,5,7,Medium,0,0,0,6,8,5.1,3,2,Low,7311,4,0,0,-0.7,-413,0,0,0,0,0,0,0,0,0,0,2026-03-04,28,28
U02838,2,37,168.6,58.3,20.5,2026-04-28,28,28,27,31,27,27.67,28.2,1.47,5,4,Light,0,0,0,9,1,8.4,5,0,Moderate,9216,1,1,0,2.0,-466,0,0,1,0,0,1,0,0,0,0,2026-05-29,31,31
U02839,9,35,174.7,64.1,21.0,2026-02-16,33,34,31,32,34,32.67,32.8,1.17,7,5,Medium,0,0,0,8,5,6.6,7,1,Moderate,8888,2,1,1,-0.1,97,0,0,1,0,0,1,0,0,0,0,2026-03-19,31,31
U02840,9,19,156.4,47.2,19.3,2026-03-13,28,31,28,27,25,29.0,27.8,1.94,3,4,Medium,0,0,0,6,2,7.1,10,7,Moderate,4387,10,1,0,-0.4,-670,0,0,0,0,0,0,0,0,0,0,2026-04-10,28,28
U02841,8,22,160.5,78.6,30.5,2026-04-08,25,24,26,25,26,25.0,25.2,0.75,5,3,Medium,0,0,0,8,5,7.2,3,3,Moderate,7663,7,0,0,0.5,-550,0,0,0,0,0,0,0,0,0,0,2026-05-03,25,25
U02842,12,19,161.1,57.6,22.2,2026-03-16,24,29,27,23,22,26.67,25.0,2.61,6,3,Heavy,0,0,0,5,3,8.9,2,0,High,7201,3,0,0,-0.9,-697,0,1,0,0,0,0,0,0,0,0,2026-04-10,25,25
U02843,12,24,157.9,46.1,18.5,2026-01-01,29,30,28,26,28,29.0,28.2,1.33,4,6,Medium,1,0,1,7,9,6.9,3,4,Moderate,2808,9,1,0,0.6,-566,0,0,0,1,0,0,0,0,0,1,2026-01-28,27,27
U02844,9,28,157.5,58.5,23.6,2026-03-07,25,24,27,26,22,25.33,24.8,1.72,5,6,Medium,0,0,0,9,10,6.6,2,7,Moderate,9334,9,0,0,-2.3,-38,1,0,0,0,0,0,0,0,0,0,2026-03-31,24,24
U02845,10,24,145.0,53.8,25.6,2026-05-18,31,32,32,32,32,31.67,31.8,0.4,7,3,Medium,0,0,0,6,2,8.3,10,7,Low,9930,9,1,0,-0.1,-680,0,0,0,0,1,0,0,0,0,0,2026-06-16,29,29
U02846,3,34,159.1,43.8,17.3,2026-05-18,27,25,26,29,28,26.0,27.0,1.41,5,4,Heavy,0,0,0,1,3,4.8,9,2,Moderate,9070,7,0,0,-0.3,-119,0,0,1,0,0,0,0,1,0,0,2026-06-15,28,28
U02847,6,20,168.9,46.2,16.2,2026-03-06,32,33,33,32,36,32.67,33.2,1.47,5,6,Heavy,0,0,0,10,1,7.3,5,2,Low,13576,1,0,0,-1.1,220,1,0,1,0,0,0,0,0,1,0,2026-04-09,34,34
U02848,11,38,156.0,55.2,22.7,2026-03-07,30,31,33,28,29,31.33,30.2,1.72,7,5,Light,0,0,0,7,3,6.8,1,4,High,12494,9,0,0,-1.7,285,0,0,0,0,0,0,0,0,0,0,2026-04-05,29,29
U02849,6,20,161.0,45.6,17.6,2026-06-26,34,34,32,35,32,33.33,33.4,1.2,5,6,Heavy,0,0,0,5,1,7.7,2,1,High,12895,1,0,0,-0.6,498,1,0,1,0,0,0,0,0,0,0,2026-08-01,36,36
U02850,6,29,150.3,56.0,24.8,2026-04-10,30,29,30,28,29,29.67,29.2,0.75,4,5,Medium,0,0,0,7,6,6.5,10,0,Moderate,12642,9,0,0,-0.5,337,0,0,1,0,0,0,0,0,0,0,2026-05-12,32,32
U02851,6,31,160.9,63.7,24.6,2026-01-22,32,32,31,34,34,31.67,32.6,1.2,4,7,Light,0,0,0,2,4,6.2,8,4,High,6959,6,1,0,-2.7,-67,1,0,0,0,0,0,0,0,0,0,2026-02-25,34,34
U02852,12,40,166.5,72.1,26.0,2026-05-10,30,29,33,29,30,30.67,30.2,1.47,4,3,Medium,0,0,0,3,9,6.9,8,1,Moderate,11760,10,0,0,-1.4,-525,0,1,0,0,0,0,0,0,0,0,2026-06-12,33,33
U02853,8,18,164.0,50.0,18.6,2026-06-26,30,30,31,30,30,30.33,30.2,0.4,7,4,Heavy,0,0,0,4,6,7.0,9,0,Low,13896,8,0,1,-0.3,490,0,0,1,0,0,0,0,0,0,0,2026-07-25,29,29
U02854,11,33,158.5,56.5,22.5,2026-06-07,29,32,28,27,26,29.67,28.4,2.06,3,3,Light,0,0,0,3,7,7.2,9,4,Moderate,11760,10,0,0,1.3,-255,0,0,0,0,0,0,0,0,0,1,2026-07-02,25,25
U02855,11,37,153.5,63.1,26.8,2026-04-09,35,34,33,35,35,34.0,34.4,0.8,6,7,Medium,0,0,1,9,1,5.9,1,4,Moderate,4774,5,0,0,2.0,315,0,0,0,1,0,0,1,0,0,0,2026-05-13,34,34
U02856,3,39,160.9,55.1,21.3,2026-01-14,26,28,27,25,25,27.0,26.2,1.17,7,4,Medium,0,0,0,7,8,6.7,10,6,High,9976,7,0,0,1.2,155,0,0,0,0,0,0,0,0,0,0,2026-02-09,26,26
U02857,11,36,164.1,51.2,19.0,2026-02-11,32,30,33,33,31,31.67,31.8,1.17,4,7,Heavy,1,0,0,8,6,9.5,4,7,Moderate,7858,6,0,1,0.2,-360,0,0,0,0,1,0,0,0,0,0,2026-03-13,30,30
U02858,6,37,157.4,60.2,24.3,2026-06-05,28,29,28,26,25,28.33,27.2,1.47,6,4,Medium,0,0,0,7,2,8.9,3,0,Moderate,5113,3,0,0,-0.6,-49,0,0,1,0,0,0,0,0,0,0,2026-07-04,29,29
U02859,3,18,157.5,41.7,16.8,2026-04-11,28,29,27,29,28,28.0,28.2,0.75,7,3,Light,0,0,0,3,9,7.6,2,5,Moderate,8493,6,1,0,-1.6,159,0,0,0,0,0,0,0,0,0,0,2026-05-10,29,29
U02860,12,38,168.5,75.5,26.6,2026-05-24,31,31,28,31,33,30.0,30.8,1.6,5,5,Heavy,1,0,0,1,10,8.2,3,6,High,4769,7,0,0,-0.8,-396,0,0,0,0,0,0,1,0,1,0,2026-06-22,29,29
U02861,3,25,167.3,55.1,19.7,2026-06-09,32,34,33,28,32,33.0,31.8,2.04,3,3,Medium,0,0,1,2,10,7.2,4,0,Moderate,8002,2,0,0,-1.3,304,0,0,0,1,0,0,0,0,0,0,2026-07-11,32,32
U02862,4,18,158.8,45.9,18.2,2026-07-01,26,26,25,27,26,25.67,26.0,0.63,3,4,Medium,0,0,0,4,2,7.5,9,1,Moderate,5855,2,1,0,-1.5,361,0,0,1,0,0,0,0,0,0,0,2026-07-24,23,23
U02863,11,18,164.6,62.3,23.0,2026-04-10,34,35,33,34,34,34.0,34.0,0.63,4,7,Medium,0,0,0,1,8,5.0,7,3,Moderate,4180,10,1,0,-1.5,487,1,0,0,0,0,0,0,0,0,0,2026-05-14,34,34
U02864,11,38,154.4,53.6,22.5,2026-02-05,26,26,28,27,26,26.67,26.6,0.8,3,5,Medium,0,0,0,10,7,6.2,9,7,Moderate,4806,9,0,0,0.0,-427,0,1,0,0,0,0,0,1,0,0,2026-03-01,24,24
U02865,9,26,170.1,70.6,24.4,2026-07-01,28,31,27,33,30,28.67,29.8,2.14,6,7,Medium,0,0,0,3,8,6.9,9,6,High,9914,10,0,0,-2.0,287,1,0,1,0,0,0,0,0,0,0,2026-07-30,29,29
U02866,4,33,155.0,60.1,25.0,2026-03-09,31,32,30,31,31,31.0,31.0,0.63,4,7,Light,0,0,0,10,7,7.5,5,0,Low,11046,10,0,0,-0.8,-260,0,0,0,0,0,0,0,0,0,0,2026-04-13,35,35
U02867,6,30,150.8,54.6,24.0,2026-01-24,29,30,28,31,31,29.0,29.8,1.17,4,3,Heavy,0,0,1,10,4,7.7,6,0,Moderate,2719,8,1,0,-1.0,-534,0,1,1,1,0,0,0,0,0,0,2026-02-21,28,28
U02868,5,21,162.9,54.1,20.4,2026-03-06,30,32,32,28,28,31.33,30.0,1.79,4,7,Light,0,0,0,10,7,6.7,9,0,Low,9115,2,0,1,-1.2,-622,0,0,0,0,1,0,0,0,0,0,2026-04-06,31,31
U02869,12,39,148.8,50.7,22.9,2026-04-18,28,26,23,31,28,25.67,27.2,2.64,3,6,Medium,0,0,0,3,3,7.2,4,6,Moderate,13003,2,0,1,-2.6,-308,1,0,0,0,0,0,0,0,0,0,2026-05-16,28,28
U02870,5,19,167.6,68.3,24.3,2026-06-04,28,28,32,30,28,29.33,29.2,1.6,7,7,Medium,0,0,0,5,5,7.3,8,7,Moderate,5678,6,0,0,0.2,449,0,0,0,0,0,1,0,0,0,0,2026-07-02,28,28
U02871,11,19,166.2,74.0,26.8,2026-05-11,29,31,28,29,30,29.33,29.4,1.02,7,3,Medium,0,0,0,6,6,5.6,9,3,High,9796,8,0,0,0.1,291,0,1,0,0,0,0,0,0,0,0,2026-06-09,29,29
U02872,2,20,156.9,57.6,23.4,2026-05-11,32,34,30,33,32,32.0,32.2,1.33,3,6,Medium,0,0,0,1,5,6.2,6,5,Low,5591,7,0,0,-0.4,450,0,0,0,0,1,0,0,0,0,0,2026-06-11,31,31
U02873,12,28,159.4,59.7,23.5,2026-02-16,26,26,24,25,27,25.33,25.6,1.02,5,7,Medium,0,0,0,10,5,7.5,2,2,Low,10909,2,0,0,2.8,-43,0,0,0,0,0,0,1,0,0,0,2026-03-18,30,30
U02874,10,29,165.2,70.7,25.9,2026-06-04,29,30,25,30,28,28.0,28.4,1.85,4,5,Light,0,1,1,3,10,7.5,6,6,High,3409,3,0,0,0.5,-24,0,0,0,1,0,0,0,0,0,0,2026-07-02,28,28
U02875,8,35,167.6,53.7,19.1,2026-07-27,35,37,37,35,34,36.33,35.6,1.2,5,5,Medium,0,0,1,2,2,6.2,6,0,Moderate,5006,4,0,0,-2.7,-167,0,0,0,1,0,0,0,0,0,0,2026-09-01,36,36
U02876,7,19,165.5,66.3,24.2,2026-04-03,33,34,37,34,32,34.67,34.0,1.67,4,3,Medium,0,0,0,8,5,6.1,4,2,Low,13656,3,0,0,0.5,239,0,0,1,0,0,0,0,0,0,0,2026-05-10,37,37
U02877,4,40,163.2,51.1,19.2,2026-08-25,27,31,27,29,30,28.33,28.8,1.6,3,7,Medium,1,1,0,3,9,6.8,3,1,High,11442,6,0,0,-1.3,473,1,0,0,0,0,0,0,0,0,0,2026-09-18,24,24
U02878,4,27,149.5,45.8,20.5,2026-07-12,30,29,30,30,32,29.67,30.2,0.98,4,3,Heavy,0,0,0,5,6,7.0,9,5,Moderate,2077,4,0,0,-2.8,257,1,0,0,0,0,0,0,0,0,0,2026-08-10,29,29
U02879,9,38,163.0,60.8,22.9,2026-04-29,30,30,28,28,31,29.33,29.4,1.2,4,7,Medium,0,0,0,1,1,9.0,1,4,High,6778,10,0,0,0.8,390,1,0,0,0,0,0,0,0,0,0,2026-06-01,33,33
U02880,7,21,160.1,45.6,17.8,2026-02-26,32,33,33,33,32,32.67,32.6,0.49,5,4,Medium,0,0,0,8,7,7.4,6,1,High,2134,4,1,0,-1.5,-537,0,0,0,0,0,0,0,0,0,0,2026-04-01,34,34
U02881,6,26,156.3,53.5,21.9,2026-01-20,32,29,31,31,34,30.67,31.4,1.62,3,4,Medium,0,0,0,6,7,8.1,2,5,Moderate,7270,6,0,0,-0.3,-528,0,1,0,0,1,0,0,0,0,0,2026-02-22,33,33
U02882,5,19,169.7,74.3,25.8,2026-03-05,35,35,33,34,32,34.33,33.8,1.17,7,7,Medium,0,0,0,6,7,4.8,4,6,Low,5271,3,0,0,2.7,472,0,0,0,0,1,0,0,1,0,0,2026-04-10,36,36
U02883,12,28,157.5,58.3,23.5,2026-01-25,28,29,27,27,27,28.0,27.6,0.8,7,3,Medium,0,0,0,8,4,5.2,2,5,Moderate,10105,8,0,0,-0.2,-72,0,0,0,0,0,0,0,0,1,0,2026-02-22,28,28
U02884,8,20,158.5,45.2,18.0,2026-05-02,34,32,35,39,32,33.67,34.4,2.58,5,7,Light,0,0,0,6,9,7.8,7,6,Moderate,3856,8,0,0,1.4,-192,0,0,0,0,0,0,0,0,0,0,2026-06-07,36,36
U02885,2,28,163.5,58.0,21.7,2026-06-19,30,28,29,31,31,29.0,29.8,1.17,7,6,Heavy,0,0,0,7,6,6.9,7,5,Moderate,7383,1,0,0,-0.8,247,1,0,1,0,0,0,0,0,0,0,2026-07-19,30,30
U02886,3,20,158.2,54.3,21.7,2026-02-07,32,34,34,33,33,33.33,33.2,0.75,7,4,Medium,0,0,1,5,10,6.0,10,7,High,3352,9,0,0,-1.2,-159,0,0,1,1,0,0,0,0,0,0,2026-03-13,34,34
U02887,9,28,158.5,40.2,16.0,2026-03-03,27,28,27,28,29,27.33,27.8,0.75,6,3,Heavy,0,0,0,10,1,6.4,6,4,Low,13923,10,0,0,1.6,-110,0,0,0,0,0,0,0,0,0,0,2026-03-29,26,26
U02888,11,38,164.7,68.4,25.2,2026-06-08,31,34,34,35,34,33.0,33.6,1.36,3,5,Heavy,0,0,0,2,1,6.4,4,2,High,7309,10,1,0,1.3,-364,0,0,0,0,0,0,0,0,0,0,2026-07-09,31,31
U02889,6,18,158.5,59.8,23.8,2026-07-14,27,26,25,27,27,26.0,26.4,0.8,6,7,Medium,0,0,0,6,1,8.5,6,0,Moderate,3097,10,0,1,0.2,-17,0,0,0,0,0,0,0,0,0,0,2026-08-12,29,29
U02890,11,33,167.8,71.0,25.2,2026-02-06,31,33,31,30,29,31.67,30.8,1.33,3,3,Heavy,0,0,0,8,7,7.8,3,5,High,9220,5,0,0,0.5,116,0,1,1,0,0,1,0,0,0,0,2026-03-13,35,35
U02891,12,30,167.0,48.5,17.4,2026-01-01,28,24,30,28,32,27.33,28.4,2.65,7,4,Medium,0,0,0,2,3,6.0,1,6,Low,7786,2,0,0,0.4,-112,0,0,0,0,0,0,0,0,0,0,2026-01-26,25,25
U02892,9,32,148.0,44.5,20.3,2026-01-13,30,31,28,30,30,29.67,29.8,0.98,4,7,Medium,0,0,0,2,4,5.0,8,5,High,6881,7,0,0,0.8,314,0,0,0,0,0,0,0,1,0,1,2026-02-13,31,31
U02893,2,20,163.2,71.4,26.8,2026-06-10,28,29,27,28,26,28.0,27.6,1.02,3,6,Medium,0,0,0,6,1,6.4,10,1,High,12291,7,0,0,-2.2,-99,0,0,0,0,0,0,0,0,1,0,2026-07-06,26,26
U02894,9,40,154.5,39.4,16.5,2026-06-16,30,31,29,31,33,30.0,30.8,1.33,3,5,Medium,0,0,0,7,6,5.3,5,1,Moderate,4584,1,0,0,-0.5,-269,0,0,0,0,0,0,0,0,0,0,2026-07-16,30,30
U02895,3,34,161.6,58.2,22.3,2026-03-08,30,29,28,29,32,29.0,29.6,1.36,5,3,Light,0,0,0,6,5,8.4,3,3,Moderate,3887,1,0,0,1.1,-329,1,0,0,0,0,0,0,1,0,0,2026-04-04,27,27
U02896,10,30,159.0,52.1,20.6,2026-07-31,30,31,27,29,31,29.33,29.6,1.5,6,7,Medium,0,0,0,6,7,8.0,1,4,High,7476,4,0,0,-0.0,300,0,0,1,0,0,0,1,0,0,0,2026-09-02,33,33
U02897,11,21,165.4,43.8,16.0,2026-02-05,28,30,27,27,29,28.33,28.2,1.17,4,7,Medium,0,0,0,9,5,4.6,10,5,Low,2503,6,0,0,0.8,-447,0,0,0,0,1,0,1,0,0,0,2026-03-06,29,29
U02898,8,39,164.0,86.1,32.0,2026-03-09,32,33,30,30,32,31.67,31.4,1.2,5,3,Heavy,0,0,0,2,7,7.3,7,0,High,6758,5,0,0,0.5,262,0,1,0,0,0,0,0,0,0,0,2026-04-11,33,33
U02899,6,23,154.8,48.2,20.1,2026-03-26,30,30,29,29,30,29.67,29.6,0.49,6,5,Medium,0,0,0,5,7,9.0,7,1,Moderate,3202,4,0,0,1.5,-408,0,0,0,0,0,0,0,0,0,0,2026-04-25,30,30
U02900,8,33,152.1,49.3,21.3,2026-01-12,33,37,31,35,35,33.67,34.2,2.04,5,7,Medium,0,0,1,3,10,8.0,7,1,Low,9816,4,1,0,0.5,335,0,0,0,1,0,0,0,0,0,0,2026-02-11,30,30
U02901,10,22,159.8,53.6,21.0,2026-02-11,28,32,29,27,29,29.67,29.0,1.67,7,3,Medium,0,0,0,4,3,6.5,1,1,Low,4703,1,0,0,0.9,-694,1,0,1,0,0,0,0,0,0,0,2026-03-09,26,26
U02902,6,28,170.4,77.5,26.7,2026-04-23,30,32,33,28,29,31.67,30.4,1.85,5,7,Medium,0,0,0,10,3,6.7,8,0,High,8938,8,0,0,1.0,97,1,0,1,0,0,0,0,1,0,0,2026-05-24,31,31
U02903,2,18,163.4,75.0,28.1,2026-07-30,29,31,31,26,29,30.33,29.2,1.83,4,5,Medium,0,0,0,3,3,8.2,10,0,Moderate,8351,3,0,0,1.7,478,1,0,0,0,0,0,0,0,0,0,2026-08-26,27,27
U02904,9,34,154.8,49.4,20.6,2026-01-10,34,37,36,35,35,35.67,35.4,1.02,7,4,Light,0,0,0,9,7,7.3,10,2,Moderate,11864,4,0,0,1.2,-78,0,0,0,0,0,0,0,0,0,0,2026-02-14,35,35
U02905,3,37,154.2,72.3,30.4,2026-01-30,30,29,32,25,28,30.33,28.8,2.32,4,6,Medium,0,0,0,7,1,5.9,10,5,Moderate,6391,1,0,0,0.5,431,1,1,0,0,0,0,0,0,0,0,2026-03-02,31,31
U02906,9,27,169.4,70.0,24.4,2026-02-18,29,31,32,27,28,30.67,29.4,1.85,4,3,Heavy,0,0,0,2,1,9.1,1,6,Low,12829,5,0,0,-0.2,-49,0,0,0,0,0,0,0,0,0,0,2026-03-20,30,30
U02907,3,36,148.0,51.9,23.7,2026-07-18,26,27,25,21,24,26.0,24.6,2.06,4,6,Medium,1,0,0,5,6,7.4,1,1,Low,5764,4,0,0,0.1,-382,0,0,0,0,0,1,0,0,0,0,2026-08-14,27,27
U02908,12,22,152.8,40.2,17.2,2026-04-28,35,33,36,37,36,34.67,35.4,1.36,6,7,Light,0,0,0,6,2,5.4,6,0,Low,3915,1,0,0,0.3,-533,0,0,0,0,0,0,0,0,0,1,2026-06-02,35,35
U02909,4,19,163.1,52.7,19.8,2026-05-23,30,30,32,28,33,30.67,30.6,1.74,3,6,Light,0,0,0,1,10,7.6,5,2,Moderate,5130,8,0,0,-2.3,-232,0,0,0,0,0,0,0,0,1,0,2026-06-21,29,29
U02910,8,19,153.2,65.0,27.7,2026-01-22,28,30,26,29,29,28.0,28.4,1.36,5,4,Medium,0,0,0,1,5,7.7,4,1,High,8124,6,0,1,-1.6,-90,0,0,0,0,0,0,0,0,0,0,2026-02-17,26,26
U02911,7,18,159.2,57.3,22.6,2026-01-11,28,28,30,29,30,28.67,29.0,0.89,4,4,Heavy,1,1,0,1,4,8.1,4,4,Moderate,6984,1,1,0,-0.2,-627,0,1,0,0,0,0,0,0,0,0,2026-02-07,27,27
U02912,4,39,152.6,47.5,20.4,2026-07-18,29,29,28,28,29,28.67,28.6,0.49,3,7,Medium,0,0,0,10,4,6.7,8,4,Moderate,8022,4,1,0,0.6,-342,0,0,0,0,0,0,0,1,0,0,2026-08-18,31,31
U02913,10,30,167.5,75.2,26.8,2026-04-26,32,32,32,30,32,32.0,31.6,0.8,3,6,Heavy,0,0,0,5,7,7.1,4,7,Moderate,9641,1,0,1,0.8,-261,0,0,0,0,1,0,0,0,0,0,2026-05-28,32,32
U02914,7,26,170.0,69.4,24.0,2026-07-17,33,34,31,35,32,32.67,33.0,1.41,7,3,Medium,0,0,0,6,4,5.9,1,4,Low,3467,2,0,0,-1.3,-477,0,0,0,0,1,0,0,0,0,1,2026-08-16,30,30
U02915,12,23,152.6,72.4,31.1,2026-04-10,29,31,28,30,27,29.33,29.0,1.41,3,5,Medium,0,0,0,4,2,8.6,7,6,High,12786,1,0,0,0.7,-650,0,1,0,0,0,0,0,0,0,0,2026-05-05,25,25
U02916,10,37,150.3,54.2,24.0,2026-01-09,25,28,23,22,23,25.33,24.2,2.14,7,3,Light,0,0,0,7,5,7.6,6,7,Moderate,2422,9,0,1,1.0,-191,0,0,0,0,0,0,0,0,0,0,2026-02-02,24,24
U02917,2,28,158.1,62.5,25.0,2026-05-10,29,29,32,29,27,30.0,29.2,1.6,7,4,Medium,0,0,0,10,5,8.0,3,4,High,10170,8,0,0,0.6,216,1,0,0,0,0,0,0,0,0,0,2026-06-08,29,29
U02918,11,27,154.2,53.0,22.3,2026-05-29,30,28,29,33,31,29.0,30.2,1.72,6,6,Medium,0,0,0,6,6,7.1,6,7,Moderate,4704,3,0,0,-2.0,68,0,0,0,0,0,1,0,0,0,0,2026-06-28,30,30
U02919,3,24,158.9,40.4,16.0,2026-05-28,28,27,29,29,27,28.0,28.0,0.89,6,4,Medium,0,0,0,1,3,6.2,8,7,High,2497,4,0,0,-1.0,191,0,0,0,0,1,0,0,1,0,0,2026-06-26,29,29
U02920,5,19,163.6,81.4,30.4,2026-02-24,35,34,33,33,32,34.0,33.4,1.02,5,6,Medium,0,0,1,6,4,6.0,9,2,High,12882,8,0,0,0.6,120,1,0,1,1,0,0,0,0,0,0,2026-04-02,37,37
U02921,4,31,161.9,51.1,19.5,2026-07-20,30,27,29,28,32,28.67,29.2,1.72,3,7,Medium,0,0,0,8,5,7.9,9,4,High,10672,9,0,0,-1.3,482,0,1,0,0,0,0,0,0,0,0,2026-08-20,31,31
U02922,3,30,172.7,71.6,24.0,2026-06-02,28,29,30,30,28,29.0,29.0,0.89,4,5,Heavy,0,0,0,10,6,6.8,4,4,Moderate,6260,1,0,0,0.5,-423,1,0,0,0,0,0,0,0,0,0,2026-07-05,33,33
U02923,5,36,168.4,61.5,21.7,2026-05-25,37,37,37,38,34,37.0,36.6,1.36,3,7,Heavy,0,0,1,6,3,6.9,6,4,Low,3533,1,0,0,-1.4,-60,0,0,0,1,0,0,0,0,0,0,2026-07-03,39,39
U02924,5,20,175.5,85.6,27.8,2026-05-01,33,32,35,30,36,33.33,33.2,2.14,6,4,Medium,0,0,0,7,9,7.3,9,4,High,8212,9,1,0,0.0,-455,1,1,1,0,0,0,0,0,0,0,2026-06-05,35,35
U02925,12,38,168.9,69.6,24.4,2026-03-10,26,20,25,26,26,23.67,24.6,2.33,5,5,Light,0,0,0,7,9,8.1,5,6,Moderate,11399,10,0,0,0.4,328,0,0,0,0,0,0,0,0,0,0,2026-04-03,24,24
U02926,8,34,161.1,64.6,24.9,2026-03-31,26,28,25,25,26,26.33,26.0,1.1,5,6,Medium,0,0,0,1,8,6.7,1,1,Low,12442,5,1,0,0.4,468,0,0,1,0,0,0,0,0,0,0,2026-04-24,24,24
U02927,10,34,161.0,50.8,19.6,2026-06-17,27,24,26,29,26,25.67,26.4,1.62,7,5,Heavy,0,0,0,6,10,8.0,5,3,Low,9224,1,0,1,1.6,-607,0,0,0,0,0,0,0,0,0,0,2026-07-12,25,25
U02928,7,27,166.6,69.4,25.0,2026-04-14,30,31,33,30,33,31.33,31.4,1.36,7,6,Heavy,0,1,0,10,6,5.3,10,6,Moderate,5441,2,0,0,0.5,471,0,0,0,0,0,0,0,0,0,0,2026-05-16,32,32
U02929,7,28,154.9,72.9,30.4,2026-02-20,26,26,27,23,25,26.33,25.4,1.36,4,5,Light,0,0,0,8,3,7.3,2,2,Moderate,10810,1,0,0,2.2,224,0,0,0,0,0,0,0,0,0,0,2026-03-20,28,28
U02930,11,36,163.7,71.8,26.8,2026-02-21,27,27,27,25,26,27.0,26.4,0.8,7,6,Medium,0,0,0,1,5,7.5,6,5,Moderate,12029,9,0,1,1.2,-218,1,0,0,0,0,0,0,0,0,0,2026-03-20,27,27
U02931,3,26,170.1,70.9,24.5,2026-04-17,37,39,35,34,35,37.0,36.0,1.79,3,6,Medium,1,1,1,8,6,8.1,4,5,High,7045,8,0,0,0.4,38,0,1,1,1,0,0,1,0,0,0,2026-05-24,37,37
U02932,2,20,170.1,61.3,21.2,2026-04-25,30,30,30,29,32,30.0,30.2,0.98,6,3,Medium,0,1,0,4,6,6.7,5,5,Low,13425,4,0,0,0.6,474,0,0,1,0,0,0,0,0,0,0,2026-05-23,28,28
U02933,11,25,152.3,49.9,21.5,2026-02-21,27,27,27,28,26,27.0,27.0,0.63,6,3,Light,1,0,0,7,4,7.3,2,0,Moderate,6819,3,0,0,0.3,-145,0,0,0,0,0,0,0,0,0,0,2026-03-19,26,26
U02934,8,18,154.4,57.7,24.2,2026-03-11,25,26,24,26,25,25.0,25.2,0.75,3,4,Medium,0,0,0,4,3,7.5,3,6,Moderate,8057,10,0,0,1.9,466,0,1,0,0,0,0,0,0,0,0,2026-04-06,26,26
U02935,6,21,145.0,57.0,27.1,2026-01-10,27,27,25,26,26,26.33,26.2,0.75,4,4,Medium,0,0,0,3,4,6.2,1,1,Moderate,6773,6,0,0,1.0,-2,0,0,0,0,0,0,0,0,0,0,2026-02-06,27,27
U02936,8,20,162.7,48.7,18.4,2026-07-22,32,29,31,36,31,30.67,31.8,2.32,4,6,Heavy,0,0,0,7,6,5.8,8,1,Moderate,4271,2,1,0,0.4,33,1,1,0,0,0,0,0,0,0,0,2026-08-22,31,31
U02937,12,35,167.8,62.8,22.3,2026-03-12,29,28,27,29,30,28.0,28.6,1.02,5,6,Medium,0,0,0,3,1,5.3,10,5,High,11587,5,0,0,-1.7,60,0,0,1,0,0,0,0,0,0,0,2026-04-12,31,31
U02938,6,39,151.0,46.5,20.4,2026-01-08,27,28,27,30,24,27.33,27.2,1.94,4,4,Light,0,1,0,10,5,7.4,3,3,Moderate,12434,9,0,0,-1.1,-322,0,0,0,0,0,0,0,0,0,0,2026-02-05,28,28
U02939,6,26,170.7,64.1,22.0,2026-02-07,29,30,30,32,30,29.67,30.2,0.98,5,6,Medium,0,0,1,3,6,8.1,1,4,Low,9977,9,0,0,0.1,-257,0,0,0,1,0,0,0,0,0,0,2026-03-06,27,27
U02940,2,24,160.9,53.3,20.6,2026-06-18,28,28,29,26,28,28.33,27.8,0.98,5,6,Light,0,0,0,6,8,8.1,6,1,Moderate,3640,2,0,0,0.2,-585,0,0,0,0,0,0,0,0,0,0,2026-07-15,27,27
U02941,6,35,154.2,56.8,23.9,2026-05-29,29,28,29,27,28,28.67,28.2,0.75,3,3,Light,1,0,0,9,8,6.6,4,3,Moderate,13273,5,0,1,1.4,-202,1,1,0,0,0,0,0,0,0,1,2026-06-28,30,30
U02942,11,31,156.5,54.1,22.1,2026-07-09,32,34,34,29,36,33.33,33.0,2.37,3,6,Medium,0,0,0,1,9,5.8,5,1,High,11419,8,0,0,-1.3,-28,0,0,0,0,0,0,0,0,0,0,2026-08-11,33,33
U02943,5,26,151.9,47.5,20.6,2026-01-20,30,29,30,29,34,29.67,30.4,1.85,7,7,Heavy,0,0,0,6,8,9.1,4,4,High,4221,9,0,0,-1.3,286,0,1,0,0,0,0,0,0,0,0,2026-02-22,33,33
U02944,7,26,154.7,49.5,20.7,2026-03-24,32,30,34,32,35,32.0,32.6,1.74,4,7,Heavy,0,1,0,3,7,6.5,4,0,Moderate,5966,4,0,0,0.8,-693,1,0,0,0,0,0,0,1,0,0,2026-04-25,32,32
U02945,10,40,160.8,51.5,19.9,2026-01-13,27,28,29,30,26,28.0,28.0,1.41,6,4,Medium,1,0,0,1,1,6.5,3,6,Moderate,12225,4,0,0,0.9,291,0,0,0,0,0,0,0,0,0,0,2026-02-07,25,25
U02946,10,22,155.6,38.7,16.0,2026-01-23,30,29,32,31,32,30.33,30.8,1.17,5,7,Medium,0,0,0,3,6,7.3,9,0,Moderate,13039,3,0,0,-0.0,188,0,0,1,0,0,1,0,0,0,0,2026-02-18,26,26
U02947,2,29,155.5,41.3,17.1,2026-05-06,31,33,30,27,32,31.33,30.6,2.06,7,7,Heavy,0,0,1,2,7,7.5,8,4,Low,10117,7,0,0,-2.1,163,0,0,0,1,0,0,0,0,0,0,2026-06-06,31,31
U02948,2,21,153.9,66.1,27.9,2026-05-21,36,39,40,35,36,38.33,37.2,1.94,6,3,Light,0,0,1,1,9,7.0,10,2,Moderate,10869,4,0,1,0.8,-316,0,0,0,1,0,0,0,0,0,0,2026-06-26,36,36
U02949,10,33,159.9,41.2,16.1,2026-05-15,33,36,36,35,31,35.0,34.2,1.94,5,7,Medium,0,0,0,6,10,8.3,10,7,Low,4283,10,0,0,1.3,-679,0,1,0,0,0,0,0,0,0,0,2026-06-18,34,34
U02950,2,31,172.6,85.2,28.6,2026-06-15,25,25,23,26,26,24.33,25.0,1.1,7,7,Heavy,0,0,1,6,3,7.1,10,2,Low,9123,10,0,1,-0.7,-159,0,0,0,1,0,0,0,0,0,1,2026-07-13,28,28
U02951,4,23,160.0,53.5,20.9,2026-02-02,31,32,31,34,28,31.33,31.2,1.94,4,3,Light,1,0,0,6,6,7.1,5,2,Moderate,9150,6,0,0,-1.9,-623,0,0,0,0,0,0,0,0,0,0,2026-03-06,32,32
U02952,5,28,161.7,54.6,20.9,2026-08-15,32,32,32,32,29,32.0,31.4,1.2,3,6,Medium,0,0,0,6,2,7.2,1,1,High,4913,5,1,0,1.5,-467,0,0,1,0,0,0,1,1,0,0,2026-09-20,36,36
U02953,5,19,148.8,43.0,19.4,2026-07-13,22,22,24,22,20,22.67,22.0,1.26,7,5,Medium,0,0,0,8,6,6.9,1,5,Moderate,6789,7,0,0,-0.4,-313,0,0,0,0,0,1,0,0,0,0,2026-08-06,24,24
U02954,2,40,158.4,41.7,16.6,2026-08-26,29,27,25,30,30,27.0,28.2,1.94,3,6,Medium,0,1,0,2,8,5.3,5,3,Low,3450,7,0,0,-0.6,-624,0,1,1,0,0,0,0,0,0,0,2026-09-24,29,29
U02955,8,37,149.3,68.2,30.6,2026-02-02,25,25,27,26,25,25.67,25.6,0.8,5,3,Medium,0,0,0,2,5,7.2,1,1,Moderate,9015,6,0,0,1.8,255,0,0,0,0,0,0,0,0,0,1,2026-02-25,23,23
U02956,12,37,149.1,44.9,20.2,2026-01-08,30,30,29,27,28,29.67,28.8,1.17,6,3,Medium,0,0,1,1,9,6.0,2,4,High,6769,10,0,0,-0.6,-370,0,0,1,1,0,0,0,0,0,0,2026-02-04,27,27
U02957,7,25,165.4,65.7,24.0,2026-03-23,22,23,23,23,20,22.67,22.2,1.17,3,4,Medium,0,0,0,7,7,7.6,1,3,Moderate,7459,7,0,1,0.6,-244,1,0,0,0,0,0,0,0,0,0,2026-04-12,20,20
U02958,3,36,168.8,52.1,18.3,2026-01-29,29,30,29,28,30,29.33,29.2,0.75,4,5,Medium,0,0,0,4,5,6.5,7,2,Low,5595,6,0,1,0.4,36,0,1,0,0,0,0,0,0,0,0,2026-02-27,29,29
U02959,2,24,152.2,63.9,27.6,2026-02-05,33,34,34,34,31,33.67,33.2,1.17,7,7,Light,0,0,0,5,9,6.6,4,2,Moderate,4052,6,0,0,-0.1,-495,0,0,1,0,0,0,0,0,0,0,2026-03-10,33,33
U02960,11,19,163.8,64.1,23.9,2026-05-11,29,32,31,32,29,30.67,30.6,1.36,3,7,Light,0,0,0,2,4,7.9,10,7,Moderate,5754,2,0,0,1.5,-114,0,0,0,0,0,0,0,0,0,0,2026-06-07,27,27
U02961,2,21,152.0,48.3,20.9,2026-08-08,30,27,30,30,25,29.0,28.4,2.06,6,3,Medium,0,0,0,8,3,6.4,10,5,Moderate,8592,3,1,0,0.5,430,0,0,0,0,0,0,0,0,0,1,2026-09-06,29,29
U02962,10,28,162.7,70.9,26.8,2026-05-26,26,27,25,28,21,26.0,25.4,2.42,3,3,Medium,0,0,0,2,1,7.3,10,5,Low,10023,3,0,0,1.1,136,0,0,0,0,0,0,0,0,0,0,2026-06-22,27,27
U02963,10,29,155.4,48.5,20.1,2026-01-30,32,30,36,32,32,32.67,32.4,1.96,4,4,Light,0,0,0,5,5,5.5,3,4,Moderate,9991,1,0,0,0.3,-535,0,0,0,0,0,0,1,0,0,0,2026-03-03,32,32
U02964,3,18,157.1,58.5,23.7,2026-04-07,29,30,34,32,26,31.0,30.2,2.71,4,3,Medium,0,0,0,5,4,7.3,5,5,Low,8569,9,0,0,-0.8,-267,0,0,0,0,0,0,1,0,0,0,2026-05-07,30,30
U02965,2,38,163.2,56.2,21.1,2026-03-25,28,29,31,26,27,29.33,28.2,1.72,6,4,Heavy,0,0,1,7,9,7.7,3,5,Low,2080,8,0,0,-0.5,-682,1,0,0,1,0,0,0,1,0,0,2026-04-20,26,26
U02966,3,37,155.1,43.1,17.9,2026-05-05,27,28,27,26,26,27.33,26.8,0.75,6,7,Medium,0,0,0,3,10,6.2,9,2,Moderate,2806,5,0,0,0.8,-438,0,1,0,0,0,0,0,0,0,0,2026-06-03,29,29
U02967,7,27,157.7,58.9,23.7,2026-06-13,29,29,26,27,28,28.0,27.8,1.17,3,4,Medium,0,0,0,10,9,7.0,3,2,Low,11981,6,0,0,-0.6,168,0,0,0,0,0,0,0,0,0,0,2026-07-10,27,27
U02968,10,23,158.8,68.3,27.1,2026-05-26,26,25,26,28,28,25.67,26.6,1.2,4,3,Heavy,0,0,0,5,2,7.4,4,3,Low,5380,4,0,0,1.2,-312,0,0,0,0,0,0,0,0,0,1,2026-06-22,27,27
U02969,7,32,161.5,55.6,21.3,2026-01-22,28,30,28,28,29,28.67,28.6,0.8,6,6,Heavy,0,0,0,10,6,6.4,10,6,Low,9527,1,0,0,0.0,-138,0,0,0,0,0,0,0,0,0,0,2026-02-19,28,28
U02970,3,27,162.0,54.1,20.6,2026-03-26,31,31,33,33,32,31.67,32.0,0.89,6,7,Light,0,0,0,7,10,6.9,9,0,Low,9173,6,0,0,0.5,434,0,0,0,0,0,0,0,0,0,0,2026-04-27,32,32
U02971,6,32,166.1,59.3,21.5,2026-03-25,23,24,26,22,21,24.33,23.2,1.72,4,7,Heavy,0,0,0,4,4,7.2,1,2,Low,11984,3,0,0,0.3,-577,0,0,0,0,0,0,0,0,0,0,2026-04-15,21,21
U02972,10,23,145.0,46.0,21.9,2026-07-10,30,28,27,32,30,28.33,29.4,1.74,7,7,Light,0,0,0,3,4,7.6,2,0,Moderate,4322,1,0,0,0.3,244,0,0,0,0,0,0,0,0,0,0,2026-08-07,28,28
U02973,12,24,162.7,72.0,27.2,2026-01-31,27,27,25,29,29,26.33,27.4,1.5,3,3,Heavy,0,1,0,8,6,8.2,1,2,Low,7709,2,0,0,-0.3,-316,0,1,0,0,0,0,0,0,0,0,2026-03-01,29,29
U02974,3,20,152.5,54.4,23.4,2026-03-27,29,26,29,29,29,28.0,28.4,1.2,7,5,Medium,0,0,0,2,2,6.4,2,4,Moderate,4310,10,1,0,2.0,-626,0,0,0,0,0,0,0,1,0,1,2026-04-27,31,31
U02975,6,32,168.5,75.8,26.7,2026-01-23,27,28,28,27,26,27.67,27.2,0.75,6,5,Heavy,0,0,0,9,3,7.2,4,0,Moderate,3305,6,0,0,-1.1,-138,0,0,0,0,0,0,0,0,0,0,2026-02-19,27,27
U02976,5,40,155.9,44.2,18.2,2026-01-12,31,32,28,32,27,30.33,30.0,2.1,5,4,Light,0,0,0,3,10,8.1,5,6,Moderate,10939,9,1,0,0.1,153,0,1,0,0,0,0,0,0,0,0,2026-02-12,31,31
U02977,6,38,156.0,57.2,23.5,2026-06-14,27,28,26,27,26,27.0,26.8,0.75,7,4,Medium,0,0,0,6,2,8.3,1,4,Moderate,10072,6,0,0,0.5,452,0,0,0,0,0,0,0,0,0,0,2026-07-11,27,27
U02978,10,31,146.8,48.3,22.4,2026-05-28,28,27,29,31,31,28.0,29.2,1.6,5,4,Light,0,0,0,9,7,7.1,7,6,Low,12381,5,0,0,0.3,123,0,0,0,0,0,0,0,0,0,0,2026-06-25,28,28
U02979,7,21,153.6,58.3,24.7,2026-01-22,27,24,30,28,26,27.0,27.0,2.0,6,5,Medium,0,1,0,4,6,6.7,4,0,High,2523,5,0,0,1.8,-216,1,1,0,0,0,0,0,0,0,0,2026-02-19,28,28
U02980,4,28,159.2,55.3,21.8,2026-05-30,28,28,30,27,26,28.67,27.8,1.33,4,3,Light,0,0,0,4,7,7.4,6,5,Moderate,9713,7,0,0,-0.7,-60,0,0,0,0,0,0,0,0,0,0,2026-06-25,26,26
U02981,10,27,150.3,48.1,21.3,2026-04-29,32,32,33,33,30,32.33,32.0,1.1,4,7,Light,0,0,0,7,5,7.8,2,3,Low,3937,4,0,0,1.1,-36,0,0,0,0,0,0,1,1,0,0,2026-06-02,34,34
U02982,2,35,156.1,70.9,29.1,2026-04-05,31,30,27,30,30,29.33,29.6,1.36,3,3,Medium,0,0,0,7,6,7.9,10,1,High,8449,3,0,0,0.3,317,0,0,0,0,0,0,0,0,1,0,2026-05-06,31,31
U02983,12,24,149.6,49.5,22.1,2026-06-11,30,28,29,30,30,29.0,29.4,0.8,6,3,Medium,0,0,0,9,5,8.1,9,5,Moderate,11939,5,0,0,1.0,-663,0,0,0,0,0,0,0,1,0,0,2026-07-08,27,27
U02984,3,29,166.7,62.5,22.5,2026-02-01,29,30,29,29,27,29.33,28.8,0.98,3,4,Light,0,0,0,9,8,6.1,3,5,Moderate,6158,6,0,0,0.5,-216,0,1,1,0,0,0,0,0,0,0,2026-03-02,29,29
U02985,10,29,164.2,65.2,24.2,2026-04-06,40,38,38,40,39,38.67,39.0,0.89,3,7,Medium,0,0,1,4,4,6.1,5,1,Low,5877,4,0,0,-0.6,277,0,0,0,1,1,0,0,0,0,0,2026-05-17,41,41
U02986,11,37,145.7,34.2,16.1,2026-04-06,28,27,29,27,29,28.0,28.0,0.89,6,4,Heavy,0,0,0,9,5,7.8,5,0,Low,7088,5,0,0,-1.1,-222,0,0,0,0,0,0,0,0,0,0,2026-05-03,27,27
U02987,6,39,162.5,68.4,25.9,2026-08-15,25,27,26,25,26,26.0,25.8,0.75,4,6,Heavy,0,0,0,3,8,7.9,1,4,Low,6978,8,0,0,0.6,-241,0,0,0,0,0,0,0,0,0,0,2026-09-06,22,22
U02988,8,36,152.2,62.1,26.8,2026-01-07,32,31,32,33,33,31.67,32.2,0.75,6,6,Heavy,0,0,0,10,10,6.8,8,7,High,6676,1,0,0,0.8,487,0,0,0,0,0,0,0,0,0,0,2026-02-11,35,35
U02989,11,25,167.0,49.4,17.7,2026-06-23,27,27,27,28,27,27.0,27.2,0.4,3,6,Medium,0,0,0,8,5,7.1,3,1,Moderate,13162,2,0,0,-1.4,229,0,0,0,0,0,1,0,0,0,0,2026-07-21,28,28
U02990,11,18,170.3,67.9,23.4,2026-07-04,31,32,35,33,29,32.67,32.0,2.0,4,7,Light,1,0,0,1,7,4.9,6,0,High,10049,5,0,0,1.8,219,0,0,0,0,0,0,0,0,1,0,2026-08-05,32,32
U02991,12,32,162.9,71.9,27.1,2026-07-24,31,29,32,35,35,30.67,32.4,2.33,5,6,Light,0,0,0,7,9,6.3,5,7,Moderate,5898,1,1,0,-0.1,-515,0,0,0,0,0,0,0,0,1,0,2026-08-25,32,32
U02992,7,29,171.7,74.9,25.4,2026-07-28,27,28,27,27,28,27.33,27.4,0.49,4,3,Light,0,0,0,10,7,7.9,1,2,Low,9525,1,0,0,-0.5,-528,0,0,0,0,0,0,0,0,0,0,2026-08-25,28,28
U02993,11,39,163.8,71.4,26.6,2026-01-26,32,34,35,31,31,33.67,32.6,1.62,4,6,Medium,0,1,0,8,3,5.2,5,1,Low,7000,6,0,0,-0.6,-449,0,0,0,0,0,0,0,1,0,0,2026-03-02,35,35
U02994,12,18,161.7,71.4,27.3,2026-02-16,34,36,31,35,35,33.67,34.2,1.72,6,6,Medium,0,0,0,3,5,6.7,9,0,Moderate,9981,9,0,1,2.4,168,0,1,0,0,0,0,0,0,0,0,2026-03-18,30,30
U02995,10,32,164.1,43.1,16.0,2026-02-10,29,29,31,29,31,29.67,29.8,0.98,7,6,Medium,0,0,0,7,10,6.3,2,0,Low,8451,8,0,0,-0.8,267,0,0,0,0,0,0,0,0,0,0,2026-03-12,30,30
U02996,8,26,159.3,59.4,23.4,2026-04-14,24,25,23,25,23,24.0,24.0,0.89,6,5,Medium,0,0,0,6,1,8.7,3,3,Low,3225,4,0,0,0.7,50,0,1,0,0,0,0,1,0,0,0,2026-05-08,24,24
U02997,9,29,158.8,65.1,25.8,2026-03-28,28,24,29,27,27,27.0,27.0,1.67,6,6,Medium,0,0,0,5,8,7.9,4,0,High,6136,4,0,0,-0.4,-561,0,1,0,0,0,0,1,0,0,1,2026-04-25,28,28
U02998,12,26,151.3,46.9,20.5,2026-04-25,35,32,40,35,34,35.67,35.2,2.64,4,6,Light,0,0,1,8,2,7.9,5,3,Moderate,3308,9,0,0,1.0,362,0,0,0,1,0,1,0,1,0,0,2026-06-01,37,37
U02999,5,19,161.0,71.0,27.4,2026-03-18,27,27,29,23,27,27.67,26.6,1.96,7,7,Heavy,0,0,0,7,7,7.0,6,7,Moderate,11486,7,0,0,0.0,271,0,0,1,0,0,0,0,1,0,0,2026-04-17,30,30
U03000,2,36,164.5,62.8,23.2,2026-08-28,29,29,26,31,29,28.0,28.8,1.6,4,4,Heavy,0,0,0,3,7,8.2,3,4,Low,13946,5,0,0,-0.8,390,0,0,0,0,0,0,0,0,0,0,2026-09-27,30,30
U03001,9,18,153.7,37.8,16.0,2026-04-13,26,23,30,27,23,26.33,25.8,2.64,6,6,Medium,0,0,0,7,9,4.8,8,1,Moderate,12576,10,0,0,-0.5,-181,0,0,0,0,0,0,0,0,0,0,2026-05-11,28,28
U03002,8,23,161.9,41.9,16.0,2026-03-28,31,28,31,33,31,30.0,30.8,1.6,7,3,Heavy,0,0,0,5,2,9.4,10,5,High,12946,8,0,0,-0.1,-232,0,0,0,0,0,0,0,0,0,0,2026-05-01,34,34
U03003,7,34,158.8,71.1,28.2,2026-07-07,36,35,34,35,36,35.0,35.2,0.75,7,5,Light,0,0,1,9,9,6.6,9,5,Moderate,11451,1,0,0,-2.4,-297,0,0,0,1,1,0,0,0,0,0,2026-08-16,40,40
U03004,2,31,156.6,57.4,23.4,2026-01-27,29,28,30,27,25,29.0,27.8,1.72,6,4,Light,0,0,0,1,7,7.4,5,3,Low,12630,3,0,0,0.4,418,0,0,0,0,0,0,0,0,0,0,2026-02-23,27,27
U03005,5,31,167.2,70.2,25.1,2026-05-11,35,38,37,35,35,36.67,36.0,1.26,5,7,Medium,1,0,1,9,10,9.0,1,1,Moderate,12471,8,0,0,-0.9,-690,0,0,0,1,0,0,0,0,0,0,2026-06-16,36,36
U03006,9,28,145.2,33.7,16.0,2026-03-02,32,30,35,32,29,32.33,31.6,2.06,3,4,Light,0,1,0,1,5,7.6,6,4,High,2091,1,0,1,-0.9,93,0,0,0,0,1,0,0,0,0,0,2026-03-31,29,29
U03007,8,27,158.1,62.5,25.0,2026-05-29,27,27,29,24,23,27.67,26.0,2.19,3,5,Light,0,1,0,4,6,8.5,4,3,High,4756,5,0,0,0.8,-431,1,0,0,0,0,0,0,1,0,0,2026-06-27,29,29
U03008,10,37,167.6,62.9,22.4,2026-05-02,30,29,29,29,35,29.33,30.4,2.33,3,6,Heavy,1,0,0,3,9,7.7,10,4,Moderate,9536,10,0,0,-1.5,-396,0,1,0,0,0,0,0,1,0,0,2026-06-01,30,30
U03009,5,31,168.7,60.6,21.3,2026-01-24,31,30,28,32,30,29.67,30.2,1.33,4,6,Medium,0,0,0,5,3,7.3,8,1,Moderate,4453,3,0,0,-0.0,447,1,0,0,0,0,0,0,0,1,0,2026-02-25,32,32
U03010,5,36,171.0,66.7,22.8,2026-05-09,27,31,29,27,30,29.0,28.8,1.6,7,4,Medium,0,0,0,3,7,5.7,4,0,Low,13292,7,0,0,0.2,219,0,0,0,0,0,1,0,1,0,0,2026-06-04,26,26
U03011,4,28,165.7,76.3,27.8,2026-08-19,28,28,27,27,28,27.67,27.6,0.49,6,4,Light,0,0,0,10,2,5.5,5,2,Moderate,7643,4,0,1,-0.9,-442,0,0,0,0,0,0,0,0,0,0,2026-09-20,32,32
U03012,7,19,151.7,51.5,22.4,2026-04-21,25,24,23,26,24,24.0,24.4,1.02,5,5,Medium,0,0,0,6,2,7.5,8,2,Moderate,4667,3,0,0,1.3,94,0,0,0,0,0,0,0,0,0,0,2026-05-19,28,28
U03013,6,31,163.4,53.1,19.9,2026-08-10,31,28,34,33,29,31.0,31.0,2.28,3,7,Heavy,0,0,0,2,4,6.9,3,6,High,12305,9,0,0,-1.4,408,0,0,1,0,0,0,0,0,0,0,2026-09-08,29,29
U03014,12,36,167.7,55.1,19.6,2026-06-28,33,30,35,31,34,32.67,32.6,1.85,4,5,Medium,0,0,1,9,10,8.9,5,6,High,6493,9,0,0,0.4,96,0,1,0,1,0,0,0,0,0,0,2026-07-31,33,33
U03015,7,33,153.8,59.8,25.3,2026-01-12,30,28,28,27,28,28.67,28.2,0.98,7,3,Light,0,0,0,5,8,7.3,1,6,Low,4931,4,0,0,0.3,-78,0,0,1,0,0,0,0,1,0,0,2026-02-12,31,31
U03016,11,21,159.2,75.3,29.7,2026-04-12,33,33,32,31,36,32.67,33.0,1.67,6,4,Medium,0,0,0,10,7,4.6,1,1,High,2726,2,1,0,-0.3,180,0,0,0,0,1,1,0,1,0,0,2026-05-15,33,33
U03017,9,33,158.7,54.1,21.5,2026-05-17,32,30,31,30,34,31.0,31.4,1.5,5,4,Light,0,0,0,10,8,8.9,9,7,Moderate,3194,5,0,0,-0.6,-411,0,0,0,0,0,0,0,0,0,0,2026-06-17,31,31
U03018,10,33,164.2,61.7,22.9,2026-08-02,28,28,28,28,30,28.0,28.4,0.8,3,4,Medium,0,0,0,6,7,6.9,3,1,Moderate,6096,6,0,1,1.2,-66,1,0,0,0,0,0,0,0,0,0,2026-09-02,31,31
U03019,2,19,154.8,57.3,23.9,2026-04-29,27,25,29,27,30,27.0,27.6,1.74,4,4,Light,0,0,0,3,6,6.4,3,3,Moderate,9935,10,0,0,0.8,-393,0,0,0,0,0,0,0,0,0,1,2026-05-27,28,28
U03020,11,19,152.8,63.0,27.0,2026-01-23,33,34,32,33,32,33.0,32.8,0.75,4,6,Medium,0,0,0,10,3,6.2,6,3,Moderate,4591,7,1,1,-1.1,-454,0,0,1,0,0,0,0,0,1,0,2026-02-26,34,34
U03021,7,32,161.0,56.2,21.7,2026-06-22,28,26,30,29,29,28.0,28.4,1.36,4,7,Light,0,0,0,1,6,8.1,2,6,High,6995,10,0,0,-0.3,-132,0,0,0,0,0,0,0,1,0,1,2026-07-19,27,27
U03022,3,19,157.8,63.5,25.5,2026-02-18,27,26,28,26,29,27.0,27.2,1.17,7,4,Light,0,0,0,3,2,8.2,8,5,Low,11665,5,1,1,-0.3,166,0,0,1,0,0,0,0,0,0,0,2026-03-15,25,25
U03023,7,39,164.9,53.3,19.6,2026-07-15,32,32,35,32,31,33.0,32.4,1.36,4,7,Light,0,0,0,1,8,6.6,4,7,Low,8631,6,0,0,0.1,128,0,0,1,0,0,0,0,1,0,0,2026-08-15,31,31
U03024,9,39,156.4,39.1,16.0,2026-03-13,38,38,38,38,40,38.0,38.4,0.8,3,5,Light,0,0,0,6,6,6.2,1,3,High,7379,2,0,0,-2.8,39,1,0,1,0,0,1,0,0,0,0,2026-04-19,37,37
U03025,6,24,154.1,52.7,22.2,2026-06-19,32,32,31,31,35,31.67,32.2,1.47,4,6,Light,0,0,0,8,7,6.0,7,1,Low,12568,5,1,0,-0.0,268,0,0,1,0,0,0,0,0,0,0,2026-07-20,31,31
U03026,4,37,154.4,50.1,21.0,2026-03-04,30,29,30,29,28,29.67,29.2,0.75,6,3,Medium,0,0,0,7,3,7.5,3,7,Low,4982,7,1,0,-1.0,347,0,0,0,0,1,0,0,0,0,0,2026-04-04,31,31
U03027,7,22,152.5,59.5,25.6,2026-02-04,38,40,37,37,40,38.33,38.4,1.36,7,6,Medium,1,0,1,3,7,5.2,9,1,Low,8653,9,0,0,-1.6,-641,1,0,0,1,1,0,0,0,0,0,2026-03-13,37,37
U03028,8,28,169.0,76.8,26.9,2026-06-02,28,27,29,26,27,28.0,27.4,1.02,5,7,Heavy,0,0,0,2,6,6.7,8,3,Moderate,2403,10,0,0,-0.1,-297,0,1,1,0,0,0,0,0,0,0,2026-06-29,27,27
U03029,5,20,157.6,62.8,25.3,2026-04-29,35,35,32,36,34,34.0,34.4,1.36,7,7,Medium,0,0,1,8,4,7.1,9,6,Low,13617,7,0,0,0.3,-676,0,0,0,1,0,0,0,0,0,0,2026-06-02,34,34
U03030,5,22,152.8,65.8,28.2,2026-08-20,29,30,28,30,31,29.0,29.6,1.02,5,7,Medium,0,0,0,1,1,5.7,10,4,High,7021,1,0,0,0.4,368,0,0,0,0,0,0,0,0,0,0,2026-09-16,27,27
U03031,11,34,157.0,45.4,18.4,2026-05-11,32,28,32,32,33,30.67,31.4,1.74,6,5,Medium,0,1,0,9,6,8.8,10,7,Moderate,11426,4,0,0,0.9,-326,0,1,0,0,0,0,0,0,0,0,2026-06-12,32,32
U03032,8,23,160.5,61.1,23.7,2026-05-29,24,26,24,25,25,24.67,24.8,0.75,6,3,Medium,0,0,0,2,2,6.3,6,1,High,3268,1,0,0,1.1,-650,0,1,0,0,0,0,0,0,0,1,2026-06-19,21,21
U03033,6,23,159.0,53.6,21.2,2026-06-10,32,36,30,34,33,32.67,33.0,2.0,5,6,Medium,0,0,0,6,9,7.9,9,4,Moderate,11481,6,0,0,0.5,22,0,1,0,0,0,0,0,0,1,0,2026-07-11,31,31
U03034,12,24,157.5,73.4,29.6,2026-07-25,27,27,28,24,25,27.33,26.2,1.47,4,4,Medium,0,0,0,5,10,6.6,5,6,Moderate,9808,2,0,0,0.9,184,0,0,1,0,0,1,1,0,0,1,2026-08-21,27,27
U03035,7,23,163.4,56.6,21.2,2026-08-13,29,29,29,28,28,29.0,28.6,0.49,7,6,Medium,0,0,1,5,8,7.4,1,1,Low,5734,10,0,0,0.3,57,0,0,0,1,0,0,0,0,0,0,2026-09-13,31,31
U03036,2,26,170.4,65.0,22.4,2026-05-03,28,28,24,29,27,26.67,27.2,1.72,5,6,Heavy,0,0,0,9,2,5.9,3,6,Moderate,4740,2,0,0,2.2,-635,0,0,0,0,0,1,0,0,0,0,2026-05-31,28,28
U03037,7,28,171.7,65.7,22.3,2026-03-20,31,31,30,32,32,30.67,31.2,0.75,3,3,Medium,0,0,0,3,8,8.3,3,5,High,10722,3,0,0,1.0,348,0,0,0,0,0,0,0,0,0,0,2026-04-18,29,29
U03038,8,19,152.3,44.8,19.3,2026-04-02,29,31,28,29,31,29.33,29.6,1.2,5,6,Medium,0,0,0,6,7,7.6,7,0,Moderate,6110,9,0,0,0.9,-250,1,1,0,0,0,0,0,0,0,1,2026-05-02,30,30
U03039,7,39,162.4,69.4,26.3,2026-02-21,31,28,30,27,32,29.67,29.6,1.85,6,7,Medium,0,1,0,5,7,7.3,10,6,High,12033,2,1,0,-0.2,-332,0,0,1,0,0,0,0,0,0,0,2026-03-22,29,29
U03040,2,25,160.8,60.0,23.2,2026-03-13,24,23,26,25,24,24.33,24.4,1.02,3,7,Medium,0,0,0,4,9,5.3,3,0,Low,6271,1,0,0,0.8,215,0,0,0,0,0,0,0,0,0,0,2026-04-07,25,25
U03041,12,27,163.8,53.4,19.9,2026-02-28,29,28,31,30,30,29.33,29.6,1.02,7,3,Medium,0,0,0,6,10,7.6,1,0,Moderate,8176,4,0,0,2.3,83,0,0,0,0,0,0,0,1,0,1,2026-03-29,29,29
U03042,11,19,169.5,52.0,18.1,2026-02-20,30,28,30,28,31,29.33,29.4,1.2,4,3,Heavy,0,0,0,7,1,7.6,10,3,Low,12768,2,0,0,-0.5,339,0,0,0,0,0,0,0,0,0,0,2026-03-22,30,30
U03043,4,28,150.8,61.9,27.2,2026-01-21,27,23,29,28,24,26.33,26.2,2.32,5,7,Heavy,0,0,0,5,3,6.9,2,4,Moderate,12337,4,0,0,-0.8,-420,0,0,0,0,0,0,0,1,0,0,2026-02-18,28,28
U03044,8,19,165.5,43.8,16.0,2026-01-22,28,27,29,27,27,28.0,27.6,0.8,3,6,Medium,0,0,0,2,6,7.0,9,2,High,3056,6,0,0,1.8,492,1,0,0,0,0,0,0,0,0,0,2026-02-20,29,29
U03045,10,24,150.8,48.7,21.4,2026-05-12,28,27,29,29,30,28.0,28.6,1.02,4,6,Medium,0,0,0,4,1,8.4,10,0,Moderate,9495,1,0,1,-0.3,-342,0,0,0,0,0,0,0,0,0,0,2026-06-09,28,28
U03046,3,37,163.2,49.3,18.5,2026-07-02,30,31,31,30,31,30.67,30.6,0.49,6,6,Medium,0,0,0,5,8,7.5,2,7,Moderate,9636,2,0,0,-0.9,166,0,0,0,0,0,0,0,0,0,0,2026-08-03,32,32
U03047,7,20,159.6,63.2,24.8,2026-07-27,36,38,34,35,33,36.0,35.2,1.72,5,5,Light,1,0,0,10,7,6.9,10,2,Moderate,10712,2,0,0,0.7,335,0,0,1,0,0,0,0,0,1,0,2026-09-06,41,41
U03048,6,33,162.8,62.8,23.7,2026-07-16,31,32,29,34,30,30.67,31.2,1.72,4,3,Light,1,0,0,6,9,8.3,4,4,Moderate,3922,1,0,0,2.6,-303,0,0,0,0,0,0,0,0,0,0,2026-08-15,30,30
U03049,11,35,165.0,70.2,25.8,2026-04-16,28,27,31,28,26,28.67,28.0,1.67,7,7,Light,0,0,0,3,8,7.1,10,5,Low,5682,2,0,1,-0.1,51,0,1,0,0,0,0,0,0,0,0,2026-05-14,28,28
U03050,4,35,159.1,60.2,23.8,2026-02-18,26,28,26,26,27,26.67,26.6,0.8,7,7,Light,0,0,0,9,8,8.7,8,2,Low,8014,5,1,0,-1.6,252,0,0,0,0,0,0,0,1,0,0,2026-03-17,27,27
U03051,9,20,151.4,60.7,26.5,2026-03-04,30,30,30,31,29,30.0,30.0,0.63,4,3,Heavy,0,0,0,1,10,5.1,7,5,Low,12858,4,0,0,-1.2,-175,0,0,1,0,0,0,0,0,0,0,2026-03-30,26,26
U03052,2,33,154.0,55.7,23.5,2026-06-11,29,28,27,30,30,28.0,28.8,1.17,4,3,Medium,1,0,0,3,6,9.2,10,0,Low,5330,1,0,0,1.7,-127,0,0,0,0,0,0,0,0,0,0,2026-07-11,30,30
U03053,8,40,162.4,52.2,19.8,2026-07-03,35,32,35,34,38,34.0,34.8,1.94,6,6,Medium,0,0,1,8,6,7.2,2,2,Moderate,3409,9,0,0,2.8,-425,0,0,0,1,0,0,0,0,0,0,2026-08-07,35,35
U03054,8,25,164.7,56.2,20.7,2026-06-03,28,30,31,29,25,29.67,28.6,2.06,5,6,Medium,0,0,0,9,3,7.7,10,1,Low,8900,5,0,0,0.6,134,0,0,1,0,0,0,0,1,1,0,2026-07-03,30,30
U03055,9,36,165.4,65.7,24.0,2026-03-07,31,27,34,31,29,30.67,30.4,2.33,3,6,Medium,0,0,0,7,8,8.5,3,0,Moderate,12734,2,0,0,-0.4,-151,0,0,1,0,0,0,0,0,0,0,2026-04-08,32,32
U03056,3,33,156.0,51.6,21.2,2026-06-17,27,27,30,28,27,28.0,27.8,1.17,7,3,Medium,0,0,0,4,6,7.0,5,1,Moderate,5201,3,0,1,0.3,-87,0,0,0,0,0,0,0,1,0,0,2026-07-11,24,24
U03057,11,38,154.6,68.6,28.7,2026-05-23,29,31,30,29,30,30.0,29.8,0.75,5,3,Light,0,0,0,1,1,8.0,6,4,Moderate,4667,2,0,0,-1.6,129,0,0,0,0,0,0,0,1,0,0,2026-06-22,30,30
U03058,10,38,159.7,74.5,29.2,2026-03-24,33,31,30,33,32,31.33,31.8,1.17,6,3,Medium,0,0,0,5,6,6.1,6,7,Low,9614,3,0,0,0.1,-157,0,0,0,0,0,0,0,0,0,0,2026-04-26,33,33
U03059,7,23,166.3,63.6,23.0,2026-01-08,28,28,28,30,27,28.0,28.2,0.98,5,7,Medium,0,0,1,6,6,9.0,5,4,High,13933,1,0,0,-0.2,225,0,0,0,1,0,0,0,0,1,1,2026-02-07,30,30
U03060,6,39,155.9,60.5,24.9,2026-02-20,27,25,29,26,24,27.0,26.2,1.72,7,6,Heavy,0,0,0,3,9,7.1,5,0,High,11504,5,0,0,-0.7,-666,0,0,0,0,0,1,0,1,0,0,2026-03-14,22,22
U03061,12,29,152.8,45.5,19.5,2026-02-06,28,30,27,26,25,28.33,27.2,1.72,4,6,Medium,0,0,0,4,6,8.2,7,1,Low,2080,4,0,1,1.5,-168,0,0,0,0,0,0,0,0,0,0,2026-03-05,27,27
U03062,2,27,154.1,43.9,18.5,2026-01-02,28,28,30,27,25,28.67,27.6,1.62,4,3,Medium,0,0,0,7,9,8.7,9,1,Low,7030,7,1,0,-0.3,-681,0,0,0,0,0,0,0,0,0,0,2026-01-31,29,29
U03063,12,18,161.8,49.2,18.8,2026-02-12,34,33,35,35,34,34.0,34.2,0.75,3,3,Medium,0,0,0,7,7,5.3,6,3,Moderate,12077,4,0,0,-1.5,123,0,0,0,0,0,0,0,0,0,0,2026-03-22,38,38
U03064,2,38,161.6,69.5,26.6,2026-06-28,31,30,32,30,34,31.0,31.4,1.5,6,3,Medium,0,0,0,7,1,7.9,3,1,Moderate,12417,7,0,0,-2.0,126,0,0,1,0,0,0,0,0,0,0,2026-07-31,33,33
U03065,5,18,158.3,53.6,21.4,2026-08-10,30,26,28,26,28,28.0,27.6,1.5,7,7,Medium,0,0,0,8,7,6.0,8,7,Moderate,9954,5,0,0,1.5,-545,0,0,0,0,0,0,0,0,0,0,2026-09-09,30,30
U03066,3,35,161.9,57.4,21.9,2026-05-07,37,37,35,37,37,36.33,36.6,0.8,3,5,Medium,0,0,1,2,9,6.7,6,4,Moderate,10631,3,0,0,0.8,193,0,1,0,1,1,0,0,0,0,0,2026-06-08,32,32
U03067,7,39,149.1,49.1,22.1,2026-07-12,33,32,33,32,34,32.67,32.8,0.75,3,6,Medium,0,0,0,10,2,8.1,9,5,Moderate,13727,3,0,0,0.6,-298,1,0,1,0,0,0,0,0,0,0,2026-08-15,34,34
U03068,9,22,157.9,63.3,25.4,2026-07-10,27,26,28,24,28,27.0,26.6,1.5,5,5,Medium,0,0,0,4,9,6.6,9,4,Moderate,7982,8,0,1,0.7,-50,0,0,0,0,0,0,0,0,0,0,2026-08-04,25,25
U03069,7,18,166.0,52.6,19.1,2026-02-01,35,36,34,37,35,35.0,35.4,1.02,3,5,Light,1,0,0,10,9,5.1,1,7,High,2716,9,1,0,-0.2,-652,0,1,0,0,0,0,0,0,0,0,2026-03-09,36,36
U03070,12,30,167.2,68.8,24.6,2026-07-04,31,32,33,32,31,32.0,31.8,0.75,5,4,Medium,0,0,0,9,8,6.0,6,0,Low,13853,3,0,0,0.5,-280,0,0,0,0,0,0,0,0,0,0,2026-08-04,31,31
U03071,2,38,156.8,66.1,26.9,2026-04-14,28,25,28,29,24,27.0,26.8,1.94,7,5,Medium,0,0,1,5,10,6.7,6,1,High,8755,8,0,0,0.4,-249,0,0,0,1,0,0,0,0,0,0,2026-05-12,28,28
U03072,4,24,153.1,60.0,25.6,2026-05-30,26,25,26,26,28,25.67,26.2,0.98,4,7,Medium,0,0,0,7,5,6.7,9,2,High,3381,5,0,0,1.0,251,0,0,0,0,0,0,0,1,0,0,2026-06-26,27,27
U03073,9,33,165.8,50.3,18.3,2026-06-16,33,32,33,32,36,32.67,33.2,1.47,7,4,Medium,0,1,0,3,6,8.3,6,5,High,8157,5,0,0,1.4,-238,0,0,0,0,0,0,0,0,0,0,2026-07-18,32,32
U03074,12,22,171.5,65.3,22.2,2026-08-11,29,26,31,29,26,28.67,28.2,1.94,5,7,Heavy,1,0,0,1,1,7.1,3,3,Moderate,6328,10,0,0,-0.4,374,0,0,0,0,0,0,0,0,0,0,2026-09-07,27,27
U03075,5,25,169.8,55.1,19.1,2026-03-13,28,27,27,30,29,27.33,28.2,1.17,6,5,Heavy,1,0,0,3,8,6.8,8,1,High,10776,10,0,0,0.1,37,0,0,0,0,0,0,0,0,0,1,2026-04-10,28,28
U03076,9,29,154.0,56.7,23.9,2026-04-03,33,36,33,35,34,34.0,34.2,1.17,5,7,Medium,0,0,0,8,9,6.2,5,0,High,3407,8,0,0,-0.4,180,1,0,0,0,0,0,0,0,0,0,2026-05-06,33,33
U03077,12,29,161.3,45.8,17.6,2026-01-28,27,25,29,25,27,27.0,26.6,1.5,6,3,Light,0,0,0,6,6,6.6,1,6,High,3932,5,0,0,-2.0,-368,0,0,0,0,0,0,0,0,0,0,2026-02-24,27,27
U03078,9,32,154.2,50.9,21.4,2026-05-02,29,32,29,29,30,30.0,29.8,1.17,4,6,Medium,0,0,0,4,1,9.3,2,2,Moderate,12199,1,0,0,-1.0,-313,0,0,0,0,0,0,1,0,0,0,2026-05-31,29,29
U03079,11,20,160.9,67.8,26.2,2026-03-11,33,34,31,32,30,32.67,32.0,1.41,7,3,Medium,1,0,0,3,4,6.7,3,2,Low,11643,8,0,0,0.4,-47,0,0,0,0,0,0,0,0,0,1,2026-04-13,33,33
U03080,9,18,152.4,46.7,20.1,2026-02-09,37,38,36,37,39,37.0,37.4,1.02,4,6,Medium,0,0,1,8,9,6.2,10,7,Moderate,12290,10,0,0,-1.2,-13,0,0,0,1,1,1,0,0,0,0,2026-03-19,38,38
U03081,12,24,160.2,53.6,20.9,2026-07-28,29,32,31,32,26,30.67,30.0,2.28,7,6,Light,0,0,0,1,4,8.1,3,1,Moderate,6210,3,0,0,0.1,-650,0,0,0,0,0,0,0,1,0,0,2026-08-22,25,25
U03082,7,25,169.6,82.8,28.8,2026-05-18,31,29,27,31,33,29.0,30.2,2.04,3,5,Heavy,0,0,0,3,1,5.8,9,6,Moderate,11207,1,0,0,1.4,-4,0,1,0,0,0,0,0,0,0,1,2026-06-18,31,31
U03083,6,35,168.4,72.6,25.6,2026-04-01,26,26,28,30,29,26.67,27.8,1.6,4,7,Light,1,0,0,6,5,7.1,8,4,Moderate,3137,2,0,1,1.9,438,0,0,0,0,0,0,0,0,0,1,2026-04-26,25,25
U03084,7,26,154.0,64.7,27.3,2026-02-09,32,32,33,32,32,32.33,32.2,0.4,6,6,Medium,0,0,0,3,3,7.3,10,2,Low,2562,10,0,0,0.4,-56,0,1,0,0,0,0,0,0,0,1,2026-03-13,32,32
U03085,3,35,162.7,73.1,27.6,2026-03-19,29,29,28,30,31,28.67,29.4,1.02,6,5,Medium,0,0,1,7,1,6.0,8,4,High,9433,10,0,0,-0.9,-608,0,0,0,1,0,0,0,1,0,0,2026-04-19,31,31
U03086,11,23,165.2,54.6,20.0,2026-07-21,29,27,33,28,26,29.67,28.6,2.42,4,6,Light,0,0,0,4,6,7.7,3,4,High,2223,6,0,0,1.6,211,0,0,0,0,0,0,0,0,0,0,2026-08-19,29,29
U03087,8,18,175.1,49.1,16.0,2026-03-05,28,27,30,26,30,28.33,28.2,1.6,6,3,Heavy,0,0,0,1,4,7.4,2,5,Moderate,8063,8,0,0,-1.6,-290,0,0,0,0,0,0,0,0,0,0,2026-04-03,29,29
U03088,7,34,162.4,51.7,19.6,2026-06-08,35,33,35,36,36,34.33,35.0,1.1,4,4,Light,0,0,1,8,8,6.8,1,6,Low,12437,8,1,0,-1.0,235,0,0,0,1,0,0,0,0,0,0,2026-07-13,35,35
U03089,12,29,154.3,60.9,25.6,2026-02-28,37,36,39,35,37,37.33,36.8,1.33,7,4,Light,0,0,0,10,8,7.5,8,0,Moderate,4370,2,0,1,0.4,114,1,0,0,0,0,1,0,0,0,0,2026-04-06,37,37
U03090,10,23,156.6,44.1,18.0,2026-01-10,34,38,34,34,35,35.33,35.0,1.55,7,6,Light,0,1,0,3,7,7.3,6,2,Low,7328,1,0,0,-0.3,112,1,1,0,0,0,1,0,0,0,0,2026-02-12,33,33
U03091,2,32,165.2,65.0,23.8,2026-05-25,34,36,39,34,32,36.33,35.0,2.37,4,5,Heavy,0,0,0,4,5,6.3,5,6,Moderate,4095,10,1,0,0.6,-295,0,0,0,0,0,0,0,0,1,1,2026-06-30,36,36
U03092,3,31,168.7,64.9,22.8,2026-03-20,30,27,28,30,32,28.33,29.4,1.74,4,3,Medium,0,0,0,9,9,9.0,2,4,Moderate,10847,4,0,0,1.7,330,0,0,0,0,0,0,0,0,0,0,2026-04-17,28,28
U03093,3,27,148.8,44.1,19.9,2026-04-21,29,29,28,26,30,28.67,28.4,1.36,7,5,Medium,0,0,1,8,7,6.0,1,3,Low,7145,3,0,0,-1.1,115,0,0,0,1,0,0,0,0,0,1,2026-05-23,32,32
U03094,8,37,157.7,51.0,20.5,2026-05-16,28,28,29,29,31,28.33,29.0,1.1,7,3,Medium,0,0,0,4,10,6.8,6,3,Moderate,4288,5,0,0,-0.0,-324,0,0,0,0,0,0,0,0,0,0,2026-06-15,30,30
U03095,12,38,152.0,58.0,25.1,2026-04-17,25,27,22,21,26,24.67,24.2,2.32,6,3,Medium,0,0,0,10,4,4.2,8,7,Low,4291,2,0,0,1.9,353,1,0,0,0,0,0,0,0,0,0,2026-05-14,27,27
U03096,12,39,170.2,55.6,19.2,2026-03-22,33,30,36,37,32,33.0,33.6,2.58,3,7,Light,0,0,0,9,7,9.3,2,7,High,5959,2,0,0,0.4,-357,0,0,1,0,0,0,0,0,0,0,2026-04-23,32,32
U03097,5,25,166.0,60.3,21.9,2026-01-31,29,27,27,28,28,27.67,27.8,0.75,5,5,Medium,0,0,0,5,7,7.0,8,3,Moderate,13430,3,0,0,0.5,315,1,0,0,0,0,0,0,0,0,0,2026-02-26,26,26
U03098,12,22,162.4,62.2,23.6,2026-01-15,25,28,24,24,28,25.67,25.8,1.83,4,7,Heavy,0,0,0,1,7,6.0,6,3,Moderate,4239,10,0,0,-0.4,469,0,0,0,0,0,0,0,1,0,0,2026-02-06,22,22
U03099,8,27,166.3,49.5,17.9,2026-01-15,34,32,34,34,34,33.33,33.6,0.8,4,6,Medium,0,0,0,3,10,5.4,2,0,Moderate,3376,7,0,0,-0.9,-246,0,0,1,0,0,0,0,0,0,0,2026-02-20,36,36
U03100,4,23,171.3,90.4,30.8,2026-02-13,28,25,28,27,25,27.0,26.6,1.36,7,6,Medium,0,0,0,2,2,7.7,2,6,High,3781,1,1,0,1.2,-264,0,0,0,0,0,0,0,0,0,0,2026-03-18,33,33
U03101,8,28,159.4,62.0,24.4,2026-05-04,29,29,29,28,26,29.0,28.2,1.17,3,5,Medium,0,0,0,8,3,5.5,10,5,High,5962,4,1,0,-1.3,-359,0,0,1,0,0,0,0,0,0,0,2026-06-06,33,33
U03102,7,24,161.4,66.9,25.7,2026-04-01,29,30,29,29,28,29.33,29.0,0.63,4,4,Heavy,0,0,1,7,10,9.2,8,7,Moderate,9893,10,0,0,-0.6,243,0,0,0,1,0,0,0,0,0,0,2026-05-01,30,30
U03103,10,39,156.0,49.9,20.5,2026-06-02,28,30,27,27,27,28.33,27.8,1.17,6,3,Medium,0,0,0,2,9,7.4,9,2,Low,12202,1,0,0,0.9,279,1,0,0,0,0,0,0,0,0,0,2026-06-28,26,26
U03104,12,25,180.0,57.3,17.7,2026-01-27,30,27,29,33,32,28.67,30.2,2.14,7,7,Medium,1,0,0,4,3,9.4,10,6,High,5328,6,0,0,0.6,433,0,0,0,0,0,0,0,1,0,0,2026-02-26,30,30
U03105,11,29,176.5,57.6,18.5,2026-07-26,26,27,28,26,26,27.0,26.6,0.8,6,6,Medium,0,0,0,4,5,7.9,8,1,Moderate,6778,5,0,1,-2.1,51,0,0,0,0,0,0,0,0,0,0,2026-08-24,29,29
U03106,9,24,169.4,60.0,20.9,2026-03-23,28,25,31,27,26,28.0,27.4,2.06,7,3,Medium,0,0,0,1,5,6.3,7,7,Low,13135,3,0,0,1.3,-153,0,0,0,0,0,0,0,0,0,0,2026-04-20,28,28
U03107,8,23,154.7,61.7,25.8,2026-01-23,28,31,31,29,31,30.0,30.0,1.26,6,7,Medium,0,0,0,2,2,5.7,6,5,Low,4109,4,0,0,0.7,445,0,0,0,0,0,0,0,0,0,0,2026-02-20,28,28
U03108,7,34,161.4,75.3,28.9,2026-04-12,28,28,31,29,29,29.0,29.0,1.1,6,5,Heavy,0,0,0,5,10,7.2,8,3,Low,4720,3,0,0,-1.3,-593,0,0,0,0,0,0,0,0,0,0,2026-05-12,30,30
U03109,5,26,164.1,62.7,23.3,2026-06-21,31,30,30,32,30,30.33,30.6,0.8,4,5,Medium,0,0,1,4,4,6.9,1,0,Moderate,8504,4,0,1,-0.9,-509,0,0,1,1,0,0,0,0,0,0,2026-07-24,33,33
U03110,5,28,162.0,60.6,23.1,2026-06-28,26,27,27,26,25,26.67,26.2,0.75,4,6,Heavy,0,0,0,1,2,6.9,7,0,High,13769,8,0,0,-0.1,-428,0,0,0,0,0,0,0,0,0,0,2026-07-21,23,23
U03111,8,37,159.2,46.4,18.3,2026-07-29,34,35,32,32,34,33.67,33.4,1.2,4,4,Medium,0,0,0,9,4,4.5,2,3,Moderate,11555,10,0,0,0.5,-655,0,0,1,0,0,1,0,0,1,0,2026-09-02,35,35
U03112,4,19,158.1,47.0,18.8,2026-01-09,26,24,28,24,25,26.0,25.4,1.5,7,7,Medium,0,0,0,7,7,8.9,7,1,Low,5655,10,0,1,-0.8,-199,0,0,0,0,0,0,0,0,0,0,2026-02-04,26,26
U03113,8,21,156.4,59.9,24.5,2026-06-01,28,25,27,27,30,26.67,27.4,1.62,4,5,Medium,0,0,0,5,5,6.1,5,4,Low,6581,3,0,0,-0.7,-438,0,0,0,0,0,0,0,0,0,0,2026-07-01,30,30
U03114,7,22,159.0,52.6,20.8,2026-03-15,35,38,35,35,33,36.0,35.2,1.6,5,5,Medium,0,0,0,8,4,7.3,6,4,Moderate,6542,9,0,0,-0.3,176,0,1,0,0,1,0,0,0,0,0,2026-04-20,36,36
U03115,4,22,165.4,69.8,25.5,2026-06-06,30,31,32,31,27,31.0,30.2,1.72,5,5,Heavy,1,0,0,2,5,4.7,6,2,Moderate,11473,8,1,0,-1.6,75,0,0,0,0,0,0,0,0,0,0,2026-07-07,31,31
U03116,12,23,166.4,74.2,26.8,2026-02-06,31,30,32,29,29,31.0,30.2,1.17,3,7,Medium,1,0,0,9,8,6.5,5,1,Low,6281,7,0,0,0.6,269,1,0,1,0,0,0,0,0,0,0,2026-03-09,31,31
U03117,11,18,170.5,59.9,20.6,2026-04-13,30,32,30,33,32,30.67,31.4,1.2,7,4,Heavy,0,0,1,4,10,7.0,10,7,Low,2439,7,0,0,0.1,-178,0,0,0,1,0,0,0,0,0,0,2026-05-12,29,29
U03118,2,35,155.5,55.6,23.0,2026-07-06,27,27,29,27,27,27.67,27.4,0.8,5,6,Medium,0,0,0,2,6,6.8,10,3,Moderate,8817,5,0,0,-1.0,454,0,0,0,0,0,0,0,1,0,0,2026-07-30,24,24
U03119,8,32,161.7,46.5,17.8,2026-06-04,31,30,32,31,31,31.0,31.0,0.63,4,6,Heavy,0,0,0,10,9,6.3,7,6,Moderate,8378,10,0,0,-2.2,443,1,1,0,0,0,0,0,0,0,0,2026-07-07,33,33
U03120,6,21,152.6,61.0,26.2,2026-08-20,30,30,28,29,33,29.33,30.0,1.67,4,6,Medium,0,1,0,3,8,7.9,10,1,High,12227,5,0,0,0.4,401,0,0,0,0,0,0,0,0,0,0,2026-09-19,30,30
U03121,3,36,152.8,54.6,23.4,2026-03-15,30,32,29,29,32,30.33,30.4,1.36,6,4,Medium,0,1,0,6,7,6.2,10,2,Moderate,7057,8,0,0,-0.9,-514,1,0,0,0,0,0,0,0,0,0,2026-04-15,31,31
U03122,5,20,154.3,48.8,20.5,2026-03-09,34,35,35,32,36,34.67,34.4,1.36,5,4,Medium,0,0,1,8,1,7.5,8,1,Moderate,4505,9,0,0,-1.9,-324,0,0,0,1,0,0,0,0,0,0,2026-04-12,34,34
U03123,6,22,164.1,54.7,20.3,2026-04-08,27,25,29,31,29,27.0,28.2,2.04,7,4,Medium,1,0,0,4,1,7.7,1,6,Moderate,11022,2,0,0,-0.4,323,0,1,0,0,0,0,0,0,0,0,2026-05-04,26,26
U03124,3,32,158.5,47.0,18.7,2026-05-06,37,38,37,37,36,37.33,37.0,0.63,3,5,Medium,1,0,1,2,2,7.0,2,2,Moderate,4260,5,0,0,0.2,253,0,0,0,1,0,0,1,1,0,0,2026-06-11,36,36
U03125,9,36,149.0,62.8,28.3,2026-06-10,27,28,29,28,24,28.0,27.2,1.72,4,6,Medium,0,0,0,7,1,6.0,10,5,Moderate,11922,9,0,0,-1.0,-223,0,0,0,0,0,0,0,0,1,0,2026-07-08,28,28
U03126,3,19,166.2,47.2,17.1,2026-01-08,29,28,29,32,27,28.67,29.0,1.67,7,7,Medium,0,1,0,8,4,6.6,6,6,Moderate,8063,2,0,0,0.5,-249,0,0,0,0,0,0,0,0,0,0,2026-02-07,30,30
U03127,12,18,173.0,89.8,30.0,2026-07-12,26,27,28,25,25,27.0,26.2,1.17,6,5,Light,0,0,0,9,9,7.6,3,5,Low,3083,7,0,0,-0.6,-386,1,0,0,0,0,0,0,0,0,0,2026-08-07,26,26
U03128,7,34,157.0,47.3,19.2,2026-02-08,29,30,31,30,26,30.0,29.2,1.72,6,7,Medium,0,0,0,7,4,7.7,10,6,High,9050,3,0,0,-0.6,203,0,0,1,0,0,0,0,0,0,0,2026-03-08,28,28
U03129,8,37,163.0,61.1,23.0,2026-07-06,30,31,30,35,29,30.33,31.0,2.1,7,3,Light,1,1,0,4,3,8.0,5,2,Low,9197,3,0,0,-1.0,-682,0,0,0,0,0,0,1,0,0,0,2026-08-02,27,27
U03130,6,22,162.8,63.6,24.0,2026-02-27,28,26,30,24,25,28.0,26.6,2.15,7,7,Heavy,0,0,0,8,7,6.8,10,1,Moderate,13588,10,1,0,-1.9,65,0,0,0,0,0,0,0,0,0,1,2026-03-30,31,31
U03131,7,33,166.0,57.0,20.7,2026-01-24,36,36,40,37,37,37.33,37.2,1.47,5,3,Light,1,0,1,5,1,7.5,3,0,Low,13716,8,1,0,-0.5,148,0,0,0,1,1,0,0,0,0,0,2026-02-28,35,35
U03132,3,32,155.6,60.8,25.1,2026-03-04,30,31,31,30,33,30.67,31.0,1.1,4,5,Medium,0,0,0,7,2,4.6,10,7,High,2933,7,1,0,0.3,474,1,1,0,0,0,1,0,0,0,1,2026-04-05,32,32
U03133,4,18,149.5,53.0,23.7,2026-06-23,26,28,23,24,27,25.67,25.6,1.85,4,7,Light,0,0,0,4,1,7.8,6,2,High,2031,8,1,0,0.9,374,0,0,0,0,0,0,0,0,0,0,2026-07-20,27,27
U03134,11,26,150.7,58.1,25.6,2026-03-17,34,35,34,36,34,34.33,34.6,0.8,7,5,Medium,0,1,0,9,1,7.8,5,3,High,2032,8,0,0,-0.4,434,0,0,1,0,0,0,0,0,0,0,2026-04-19,33,33
U03135,7,18,168.0,58.4,20.7,2026-03-24,29,29,29,28,31,29.0,29.2,0.98,7,7,Heavy,0,0,0,6,3,10.0,2,0,High,4472,3,0,0,-0.4,403,1,0,0,0,0,0,0,0,0,0,2026-04-20,27,27
U03136,9,19,167.7,67.2,23.9,2026-07-05,30,30,29,31,29,29.67,29.8,0.75,7,4,Medium,0,0,0,6,4,5.8,8,3,Low,7666,1,0,0,-2.6,-541,0,0,0,0,0,0,0,0,0,0,2026-08-06,32,32
U03137,4,23,152.2,37.1,16.0,2026-08-16,27,28,28,27,27,27.67,27.4,0.49,6,4,Heavy,0,0,0,7,2,5.2,7,5,High,2081,1,0,0,0.2,-548,0,0,0,0,0,0,0,0,0,0,2026-09-14,29,29
U03138,3,34,149.8,49.6,22.1,2026-02-19,33,32,32,33,29,32.33,31.8,1.47,3,6,Light,0,0,0,8,10,5.1,7,5,Moderate,7816,4,0,0,0.9,31,1,0,0,0,1,0,0,0,0,0,2026-03-27,36,36
U03139,12,31,162.9,61.3,23.1,2026-05-13,30,28,29,29,28,29.0,28.8,0.75,3,5,Medium,0,0,0,4,9,7.5,1,1,Moderate,5786,7,0,0,-0.5,259,0,0,0,0,0,0,0,0,0,0,2026-06-12,30,30
U03140,11,18,154.4,39.1,16.4,2026-01-28,32,32,34,31,34,32.67,32.6,1.2,3,3,Light,0,0,0,5,4,5.9,7,5,Low,3086,7,0,0,0.0,367,0,0,0,0,0,0,0,0,0,0,2026-03-01,32,32
U03141,6,40,158.9,74.0,29.3,2026-02-19,28,29,27,30,32,28.0,29.2,1.72,3,3,Heavy,0,0,0,2,9,6.9,7,3,Low,12215,3,0,0,-1.4,-409,0,1,1,0,0,0,0,1,0,0,2026-03-21,30,30
U03142,9,35,166.5,62.1,22.4,2026-06-21,29,30,31,29,28,30.0,29.4,1.02,4,3,Light,0,0,0,3,5,7.1,4,7,High,13199,4,0,0,0.2,-322,0,0,0,0,0,0,0,0,0,0,2026-07-20,29,29
U03143,11,18,158.3,64.9,25.9,2026-05-11,29,26,29,30,28,28.0,28.4,1.36,7,5,Heavy,0,0,1,9,3,7.3,8,3,Moderate,7868,5,1,0,0.9,430,0,0,1,1,0,0,0,0,0,0,2026-06-13,33,33
U03144,12,38,164.0,49.8,18.5,2026-01-24,30,33,27,30,30,30.0,30.0,1.9,7,7,Medium,0,0,0,9,9,7.5,9,5,High,5385,6,0,1,0.8,-11,0,0,0,0,0,0,0,0,0,0,2026-02-28,35,35
U03145,11,40,152.3,41.5,17.9,2026-08-14,25,26,26,26,27,25.67,26.0,0.63,6,4,Medium,0,0,0,8,6,5.4,3,4,Moderate,7922,4,0,0,-0.3,444,1,0,0,0,0,0,0,0,0,0,2026-09-07,24,24
U03146,8,22,169.5,49.7,17.3,2026-06-12,26,26,27,26,28,26.33,26.6,0.8,4,5,Medium,0,0,0,10,9,6.4,6,0,Low,7115,3,0,0,0.6,-682,0,0,0,0,0,0,0,0,0,0,2026-07-11,29,29
U03147,8,27,151.2,54.2,23.7,2026-01-28,37,35,40,33,36,37.33,36.2,2.32,6,3,Medium,0,0,1,6,10,8.2,8,7,Moderate,4833,1,0,0,-0.4,-185,1,0,0,1,0,0,0,0,0,0,2026-03-04,35,35
U03148,7,29,160.3,53.2,20.7,2026-04-02,28,28,28,30,26,28.0,28.0,1.26,5,6,Heavy,0,0,0,3,8,6.1,7,6,High,9383,2,0,0,-0.9,388,0,0,0,0,0,0,0,0,0,0,2026-04-29,27,27
U03149,12,32,164.5,61.7,22.8,2026-04-04,27,29,23,27,25,26.33,26.2,2.04,7,4,Heavy,0,0,0,7,9,8.7,4,4,Moderate,8893,3,0,1,-0.8,-124,0,0,1,0,0,0,0,0,0,0,2026-05-05,31,31
U03150,6,34,147.9,48.3,22.1,2026-06-12,36,35,38,39,34,36.33,36.4,1.85,7,3,Medium,0,0,1,10,10,7.4,3,0,Moderate,6726,2,0,0,-1.0,70,0,0,1,1,0,0,0,0,0,0,2026-07-18,36,36
U03151,7,34,145.1,48.0,22.8,2026-05-13,30,28,31,32,25,29.67,29.2,2.48,4,4,Light,1,0,0,5,7,7.6,2,3,Low,3857,5,0,0,-0.3,-471,0,1,0,0,0,0,0,0,0,1,2026-06-11,29,29
U03152,8,24,164.3,73.7,27.3,2026-05-10,29,29,29,29,31,29.0,29.4,0.8,4,6,Heavy,0,0,0,6,4,6.7,6,1,Low,13665,8,0,0,-1.9,408,0,1,0,0,0,0,0,0,0,0,2026-06-09,30,30
U03153,3,25,156.9,48.0,19.5,2026-06-03,31,28,30,28,30,29.67,29.4,1.2,6,4,Heavy,0,0,1,4,2,7.0,8,4,High,12797,3,0,0,-1.8,394,1,0,0,1,0,0,0,0,0,0,2026-06-30,27,27
U03154,7,31,173.7,97.5,32.3,2026-06-08,27,26,27,25,25,26.67,26.0,0.89,7,5,Medium,0,0,0,7,4,7.4,8,7,Moderate,9400,9,0,1,1.3,267,0,0,0,0,1,0,0,0,0,0,2026-07-04,26,26
U03155,6,23,152.1,44.4,19.2,2026-04-01,33,35,33,32,32,33.67,33.0,1.1,7,4,Light,0,0,0,10,3,8.5,9,3,Moderate,2024,7,0,0,0.3,234,0,0,0,0,0,1,0,0,0,0,2026-05-05,34,34
U03156,12,18,159.8,55.9,21.9,2026-03-10,30,30,31,32,26,30.33,29.8,2.04,3,7,Heavy,0,0,0,9,7,6.8,7,3,Low,7206,2,0,1,0.4,234,1,0,0,0,0,0,0,0,0,0,2026-04-11,32,32
U03157,6,28,155.6,52.5,21.7,2026-06-22,32,29,30,32,32,30.33,31.0,1.26,4,3,Light,0,0,0,3,6,7.6,9,3,High,11561,10,0,1,0.6,226,0,0,1,0,0,0,0,1,0,0,2026-07-25,33,33
U03158,10,25,167.1,75.9,27.2,2026-08-22,32,30,31,31,33,31.0,31.4,1.02,4,6,Medium,0,0,0,1,7,7.4,7,3,Moderate,5206,4,0,0,0.3,142,1,0,0,0,0,0,1,0,0,1,2026-09-23,32,32
U03159,5,35,174.8,75.5,24.7,2026-08-05,26,28,26,29,26,26.67,27.0,1.26,3,6,Heavy,0,0,0,4,8,7.3,2,3,Moderate,3089,9,0,0,-0.3,-589,0,0,0,0,0,0,0,0,0,0,2026-08-30,25,25
U03160,8,24,158.6,40.2,16.0,2026-02-09,36,36,39,34,38,37.0,36.6,1.74,7,5,Medium,0,0,1,6,2,6.8,5,3,Low,3073,3,0,1,0.2,-523,0,0,0,1,0,0,1,0,0,0,2026-03-16,35,35
U03161,8,40,152.5,48.4,20.8,2026-02-11,30,30,31,31,28,30.33,30.0,1.1,6,5,Heavy,0,0,1,2,5,5.9,5,0,Low,9313,10,0,0,1.2,-14,0,0,0,1,0,0,0,0,0,0,2026-03-10,27,27
U03162,12,33,165.6,43.9,16.0,2026-08-25,28,29,28,28,29,28.33,28.4,0.49,6,5,Medium,1,0,0,5,8,6.8,3,5,Moderate,13237,6,0,0,-1.3,-523,0,0,0,0,0,1,0,0,0,0,2026-09-22,28,28
U03163,7,35,161.5,75.6,29.0,2026-08-11,29,32,31,31,27,30.67,30.0,1.79,7,7,Medium,0,0,0,2,10,8.7,9,0,High,11511,3,0,0,-0.1,226,0,0,0,0,1,0,0,1,0,0,2026-09-07,27,27
U03164,11,32,159.3,52.0,20.5,2026-07-29,29,29,27,32,29,28.33,29.2,1.6,6,7,Heavy,0,0,0,4,7,8.1,4,2,Low,8783,7,0,0,1.2,112,0,0,1,0,0,0,0,0,0,0,2026-08-27,29,29
U03165,7,39,161.6,62.4,23.9,2026-04-22,27,29,29,25,26,28.33,27.2,1.6,6,4,Light,0,0,0,4,7,7.8,7,1,High,13873,2,0,0,0.4,-205,0,0,0,0,0,0,0,0,0,0,2026-05-21,29,29
U03166,11,33,158.8,67.1,26.6,2026-07-09,33,32,32,35,36,32.33,33.6,1.62,7,6,Light,0,0,1,8,2,7.0,9,0,Moderate,3556,2,0,0,-0.8,-340,0,0,0,1,0,0,0,0,0,0,2026-08-10,32,32
U03167,7,39,161.7,65.6,25.1,2026-07-19,25,25,24,26,25,24.67,25.0,0.63,4,7,Medium,0,0,0,8,1,8.4,2,2,Moderate,7295,5,0,0,-1.2,-116,0,0,0,0,0,0,0,0,0,0,2026-08-14,26,26
U03168,9,38,169.5,67.8,23.6,2026-05-30,37,36,37,37,35,36.67,36.4,0.8,4,5,Heavy,0,0,1,5,10,8.5,5,3,Moderate,10225,5,0,0,-0.2,375,0,0,0,1,1,0,0,0,0,1,2026-07-05,36,36
U03169,9,34,163.5,65.5,24.5,2026-02-12,27,29,29,29,26,28.33,28.0,1.26,4,7,Medium,1,0,0,2,9,7.7,8,4,Low,5627,5,0,0,-0.9,-187,0,1,0,0,0,0,0,1,0,0,2026-03-12,28,28
U03170,3,39,172.2,61.7,20.8,2026-03-27,29,34,33,33,27,32.0,31.2,2.71,6,7,Medium,0,0,0,5,5,7.4,4,5,Moderate,6513,6,0,0,0.1,451,0,0,0,0,0,0,0,1,0,0,2026-04-25,29,29
U03171,7,18,158.5,57.5,22.9,2026-06-08,36,37,37,39,37,36.67,37.2,0.98,7,3,Heavy,0,0,1,2,5,7.4,4,0,Low,10624,6,0,1,-0.6,-267,0,1,0,1,0,0,0,1,0,1,2026-07-14,36,36
U03172,8,20,177.8,55.6,17.6,2026-02-21,29,34,29,31,29,30.67,30.4,1.96,7,7,Medium,0,0,0,3,6,6.2,4,5,Moderate,8296,8,0,0,0.8,-145,0,0,0,0,0,0,0,0,0,0,2026-03-22,29,29
U03173,4,34,156.0,60.4,24.8,2026-04-27,35,36,37,34,35,36.0,35.4,1.02,6,3,Medium,0,0,1,3,3,7.0,6,1,Low,13353,2,0,0,1.1,319,0,0,1,1,0,0,0,0,0,0,2026-05-31,34,34
U03174,2,32,156.9,59.6,24.2,2026-01-06,24,23,24,26,24,23.67,24.2,0.98,3,5,Heavy,0,0,0,1,9,8.5,4,1,High,9006,6,0,0,2.1,75,0,0,0,0,0,0,0,0,0,0,2026-01-30,24,24
U03175,10,20,165.4,63.5,23.2,2026-01-07,28,32,28,24,31,29.33,28.6,2.8,6,7,Medium,0,1,0,8,9,6.9,7,1,Moderate,7189,7,0,0,0.9,280,0,0,1,0,0,0,0,0,0,0,2026-02-04,28,28
U03176,2,25,160.6,58.3,22.6,2026-06-11,27,25,28,27,30,26.67,27.4,1.62,3,7,Medium,0,0,0,5,2,5.1,9,1,Moderate,9776,10,0,0,-0.9,-159,0,1,0,0,0,1,0,1,0,0,2026-07-08,27,27
U03177,10,32,160.6,49.0,19.0,2026-06-26,29,29,27,27,26,28.33,27.6,1.2,3,6,Medium,0,0,0,4,6,7.1,9,3,Moderate,8072,7,1,0,1.2,-287,1,1,0,0,0,0,0,1,0,0,2026-07-23,27,27
U03178,6,25,160.2,60.3,23.5,2026-06-13,32,31,36,34,37,33.0,34.0,2.28,7,3,Heavy,0,0,0,2,2,6.9,5,6,Moderate,11575,9,0,0,-0.9,135,0,1,0,0,0,1,0,0,0,0,2026-07-13,30,30
U03179,12,38,155.0,56.0,23.3,2026-02-18,27,26,27,24,25,26.67,25.8,1.17,7,4,Heavy,0,0,1,4,1,8.7,6,2,High,8761,10,0,0,0.5,420,0,0,0,1,0,0,0,0,0,0,2026-03-16,26,26
U03180,8,37,149.7,40.6,18.1,2026-02-06,34,37,31,35,34,34.0,34.2,1.94,7,3,Light,1,0,0,3,8,6.3,5,6,High,5691,10,0,0,-0.4,69,0,0,1,0,0,0,0,0,0,0,2026-03-10,32,32
U03181,7,23,165.1,60.8,22.3,2026-02-07,29,28,30,33,29,29.0,29.8,1.72,3,6,Light,0,0,0,3,8,7.8,5,5,Moderate,2492,10,0,0,-0.1,452,0,0,1,0,0,0,0,0,0,0,2026-03-07,28,28
U03182,12,30,154.5,48.7,20.4,2026-06-30,29,28,25,30,29,27.33,28.2,1.72,4,7,Light,0,0,0,3,8,7.3,7,4,High,2721,10,0,0,-0.3,170,0,0,1,0,0,0,0,0,0,0,2026-07-28,28,28
U03183,7,28,159.4,53.4,21.0,2026-05-09,27,26,27,29,28,26.67,27.4,1.02,7,6,Medium,0,0,0,5,3,7.4,7,7,Moderate,4842,9,0,0,1.9,-34,0,0,0,0,0,0,0,0,0,0,2026-06-07,29,29
U03184,12,28,165.3,53.3,19.5,2026-08-01,29,26,29,30,26,28.0,28.0,1.67,5,7,Medium,0,0,0,1,8,9.4,2,1,Low,4512,6,1,0,2.3,-273,1,0,0,0,0,0,0,0,0,1,2026-08-28,27,27
U03185,7,33,156.3,59.4,24.3,2026-02-18,24,25,23,21,22,24.0,23.0,1.41,7,4,Medium,0,0,0,6,2,7.7,1,0,High,11904,10,0,0,-0.5,272,0,0,0,0,0,0,0,0,0,1,2026-03-16,26,26
U03186,6,22,148.7,49.3,22.3,2026-03-15,28,27,28,30,31,27.67,28.8,1.47,3,6,Medium,0,0,0,1,1,4.9,9,1,Low,7874,5,0,0,-1.6,487,0,0,0,0,0,0,0,0,0,0,2026-04-12,28,28
U03187,4,27,168.2,68.7,24.3,2026-02-24,33,36,34,34,32,34.33,33.8,1.33,4,7,Heavy,0,0,0,4,6,7.8,6,2,Low,12402,7,0,0,0.7,344,1,1,0,0,1,0,0,0,0,0,2026-03-28,32,32
U03188,3,35,159.0,61.7,24.4,2026-07-02,26,24,27,26,27,25.67,26.0,1.1,7,3,Light,0,0,0,4,9,8.2,1,3,Low,9921,5,0,1,0.7,296,1,0,1,0,0,0,0,0,0,0,2026-07-27,25,25
U03189,4,24,167.0,66.4,23.8,2026-06-18,30,29,30,31,32,29.67,30.4,1.02,7,6,Medium,0,0,0,8,1,6.3,5,0,Low,7865,4,1,0,0.5,-81,0,1,0,0,0,0,0,0,0,1,2026-07-21,33,33
U03190,9,37,178.4,76.4,24.0,2026-01-27,28,27,25,27,26,26.67,26.6,1.02,4,6,Medium,0,0,0,5,9,5.6,5,2,High,9700,7,1,0,0.2,-334,0,0,1,0,1,0,0,0,0,0,2026-02-25,29,29
U03191,12,19,157.6,55.6,22.4,2026-01-04,26,26,24,27,26,25.33,25.8,0.98,4,4,Medium,0,0,0,5,3,9.2,9,1,Moderate,5258,1,0,0,0.3,-80,0,0,0,0,1,0,0,1,0,0,2026-01-30,26,26
U03192,5,33,170.5,51.7,17.8,2026-01-31,28,29,27,28,26,28.0,27.6,1.02,6,3,Heavy,0,0,0,6,7,5.1,7,4,Moderate,2729,6,0,0,0.2,435,0,0,1,0,0,1,0,0,0,0,2026-02-28,28,28
U03193,2,33,162.5,68.9,26.1,2026-04-15,26,27,27,25,28,26.67,26.6,1.02,3,4,Light,0,0,0,1,7,6.1,2,5,High,7175,1,0,0,-0.7,-106,0,0,1,0,0,0,0,0,0,0,2026-05-12,27,27
U03194,8,34,162.6,52.9,20.0,2026-07-09,32,30,34,33,31,32.0,32.0,1.41,7,3,Medium,0,0,0,5,3,6.2,8,3,Low,11490,9,1,0,2.2,472,0,0,0,0,0,0,0,0,0,0,2026-08-12,34,34
U03195,12,32,162.1,67.8,25.8,2026-04-09,29,28,26,28,29,27.67,28.0,1.1,3,7,Light,0,0,0,2,6,6.8,5,4,Moderate,3121,4,0,0,-0.3,369,0,1,0,0,0,0,0,0,0,0,2026-05-07,28,28
U03196,10,20,159.5,52.7,20.7,2026-04-09,32,30,32,32,33,31.33,31.8,0.98,5,4,Medium,0,0,0,8,2,7.4,5,7,Moderate,9164,5,1,0,0.4,178,1,0,0,0,0,0,0,0,0,0,2026-05-10,31,31
U03197,5,25,164.2,59.9,22.2,2026-03-19,28,26,34,31,30,29.33,29.8,2.71,3,7,Light,1,0,0,3,1,7.4,9,6,Moderate,10294,7,0,0,0.3,23,0,0,0,0,0,0,0,0,0,0,2026-04-12,24,24
U03198,7,25,155.1,61.8,25.7,2026-05-04,37,33,36,39,35,35.33,36.0,2.0,7,7,Light,0,0,0,6,8,6.8,8,6,Moderate,9405,7,0,0,2.1,-448,1,0,0,0,1,1,0,1,0,0,2026-06-14,41,41
U03199,9,23,171.5,48.8,16.6,2026-08-03,32,32,31,31,32,31.67,31.6,0.49,6,7,Medium,0,0,1,1,7,8.3,4,7,Low,10927,5,0,0,3.2,356,0,0,0,1,0,0,0,0,0,0,2026-09-04,32,32
U03200,5,28,160.2,54.7,21.3,2026-01-07,28,30,28,28,26,28.67,28.0,1.26,7,4,Light,0,0,0,6,1,8.3,1,0,High,5533,1,0,0,-0.3,490,0,1,0,0,0,0,0,0,0,0,2026-02-01,25,25
U03201,10,26,160.4,68.7,26.7,2026-06-17,30,28,31,29,29,29.67,29.4,1.02,7,3,Heavy,0,0,0,1,4,8.8,1,6,Low,4974,6,0,0,1.3,-590,0,0,1,0,0,0,1,0,1,0,2026-07-17,30,30
U03202,6,35,152.0,61.7,26.7,2026-08-03,25,23,20,25,27,22.67,24.0,2.37,7,3,Heavy,1,0,0,1,9,8.2,5,7,Moderate,5288,3,0,0,0.6,-570,0,0,0,0,0,0,0,0,0,0,2026-08-25,22,22
U03203,12,22,165.4,53.3,19.5,2026-06-21,27,27,28,28,26,27.33,27.2,0.75,5,4,Heavy,0,0,0,10,10,6.7,9,0,Low,5239,6,0,1,0.5,-612,0,0,0,0,0,0,0,0,0,0,2026-07-17,26,26
U03204,2,20,163.9,61.5,22.9,2026-03-14,30,29,29,32,31,29.33,30.2,1.17,4,4,Light,0,0,0,8,4,7.1,5,2,Moderate,3387,2,0,0,1.7,-593,1,1,1,0,0,0,0,0,0,0,2026-04-14,31,31
U03205,7,27,160.1,65.6,25.6,2026-07-24,27,27,25,28,29,26.33,27.2,1.33,4,3,Medium,0,0,0,1,5,7.6,7,4,Moderate,10630,4,0,0,0.7,8,0,0,1,0,0,0,0,0,0,0,2026-08-15,22,22
U03206,6,22,154.7,72.3,30.2,2026-03-22,29,26,28,29,28,27.67,28.0,1.1,6,5,Medium,0,0,0,1,9,7.9,4,4,Moderate,8025,7,0,1,0.0,-194,0,0,0,0,0,0,0,1,0,1,2026-04-21,30,30
U03207,5,40,162.3,59.0,22.4,2026-07-06,32,31,32,33,33,31.67,32.2,0.75,6,3,Heavy,0,0,0,10,4,5.9,5,1,Low,12721,7,0,1,-0.5,-196,0,0,0,0,0,1,0,0,0,0,2026-08-06,31,31
U03208,7,39,159.1,57.0,22.5,2026-02-13,28,28,26,28,29,27.33,27.8,0.98,6,3,Heavy,0,0,0,5,4,5.6,9,5,High,12558,1,0,1,0.9,-510,0,0,0,0,0,0,0,0,0,0,2026-03-13,28,28
U03209,9,31,154.1,43.9,18.5,2026-01-04,30,33,33,29,31,32.0,31.2,1.6,5,7,Medium,0,0,0,4,5,5.1,1,4,Moderate,2957,1,0,0,-0.3,-618,0,0,0,0,1,0,0,0,0,0,2026-01-31,27,27
U03210,9,21,160.2,70.1,27.3,2026-04-09,31,34,33,35,32,32.67,33.0,1.41,4,3,Medium,0,0,0,3,4,7.3,3,3,Low,3284,3,0,0,2.0,370,0,0,0,0,0,0,0,0,0,0,2026-05-07,28,28
U03211,8,36,166.3,48.7,17.6,2026-08-25,35,37,35,33,34,35.67,34.8,1.33,3,7,Heavy,0,0,1,4,5,4.6,2,2,Low,4452,1,0,0,2.1,99,0,0,0,1,1,0,0,0,0,0,2026-10-01,37,37
U03212,3,34,160.2,67.0,26.1,2026-08-01,29,30,30,28,31,29.67,29.6,1.02,6,4,Medium,0,0,1,3,4,7.3,10,7,High,8532,3,1,1,0.1,390,0,0,0,1,0,0,0,0,0,0,2026-08-29,28,28
U03213,12,32,159.9,53.9,21.1,2026-04-18,24,26,25,23,23,25.0,24.2,1.17,5,3,Medium,0,0,0,2,8,6.3,3,7,High,9936,6,0,0,-0.4,-267,0,0,0,0,0,0,0,0,0,0,2026-05-10,22,22
U03214,2,27,157.6,53.9,21.7,2026-06-17,29,30,32,29,29,30.33,29.8,1.17,4,4,Medium,0,0,0,1,8,4.6,2,6,Low,6260,7,0,1,-1.7,-244,0,0,0,0,0,0,0,0,0,0,2026-07-11,24,24
U03215,7,34,150.9,51.7,22.7,2026-03-11,29,30,28,30,29,29.0,29.2,0.75,7,7,Medium,0,0,0,7,10,6.1,5,1,Moderate,10512,7,1,0,0.1,-676,0,0,0,0,0,0,0,0,0,0,2026-04-11,31,31
U03216,4,38,166.2,76.0,27.5,2026-01-02,29,28,31,31,30,29.33,29.8,1.17,7,3,Medium,0,0,0,6,10,6.3,9,1,Low,7462,8,0,0,-0.2,360,0,0,0,0,1,0,0,0,0,0,2026-01-30,28,28
U03217,9,22,159.1,48.3,19.1,2026-07-04,35,35,35,38,35,35.0,35.6,1.2,3,5,Light,0,0,1,4,1,8.0,8,1,Moderate,2762,4,0,0,-0.8,-690,0,0,0,1,1,0,0,0,0,1,2026-08-09,36,36
U03218,4,19,169.9,61.5,21.3,2026-06-18,25,26,24,25,23,25.0,24.6,1.02,6,3,Medium,0,0,0,5,1,7.2,6,0,Low,8733,6,0,0,1.4,331,0,0,0,0,1,0,0,0,0,1,2026-07-12,24,24
U03219,3,27,145.6,53.8,25.4,2026-03-01,28,25,27,27,29,26.67,27.2,1.33,5,3,Medium,0,1,0,2,6,8.3,10,2,Moderate,12680,6,0,0,-0.1,156,0,0,0,0,0,0,0,0,0,0,2026-03-27,26,26
U03220,3,34,149.3,54.8,24.6,2026-04-10,26,29,25,28,25,26.67,26.6,1.62,7,6,Medium,0,0,0,2,2,8.6,2,6,Low,8591,9,0,0,0.3,-386,0,0,0,0,0,0,0,0,0,0,2026-05-09,29,29
U03221,6,28,149.3,35.7,16.0,2026-03-11,28,29,26,27,27,27.67,27.4,1.02,3,7,Medium,0,0,0,6,8,7.6,6,1,High,12734,4,0,0,-0.4,-496,0,0,0,0,0,0,1,0,0,0,2026-04-07,27,27
U03222,7,39,145.4,52.0,24.6,2026-08-27,36,35,35,35,33,35.33,34.8,0.98,7,5,Heavy,0,0,0,8,7,9.1,5,7,Low,7259,1,0,0,0.7,-92,0,0,0,0,0,0,0,0,0,0,2026-10-04,38,38
U03223,5,27,164.9,67.7,24.9,2026-01-21,25,26,25,28,24,25.33,25.6,1.36,6,7,Heavy,0,0,0,9,6,7.7,2,2,High,11826,6,0,0,-0.9,-526,0,0,1,0,0,0,0,0,0,0,2026-02-13,23,23
U03224,3,34,165.8,71.2,25.9,2026-06-29,23,22,23,23,23,22.67,22.8,0.4,5,3,Light,0,0,0,7,6,6.7,2,2,Moderate,9274,3,0,0,-1.7,34,0,0,0,0,0,0,0,0,1,0,2026-07-22,23,23
U03225,11,33,158.1,45.7,18.3,2026-06-03,33,34,33,31,33,33.33,32.8,0.98,5,4,Medium,0,0,0,9,4,4.8,7,4,Moderate,3430,5,1,0,2.2,-21,0,1,0,0,0,0,0,0,0,0,2026-07-08,35,35
U03226,7,26,178.2,71.1,22.4,2026-01-27,35,36,32,34,40,34.33,35.4,2.65,6,3,Medium,0,0,1,7,3,4.1,4,1,Moderate,2390,7,0,0,-2.6,328,0,0,0,1,1,0,0,1,0,1,2026-03-03,35,35
U03227,9,34,169.6,46.0,16.0,2026-06-27,27,29,25,27,27,27.0,27.0,1.26,5,4,Light,0,0,0,4,4,6.6,2,4,Moderate,13505,3,0,0,-0.1,-216,0,0,1,0,0,0,0,0,0,0,2026-07-22,25,25
U03228,7,40,159.5,71.0,27.9,2026-03-11,30,29,31,26,30,30.0,29.2,1.72,6,6,Heavy,0,0,0,4,3,7.8,4,5,Moderate,6159,1,0,0,-1.1,-151,0,0,0,0,0,0,0,0,0,0,2026-04-09,29,29
U03229,8,37,155.4,58.7,24.3,2026-05-11,31,30,31,31,30,30.67,30.6,0.49,6,7,Medium,0,0,0,9,3,8.2,9,2,High,5334,10,0,0,0.5,-244,0,0,0,0,0,0,0,0,0,0,2026-06-14,34,34
U03230,3,36,158.1,40.0,16.0,2026-04-28,27,28,27,24,29,27.33,27.0,1.67,5,7,Light,0,0,0,9,1,7.3,3,7,Low,2267,9,0,0,0.3,-672,0,0,0,0,0,0,0,0,0,0,2026-05-25,27,27
U03231,6,31,165.4,55.0,20.1,2026-01-29,32,29,31,30,32,30.67,30.8,1.17,3,7,Light,0,0,0,7,7,6.6,8,5,High,7950,6,0,0,0.6,-595,0,0,0,0,0,0,0,1,1,0,2026-03-05,35,35
U03232,4,33,164.2,59.6,22.1,2026-05-30,30,29,30,29,28,29.67,29.2,0.75,3,6,Heavy,0,0,0,9,7,7.4,1,4,High,2382,7,0,0,-1.0,-316,0,1,0,0,0,0,0,0,0,0,2026-07-01,32,32
U03233,6,33,151.9,44.5,19.3,2026-07-05,35,35,36,33,35,35.33,34.8,0.98,3,4,Medium,0,0,0,10,6,5.6,7,4,Moderate,13343,1,0,0,0.3,-660,0,0,0,0,0,0,0,0,0,0,2026-08-09,35,35
U03234,6,24,162.6,56.8,21.5,2026-06-08,32,35,30,33,32,32.33,32.4,1.62,4,4,Light,1,0,0,7,3,6.6,7,4,Low,10754,1,0,0,0.6,304,0,0,0,0,0,0,0,0,0,1,2026-07-08,30,30
U03235,10,38,156.2,57.6,23.6,2026-06-27,32,30,34,34,30,32.0,32.0,1.79,4,4,Medium,0,0,1,6,4,6.9,8,2,High,9627,5,0,0,-1.9,-475,0,0,0,1,0,1,0,0,0,0,2026-07-29,32,32
U03236,12,35,166.6,55.8,20.1,2026-06-18,24,24,26,23,24,24.67,24.2,0.98,6,4,Medium,0,0,0,5,4,7.3,4,6,Moderate,6869,2,0,0,-0.3,45,0,0,0,0,0,0,0,0,0,0,2026-07-12,24,24
U03237,12,28,149.4,44.0,19.7,2026-08-18,34,31,31,31,30,32.0,31.4,1.36,3,3,Medium,0,0,0,8,1,5.1,10,6,Low,13358,1,0,0,-0.1,299,0,0,1,0,0,0,0,0,1,0,2026-09-23,36,36
U03238,4,38,151.0,61.6,27.0,2026-04-23,25,25,24,24,24,24.67,24.4,0.49,4,4,Heavy,0,0,0,6,2,5.0,7,6,Low,9437,4,0,0,-0.4,-310,0,0,1,0,0,0,0,1,0,0,2026-05-19,26,26
U03239,3,31,161.1,56.8,21.9,2026-05-03,34,35,33,33,35,34.0,34.0,0.89,3,3,Medium,0,0,1,7,5,5.4,2,3,Moderate,5631,4,0,0,-1.4,-103,0,0,0,1,0,0,0,0,0,1,2026-06-07,35,35
U03240,2,32,163.8,51.8,19.3,2026-05-30,29,30,26,33,27,28.33,29.0,2.45,4,4,Medium,0,0,0,3,9,6.3,4,1,Moderate,13069,8,0,0,-2.0,197,0,1,0,0,0,0,0,0,0,0,2026-06-28,29,29
U03241,2,24,168.4,66.1,23.3,2026-02-14,28,24,33,30,31,28.33,29.2,3.06,7,3,Light,0,0,1,9,3,7.2,1,2,High,10730,6,0,0,0.9,-138,0,0,0,0,0,0,0,0,0,0,2026-03-12,26,26
U03242,3,26,155.4,42.5,17.6,2026-07-07,29,29,29,30,28,29.0,29.0,0.63,6,3,Medium,0,0,0,2,3,9.0,9,5,Low,2225,4,0,0,-0.1,453,0,0,0,0,0,0,0,0,0,0,2026-08-04,28,28
U03243,10,39,155.0,61.0,25.4,2026-07-07,27,26,27,29,26,26.67,27.0,1.1,7,6,Medium,0,1,0,3,10,6.4,8,5,Low,2711,9,0,0,0.0,-576,0,0,0,0,0,0,0,1,0,0,2026-08-03,27,27
U03244,3,40,164.1,56.8,21.1,2026-05-18,33,32,29,34,33,31.33,32.2,1.72,6,3,Light,0,0,0,3,9,9.7,1,6,High,6198,10,0,1,-0.2,-343,0,0,0,0,0,0,0,0,0,0,2026-06-19,32,32
U03245,10,27,166.5,69.0,24.9,2026-06-22,26,28,25,24,23,26.33,25.2,1.72,6,3,Medium,0,0,0,4,2,7.7,6,0,Moderate,8080,5,0,0,-0.2,220,0,0,0,0,0,1,0,0,0,0,2026-07-19,27,27
U03246,6,19,169.3,71.4,24.9,2026-04-24,31,31,29,35,28,30.33,30.8,2.4,7,4,Medium,0,0,0,6,3,7.1,7,6,Moderate,10926,2,1,0,1.0,-540,1,0,0,0,1,0,0,0,0,0,2026-05-21,27,27
U03247,3,23,155.9,56.6,23.3,2026-02-07,33,34,34,35,32,33.67,33.6,1.02,7,4,Light,0,1,0,4,8,6.0,3,2,High,8112,3,0,0,-2.3,-612,0,0,0,0,0,0,0,0,0,0,2026-03-12,33,33
U03248,4,25,165.9,64.7,23.5,2026-02-28,33,36,32,34,34,33.67,33.8,1.33,5,4,Medium,0,0,0,2,9,7.9,4,3,Low,5341,10,0,0,0.8,398,0,1,0,0,0,0,0,0,0,0,2026-04-03,34,34
U03249,4,32,163.2,51.9,19.5,2026-02-24,24,25,27,23,29,25.33,25.6,2.15,5,6,Medium,0,0,0,3,5,5.7,10,5,High,9867,5,0,0,1.6,28,1,0,0,0,0,0,0,0,0,0,2026-03-21,25,25
U03250,5,40,146.8,45.0,20.9,2026-08-01,26,27,27,27,27,26.67,26.8,0.4,5,3,Medium,0,1,0,8,3,6.8,1,2,High,10407,3,0,0,1.8,-263,1,1,0,0,0,0,0,1,0,0,2026-08-28,27,27
U03251,7,21,166.7,60.3,21.7,2026-03-12,33,38,35,35,32,35.33,34.6,2.06,5,6,Medium,0,0,1,3,8,5.6,6,3,Low,8010,6,0,0,-2.7,85,0,0,0,1,0,0,0,0,0,0,2026-04-15,34,34
U03252,10,32,165.9,60.0,21.8,2026-06-29,26,25,27,27,25,26.0,26.0,0.89,6,4,Medium,0,1,0,1,2,7.1,8,3,Moderate,11650,6,1,0,0.2,-647,0,0,1,0,0,0,0,0,0,0,2026-07-25,26,26
U03253,8,30,146.8,42.7,19.8,2026-05-13,28,29,29,28,29,28.67,28.6,0.49,6,6,Medium,0,0,0,6,9,7.3,1,3,Moderate,3644,3,0,0,0.2,-378,0,0,0,0,0,1,0,1,0,0,2026-06-09,27,27
U03254,5,20,169.4,69.4,24.2,2026-06-27,29,31,27,29,29,29.0,29.0,1.26,6,3,Medium,0,0,0,8,3,5.6,9,1,Low,9199,5,1,0,-0.5,-340,0,0,0,0,0,0,0,0,0,0,2026-07-25,28,28
U03255,2,38,159.6,63.2,24.8,2026-08-12,36,32,36,36,36,34.67,35.2,1.6,4,6,Medium,0,0,0,10,5,6.7,10,1,Moderate,6321,6,0,0,0.7,-298,0,1,0,0,0,0,0,0,0,0,2026-09-20,39,39
U03256,12,30,157.1,50.6,20.5,2026-06-29,30,30,27,28,30,29.0,29.0,1.26,6,7,Medium,0,0,0,4,2,5.6,8,4,Moderate,6804,9,0,0,-0.8,-666,0,0,1,0,0,0,0,0,0,0,2026-07-31,32,32
U03257,11,23,162.0,79.0,30.1,2026-02-11,30,28,30,29,32,29.33,29.8,1.33,6,5,Medium,0,0,0,3,6,7.4,9,5,High,4418,5,0,0,-0.5,421,1,0,1,0,0,0,0,0,0,0,2026-03-14,31,31
U03258,12,40,156.6,51.0,20.8,2026-06-03,31,30,31,31,31,30.67,30.8,0.4,4,6,Medium,0,0,0,7,7,4.8,5,6,High,13778,2,0,0,0.5,-535,0,0,0,0,0,0,0,0,0,0,2026-07-05,32,32
U03259,11,18,165.8,74.5,27.1,2026-01-02,35,35,34,38,33,34.67,35.0,1.67,7,4,Medium,0,0,0,6,8,7.2,2,1,Low,4192,8,0,0,0.0,-659,1,1,0,0,0,0,0,0,0,0,2026-02-08,37,37
U03260,3,39,149.1,55.6,25.0,2026-04-29,26,26,25,26,26,25.67,25.8,0.4,7,7,Medium,0,0,0,4,7,6.0,10,6,High,6894,5,0,0,0.3,-396,0,0,0,0,0,0,0,0,0,0,2026-05-24,25,25
U03261,11,21,156.1,54.3,22.3,2026-08-02,30,32,27,31,29,29.67,29.8,1.72,3,6,Medium,0,1,0,9,2,6.7,9,5,Low,4076,3,0,0,-2.6,-333,0,0,0,0,0,0,0,0,0,0,2026-09-02,31,31
U03262,8,25,146.3,41.3,19.3,2026-03-12,27,28,29,26,25,28.0,27.0,1.41,6,6,Medium,1,0,0,3,8,5.9,2,3,Low,10180,6,1,0,0.2,90,0,0,0,0,0,0,0,0,0,0,2026-04-08,27,27
U03263,5,28,163.9,58.6,21.8,2026-05-17,33,32,32,32,30,32.33,31.8,0.98,7,6,Light,0,0,0,8,8,7.3,2,2,High,2104,10,0,0,1.3,-41,0,0,0,0,0,0,0,0,0,0,2026-06-21,35,35
U03264,2,23,165.6,55.9,20.4,2026-03-11,33,32,34,34,32,33.0,33.0,0.89,4,4,Light,0,0,0,1,6,6.8,9,0,Low,11573,5,0,0,-2.2,-173,0,0,0,0,0,0,0,0,0,0,2026-04-12,32,32
U03265,8,25,160.9,47.4,18.3,2026-02-11,28,30,30,27,26,29.33,28.2,1.6,5,7,Medium,0,0,0,9,2,7.5,9,4,Low,13512,8,0,1,-1.8,-601,0,0,1,0,0,0,1,0,0,0,2026-03-11,28,28
U03266,5,24,164.0,66.7,24.8,2026-07-23,27,25,30,30,26,27.33,27.6,2.06,4,7,Light,0,0,0,2,2,8.2,6,6,Moderate,7167,2,0,0,0.9,-409,0,0,0,0,0,0,0,0,0,0,2026-08-18,26,26
U03267,11,21,157.4,54.0,21.8,2026-02-08,30,28,32,27,33,30.0,30.0,2.28,7,6,Heavy,0,0,0,1,7,7.0,2,2,Moderate,12547,6,0,0,0.8,-323,0,0,1,0,0,0,0,0,0,0,2026-03-11,31,31
U03268,10,23,158.2,46.8,18.7,2026-08-13,27,26,27,28,26,26.67,26.8,0.75,3,6,Heavy,0,0,0,7,3,5.8,9,7,High,2362,5,0,0,0.2,430,0,0,0,0,0,0,0,0,0,0,2026-09-07,25,25
U03269,10,20,155.6,60.0,24.8,2026-06-17,28,29,29,27,28,28.67,28.2,0.75,6,3,Medium,0,0,0,8,6,5.6,6,6,Moderate,4142,5,0,0,1.5,261,0,0,0,0,0,0,0,0,0,0,2026-07-17,30,30
U03270,4,22,160.7,55.3,21.4,2026-07-19,25,24,25,27,25,24.67,25.2,0.98,4,5,Medium,0,0,0,4,2,5.6,4,0,Moderate,3351,10,0,0,0.1,-691,0,0,0,0,0,0,1,0,0,1,2026-08-13,25,25
U03271,8,24,157.1,60.7,24.6,2026-04-11,30,30,32,30,31,30.67,30.6,0.8,4,5,Light,0,0,0,4,6,5.6,1,1,Moderate,3960,5,0,0,0.0,-369,0,0,0,0,0,0,0,0,0,0,2026-05-13,32,32
U03272,12,24,163.2,73.0,27.4,2026-01-28,30,32,30,31,27,30.67,30.0,1.67,3,6,Medium,0,0,0,5,3,8.3,3,2,Moderate,12372,2,0,0,0.7,440,0,1,0,0,0,0,0,0,0,0,2026-02-27,30,30
U03273,8,40,171.5,88.2,30.0,2026-02-09,24,26,28,26,24,26.0,25.6,1.5,7,6,Medium,0,0,0,2,2,6.3,1,0,High,5438,2,1,1,-0.7,475,0,0,0,0,0,1,0,1,0,0,2026-03-05,24,24
U03274,4,36,168.7,60.0,21.1,2026-06-08,33,34,33,29,35,33.33,32.8,2.04,3,4,Medium,0,0,0,8,4,7.2,5,1,Moderate,13922,5,0,0,-1.1,-247,0,0,0,0,0,0,0,0,0,0,2026-07-11,33,33
U03275,2,33,159.0,58.7,23.2,2026-01-30,32,31,36,34,31,33.0,32.8,1.94,7,7,Medium,0,0,0,5,8,6.3,2,2,Moderate,6439,7,0,0,-0.9,-275,1,0,0,0,1,0,0,0,0,0,2026-03-04,33,33
U03276,11,30,166.1,48.8,17.7,2026-08-21,27,29,27,25,27,27.67,27.0,1.26,4,6,Heavy,0,0,0,8,9,7.5,10,2,Low,8170,3,0,0,0.0,-454,0,1,0,0,0,0,0,0,0,0,2026-09-17,27,27
U03277,9,31,172.7,72.2,24.2,2026-01-10,27,25,29,30,28,27.0,27.8,1.72,7,4,Medium,0,1,0,9,2,6.2,10,6,Moderate,12824,2,0,0,-0.6,-478,0,0,1,0,0,0,0,0,0,0,2026-02-05,26,26
U03278,3,23,170.2,66.3,22.9,2026-06-14,35,33,36,34,36,34.67,34.8,1.17,4,4,Medium,0,0,1,8,10,9.6,1,4,Moderate,8158,9,0,0,-0.2,342,0,0,1,1,0,0,0,0,0,0,2026-07-17,33,33
U03279,8,34,157.6,61.3,24.7,2026-02-07,30,29,32,27,29,30.33,29.4,1.62,5,6,Light,0,0,0,3,5,6.1,5,0,Moderate,2033,5,0,1,0.4,-22,0,0,0,0,0,0,0,1,0,1,2026-03-10,31,31
U03280,10,37,150.8,68.9,30.3,2026-07-05,33,34,32,33,33,33.0,33.0,0.63,4,7,Heavy,0,0,1,4,5,7.4,3,1,Moderate,11459,6,0,0,-1.2,88,0,0,0,1,0,0,0,0,0,0,2026-08-08,34,34
U03281,9,30,164.9,66.9,24.6,2026-05-23,33,34,36,34,33,34.33,34.0,1.1,6,3,Medium,0,0,1,6,10,8.4,1,0,Moderate,2072,4,0,0,-2.5,-505,0,0,0,1,0,0,0,0,0,0,2026-06-26,34,34
U03282,5,28,159.0,56.6,22.4,2026-04-15,31,30,32,30,34,31.0,31.4,1.5,5,6,Medium,0,0,0,10,9,6.2,8,2,Low,7488,5,0,0,0.3,-177,1,0,0,0,0,0,1,0,0,0,2026-05-16,31,31
U03283,6,39,158.5,42.2,16.8,2026-06-03,31,34,29,32,30,31.33,31.2,1.72,7,3,Light,0,0,1,7,5,8.0,5,3,Moderate,3261,7,0,0,0.6,358,0,0,0,1,0,0,0,0,0,0,2026-07-04,31,31
U03284,12,21,167.7,67.5,24.0,2026-05-25,28,24,28,30,29,26.67,27.8,2.04,4,3,Light,0,0,0,3,2,7.9,6,5,Moderate,12017,7,0,0,-1.7,421,0,0,0,0,0,0,0,0,0,0,2026-06-23,29,29
U03285,4,32,158.7,50.6,20.1,2026-02-26,29,29,27,30,29,28.33,28.8,0.98,4,7,Heavy,0,0,0,9,5,4.6,1,5,High,4021,1,1,1,0.2,223,0,0,1,0,0,0,0,0,0,0,2026-03-31,33,33
U03286,11,32,162.5,58.1,22.0,2026-05-30,31,31,32,35,32,31.33,32.2,1.47,3,3,Heavy,0,0,0,5,7,6.6,10,1,Moderate,9802,3,0,0,-0.6,-384,0,0,0,0,1,0,0,0,0,0,2026-06-30,31,31
U03287,6,28,160.6,51.3,19.9,2026-04-29,32,32,34,31,33,32.67,32.4,1.02,4,4,Light,1,0,0,8,6,8.0,7,6,Moderate,12218,4,0,0,-0.8,294,0,0,0,0,0,0,0,0,0,0,2026-06-01,33,33
U03288,7,19,155.1,58.5,24.3,2026-07-20,32,32,31,33,32,31.67,32.0,0.63,5,6,Medium,0,0,0,7,2,7.0,10,2,Low,13765,1,0,0,0.1,258,0,1,0,0,0,0,0,0,0,0,2026-08-22,33,33
U03289,8,20,163.4,51.5,19.3,2026-08-16,31,27,29,32,25,29.0,28.8,2.56,6,7,Medium,0,0,0,8,5,6.2,8,5,Moderate,7246,5,0,0,-0.1,-661,0,0,0,0,0,0,0,0,0,0,2026-09-16,31,31
U03290,5,18,153.6,51.2,21.7,2026-03-15,27,29,26,28,25,27.33,27.0,1.41,3,3,Medium,0,0,0,3,10,7.1,5,7,Low,3854,7,0,0,-1.5,-436,0,0,1,0,0,0,0,0,0,1,2026-04-12,28,28
U03291,5,29,159.9,61.4,24.0,2026-02-16,29,28,29,30,29,28.67,29.0,0.63,6,6,Medium,0,0,1,5,10,7.8,2,4,Low,2928,2,1,0,-0.4,358,0,1,0,1,0,0,0,1,0,1,2026-03-17,29,29
U03292,10,35,162.5,49.6,18.8,2026-05-31,32,29,30,31,31,30.33,30.6,1.02,3,7,Medium,0,0,0,9,8,7.0,6,7,Low,11003,2,0,0,-1.0,-507,0,0,1,0,0,0,0,0,0,0,2026-07-06,36,36
U03293,8,31,153.4,57.4,24.4,2026-05-04,28,26,29,27,31,27.67,28.2,1.72,6,6,Medium,0,0,0,7,7,8.6,5,1,High,12122,1,0,1,-0.7,167,0,0,0,0,0,0,0,0,0,0,2026-06-01,28,28
U03294,3,25,160.2,58.0,22.6,2026-05-20,32,29,31,34,31,30.67,31.4,1.62,6,4,Medium,0,0,0,4,9,7.1,4,5,High,13003,10,0,0,-0.2,448,0,0,0,0,0,1,0,0,0,0,2026-06-19,30,30
U03295,8,33,157.6,65.1,26.2,2026-06-10,31,32,31,32,28,31.33,30.8,1.47,6,5,Heavy,0,0,0,2,9,6.3,2,6,Moderate,13835,5,0,0,1.0,480,0,0,0,0,0,0,0,0,0,1,2026-07-08,28,28
U03296,8,32,150.1,61.7,27.4,2026-04-04,34,34,34,35,33,34.0,34.0,0.63,6,4,Medium,0,0,1,3,2,6.3,6,0,High,2554,10,0,0,0.1,-232,0,0,0,1,0,0,0,0,0,0,2026-05-06,32,32
U03297,7,29,163.7,55.7,20.8,2026-08-09,30,31,27,29,31,29.33,29.6,1.5,5,3,Heavy,0,0,0,4,3,6.6,8,6,Low,10313,4,0,0,1.0,497,0,0,1,0,0,0,0,1,0,0,2026-09-09,31,31
U03298,12,28,166.9,70.5,25.3,2026-07-23,30,28,31,31,28,29.67,29.6,1.36,4,7,Light,0,0,1,7,9,7.2,6,5,Moderate,7653,2,0,0,0.3,-623,0,0,0,1,0,0,0,0,0,0,2026-08-25,33,33
U03299,2,33,161.4,65.4,25.1,2026-01-03,28,29,28,27,27,28.33,27.8,0.75,3,6,Medium,0,0,0,10,7,6.7,2,3,Moderate,12128,7,1,0,-0.2,340,0,0,0,0,0,0,0,0,0,0,2026-01-30,27,27
U03300,10,40,155.6,64.9,26.8,2026-04-17,25,30,22,27,22,25.67,25.2,3.06,5,3,Heavy,0,0,1,7,3,7.3,6,7,Moderate,13405,3,0,0,-0.1,319,0,0,0,0,0,0,0,0,0,0,2026-05-14,27,27
U03301,10,25,159.8,60.8,23.8,2026-07-17,28,26,28,30,25,27.33,27.4,1.74,3,4,Heavy,0,0,0,1,1,7.7,1,6,Moderate,6659,9,0,1,-0.6,-229,0,0,0,0,0,0,0,0,0,0,2026-08-13,27,27
U03302,11,20,157.1,47.4,19.2,2026-03-28,29,27,28,27,30,28.0,28.2,1.17,7,5,Medium,0,0,0,5,6,8.7,5,5,Moderate,13185,10,0,1,-1.5,85,1,1,1,0,0,0,0,0,0,0,2026-04-28,31,31
U03303,3,38,165.7,73.9,26.9,2026-05-27,27,22,28,25,24,25.67,25.2,2.14,4,5,Medium,0,0,0,8,3,6.1,2,4,Low,6226,1,0,0,1.0,291,0,1,1,0,0,1,0,0,0,0,2026-06-24,28,28
U03304,2,40,161.2,52.8,20.3,2026-05-17,29,28,27,32,29,28.0,29.0,1.67,3,5,Light,0,0,0,3,4,6.3,3,7,High,2720,6,0,0,0.6,-193,0,1,1,0,0,0,0,0,0,0,2026-06-17,31,31
U03305,9,38,160.7,62.8,24.3,2026-02-27,30,30,29,32,27,29.67,29.6,1.62,3,6,Medium,0,0,0,9,8,5.6,9,0,Moderate,6748,2,0,0,-1.8,-517,0,0,0,0,0,0,0,0,0,1,2026-03-31,32,32
U03306,6,33,163.0,47.8,18.0,2026-02-18,41,43,40,40,44,41.33,41.6,1.62,5,3,Light,1,0,1,10,6,7.3,5,4,Low,12784,9,0,0,0.6,-473,0,0,0,1,0,1,0,1,0,0,2026-03-31,41,41
U03307,5,30,163.9,46.5,17.3,2026-01-17,31,30,32,29,30,31.0,30.4,1.02,4,5,Heavy,0,0,0,7,3,6.9,8,2,High,4249,9,1,0,0.4,-38,0,0,1,0,0,0,0,0,0,0,2026-02-15,29,29
U03308,5,40,157.7,52.2,21.0,2026-07-04,30,30,30,31,28,30.0,29.8,0.98,6,6,Light,0,0,0,9,9,7.6,7,2,Moderate,3631,5,0,0,0.7,-203,0,0,0,0,0,0,0,0,0,0,2026-08-04,31,31
U03309,2,29,169.1,69.5,24.3,2026-08-12,31,32,27,34,32,30.0,31.2,2.32,6,3,Medium,0,0,0,5,5,5.2,4,6,Low,3423,2,1,0,-0.3,-569,0,0,0,0,0,0,0,0,0,0,2026-09-12,31,31
U03310,3,22,162.1,55.2,21.0,2026-07-16,31,31,33,30,28,31.67,30.6,1.62,5,6,Medium,0,1,0,10,5,8.1,3,2,Moderate,3850,6,0,0,-1.5,121,0,0,0,0,0,1,0,0,0,0,2026-08-17,32,32
U03311,8,28,164.7,52.1,19.2,2026-06-18,30,29,32,32,29,30.33,30.4,1.36,7,5,Medium,0,0,0,9,10,9.2,8,2,High,5065,5,0,0,1.4,155,0,0,1,0,0,0,0,0,0,0,2026-07-18,30,30
U03312,6,24,152.4,55.5,23.9,2026-03-03,27,28,26,28,27,27.0,27.2,0.75,6,4,Heavy,0,0,0,6,4,6.1,10,0,Moderate,6044,10,0,0,-1.3,115,0,0,0,0,0,0,0,1,0,0,2026-03-28,25,25
U03313,5,20,153.7,53.9,22.8,2026-06-03,30,27,31,28,30,29.33,29.2,1.47,6,4,Medium,0,0,0,9,10,6.9,7,4,Moderate,11780,9,0,0,0.2,205,0,0,0,0,0,0,0,0,0,0,2026-07-03,30,30
U03314,6,20,149.3,49.7,22.3,2026-01-21,33,37,35,34,35,35.0,34.8,1.33,6,3,Light,0,0,0,8,1,9.4,7,7,Low,10833,10,0,0,-0.1,237,1,0,0,0,1,0,0,1,0,0,2026-02-22,32,32
U03315,11,20,165.6,72.9,26.6,2026-03-09,28,25,28,29,28,27.0,27.6,1.36,6,6,Heavy,0,0,0,10,8,6.6,10,1,Moderate,8364,2,0,0,-0.8,-666,1,0,0,0,0,0,0,0,0,0,2026-04-06,28,28
U03316,8,40,161.9,59.8,22.8,2026-06-22,29,30,30,29,31,29.67,29.8,0.75,6,5,Medium,0,0,0,6,3,7.9,6,5,Low,8720,5,0,0,-0.4,-272,0,1,0,0,0,1,0,0,0,0,2026-07-19,27,27
U03317,3,37,170.8,70.6,24.2,2026-02-01,27,30,27,24,24,28.0,26.4,2.24,7,6,Heavy,0,0,0,5,8,6.7,9,6,High,4627,5,0,0,0.2,153,1,0,0,0,0,0,0,0,0,0,2026-03-02,29,29
U03318,6,24,163.2,77.0,28.9,2026-08-14,31,28,35,30,30,31.33,30.8,2.32,3,6,Medium,0,0,0,10,4,6.4,6,6,Low,7533,1,0,0,-1.7,-534,1,0,0,0,0,0,0,0,0,0,2026-09-17,34,34
U03319,9,23,165.4,79.9,29.2,2026-06-12,30,30,28,29,31,29.33,29.6,1.02,3,5,Medium,0,0,0,5,9,5.9,2,6,Low,12227,9,0,0,-0.0,300,1,0,0,0,0,0,0,0,0,0,2026-07-13,31,31
U03320,9,23,158.6,68.2,27.1,2026-03-11,26,26,26,26,24,26.0,25.6,0.8,3,3,Medium,1,0,0,2,6,7.9,7,3,Low,2828,3,0,0,-1.1,-647,0,0,0,0,0,0,0,0,0,0,2026-04-08,28,28
U03321,4,24,157.9,40.4,16.2,2026-07-25,20,23,21,22,20,21.33,21.2,1.17,5,6,Light,0,0,0,7,10,8.3,7,5,Moderate,4890,6,0,0,-0.5,-382,0,0,0,0,0,0,0,1,0,0,2026-08-14,20,20
U03322,2,30,155.9,49.3,20.3,2026-02-20,30,30,29,33,32,29.67,30.8,1.47,7,4,Medium,0,0,0,10,3,6.9,8,5,Low,6043,8,0,0,-2.3,-70,0,1,0,0,0,0,0,0,0,0,2026-03-23,31,31
U03323,6,31,150.6,49.2,21.7,2026-03-22,30,31,30,30,32,30.33,30.6,0.8,3,3,Medium,0,0,0,7,5,7.5,10,0,Low,8723,9,1,1,-0.5,393,0,0,0,0,0,0,0,0,0,0,2026-04-23,32,32
U03324,10,38,160.1,49.0,19.1,2026-06-30,30,29,25,32,31,28.0,29.4,2.42,7,5,Heavy,0,0,0,3,10,6.7,4,0,Moderate,4333,1,0,0,1.1,-663,0,0,0,0,0,0,0,1,0,0,2026-07-30,30,30
U03325,10,37,161.8,66.2,25.3,2026-06-16,30,31,33,32,32,31.33,31.6,1.02,7,3,Light,0,0,0,4,6,5.8,9,5,Low,13883,10,0,1,0.4,-510,0,0,1,0,0,0,0,0,0,0,2026-07-15,29,29
U03326,4,30,170.6,85.9,29.5,2026-04-03,29,34,30,30,32,31.0,31.0,1.79,6,3,Light,0,0,0,1,10,8.7,9,4,Low,7019,3,0,0,1.4,385,0,1,0,0,0,0,0,1,0,0,2026-05-01,28,28
U03327,9,23,171.8,64.0,21.7,2026-06-20,30,32,32,32,26,31.33,30.4,2.33,4,6,Light,1,0,1,5,1,7.6,1,6,High,7781,3,0,0,1.0,371,0,1,0,1,0,0,0,0,0,0,2026-07-19,29,29
U03328,9,18,151.3,50.8,22.2,2026-05-29,28,27,28,29,26,27.67,27.6,1.02,7,7,Light,0,0,0,9,5,6.5,8,3,Moderate,6626,5,0,0,-0.3,249,0,1,0,0,0,0,0,1,0,0,2026-06-29,31,31
U03329,12,23,166.8,62.6,22.5,2026-03-24,28,27,28,28,26,27.67,27.4,0.8,6,5,Medium,0,0,0,9,9,8.2,4,1,Low,13025,6,0,1,-0.8,296,1,1,0,0,0,0,0,0,0,0,2026-04-24,31,31
U03330,2,25,158.0,52.7,21.1,2026-06-19,28,28,24,29,27,26.67,27.2,1.72,3,6,Heavy,0,0,0,7,6,5.0,4,4,Moderate,7660,4,1,0,0.8,-9,0,1,0,0,0,0,0,0,0,0,2026-07-16,27,27
U03331,5,23,162.3,53.5,20.3,2026-05-08,27,26,27,26,28,26.67,26.8,0.75,5,5,Medium,0,0,0,5,6,6.7,9,3,Moderate,4158,3,0,0,0.7,-53,0,0,0,0,0,0,0,0,0,0,2026-06-06,29,29
U03332,4,32,156.8,57.5,23.4,2026-03-03,25,23,27,25,26,25.0,25.2,1.33,7,3,Light,1,0,0,10,4,6.4,10,3,Low,8150,4,0,0,0.3,272,0,0,0,0,0,0,0,0,0,0,2026-03-30,27,27
U03333,7,31,150.1,56.8,25.2,2026-04-26,32,33,37,32,29,34.0,32.6,2.58,5,6,Medium,0,0,0,8,7,5.9,2,3,Low,13339,7,0,1,-1.6,82,0,0,0,0,0,0,1,0,0,0,2026-05-28,32,32
U03334,4,28,152.3,45.5,19.6,2026-05-23,33,38,32,34,34,34.33,34.2,2.04,4,4,Medium,0,0,1,3,8,7.7,6,5,Low,11440,3,1,0,0.5,222,1,0,0,1,0,0,0,0,0,0,2026-06-26,34,34
U03335,10,31,168.8,55.8,19.6,2026-06-01,35,33,38,37,37,35.33,36.0,1.79,5,7,Light,0,0,0,3,3,6.3,1,2,Moderate,7595,8,0,0,-2.8,-257,1,0,0,0,0,0,0,0,0,0,2026-07-07,36,36
U03336,3,22,166.4,62.0,22.4,2026-08-04,30,27,29,31,28,28.67,29.0,1.41,4,5,Heavy,0,0,0,7,10,8.0,8,5,Moderate,3789,7,0,0,-2.0,-50,0,0,1,0,0,0,0,1,0,0,2026-09-05,32,32
U03337,11,24,169.8,46.1,16.0,2026-04-28,27,27,26,29,28,26.67,27.4,1.02,5,4,Heavy,0,1,0,8,8,7.5,4,7,Moderate,2087,10,0,0,0.1,-664,0,0,0,0,0,0,0,0,0,0,2026-05-26,28,28
U03338,6,26,166.2,70.2,25.4,2026-05-19,31,33,34,32,33,32.67,32.6,1.02,6,6,Medium,0,0,0,9,2,6.6,9,3,Moderate,6896,3,0,1,-1.9,71,1,0,0,0,0,0,0,0,0,0,2026-06-20,32,32
U03339,10,27,151.4,53.4,23.3,2026-02-27,30,30,29,30,29,29.67,29.6,0.49,6,7,Medium,0,0,0,4,7,5.2,10,4,High,6941,2,0,1,0.4,486,0,0,0,0,0,0,0,0,0,0,2026-03-30,31,31
U03340,6,27,154.0,49.8,21.0,2026-03-31,26,29,26,24,25,27.0,26.0,1.67,6,4,Medium,0,0,0,4,10,7.6,3,5,Low,8586,10,0,1,2.7,230,0,1,0,0,0,1,0,0,0,0,2026-04-24,24,24
U03341,6,40,152.2,51.7,22.3,2026-03-07,34,33,34,33,33,33.67,33.4,0.49,3,6,Heavy,0,0,0,8,3,6.4,3,3,Low,2601,9,0,0,0.4,-597,0,0,1,0,0,0,0,1,0,0,2026-04-11,35,35
U03342,11,18,158.2,54.8,21.9,2026-02-07,29,26,31,27,26,28.67,27.8,1.94,3,6,Light,0,0,0,2,7,6.7,10,2,Moderate,4491,10,1,1,1.3,180,0,0,0,0,0,0,0,0,0,0,2026-03-07,28,28
U03343,8,28,145.0,33.6,16.0,2026-05-14,28,25,28,25,27,27.0,26.6,1.36,4,4,Medium,0,0,0,9,8,6.1,10,0,Moderate,12945,3,0,0,-2.0,-481,0,0,0,0,0,0,1,0,0,1,2026-06-12,29,29
U03344,3,32,160.0,58.6,22.9,2026-04-03,24,22,25,28,23,23.67,24.4,2.06,6,7,Light,1,0,0,5,4,6.1,1,1,Low,13985,3,0,0,0.9,113,0,0,0,0,0,0,0,0,0,0,2026-04-25,22,22
U03345,7,18,156.4,64.1,26.2,2026-05-08,32,32,30,34,32,31.33,32.0,1.26,4,6,Medium,0,0,0,3,5,8.3,4,4,Low,3293,4,1,0,1.0,274,0,1,0,0,0,0,0,0,0,0,2026-06-05,28,28
U03346,3,37,168.1,56.8,20.1,2026-01-05,29,27,31,30,27,29.0,28.8,1.6,5,6,Medium,0,1,1,3,6,6.5,1,3,Moderate,7595,6,0,0,-2.1,-309,0,1,0,1,0,0,0,0,0,0,2026-02-04,30,30
U03347,3,27,150.5,54.6,24.1,2026-02-03,28,31,30,29,25,29.67,28.6,2.06,3,4,Light,0,0,0,6,3,6.1,6,3,High,12640,4,0,0,0.7,384,0,0,0,0,0,0,0,0,0,0,2026-02-28,25,25
U03348,11,21,169.6,69.0,24.0,2026-01-26,31,28,32,34,28,30.33,30.6,2.33,3,5,Medium,0,0,0,2,7,6.8,4,1,Moderate,9988,5,0,0,1.0,179,0,0,1,0,0,0,0,0,0,0,2026-02-27,32,32
U03349,9,38,156.9,63.8,25.9,2026-02-17,28,27,27,26,27,27.33,27.0,0.63,7,5,Light,0,0,0,1,6,7.0,4,2,High,2276,7,0,0,0.4,193,0,0,0,0,0,0,0,0,0,0,2026-03-13,24,24
U03350,4,36,158.1,64.2,25.7,2026-01-11,32,34,32,30,33,32.67,32.2,1.33,6,4,Medium,0,0,0,7,4,6.5,6,3,High,5082,5,0,0,0.3,296,0,0,1,0,0,0,0,0,0,1,2026-02-12,32,32
U03351,6,25,156.3,51.3,21.0,2026-08-22,30,30,35,31,29,31.67,31.0,2.1,4,5,Medium,0,0,0,10,1,6.5,10,6,Moderate,7758,10,1,0,0.2,366,0,0,1,0,0,0,1,0,0,0,2026-09-25,34,34
U03352,7,27,161.9,56.9,21.7,2026-06-14,34,36,34,35,34,34.67,34.6,0.8,6,3,Medium,0,0,1,4,6,7.0,9,5,Moderate,11594,3,0,0,0.3,-626,0,0,0,1,0,0,0,0,0,0,2026-07-17,33,33
U03353,12,19,161.0,57.0,22.0,2026-04-13,32,34,30,34,32,32.0,32.4,1.5,4,7,Light,0,0,1,3,7,5.6,3,0,Moderate,9918,2,0,0,1.7,62,0,0,0,1,1,0,0,0,0,0,2026-05-14,31,31
U03354,4,24,175.4,62.5,20.3,2026-04-13,30,28,32,29,30,30.0,29.8,1.33,6,5,Light,0,0,0,3,2,7.1,6,5,Low,8728,1,0,0,1.3,301,0,0,0,0,0,0,0,0,0,0,2026-05-13,30,30
U03355,8,18,146.7,53.2,24.7,2026-06-12,28,26,28,31,29,27.33,28.4,1.62,4,4,Medium,0,0,0,4,9,7.3,4,4,Moderate,3513,4,0,0,0.8,-445,0,0,1,0,0,1,0,0,0,0,2026-07-09,27,27
U03356,12,31,157.4,54.3,21.9,2026-04-06,29,28,30,27,28,29.0,28.4,1.02,7,3,Light,0,0,0,7,5,6.0,7,4,Moderate,8888,3,0,0,0.4,-599,0,0,1,0,0,0,0,0,0,0,2026-05-07,31,31
U03357,6,23,161.4,75.5,29.0,2026-02-24,26,25,26,29,25,25.67,26.2,1.47,4,4,Medium,0,0,0,8,1,5.5,4,5,Moderate,10322,8,0,0,-0.8,-574,0,1,0,0,0,0,0,0,0,0,2026-03-24,28,28
U03358,6,22,164.0,75.3,28.0,2026-08-09,29,30,27,28,32,28.67,29.2,1.72,7,5,Medium,0,0,0,8,8,7.9,1,2,Moderate,12252,6,0,0,-0.1,326,0,0,0,0,0,0,0,0,0,0,2026-09-08,30,30
U03359,3,26,163.1,62.0,23.3,2026-08-28,27,25,27,28,27,26.33,26.8,0.98,3,6,Medium,0,0,0,10,2,6.8,7,7,Low,10476,7,1,0,-0.1,24,0,0,0,0,0,0,0,0,0,0,2026-09-26,29,29
U03360,6,25,157.9,68.3,27.4,2026-08-20,26,23,27,21,27,25.33,24.8,2.4,4,5,Medium,0,0,0,3,1,5.6,1,1,Low,6865,4,0,1,-0.9,284,1,0,0,0,0,0,0,1,0,0,2026-09-13,24,24
U03361,10,37,164.0,51.1,19.0,2026-06-22,29,28,26,28,29,27.67,28.0,1.1,6,3,Light,0,0,0,6,3,5.5,2,5,Moderate,13731,8,0,0,-1.3,-219,0,0,0,0,1,0,1,0,0,0,2026-07-21,29,29
U03362,3,36,169.1,84.9,29.7,2026-08-06,32,31,31,34,32,31.33,32.0,1.1,3,4,Medium,0,0,0,8,9,7.0,7,1,Moderate,5110,5,0,0,1.4,48,0,0,0,0,0,0,0,0,0,0,2026-09-06,31,31
U03363,12,36,156.7,82.0,33.4,2026-03-12,29,28,29,29,31,28.67,29.2,0.98,3,5,Light,0,0,0,3,1,6.0,2,0,High,5739,2,0,1,-0.9,-490,0,1,0,0,0,0,0,0,0,0,2026-04-06,25,25
U03364,12,28,163.4,61.4,23.0,2026-07-03,29,30,30,28,27,29.67,28.8,1.17,4,4,Light,0,0,0,8,5,6.5,6,2,Moderate,2857,5,0,0,-1.5,-213,0,0,0,0,0,1,0,0,0,0,2026-08-03,31,31
U03365,4,33,154.6,66.7,27.9,2026-05-27,27,24,28,28,27,26.33,26.8,1.47,6,5,Light,0,0,0,2,4,7.7,9,2,High,6171,6,0,0,-0.3,-629,1,0,0,0,0,0,1,1,0,0,2026-06-24,28,28
U03366,10,40,164.5,53.0,19.6,2026-03-04,28,29,26,25,28,27.67,27.2,1.47,6,7,Medium,0,0,0,5,6,8.4,7,0,Low,13651,9,0,0,0.7,61,0,1,0,0,0,0,0,0,0,0,2026-03-28,24,24
U03367,7,26,152.2,58.8,25.4,2026-08-10,29,26,29,30,32,28.0,29.2,1.94,7,5,Medium,0,0,0,8,9,6.1,5,5,Low,5776,1,0,0,-1.1,-573,0,0,0,0,0,0,0,0,0,0,2026-09-09,30,30
U03368,3,24,167.0,44.6,16.0,2026-08-11,33,34,34,33,33,33.67,33.4,0.49,6,7,Medium,0,0,0,10,9,6.0,8,3,Moderate,2012,10,0,0,-1.6,-427,1,0,0,0,0,0,0,0,0,0,2026-09-09,29,29
U03369,5,22,146.4,39.9,18.6,2026-01-15,32,29,32,30,32,31.0,31.0,1.26,6,7,Light,0,0,0,10,7,5.2,8,2,Moderate,13057,4,0,0,0.7,-44,0,0,0,0,0,0,0,0,0,0,2026-02-14,30,30
U03370,12,23,153.3,53.1,22.6,2026-03-14,29,28,30,32,29,29.0,29.6,1.36,6,4,Light,0,0,0,3,5,8.3,10,2,High,12143,5,0,0,-3.1,74,0,0,0,0,0,0,0,0,0,0,2026-04-12,29,29
U03371,12,20,172.2,79.5,26.8,2026-05-05,26,24,24,27,24,24.67,25.0,1.26,6,5,Medium,0,0,0,6,2,6.7,9,6,Moderate,8881,1,0,0,-0.9,-190,0,0,0,0,0,1,0,0,0,0,2026-06-01,27,27
U03372,12,30,159.7,63.8,25.0,2026-02-15,28,29,26,31,27,27.67,28.2,1.72,6,4,Medium,0,0,0,6,3,5.4,4,4,Moderate,12086,2,1,0,-1.3,-499,0,0,0,0,0,0,0,0,0,0,2026-03-15,28,28
U03373,8,24,157.4,44.6,18.0,2026-07-07,27,30,26,29,27,27.67,27.8,1.47,3,7,Light,0,0,0,7,2,6.6,7,3,High,4205,1,1,0,-1.6,-420,0,0,0,0,0,0,0,0,0,0,2026-08-06,30,30
U03374,2,36,170.2,88.4,30.5,2026-05-15,27,28,26,27,28,27.0,27.2,0.75,3,7,Heavy,0,0,1,9,8,9.8,10,4,Moderate,7643,2,0,0,-0.6,20,0,0,0,1,0,0,0,1,0,0,2026-06-13,29,29
U03375,9,33,170.9,47.6,16.3,2026-08-03,29,27,35,28,26,30.33,29.0,3.16,5,6,Medium,0,0,1,10,10,8.4,3,5,Moderate,4330,8,0,0,-1.6,-181,1,0,0,0,0,0,0,0,0,0,2026-09-01,29,29
U03376,10,36,161.8,72.5,27.7,2026-06-05,29,30,31,27,30,30.0,29.4,1.36,3,5,Light,0,0,0,5,3,8.4,10,1,Moderate,6140,10,0,0,0.8,383,0,0,0,0,1,0,0,0,0,0,2026-07-03,28,28
U03377,2,25,154.5,48.5,20.3,2026-05-06,30,28,31,28,31,29.67,29.6,1.36,7,3,Heavy,0,0,1,8,7,7.1,6,0,Moderate,3231,10,0,0,-0.7,-305,0,0,1,1,0,0,0,0,0,0,2026-06-06,31,31
U03378,3,23,158.5,46.5,18.5,2026-06-16,30,29,29,29,30,29.33,29.4,0.49,7,4,Medium,0,0,0,5,9,8.2,9,1,Low,2956,5,0,0,-1.4,-98,0,0,0,0,0,0,0,1,0,0,2026-07-18,32,32
U03379,9,32,151.5,44.8,19.5,2026-05-01,29,28,30,29,28,29.0,28.8,0.75,7,5,Medium,0,0,0,9,9,6.2,1,0,Low,13871,1,0,0,-0.2,166,1,0,0,0,0,0,0,0,0,0,2026-05-30,29,29
U03380,9,22,161.4,51.1,19.6,2026-07-29,27,26,25,25,29,26.0,26.4,1.5,7,5,Medium,0,0,0,5,7,8.8,1,7,Moderate,8667,2,0,0,0.6,-561,0,0,0,0,0,0,0,0,0,0,2026-08-26,28,28
U03381,8,20,160.5,70.8,27.5,2026-08-09,27,28,29,29,29,28.0,28.4,0.8,5,6,Medium,0,0,0,9,9,8.7,5,2,Low,12131,5,0,0,1.1,-130,0,0,0,0,0,0,0,0,0,0,2026-09-01,23,23
U03382,6,25,165.4,47.3,17.3,2026-05-04,31,31,35,30,30,32.33,31.4,1.85,3,5,Medium,0,0,0,3,3,6.7,9,1,Moderate,7083,10,0,0,-1.5,376,0,0,0,0,0,0,0,0,0,1,2026-06-03,30,30
U03383,12,27,164.5,78.5,29.0,2026-08-07,29,25,31,31,28,28.33,28.8,2.23,6,3,Light,0,0,0,6,2,8.7,9,3,Low,4728,9,0,0,1.4,143,0,0,0,0,0,0,0,1,0,0,2026-09-03,27,27
U03384,9,27,163.3,62.7,23.5,2026-02-14,28,27,30,29,27,28.33,28.2,1.17,7,7,Medium,0,0,0,9,4,6.0,4,0,Moderate,3559,4,0,0,-1.1,273,0,0,1,0,0,0,0,0,0,0,2026-03-14,28,28
U03385,12,40,165.6,67.7,24.7,2026-06-12,34,33,33,38,34,33.33,34.4,1.85,3,3,Medium,0,0,1,8,4,5.3,10,3,Moderate,8932,2,0,0,0.8,-101,0,0,0,1,0,0,0,0,1,0,2026-07-16,34,34
U03386,8,22,164.6,54.5,20.1,2026-04-12,27,27,29,27,28,27.67,27.6,0.8,4,3,Medium,1,0,0,4,4,8.1,3,0,Moderate,5809,7,0,0,-1.1,187,0,0,1,0,0,0,0,0,0,0,2026-05-09,27,27
U03387,11,40,165.6,46.6,17.0,2026-01-14,28,26,25,28,30,26.33,27.4,1.74,6,3,Light,0,0,0,1,3,6.4,4,5,High,8524,6,0,0,-1.1,304,0,0,0,0,0,0,0,0,0,1,2026-02-11,28,28
U03388,5,22,151.3,49.4,21.6,2026-08-14,31,29,35,33,31,31.67,31.8,2.04,3,3,Light,0,0,0,3,6,7.5,8,1,Low,2953,2,0,0,0.1,-345,0,0,0,0,0,0,0,0,0,0,2026-09-16,33,33
U03389,5,37,167.1,45.8,16.4,2026-01-24,31,33,31,30,31,31.67,31.2,0.98,6,7,Medium,0,0,0,10,10,8.3,5,3,Moderate,5930,9,0,0,1.0,404,0,0,0,0,0,0,0,1,0,0,2026-02-23,30,30
U03390,9,35,148.6,41.5,18.8,2026-05-24,35,33,35,33,36,34.33,34.4,1.2,7,3,Heavy,0,0,0,10,4,5.3,4,4,Low,6643,8,1,0,2.4,-344,0,0,0,0,0,0,0,0,0,0,2026-07-01,38,38
U03391,9,38,166.4,72.3,26.1,2026-08-17,30,31,33,31,34,31.33,31.8,1.47,5,4,Medium,0,0,0,1,10,6.1,6,1,High,3260,8,0,0,0.8,-541,0,0,0,0,0,0,0,0,0,0,2026-09-13,27,27
U03392,9,25,175.6,55.5,18.0,2026-08-17,28,27,28,27,27,27.67,27.4,0.49,3,6,Medium,0,1,0,7,3,5.9,9,1,High,7438,6,0,0,0.5,348,0,1,0,0,1,0,0,0,0,0,2026-09-13,27,27
U03393,9,32,160.7,53.5,20.7,2026-01-18,29,31,27,31,28,29.0,29.2,1.6,3,6,Light,0,0,0,1,3,6.8,8,5,Moderate,12395,10,1,0,-0.1,-377,0,0,0,0,0,0,0,0,0,0,2026-02-12,25,25
U03394,5,39,167.0,83.1,29.8,2026-06-24,30,31,31,30,31,30.67,30.6,0.49,5,7,Light,0,0,0,10,3,5.4,4,2,Moderate,2644,4,1,0,-0.1,-94,1,1,0,0,0,0,0,0,0,0,2026-07-24,30,30
U03395,8,26,158.0,50.7,20.3,2026-01-22,32,33,29,33,29,31.33,31.2,1.83,3,3,Heavy,0,0,1,5,8,8.1,2,0,Low,6074,6,1,0,-1.0,-535,0,0,1,1,0,0,0,0,0,0,2026-02-23,32,32
U03396,11,30,163.5,68.2,25.5,2026-08-09,26,25,24,25,23,25.0,24.6,1.02,3,5,Heavy,0,0,0,4,8,7.0,9,5,Low,2073,3,0,0,0.5,-654,0,0,1,0,0,0,0,0,0,0,2026-09-04,26,26
U03397,4,38,162.9,61.0,23.0,2026-05-01,25,22,25,26,25,24.0,24.6,1.36,6,7,Medium,0,0,1,5,9,6.7,10,3,Moderate,2774,4,1,0,-1.2,-125,0,0,0,1,0,0,0,0,0,0,2026-05-26,25,25
U03398,12,18,154.5,51.6,21.6,2026-01-14,31,31,32,31,32,31.33,31.4,0.49,5,6,Light,1,0,0,9,8,8.0,8,7,High,9665,1,0,0,1.7,-34,0,0,0,0,0,0,0,1,0,0,2026-02-17,34,34
U03399,5,32,147.0,38.7,17.9,2026-02-14,31,30,32,31,28,31.0,30.4,1.36,6,7,Heavy,0,0,0,9,9,7.4,9,3,High,7279,1,0,1,1.5,-101,0,0,0,0,0,0,0,0,0,0,2026-03-16,30,30
U03400,5,34,168.4,63.8,22.5,2026-08-20,31,35,32,33,28,32.67,31.8,2.32,6,5,Medium,0,0,0,10,5,9.6,5,4,Moderate,3140,7,0,1,0.6,291,0,0,0,0,0,0,0,0,0,0,2026-09-18,29,29
U03401,8,18,165.0,67.0,24.6,2026-05-12,28,29,27,31,26,28.0,28.2,1.72,5,6,Medium,0,0,0,1,9,7.1,9,3,Moderate,9792,5,0,0,1.2,-299,0,0,0,0,0,0,0,0,0,0,2026-06-08,27,27
U03402,5,22,156.2,46.1,18.9,2026-03-03,26,24,27,25,27,25.67,25.8,1.17,6,4,Medium,0,0,0,1,4,6.1,6,0,Low,12945,5,0,0,2.2,95,0,1,0,0,0,0,0,0,0,0,2026-03-31,28,28
U03403,9,38,173.3,58.6,19.5,2026-08-02,31,31,29,31,28,30.33,30.0,1.26,4,3,Heavy,0,0,1,6,7,8.2,9,1,Low,2557,3,0,0,0.2,499,0,0,0,1,0,0,0,0,0,0,2026-08-31,29,29
U03404,3,27,157.7,41.8,16.8,2026-08-23,28,30,28,29,28,28.67,28.6,0.8,5,6,Medium,0,0,0,8,8,7.5,10,7,High,7091,1,0,0,-1.2,-370,0,0,0,0,0,1,0,0,0,0,2026-09-19,27,27
U03405,11,29,145.0,46.0,21.9,2026-03-18,27,28,27,29,29,27.33,28.0,0.89,6,6,Medium,0,0,0,8,7,6.9,5,1,High,7074,2,0,0,-0.2,-378,0,1,0,0,0,0,0,0,0,0,2026-04-15,28,28
U03406,2,28,168.4,66.6,23.5,2026-05-23,29,33,28,32,26,30.0,29.6,2.58,5,5,Heavy,0,0,0,5,4,7.5,1,2,Moderate,13481,7,0,0,-1.4,191,0,1,0,0,0,0,0,0,0,0,2026-06-19,27,27
U03407,4,24,159.5,63.1,24.8,2026-08-02,28,26,31,27,28,28.33,28.0,1.67,4,5,Light,0,0,0,2,2,6.3,3,4,Low,7550,3,0,0,-1.9,-346,0,0,0,0,1,0,0,0,0,0,2026-08-31,29,29
U03408,4,18,156.0,68.9,28.3,2026-01-12,28,27,28,28,26,27.67,27.4,0.8,4,7,Light,0,0,1,10,6,6.7,4,0,Moderate,12318,2,0,0,0.9,-644,0,0,1,1,0,0,0,0,0,0,2026-02-10,29,29
U03409,6,25,152.5,37.2,16.0,2026-06-06,33,31,33,33,32,32.33,32.4,0.8,5,7,Light,0,1,1,10,4,6.6,5,3,Moderate,7143,5,0,0,-1.5,417,0,0,0,1,0,0,0,1,0,0,2026-07-13,37,37
U03410,10,38,159.0,51.8,20.5,2026-02-10,34,33,32,35,33,33.0,33.4,1.02,4,3,Heavy,0,0,0,8,7,6.8,2,5,Moderate,11277,7,0,0,-1.3,-375,0,1,0,0,0,0,0,1,0,0,2026-03-17,35,35
U03411,12,35,160.7,57.1,22.1,2026-03-07,36,36,35,41,34,35.67,36.4,2.42,5,5,Heavy,0,0,1,3,1,6.4,4,0,Moderate,11263,2,0,0,-1.9,-93,0,1,0,1,0,0,0,0,0,0,2026-04-14,38,38
U03412,12,24,156.6,50.3,20.5,2026-06-01,30,27,27,31,32,28.0,29.4,2.06,7,3,Medium,0,0,1,3,2,6.9,8,7,Low,9541,2,0,1,-0.6,148,0,0,0,1,0,0,0,0,0,0,2026-07-01,30,30
U03413,2,20,151.6,52.4,22.8,2026-07-26,29,30,29,30,29,29.33,29.4,0.49,6,6,Light,0,0,0,5,5,7.8,5,3,Moderate,5091,10,0,0,-1.1,-630,0,1,0,0,0,0,0,0,0,0,2026-08-26,31,31
U03414,5,31,169.2,68.4,23.9,2026-03-09,27,23,27,27,27,25.67,26.2,1.6,5,4,Medium,0,0,0,5,4,6.9,8,6,Low,6920,6,0,0,0.0,-604,0,0,0,0,0,0,0,0,0,1,2026-04-05,27,27
U03415,8,33,145.0,51.5,24.5,2026-03-11,29,27,31,30,27,29.0,28.8,1.6,4,6,Heavy,0,1,0,5,10,7.9,6,5,Moderate,8657,6,0,0,-1.3,-215,0,0,0,0,0,0,0,0,0,0,2026-04-12,32,32
U03416,11,23,163.4,48.3,18.1,2026-06-28,31,31,31,33,28,31.0,30.8,1.6,3,5,Medium,1,0,0,5,7,6.8,10,1,Moderate,13929,3,0,0,-2.1,-123,0,0,0,0,0,0,0,0,0,0,2026-07-30,32,32
U03417,7,30,164.5,59.5,22.0,2026-04-23,26,24,24,25,25,24.67,24.8,0.75,5,4,Light,1,0,0,1,8,8.1,1,6,Moderate,11112,1,1,0,-1.6,-508,0,0,0,0,0,0,0,0,0,0,2026-05-19,26,26
U03418,5,31,159.8,68.4,26.8,2026-03-29,30,29,29,30,30,29.33,29.6,0.49,5,6,Medium,0,0,0,3,4,6.8,5,5,Moderate,2679,6,0,0,-1.8,414,0,0,0,0,0,0,0,0,0,0,2026-04-24,26,26
U03419,4,25,150.2,59.3,26.3,2026-07-17,30,29,32,25,29,30.33,29.0,2.28,5,4,Medium,0,0,0,9,6,8.0,6,7,Moderate,7664,7,0,0,-0.4,-336,0,0,0,0,0,0,0,0,0,1,2026-08-17,31,31
U03420,6,37,157.8,59.3,23.8,2026-08-12,31,32,30,36,31,31.0,32.0,2.1,7,4,Light,0,0,0,7,9,7.8,10,1,Moderate,7546,3,0,0,-0.9,-642,1,0,0,0,0,0,0,0,0,0,2026-09-14,33,33
U03421,11,36,167.7,72.3,25.7,2026-08-10,26,25,28,25,26,26.33,26.0,1.1,5,4,Medium,0,0,0,7,9,6.5,5,5,Low,6220,3,1,0,-0.1,148,0,0,0,0,0,0,0,1,0,0,2026-09-05,26,26
U03422,4,22,159.1,52.4,20.7,2026-06-01,30,32,31,30,28,31.0,30.2,1.33,4,4,Medium,0,0,0,6,9,6.9,6,3,High,8353,3,0,0,-0.0,-234,1,0,0,0,0,0,0,0,0,0,2026-07-01,30,30
U03423,9,20,158.3,46.6,18.6,2026-01-05,28,27,27,28,26,27.33,27.2,0.75,5,3,Light,0,0,0,1,1,6.6,7,7,Moderate,10625,5,0,0,0.2,-522,0,0,0,0,1,0,0,0,0,1,2026-02-02,28,28
U03424,10,27,165.4,66.5,24.3,2026-01-06,28,27,26,27,26,27.0,26.8,0.75,3,3,Medium,0,1,0,7,7,7.3,3,7,Moderate,8957,5,0,1,1.3,142,0,0,1,0,1,0,0,0,0,0,2026-02-01,26,26
U03425,6,30,157.9,53.9,21.6,2026-04-04,28,27,24,27,29,26.33,27.0,1.67,4,7,Medium,0,0,0,6,1,5.2,2,7,Moderate,4364,3,0,0,0.8,282,0,0,0,0,0,0,0,0,0,0,2026-05-04,30,30
U03426,5,30,157.0,45.4,18.4,2026-04-29,31,31,30,29,31,30.67,30.4,0.8,7,7,Light,0,0,0,6,8,7.8,5,3,Moderate,13389,3,0,0,-0.5,436,0,1,0,0,0,0,0,0,0,0,2026-05-29,30,30
U03427,6,27,145.0,44.2,21.0,2026-01-11,32,35,32,31,33,33.0,32.6,1.36,7,4,Medium,0,0,0,9,1,6.8,4,0,Moderate,12154,6,0,1,0.5,-425,1,0,1,0,0,0,0,1,0,0,2026-02-13,33,33
U03428,12,20,160.3,63.5,24.7,2026-07-10,30,28,28,32,31,28.67,29.8,1.6,3,6,Light,0,0,1,9,3,6.2,9,5,Moderate,13329,2,0,0,-0.2,-430,0,0,0,1,0,0,0,0,0,0,2026-08-12,33,33
U03429,10,28,159.1,59.2,23.4,2026-02-13,28,30,34,30,27,30.67,29.8,2.4,4,3,Medium,0,0,1,2,3,7.0,1,4,Low,6200,1,0,1,1.8,-522,0,0,0,1,0,0,0,0,0,0,2026-03-11,26,26
U03430,12,31,155.1,49.1,20.4,2026-04-02,33,28,32,33,31,31.0,31.4,1.85,5,5,Medium,0,0,0,10,2,5.4,2,3,Moderate,11235,10,0,0,0.1,-278,1,0,0,0,1,0,0,0,0,0,2026-05-06,34,34
U03431,3,37,156.6,55.9,22.8,2026-01-11,28,28,30,32,29,28.67,29.4,1.5,5,6,Light,0,0,0,10,10,7.2,8,3,Low,7283,4,0,0,-1.6,-673,0,0,0,0,0,0,0,0,0,0,2026-02-08,28,28
U03432,9,40,145.0,36.4,17.3,2026-03-19,27,27,28,27,23,27.33,26.4,1.74,5,6,Medium,0,0,1,6,9,8.8,9,4,Low,6769,10,0,0,-1.5,-254,0,0,0,1,0,0,0,1,0,0,2026-04-12,24,24
U03433,7,25,156.8,49.2,20.0,2026-06-02,31,32,32,32,31,31.67,31.6,0.49,4,5,Light,0,0,0,1,10,6.0,6,6,High,7777,5,0,0,0.2,-446,1,0,1,0,1,0,0,0,0,0,2026-07-01,29,29
U03434,7,36,160.0,51.2,20.0,2026-01-13,34,36,33,34,32,34.33,33.8,1.33,7,6,Medium,1,0,1,3,2,8.2,5,7,Moderate,7178,4,0,0,0.2,368,0,0,0,1,0,0,0,0,0,0,2026-02-15,33,33
U03435,6,19,149.6,45.4,20.3,2026-02-22,30,28,28,29,29,28.67,28.8,0.75,7,5,Heavy,0,0,0,7,7,6.8,1,7,High,2238,10,0,0,-0.9,58,0,0,1,0,0,0,0,0,0,0,2026-03-23,29,29
U03436,4,29,163.5,66.3,24.8,2026-05-06,26,24,27,27,25,25.67,25.8,1.17,3,7,Medium,0,0,0,1,4,7.6,7,1,High,5417,4,1,0,1.1,-222,0,0,1,0,0,0,0,0,0,0,2026-05-31,25,25
U03437,5,27,180.0,76.8,23.7,2026-01-12,26,26,25,26,29,25.67,26.4,1.36,4,4,Medium,0,1,0,7,2,7.3,3,1,Low,4203,6,0,0,0.1,-74,0,0,0,0,0,0,0,0,0,0,2026-02-09,28,28
U03438,4,22,176.0,86.7,28.0,2026-06-20,33,36,35,35,32,34.67,34.2,1.47,7,6,Medium,0,0,0,9,5,8.4,5,4,Moderate,6054,8,0,0,0.2,-687,1,0,1,0,0,0,0,0,0,0,2026-07-22,32,32
U03439,5,26,160.8,59.0,22.8,2026-05-22,32,30,31,33,33,31.0,31.8,1.17,7,5,Medium,0,0,0,8,9,7.3,9,0,Moderate,6303,10,0,0,0.6,-593,0,0,0,0,0,0,0,0,0,0,2026-06-23,32,32
U03440,11,20,152.6,72.0,30.9,2026-04-11,34,35,34,35,34,34.33,34.4,0.49,6,6,Light,0,0,1,5,9,8.4,8,5,Moderate,2748,10,0,0,-0.7,-473,0,0,0,1,0,0,1,0,0,0,2026-05-14,33,33
U03441,4,27,168.2,73.0,25.8,2026-02-26,27,27,26,27,28,26.67,27.0,0.63,6,7,Medium,1,0,0,7,7,6.4,1,4,Low,10408,8,0,0,0.6,-188,0,0,1,0,0,0,0,0,0,0,2026-03-22,24,24
U03442,9,38,153.5,52.8,22.4,2026-03-21,28,30,28,28,31,28.67,29.0,1.26,3,4,Medium,1,0,0,1,7,5.6,4,2,High,4236,9,0,0,-0.4,-453,1,0,0,0,0,0,0,0,0,0,2026-04-19,29,29
U03443,11,18,155.5,64.1,26.5,2026-02-18,30,32,31,26,30,31.0,29.8,2.04,6,5,Medium,1,0,0,5,2,7.4,4,5,Moderate,10295,3,0,0,1.3,-80,0,0,0,0,0,0,0,0,0,0,2026-03-20,30,30
U03444,3,34,154.6,46.4,19.4,2026-05-24,31,30,31,30,30,30.67,30.4,0.49,7,4,Light,0,0,0,7,3,8.4,4,7,Moderate,7951,9,1,1,-0.5,-633,0,0,0,0,0,0,0,1,0,0,2026-06-24,31,31
U03445,5,29,149.6,52.6,23.5,2026-01-19,24,21,23,26,29,22.67,24.6,2.73,5,5,Medium,0,0,0,3,8,7.0,5,0,Low,9954,9,0,0,0.7,-617,1,0,0,0,0,0,0,0,0,0,2026-02-13,25,25
U03446,12,35,164.4,58.6,21.7,2026-02-07,30,30,31,30,31,30.33,30.4,0.49,3,7,Medium,1,0,0,1,4,8.5,3,6,Moderate,6759,2,0,1,-0.1,-215,0,1,0,0,1,1,0,0,1,1,2026-03-06,27,27
U03447,2,29,154.2,52.3,22.0,2026-02-19,26,25,27,28,29,26.0,27.0,1.41,4,7,Medium,0,0,0,4,6,7.1,9,2,Moderate,11547,5,0,0,-0.7,-647,1,0,0,0,0,0,0,1,0,0,2026-03-18,27,27
U03448,6,28,165.0,49.5,18.2,2026-05-05,32,33,31,32,30,32.0,31.6,1.02,5,5,Medium,0,0,0,8,4,7.4,4,3,Low,9253,4,0,0,1.1,-92,0,0,0,0,0,0,0,0,0,0,2026-06-04,30,30
U03449,9,24,170.9,68.3,23.4,2026-01-20,33,33,35,32,33,33.67,33.2,0.98,3,5,Light,0,0,1,7,8,5.7,8,5,Low,3916,6,0,0,-2.2,-402,1,0,0,1,0,0,0,0,0,0,2026-02-24,35,35
U03450,3,19,148.8,50.9,23.0,2026-03-16,28,31,29,23,27,29.33,27.6,2.65,5,7,Medium,0,0,0,8,4,7.6,7,0,High,10586,6,0,0,0.7,-553,0,0,0,0,0,0,0,0,0,0,2026-04-16,31,31
U03451,4,31,160.5,61.8,24.0,2026-01-07,27,27,26,30,24,26.67,26.8,1.94,5,5,Heavy,0,0,0,10,10,8.1,4,6,Moderate,11181,5,0,0,-0.8,-276,0,0,0,0,0,0,0,1,0,0,2026-02-04,28,28
U03452,8,31,159.7,63.8,25.0,2026-05-20,27,25,27,25,30,26.33,26.8,1.83,5,7,Medium,0,0,0,3,6,6.8,2,6,Moderate,9932,3,0,1,0.2,-158,0,0,1,0,0,0,0,0,0,0,2026-06-14,25,25
U03453,11,29,163.0,62.4,23.5,2026-08-14,31,30,31,31,29,30.67,30.4,0.8,5,4,Heavy,0,0,0,7,4,8.8,10,0,Moderate,8193,7,0,0,-1.5,-212,0,1,0,0,0,1,0,0,0,0,2026-09-16,33,33
U03454,9,29,163.4,63.5,23.8,2026-04-09,32,32,31,33,34,31.67,32.4,1.02,6,6,Light,0,0,0,9,9,9.2,9,1,Moderate,6324,7,0,1,0.4,-694,0,1,1,0,0,0,0,0,0,0,2026-05-13,34,34
U03455,4,19,155.4,45.6,18.9,2026-04-04,30,31,31,31,30,30.67,30.6,0.49,6,7,Light,0,0,0,9,10,7.6,3,3,Low,9661,3,0,0,2.3,-186,1,0,0,0,0,0,0,0,0,0,2026-05-04,30,30
U03456,12,19,168.1,70.4,24.9,2026-02-10,29,27,28,29,29,28.0,28.4,0.8,3,5,Medium,0,0,0,2,9,7.3,4,2,Low,3560,9,0,1,0.3,-216,0,1,0,0,0,1,0,1,0,0,2026-03-10,28,28
U03457,2,37,168.0,58.4,20.7,2026-05-24,38,37,38,38,38,37.67,37.8,0.4,6,3,Light,0,0,0,2,10,7.7,10,4,Low,12085,6,1,0,0.5,-622,0,0,0,0,0,0,1,0,1,0,2026-07-02,39,39
U03458,7,26,166.3,60.6,21.9,2026-08-04,28,28,27,27,31,27.67,28.2,1.47,5,4,Medium,0,0,0,1,9,7.2,8,7,Low,7628,1,0,0,0.3,107,0,0,0,0,0,0,0,0,0,0,2026-08-31,27,27
U03459,6,27,151.0,48.1,21.1,2026-01-06,28,29,25,24,28,27.33,26.8,1.94,3,4,Medium,0,0,1,3,6,8.2,6,2,Moderate,5086,7,0,0,0.5,-272,0,0,0,1,0,1,0,0,0,0,2026-02-03,28,28
U03460,6,32,145.0,61.2,29.1,2026-02-06,36,32,36,39,32,34.67,35.0,2.68,6,6,Medium,0,0,1,8,6,8.5,6,7,Moderate,7319,4,0,0,-0.9,203,0,1,0,1,0,0,0,1,0,0,2026-03-17,39,39
U03461,10,32,164.4,69.2,25.6,2026-01-31,33,34,32,30,34,33.0,32.6,1.5,5,6,Light,0,0,0,8,7,7.9,6,6,Low,13782,8,0,0,-0.8,356,1,0,0,0,0,0,0,0,0,0,2026-03-07,35,35
U03462,12,21,163.9,66.1,24.6,2026-08-23,29,30,29,28,24,29.33,28.0,2.1,4,3,Light,0,0,0,5,7,9.1,1,6,High,7985,10,0,0,0.8,469,0,1,0,0,0,0,0,0,0,0,2026-09-25,33,33
U03463,5,29,167.8,81.4,28.9,2026-03-08,29,28,28,28,31,28.33,28.8,1.17,5,7,Light,0,0,0,8,8,6.3,6,6,Moderate,10390,8,0,0,0.4,380,0,0,0,0,0,0,1,1,0,0,2026-04-06,29,29
U03464,8,24,172.4,80.2,27.0,2026-06-06,28,29,28,27,29,28.33,28.2,0.75,3,4,Medium,1,0,0,5,5,6.7,8,0,High,4163,9,0,1,-0.2,417,0,0,0,0,0,0,0,0,0,0,2026-07-05,29,29
U03465,11,29,161.7,49.4,18.9,2026-01-07,24,23,25,26,24,24.0,24.4,1.02,3,5,Heavy,0,0,1,5,2,5.6,8,5,Moderate,7985,7,1,0,0.5,-582,0,0,0,1,0,0,0,0,0,0,2026-02-01,25,25
U03466,2,23,158.7,49.9,19.8,2026-04-15,28,26,27,28,30,27.0,27.8,1.33,3,3,Medium,1,0,0,4,6,5.4,6,3,Moderate,13993,7,0,1,-0.7,-460,0,0,0,0,0,0,0,0,0,0,2026-05-13,28,28
U03467,5,33,161.6,66.6,25.5,2026-04-22,34,35,34,36,38,34.33,35.4,1.5,7,6,Heavy,1,0,0,3,1,5.5,3,0,Moderate,7213,7,0,0,2.7,-164,0,0,0,0,0,0,0,0,0,1,2026-05-24,32,32
U03468,6,35,176.2,57.4,18.5,2026-05-01,30,28,30,29,30,29.33,29.4,0.8,3,7,Light,0,0,0,10,6,8.6,8,0,Moderate,7440,10,0,0,1.2,396,0,0,0,0,0,0,0,0,0,0,2026-05-30,29,29
U03469,12,26,160.2,63.4,24.7,2026-04-13,30,32,30,30,32,30.67,30.8,0.98,5,4,Medium,0,0,0,7,7,5.6,2,4,Low,12994,3,0,0,1.5,199,0,0,0,0,0,0,0,0,0,0,2026-05-13,30,30
U03470,4,26,171.8,71.7,24.3,2026-05-28,30,27,28,29,31,28.33,29.0,1.41,7,3,Medium,1,0,0,3,7,6.7,10,2,High,3231,9,0,0,1.1,-424,0,1,0,0,0,0,0,0,0,0,2026-06-24,27,27
U03471,9,27,173.6,76.2,25.3,2026-05-30,29,30,30,30,30,29.67,29.8,0.4,3,7,Heavy,0,0,0,7,7,5.8,2,6,Moderate,10903,4,0,0,0.9,410,0,1,0,0,0,0,0,0,0,0,2026-06-30,31,31
U03472,9,32,154.4,43.1,18.1,2026-01-28,30,35,32,35,31,32.33,32.6,2.06,6,6,Medium,0,0,0,3,7,6.2,2,1,Low,12118,3,0,0,0.7,496,1,0,0,0,0,0,0,0,0,0,2026-02-25,28,28
U03473,7,23,164.1,63.6,23.6,2026-08-27,33,30,34,34,34,32.33,33.0,1.55,4,7,Light,0,0,0,8,8,7.5,7,2,Moderate,11179,10,0,1,0.3,493,0,0,1,0,0,0,0,0,0,0,2026-09-29,33,33
U03474,4,27,159.2,40.6,16.0,2026-07-08,30,28,32,32,31,30.0,30.6,1.5,6,4,Medium,0,0,0,4,4,9.2,2,6,Moderate,12142,10,0,0,-1.7,-212,0,1,0,0,0,0,0,0,0,0,2026-08-07,30,30
U03475,2,33,152.3,63.6,27.4,2026-01-16,27,28,25,27,28,26.67,27.0,1.1,3,7,Medium,0,1,0,6,10,5.8,1,4,Low,4903,8,0,0,-1.3,-379,0,0,0,0,0,1,0,0,0,0,2026-02-14,29,29
U03476,7,27,170.4,70.6,24.3,2026-03-14,28,28,25,29,27,27.0,27.4,1.36,6,5,Medium,0,0,0,7,10,6.8,5,5,Moderate,5034,4,0,0,-0.7,131,0,1,0,0,0,0,0,0,0,0,2026-04-11,28,28
U03477,3,30,161.8,58.1,22.2,2026-06-29,29,25,30,26,25,28.0,27.0,2.1,6,4,Medium,0,0,0,5,7,4.3,8,5,High,5650,4,0,0,0.0,288,0,1,0,0,0,0,0,0,0,0,2026-07-27,28,28
U03478,7,20,165.2,43.7,16.0,2026-03-01,32,28,31,31,33,30.33,31.0,1.67,3,6,Heavy,1,0,0,1,3,6.9,3,6,Low,9657,3,0,0,0.9,-445,0,0,0,0,1,0,1,0,0,0,2026-04-02,32,32
U03479,4,35,150.7,51.6,22.7,2026-03-20,28,29,26,28,31,27.67,28.4,1.62,7,7,Medium,0,0,0,1,3,8.3,4,4,Low,9985,3,1,0,1.0,489,0,0,0,0,0,0,0,0,0,0,2026-04-15,26,26
U03480,2,27,157.4,56.2,22.7,2026-06-10,28,27,28,26,27,27.67,27.2,0.75,3,7,Light,0,0,0,9,6,5.3,5,5,High,2373,5,0,0,-1.3,-336,0,0,1,0,0,0,0,0,0,0,2026-07-11,31,31
U03481,12,19,166.1,60.7,22.0,2026-08-21,34,35,34,36,35,34.33,34.8,0.75,7,3,Medium,0,0,0,5,5,8.6,7,3,Low,2565,5,0,0,-0.3,-120,0,0,0,0,0,0,1,0,1,0,2026-09-22,32,32
U03482,6,40,168.7,73.4,25.8,2026-07-18,32,32,35,28,32,33.0,31.8,2.23,5,6,Light,0,0,0,10,5,5.3,2,0,Low,3652,9,0,0,-0.7,327,1,0,1,0,0,0,0,0,0,0,2026-08-21,34,34
U03483,8,26,166.2,44.2,16.0,2026-07-03,30,31,28,30,27,29.67,29.2,1.47,7,7,Heavy,0,0,0,5,6,5.9,10,0,High,5992,6,1,0,-0.5,93,0,0,0,0,0,0,0,0,0,0,2026-08-04,32,32
U03484,4,35,168.8,66.1,23.2,2026-06-19,28,28,29,29,27,28.33,28.2,0.75,7,4,Medium,0,1,0,7,3,6.1,2,2,Moderate,3287,1,0,0,-0.1,-616,0,1,1,0,0,0,0,1,0,0,2026-07-21,32,32
U03485,6,31,167.8,59.1,21.0,2026-06-13,35,34,34,35,38,34.33,35.2,1.47,6,7,Light,0,0,1,3,6,8.3,7,1,Moderate,7755,5,0,1,1.0,138,0,0,0,1,0,0,0,0,0,0,2026-07-16,33,33
U03486,5,33,163.4,63.3,23.7,2026-05-29,27,28,26,26,24,27.0,26.2,1.33,4,6,Light,0,0,0,7,4,7.2,1,7,Low,8483,6,1,0,0.4,-188,1,0,0,0,0,0,0,0,0,0,2026-06-26,28,28
U03487,11,26,161.0,59.1,22.8,2026-06-29,26,25,27,25,27,26.0,26.0,0.89,5,5,Heavy,1,0,0,4,6,7.5,7,6,High,12463,2,1,0,-1.2,485,0,0,0,0,0,0,0,0,0,0,2026-07-24,25,25
U03488,5,36,162.0,53.5,20.4,2026-05-04,30,29,29,30,28,29.33,29.2,0.75,6,4,Medium,1,0,0,4,1,7.1,5,6,Moderate,2501,10,0,0,-0.2,333,0,0,1,0,0,0,0,0,0,0,2026-06-04,31,31
U03489,11,40,166.7,53.9,19.4,2026-01-17,29,28,27,31,31,28.0,29.2,1.6,7,5,Medium,0,0,0,7,10,7.8,4,3,Moderate,9619,6,1,1,1.3,269,0,0,0,0,0,0,0,1,0,0,2026-02-15,29,29
U03490,9,19,160.3,62.2,24.2,2026-04-28,32,29,31,31,35,30.67,31.6,1.96,6,6,Medium,0,0,0,6,9,7.7,6,6,Moderate,11929,2,0,0,-2.1,-292,0,0,0,0,0,0,0,0,1,0,2026-05-27,29,29
U03491,3,39,153.3,56.9,24.2,2026-06-22,28,27,32,27,26,29.0,28.0,2.1,7,5,Heavy,1,0,0,4,9,8.0,7,6,Low,3907,9,0,0,-1.0,491,0,0,1,0,0,0,0,0,0,0,2026-07-19,27,27
U03492,8,36,165.3,81.7,29.9,2026-08-23,35,34,33,36,37,34.0,35.0,1.41,3,5,Medium,0,0,0,4,9,7.8,10,6,Moderate,3510,6,0,0,-0.5,196,0,0,0,0,1,0,0,0,0,0,2026-09-27,35,35
U03493,11,20,162.6,56.1,21.2,2026-06-21,29,28,27,32,31,28.0,29.4,1.85,3,4,Medium,1,0,0,4,9,7.8,3,5,Moderate,2344,9,0,0,0.9,-242,0,0,0,0,0,0,0,0,0,0,2026-07-19,28,28
U03494,4,36,145.0,46.5,22.1,2026-07-14,28,31,25,27,27,28.0,27.6,1.96,5,7,Light,0,0,0,4,1,7.2,5,2,High,10782,5,0,0,0.3,-452,0,0,0,0,0,0,0,1,0,0,2026-08-12,29,29
U03495,4,20,153.3,49.4,21.0,2026-02-03,27,27,28,28,26,27.33,27.2,0.75,6,6,Medium,0,0,0,3,3,7.9,9,1,Moderate,6771,2,0,0,-1.7,316,0,0,0,0,1,0,0,0,0,0,2026-03-02,27,27
U03496,11,33,164.5,52.5,19.4,2026-05-11,29,26,26,27,27,27.0,27.0,1.1,3,7,Medium,0,0,0,6,5,6.6,10,2,Low,5789,6,0,0,1.3,-656,0,0,0,0,0,0,0,0,0,0,2026-06-11,31,31
U03497,7,22,155.2,51.8,21.5,2026-03-16,30,27,29,31,31,28.67,29.6,1.5,7,7,Light,0,0,0,8,4,6.9,4,6,Moderate,10346,2,0,0,1.2,189,1,0,0,0,0,0,0,0,0,0,2026-04-16,31,31
U03498,12,39,165.7,67.3,24.5,2026-06-24,30,28,29,33,29,29.0,29.8,1.72,3,6,Medium,0,0,0,5,2,7.5,4,4,Moderate,5487,1,0,0,0.5,252,0,0,0,0,0,0,0,0,0,0,2026-07-25,31,31
U03499,11,26,167.9,62.9,22.3,2026-05-18,31,31,30,32,34,30.67,31.6,1.36,7,6,Light,0,0,0,3,10,7.5,10,2,Low,11743,2,0,0,0.8,-235,0,0,1,0,0,0,0,0,0,0,2026-06-20,33,33
U03500,10,19,160.9,57.0,22.0,2026-06-04,32,31,32,32,35,31.67,32.4,1.36,7,5,Medium,0,0,0,8,7,5.1,2,6,High,7235,1,0,0,-0.5,-352,0,0,1,0,0,0,0,0,0,0,2026-07-06,32,32
U03501,5,39,168.2,58.8,20.8,2026-06-25,30,30,31,29,29,30.33,29.8,0.75,6,7,Medium,0,0,0,1,4,8.4,7,7,High,8144,10,1,1,2.6,139,0,0,0,0,0,0,0,0,0,0,2026-07-27,32,32
U03502,7,20,158.9,64.9,25.7,2026-04-15,26,25,25,30,31,25.33,27.4,2.58,6,7,Medium,0,0,1,1,1,10.0,4,5,Low,11132,6,0,0,-0.0,281,0,1,0,1,0,0,0,0,0,0,2026-05-08,23,23
U03503,3,39,164.8,61.4,22.6,2026-02-20,29,29,29,30,28,29.0,29.0,0.63,5,3,Heavy,0,0,0,5,2,7.0,4,6,Moderate,9031,10,1,0,0.3,-597,0,0,0,0,0,0,0,0,0,0,2026-03-22,30,30
U03504,12,39,163.3,61.6,23.1,2026-08-17,32,35,36,33,31,34.33,33.4,1.85,4,3,Medium,1,0,0,10,2,10.0,2,5,Low,5427,9,0,0,2.1,-255,0,0,0,0,0,0,0,0,0,0,2026-09-21,35,35
U03505,4,20,163.6,47.6,17.8,2026-05-31,34,35,35,34,33,34.67,34.2,0.75,7,5,Heavy,0,0,0,6,7,7.3,7,1,Low,2224,4,0,0,-1.9,-194,0,0,0,0,0,0,0,0,1,0,2026-07-04,34,34
U03506,10,27,157.1,61.0,24.7,2026-01-03,30,33,34,30,29,32.33,31.2,1.94,4,4,Light,0,0,0,10,6,6.7,10,1,Moderate,10617,9,0,0,-0.3,53,1,0,1,0,0,0,0,0,0,1,2026-02-02,30,30
U03507,9,21,153.5,49.0,20.8,2026-01-06,28,28,31,26,29,29.0,28.4,1.62,5,3,Light,0,0,0,3,9,6.7,8,3,Moderate,2841,6,0,1,-0.5,465,0,0,0,0,0,0,0,0,0,0,2026-02-01,26,26
U03508,5,39,165.6,43.9,16.0,2026-07-16,31,29,30,32,32,30.0,30.8,1.17,5,3,Medium,0,0,0,4,1,4.3,8,6,Low,11457,4,0,0,0.1,32,1,0,1,0,0,0,0,0,0,0,2026-08-16,31,31
U03509,2,22,169.4,56.8,19.8,2026-06-26,33,32,32,33,33,32.33,32.6,0.49,7,7,Medium,0,0,0,8,3,9.1,6,5,Low,10997,1,0,0,-0.8,-326,1,0,0,0,0,0,0,0,0,0,2026-07-31,35,35
U03510,8,28,156.7,62.1,25.3,2026-01-10,27,25,25,25,26,25.67,25.6,0.8,4,6,Medium,0,0,0,5,8,6.4,4,2,Moderate,2847,10,1,0,-0.6,180,0,0,0,0,0,0,1,0,0,0,2026-02-07,28,28
U03511,8,38,149.5,42.5,19.0,2026-08-06,34,36,33,34,35,34.33,34.4,1.02,3,7,Medium,0,0,0,6,9,7.9,6,2,Moderate,4426,7,0,1,1.0,151,0,1,0,0,1,0,0,0,0,0,2026-09-10,35,35
U03512,6,27,154.6,73.1,30.6,2026-03-19,27,26,27,24,28,26.67,26.4,1.36,6,6,Light,0,0,0,8,6,6.5,1,4,Low,4878,10,0,1,-0.2,444,0,1,0,0,0,0,0,0,0,0,2026-04-18,30,30
U03513,5,37,156.3,54.5,22.3,2026-05-11,27,28,26,28,27,27.0,27.2,0.75,6,5,Light,0,0,0,6,8,5.1,3,1,Low,5917,7,0,0,-0.5,-35,0,1,0,0,0,0,0,1,0,1,2026-06-09,29,29
U03514,2,36,161.8,59.7,22.8,2026-04-29,31,30,29,31,32,30.0,30.6,1.02,5,7,Heavy,0,0,0,8,8,5.7,7,2,Low,6243,5,0,0,0.3,-655,1,1,1,0,0,0,0,0,0,0,2026-05-30,31,31
U03515,8,27,163.0,77.1,29.0,2026-06-19,28,26,26,29,30,26.67,27.8,1.6,4,3,Light,0,0,0,10,7,6.2,1,2,Moderate,9977,4,0,0,1.0,276,0,0,0,0,0,0,0,0,0,0,2026-07-21,32,32
U03516,6,28,167.9,53.6,19.0,2026-01-22,28,27,27,29,26,27.33,27.4,1.02,6,4,Medium,0,0,0,5,8,6.3,2,4,Moderate,12000,3,0,0,-0.9,185,0,0,0,0,0,0,0,0,0,1,2026-02-21,30,30
U03517,4,26,162.7,56.1,21.2,2026-08-27,34,34,34,34,34,34.0,34.0,0.0,4,6,Medium,0,0,0,9,6,8.9,1,3,Low,12870,8,0,0,-1.2,174,0,0,0,0,0,0,0,0,0,0,2026-09-30,34,34
U03518,9,22,165.6,63.9,23.3,2026-08-22,29,27,30,29,28,28.67,28.6,1.02,7,7,Medium,0,1,0,4,6,5.8,1,7,Low,4378,6,0,0,-0.5,67,0,0,0,0,0,0,0,0,0,1,2026-09-23,32,32
U03519,2,32,171.0,51.2,17.5,2026-01-15,30,30,28,29,29,29.33,29.2,0.75,3,7,Heavy,0,1,0,8,3,6.8,1,7,Moderate,11162,2,1,0,-0.1,227,1,0,0,0,0,0,0,0,0,0,2026-02-14,30,30
U03520,9,27,167.1,66.5,23.8,2026-06-06,25,26,28,23,23,26.33,25.0,1.9,7,6,Light,0,0,0,5,8,6.3,4,7,High,9157,2,0,0,0.1,-626,0,1,0,0,0,0,0,0,0,0,2026-07-01,25,25
U03521,8,34,157.8,63.2,25.4,2026-07-30,31,35,29,29,31,31.67,31.0,2.19,7,5,Light,0,0,0,9,5,6.6,6,6,High,10197,8,0,0,1.1,490,0,0,0,0,0,0,0,0,0,1,2026-08-28,29,29
U03522,6,22,159.9,65.2,25.5,2026-06-04,29,28,31,29,28,29.33,29.0,1.1,5,7,Light,0,0,0,7,10,7.3,5,5,Moderate,3846,6,0,0,-1.5,-84,0,0,0,0,0,0,0,0,0,0,2026-07-04,30,30
U03523,11,27,157.9,59.3,23.8,2026-05-27,32,32,33,31,32,32.33,32.0,0.63,4,7,Medium,0,0,0,9,10,6.4,6,1,High,3207,10,0,0,-0.5,-416,0,0,1,0,0,0,0,0,0,0,2026-06-27,31,31
U03524,9,38,152.1,50.0,21.6,2026-01-22,34,34,34,31,35,34.0,33.6,1.36,6,5,Medium,0,0,0,3,5,7.5,2,5,High,8748,7,0,0,-1.9,-378,0,0,0,0,0,0,1,1,0,0,2026-02-25,34,34
U03525,4,40,161.0,62.5,24.1,2026-04-30,30,28,30,28,30,29.33,29.2,0.98,6,7,Light,0,0,0,8,6,6.6,2,0,Low,4634,9,0,0,-0.1,60,0,0,0,0,0,0,0,0,0,0,2026-06-03,34,34
U03526,11,37,170.0,53.5,18.5,2026-08-16,32,34,34,31,36,33.33,33.4,1.74,5,3,Medium,0,0,0,10,1,7.5,6,0,High,2900,10,0,0,1.4,-42,1,0,0,0,0,1,0,0,0,0,2026-09-16,31,31
U03527,9,32,157.2,44.5,18.0,2026-01-02,27,28,27,29,25,27.33,27.2,1.33,6,4,Medium,0,0,0,3,7,6.2,5,7,Moderate,10534,2,0,0,0.3,200,1,1,0,0,0,0,1,0,0,0,2026-01-29,27,27
U03528,8,20,146.4,40.9,19.1,2026-02-28,31,32,32,28,31,31.67,30.8,1.47,6,7,Medium,0,0,0,1,7,7.9,4,6,Low,10514,1,0,0,0.0,-123,0,1,1,0,0,0,0,0,0,0,2026-03-28,28,28
U03529,2,29,151.4,49.5,21.6,2026-04-07,30,30,31,31,29,30.33,30.2,0.75,3,5,Medium,0,0,0,5,8,7.1,1,1,High,4794,7,0,0,-1.4,-49,1,0,0,0,0,0,0,0,1,0,2026-05-11,34,34
U03530,6,25,159.5,62.6,24.6,2026-03-02,28,26,27,25,27,27.0,26.6,1.02,7,5,Medium,0,0,0,8,8,5.6,2,6,Moderate,2166,2,0,0,0.3,310,0,0,0,0,0,1,0,0,0,0,2026-03-30,28,28
U03531,9,22,163.8,69.8,26.0,2026-04-01,28,32,27,27,26,29.0,28.0,2.1,7,7,Heavy,0,0,0,9,9,6.4,5,5,Moderate,3675,8,0,0,0.8,-456,0,0,0,0,0,0,0,0,0,0,2026-05-01,30,30
U03532,11,36,154.5,46.3,19.4,2026-01-23,37,36,35,41,38,36.0,37.4,2.06,7,7,Medium,0,0,0,3,2,6.8,1,4,Low,13193,5,0,0,-0.4,-287,0,0,0,0,1,0,0,0,0,0,2026-03-02,38,38
U03533,4,30,154.9,50.9,21.2,2026-06-17,26,28,28,26,25,27.33,26.6,1.2,3,4,Medium,0,0,0,5,6,7.3,7,6,High,2631,4,1,0,0.7,-53,0,0,1,0,0,0,1,0,0,0,2026-07-14,27,27
U03534,6,18,153.2,42.7,18.2,2026-03-29,34,34,35,36,33,34.33,34.4,1.02,5,7,Medium,1,0,0,8,4,9.2,7,6,Moderate,7267,10,0,1,0.9,-215,1,0,1,0,0,0,0,0,0,0,2026-04-30,32,32
U03535,12,19,149.8,60.8,27.1,2026-02-02,29,30,30,29,28,29.67,29.2,0.75,4,5,Medium,0,0,0,9,7,9.0,9,1,High,13695,8,1,0,0.1,60,0,1,0,0,0,0,0,0,0,0,2026-03-05,31,31
U03536,3,18,169.7,56.7,19.7,2026-05-09,24,24,26,24,20,24.67,23.6,1.96,5,6,Heavy,0,0,0,10,9,7.0,2,5,High,10519,10,0,0,-0.6,-87,0,0,0,0,0,0,0,0,0,0,2026-06-06,28,28
U03537,5,31,150.6,54.7,24.1,2026-04-24,31,29,31,31,29,30.33,30.2,0.98,5,7,Medium,0,0,0,7,7,5.9,6,3,Moderate,13858,3,0,0,1.2,432,0,0,0,0,0,0,0,0,0,0,2026-05-27,33,33
U03538,4,22,159.5,60.3,23.7,2026-02-05,31,30,29,31,30,30.0,30.2,0.75,5,3,Medium,1,0,0,1,7,7.1,8,6,Low,11826,7,0,0,-0.3,19,0,0,0,0,0,0,0,0,0,0,2026-03-05,28,28
U03539,10,25,172.9,60.7,20.3,2026-01-23,26,30,26,26,23,27.33,26.2,2.23,4,3,Medium,0,0,0,6,1,7.6,6,4,High,9840,4,1,1,-1.9,-196,0,0,0,0,0,0,0,0,0,0,2026-02-20,28,28
U03540,7,39,158.8,72.4,28.7,2026-05-10,23,21,25,22,23,23.0,22.8,1.33,7,5,Medium,0,0,0,1,9,7.4,8,7,Moderate,4160,3,0,0,0.3,-87,0,0,0,0,0,1,0,0,0,0,2026-05-31,21,21
U03541,10,22,147.1,38.7,17.9,2026-01-10,24,23,23,26,27,23.33,24.6,1.62,3,5,Light,0,0,0,4,6,7.0,2,5,High,12396,7,1,0,-0.7,-90,1,1,0,0,0,0,0,0,0,1,2026-02-05,26,26
U03542,5,29,154.0,59.1,24.9,2026-05-09,32,31,34,33,33,32.33,32.6,1.02,3,7,Light,0,0,1,9,3,8.1,7,0,Moderate,7899,6,0,0,-0.6,-107,0,0,1,1,0,0,0,0,0,0,2026-06-08,30,30
U03543,9,25,164.2,65.0,24.1,2026-02-26,26,26,27,24,25,26.33,25.6,1.02,5,3,Heavy,0,0,0,10,4,6.5,4,4,Moderate,11480,1,0,1,2.1,-687,0,1,0,0,0,0,0,0,0,0,2026-03-25,27,27
U03544,7,22,169.7,78.0,27.1,2026-05-12,26,28,24,22,28,26.0,25.6,2.33,5,5,Light,0,0,0,2,7,6.9,4,6,Low,8550,8,0,0,0.4,-142,0,0,0,0,0,0,0,1,0,1,2026-06-07,26,26
U03545,6,35,158.6,64.6,25.7,2026-04-29,32,34,34,28,31,33.33,31.8,2.23,7,3,Heavy,1,0,0,10,8,7.0,5,5,Moderate,9364,8,0,0,-1.0,-140,0,0,1,0,0,0,0,0,0,0,2026-05-28,29,29
U03546,2,22,158.1,62.2,24.9,2026-03-22,35,35,37,36,32,35.67,35.0,1.67,3,5,Medium,0,0,0,4,10,7.7,8,0,High,4149,5,0,0,0.9,-639,0,0,0,0,1,0,0,0,0,0,2026-04-27,36,36
U03547,6,35,154.9,72.2,30.1,2026-06-01,29,28,28,26,31,28.33,28.4,1.62,3,4,Medium,0,0,0,4,5,6.5,7,1,Moderate,2875,7,0,0,0.4,-3,1,0,0,0,0,0,0,0,0,0,2026-07-02,31,31
U03548,12,21,162.1,52.8,20.1,2026-02-23,29,30,31,32,32,30.0,30.8,1.17,3,5,Medium,0,0,0,10,6,9.3,9,5,Low,12889,8,0,0,0.1,-609,0,1,1,0,0,0,0,0,0,0,2026-03-23,28,28
U03549,4,32,160.4,59.4,23.1,2026-05-11,28,26,27,30,28,27.0,27.8,1.33,3,4,Light,0,0,1,2,9,6.3,2,6,Moderate,7084,5,0,0,-1.0,316,0,0,0,1,0,0,0,0,0,0,2026-06-07,27,27
U03550,11,31,162.6,63.7,24.1,2026-05-27,27,28,29,24,26,28.0,26.8,1.72,4,3,Medium,1,0,0,4,4,9.1,9,4,Moderate,10277,2,0,0,-1.1,-279,0,0,1,0,0,0,0,0,0,0,2026-06-23,27,27
U03551,9,35,161.6,44.7,17.1,2026-07-26,30,29,29,32,32,29.33,30.4,1.36,7,6,Heavy,0,0,0,7,2,8.0,9,7,Low,11400,9,0,0,-1.2,363,1,0,0,0,0,0,0,0,0,0,2026-08-26,31,31
U03552,10,22,168.2,53.5,18.9,2026-06-19,30,30,28,31,28,29.33,29.4,1.2,7,7,Heavy,0,0,0,10,6,6.1,2,0,Low,6946,9,0,0,-0.2,330,0,0,1,0,0,0,0,0,0,0,2026-07-20,31,31
U03553,12,33,169.2,62.1,21.7,2026-08-18,31,32,30,32,33,31.0,31.6,1.02,4,3,Medium,0,0,0,7,6,7.0,2,5,Moderate,3155,10,0,0,1.6,-471,0,0,1,0,0,0,0,0,0,0,2026-09-17,30,30
U03554,3,32,160.5,51.3,19.9,2026-04-18,26,27,28,28,26,27.0,27.0,0.89,5,3,Light,0,0,0,6,6,7.4,1,3,Moderate,11097,8,0,0,0.7,-490,0,0,0,0,0,0,0,0,0,0,2026-05-18,30,30
U03555,6,36,167.2,70.7,25.3,2026-02-07,36,37,37,35,36,36.67,36.2,0.75,7,3,Medium,0,0,0,7,4,8.9,5,4,High,12982,2,0,0,1.2,280,0,0,1,0,0,0,0,0,0,0,2026-03-17,38,38
U03556,8,40,146.9,54.2,25.1,2026-06-28,26,26,26,26,25,26.0,25.8,0.4,5,4,Heavy,0,0,0,6,8,9.2,8,5,Moderate,3051,6,1,0,2.1,-526,0,1,0,0,0,0,0,0,0,0,2026-07-23,25,25
U03557,6,40,157.2,63.3,25.6,2026-01-02,29,30,30,30,28,29.67,29.4,0.8,7,4,Medium,0,0,0,5,1,6.8,7,1,Low,10442,2,0,0,-1.1,367,0,0,1,0,1,0,0,0,0,0,2026-01-29,27,27
U03558,7,32,157.2,59.6,24.1,2026-02-06,32,34,29,31,31,31.67,31.4,1.62,7,4,Light,0,0,0,3,6,7.9,4,6,High,2744,6,0,0,-1.1,-595,0,0,0,0,1,0,0,0,0,0,2026-03-08,30,30
U03559,4,33,152.8,46.7,20.0,2026-05-05,29,30,28,26,29,29.0,28.4,1.36,3,4,Medium,1,0,0,9,3,6.7,3,1,Moderate,5609,9,1,1,0.5,-156,0,0,0,0,1,0,0,0,0,0,2026-06-03,29,29
U03560,3,23,173.6,80.5,26.7,2026-04-19,30,28,32,29,31,30.0,30.0,1.41,7,4,Light,0,0,0,10,7,9.3,5,0,Moderate,6404,1,0,1,-0.2,-423,0,0,1,0,0,1,0,0,0,0,2026-05-18,29,29
U03561,8,18,153.1,49.9,21.3,2026-01-10,31,27,29,31,30,29.0,29.6,1.5,4,5,Medium,0,0,0,1,4,6.7,1,5,Moderate,12379,1,0,0,0.3,-230,0,1,1,0,0,0,0,0,0,0,2026-02-11,32,32
U03562,4,21,174.5,90.1,29.6,2026-07-30,26,26,24,24,25,25.33,25.0,0.89,7,4,Light,0,0,0,3,6,5.1,2,2,Moderate,5855,6,0,0,0.1,-284,0,1,0,0,0,0,0,0,0,0,2026-08-28,29,29
U03563,8,36,164.8,69.3,25.5,2026-02-14,28,28,28,29,29,28.0,28.4,0.49,6,4,Heavy,0,0,0,10,8,7.5,4,3,Moderate,8952,6,0,0,-1.5,162,0,0,0,0,0,0,0,0,0,0,2026-03-15,29,29
U03564,10,24,159.9,67.5,26.4,2026-05-26,28,30,30,28,29,29.33,29.0,0.89,5,5,Medium,0,0,0,4,2,9.3,10,2,Moderate,2558,4,1,0,-0.0,242,1,0,0,0,0,0,0,1,0,0,2026-06-19,24,24
U03565,5,18,151.9,45.0,19.5,2026-01-06,28,27,28,27,28,27.67,27.6,0.49,6,4,Medium,0,0,0,4,4,6.6,2,6,Low,2913,4,0,0,-1.1,432,0,0,0,0,0,0,0,0,0,0,2026-01-31,25,25
U03566,9,29,157.1,60.2,24.4,2026-07-03,29,27,27,29,31,27.67,28.6,1.5,6,5,Medium,0,0,0,5,8,7.0,2,6,Moderate,7941,2,0,0,-0.4,383,0,0,1,0,0,0,1,0,0,0,2026-07-30,27,27
U03567,7,18,155.9,60.0,24.7,2026-04-24,26,24,26,27,23,25.33,25.2,1.47,6,6,Light,0,0,0,3,7,7.0,2,2,Moderate,8640,5,0,0,-0.3,-148,0,1,1,0,0,0,0,0,0,0,2026-05-23,29,29
U03568,8,22,146.0,47.5,22.3,2026-06-30,25,23,23,26,24,23.67,24.2,1.17,4,5,Medium,0,0,0,9,5,6.3,10,7,High,10814,6,0,0,0.6,-164,0,0,0,0,0,0,0,0,0,0,2026-07-28,28,28
U03569,3,23,162.0,55.9,21.3,2026-06-08,24,26,28,26,23,26.0,25.4,1.74,7,6,Medium,0,0,0,1,9,6.7,7,4,Low,7540,10,0,0,-1.6,-381,0,0,1,0,0,0,0,0,0,0,2026-06-29,21,21
U03570,6,18,166.1,53.8,19.5,2026-01-16,26,31,25,27,25,27.33,26.8,2.23,3,4,Medium,0,0,0,7,6,8.6,9,3,Low,9297,10,0,0,0.4,-105,0,0,0,0,0,0,0,0,0,0,2026-02-12,27,27
U03571,8,19,160.2,62.1,24.2,2026-02-14,27,32,28,29,26,29.0,28.4,2.06,4,6,Light,0,0,0,7,9,8.5,3,3,Moderate,3869,3,0,0,0.1,472,0,0,0,0,0,1,0,0,0,0,2026-03-13,27,27
U03572,7,36,160.2,71.9,28.0,2026-04-15,29,30,28,29,28,29.0,28.8,0.75,7,7,Medium,0,0,0,1,4,8.6,4,4,High,9881,7,1,1,-0.2,-524,0,0,0,0,0,0,0,0,0,0,2026-05-15,30,30
U03573,6,32,164.8,44.5,16.4,2026-06-28,31,28,29,29,31,29.33,29.6,1.2,4,6,Medium,0,0,0,5,3,7.7,7,5,Moderate,9251,7,0,0,1.2,28,0,0,0,0,1,0,0,0,0,0,2026-07-31,33,33
U03574,9,30,157.4,67.9,27.4,2026-05-20,30,33,31,31,29,31.33,30.8,1.33,6,7,Medium,0,0,0,9,3,5.8,8,6,Low,9869,2,0,0,-1.2,-33,0,0,0,0,0,0,0,0,0,0,2026-06-23,34,34
U03575,6,33,157.5,60.5,24.4,2026-05-30,26,29,26,27,30,27.0,27.6,1.62,7,4,Medium,0,0,0,1,3,9.2,6,1,Moderate,3414,2,0,0,-1.4,442,0,1,0,0,0,0,0,0,0,0,2026-06-23,24,24
U03576,2,34,152.6,52.2,22.4,2026-07-06,26,28,24,25,27,26.0,26.0,1.41,3,5,Light,0,0,0,2,9,7.9,6,1,Low,13387,3,0,0,-0.1,-521,0,0,0,0,0,0,0,0,0,0,2026-08-01,26,26
U03577,12,40,156.1,73.6,30.2,2026-05-08,26,26,27,29,26,26.33,26.8,1.17,5,5,Heavy,1,0,0,4,10,8.3,9,3,Moderate,8784,8,0,0,0.2,-314,0,0,0,0,0,0,0,0,0,0,2026-06-01,24,24
U03578,11,27,158.3,58.9,23.5,2026-06-01,37,37,37,35,33,37.0,35.8,1.6,6,4,Medium,0,1,1,2,4,7.0,1,5,Moderate,12098,10,0,0,1.2,-168,0,0,0,1,0,0,1,0,0,0,2026-07-08,37,37
U03579,9,38,167.7,71.2,25.3,2026-05-10,34,33,38,33,32,35.0,34.0,2.1,6,6,Medium,0,0,1,5,1,6.1,5,2,Moderate,9968,10,0,1,0.5,134,0,0,0,1,0,0,0,0,0,0,2026-06-17,38,38
U03580,6,23,163.2,74.0,27.8,2026-04-25,29,30,32,31,29,30.33,30.2,1.17,3,3,Light,0,0,0,2,1,6.7,5,3,Low,11429,9,0,0,-0.1,340,0,0,0,0,0,0,0,0,0,0,2026-05-21,26,26
U03581,9,29,161.6,80.2,30.7,2026-01-22,32,30,32,30,30,31.33,30.8,0.98,7,5,Medium,0,0,1,1,3,6.4,8,5,Moderate,5929,3,1,1,0.1,-278,0,0,0,1,0,0,0,1,0,1,2026-02-22,31,31
U03582,8,31,148.6,56.5,25.6,2026-06-18,26,24,26,27,26,25.33,25.8,0.98,5,6,Medium,0,0,0,5,8,7.6,1,4,High,12084,2,0,0,2.2,-530,0,0,0,0,0,0,0,0,0,0,2026-07-17,29,29
U03583,8,31,164.2,55.3,20.5,2026-06-01,25,25,24,25,28,24.67,25.4,1.36,3,3,Light,0,1,0,7,8,7.8,5,7,Moderate,4970,2,0,1,-0.3,-649,0,0,0,0,0,0,0,0,0,0,2026-06-27,26,26
U03584,8,27,154.2,51.8,21.8,2026-02-04,27,27,26,25,26,26.67,26.2,0.75,4,5,Light,0,0,0,4,1,5.8,3,3,Moderate,12582,2,0,0,2.6,445,0,0,0,0,1,0,0,0,0,0,2026-03-04,28,28
U03585,9,29,164.2,59.3,22.0,2026-08-04,28,25,27,32,28,26.67,28.0,2.28,3,6,Heavy,0,0,0,1,1,5.7,4,3,Moderate,6510,7,0,0,0.8,-184,0,1,0,0,0,0,0,0,0,0,2026-09-01,28,28
U03586,4,24,165.2,63.6,23.3,2026-04-22,29,30,30,32,33,29.67,30.8,1.47,6,3,Heavy,0,0,0,5,7,6.3,8,5,Moderate,6484,2,0,0,-0.5,-575,0,0,0,0,1,0,0,0,0,0,2026-05-20,28,28
U03587,2,36,167.0,57.5,20.6,2026-05-01,31,30,32,31,30,31.0,30.8,0.75,6,5,Medium,0,0,0,3,2,9.4,4,6,Moderate,5012,2,1,0,0.6,-321,0,0,1,0,0,0,0,0,0,0,2026-05-29,28,28
U03588,6,37,171.4,75.5,25.7,2026-01-05,26,28,25,28,21,26.33,25.6,2.58,7,3,Medium,0,0,0,4,4,7.0,7,1,Low,2615,8,0,0,1.6,-595,0,0,0,0,0,0,0,0,0,0,2026-02-01,27,27
U03589,9,31,165.7,46.1,16.8,2026-05-02,30,25,31,27,28,28.67,28.2,2.14,5,7,Medium,0,0,0,7,9,6.6,7,0,Low,12289,9,0,0,-0.2,489,0,0,0,0,0,0,0,0,0,0,2026-06-02,31,31
U03590,4,40,162.8,73.4,27.7,2026-03-19,21,24,21,24,20,22.0,22.0,1.67,4,7,Medium,0,0,0,7,8,6.5,9,5,Moderate,8662,9,0,0,-0.0,-120,0,1,0,0,0,0,0,0,0,0,2026-04-11,23,23
U03591,4,26,163.9,63.1,23.5,2026-04-17,25,26,22,27,27,24.33,25.4,1.85,7,4,Light,0,0,0,1,6,7.7,9,6,High,12661,8,0,0,-1.1,-253,1,0,0,0,0,0,0,0,0,0,2026-05-10,23,23
U03592,6,36,154.9,48.9,20.4,2026-01-08,32,32,32,32,31,32.0,31.8,0.4,4,6,Heavy,0,0,0,8,4,8.5,4,0,High,9792,8,0,0,-0.3,217,0,0,0,0,0,1,0,0,0,0,2026-02-08,31,31
U03593,12,28,156.9,61.3,24.9,2026-03-12,37,34,37,39,35,36.0,36.4,1.74,5,3,Heavy,0,0,0,8,4,5.5,3,6,Moderate,2568,4,1,0,0.4,323,0,1,0,0,0,1,0,0,0,0,2026-04-20,39,39
U03594,5,38,159.7,61.7,24.2,2026-07-08,34,34,35,35,35,34.33,34.6,0.49,6,4,Medium,0,0,1,3,1,7.3,4,6,Low,11132,1,0,0,0.7,-436,0,1,0,1,0,0,0,1,0,0,2026-08-09,32,32
U03595,5,40,166.3,68.3,24.7,2026-08-13,31,31,28,32,31,30.0,30.6,1.36,7,3,Light,0,0,0,2,2,5.8,4,7,Moderate,2897,8,0,0,0.1,197,0,0,0,0,0,1,0,0,0,0,2026-09-13,31,31
U03596,9,31,165.9,74.0,26.9,2026-04-30,30,29,29,30,30,29.33,29.6,0.49,7,5,Medium,0,0,1,1,3,5.7,7,4,Low,3553,7,0,0,-0.5,50,0,0,1,1,0,0,0,0,0,0,2026-05-31,31,31
U03597,6,38,156.3,58.9,24.1,2026-07-19,30,29,29,30,30,29.33,29.6,0.49,4,5,Medium,0,0,0,5,9,7.7,9,1,Low,8791,9,1,0,0.5,10,0,0,1,0,0,0,0,0,0,0,2026-08-17,29,29
U03598,3,23,160.5,75.0,29.1,2026-08-26,31,32,31,33,30,31.33,31.4,1.02,7,5,Medium,1,0,0,7,6,6.1,9,2,Low,5295,2,1,0,-0.1,76,0,1,1,0,0,0,0,1,0,0,2026-09-28,33,33
U03599,2,26,167.2,81.1,29.0,2026-07-31,30,30,29,31,29,29.67,29.8,0.75,6,5,Heavy,0,0,0,3,2,7.4,3,2,Moderate,13966,10,0,0,0.2,336,0,0,0,0,0,0,0,0,0,0,2026-08-31,31,31
U03600,12,37,171.9,55.6,18.8,2026-06-20,23,25,21,23,26,23.0,23.6,1.74,7,7,Heavy,0,0,0,7,2,8.9,1,3,High,8896,4,0,1,-0.3,237,0,0,0,0,0,0,0,0,0,0,2026-07-16,26,26
U03601,7,33,175.9,77.0,24.9,2026-08-24,32,30,29,33,31,30.33,31.0,1.41,5,4,Medium,0,0,0,10,8,7.1,4,6,High,2156,7,0,0,0.2,33,0,0,1,0,0,0,0,0,0,0,2026-09-25,32,32
U03602,3,34,150.6,48.5,21.4,2026-04-07,27,29,30,27,28,28.67,28.2,1.17,6,5,Light,0,0,0,1,8,6.5,10,5,Low,6304,7,0,1,-1.0,36,0,0,0,0,0,0,0,0,0,0,2026-05-02,25,25
U03603,9,34,165.1,56.7,20.8,2026-06-05,29,30,28,28,32,29.0,29.4,1.5,6,3,Medium,0,0,0,9,5,6.9,3,0,Moderate,10147,6,0,0,0.8,62,0,0,0,0,0,0,0,0,0,0,2026-07-04,29,29
U03604,12,21,154.2,66.8,28.1,2026-02-28,35,34,35,31,35,34.67,34.0,1.55,3,6,Medium,0,0,1,9,4,5.7,6,0,Low,10820,6,0,0,-0.5,191,0,0,0,1,1,0,0,0,0,0,2026-04-06,37,37
U03605,5,23,163.8,46.4,17.3,2026-08-19,33,35,31,32,34,33.0,33.0,1.41,4,6,Heavy,0,0,1,9,2,6.2,7,4,High,3387,8,0,0,-0.3,235,0,0,0,1,0,0,0,0,0,0,2026-09-21,33,33
U03606,11,40,156.0,58.4,24.0,2026-08-09,31,29,28,34,30,29.33,30.4,2.06,6,4,Heavy,0,0,0,2,7,8.0,3,6,High,9731,5,0,1,-1.2,-641,1,0,0,0,0,0,0,0,0,0,2026-09-08,30,30
U03607,12,30,161.8,47.6,18.2,2026-08-13,29,30,30,31,29,29.67,29.8,0.75,7,4,Light,0,0,0,7,3,8.3,1,4,Low,7729,6,0,0,0.3,159,1,0,0,0,0,0,0,0,0,0,2026-09-11,29,29
U03608,11,39,159.5,48.6,19.1,2026-03-14,31,32,30,29,29,31.0,30.2,1.17,4,7,Medium,0,0,1,8,2,6.7,10,1,Moderate,10157,1,0,0,-0.7,-185,0,0,0,1,0,0,0,0,0,0,2026-04-14,31,31
U03609,3,18,167.7,77.6,27.6,2026-05-11,26,30,25,27,25,27.0,26.6,1.85,5,3,Medium,0,0,0,5,1,6.6,5,3,Low,3206,3,0,0,1.4,-302,0,0,0,0,0,0,0,0,0,0,2026-06-05,25,25
U03610,3,26,159.8,55.7,21.8,2026-04-25,32,33,31,30,35,32.0,32.2,1.72,3,5,Light,0,0,0,10,6,6.5,10,5,Moderate,3471,10,0,0,-0.2,-23,0,1,0,0,0,0,0,0,0,0,2026-05-28,33,33
U03611,2,33,156.0,57.4,23.6,2026-07-22,33,31,32,32,35,32.0,32.6,1.36,6,3,Medium,0,0,0,8,7,8.2,1,4,Low,9545,10,0,0,-1.0,231,0,0,1,0,0,0,0,0,0,0,2026-08-22,31,31
U03612,5,28,166.2,64.1,23.2,2026-01-16,29,28,30,29,27,29.0,28.6,1.02,5,6,Heavy,1,0,0,10,8,9.0,5,4,Low,7004,10,0,0,1.5,-482,0,0,0,0,0,0,0,0,0,0,2026-02-17,32,32
U03613,9,37,154.7,38.3,16.0,2026-07-22,27,27,26,25,30,26.67,27.0,1.67,5,3,Medium,0,0,0,7,9,6.3,7,4,Moderate,11187,3,1,0,-0.6,15,0,0,0,0,0,0,0,1,0,0,2026-08-15,24,24
U03614,11,27,166.0,63.7,23.1,2026-02-15,30,29,30,34,29,29.67,30.4,1.85,5,6,Medium,0,0,0,2,10,4.0,5,3,Moderate,4445,5,0,0,-1.1,-394,0,0,0,0,0,0,0,1,0,0,2026-03-17,30,30
U03615,2,35,159.6,68.8,27.0,2026-08-18,32,32,32,32,31,32.0,31.8,0.4,5,7,Medium,0,0,0,5,8,5.7,7,1,Moderate,6050,3,0,0,-2.2,-215,0,0,0,0,0,0,0,0,0,0,2026-09-20,33,33
U03616,6,29,166.5,60.2,21.7,2026-04-07,28,32,29,29,28,29.67,29.2,1.47,5,6,Medium,0,0,0,4,3,7.1,8,1,Moderate,2942,8,0,0,-0.2,-437,0,1,0,0,0,0,0,1,0,0,2026-05-05,28,28
U03617,5,37,159.0,84.4,33.4,2026-03-15,28,28,29,30,27,28.33,28.4,1.02,3,7,Light,0,0,0,7,9,5.0,1,1,Low,9530,5,1,0,0.3,-390,0,0,0,0,0,0,1,0,1,0,2026-04-11,27,27
U03618,3,24,160.3,43.7,17.0,2026-07-17,31,31,31,32,35,31.0,32.0,1.55,7,3,Light,0,0,0,5,6,6.9,7,2,Moderate,4160,6,0,0,-0.1,-83,0,0,0,0,0,0,0,0,0,0,2026-08-17,31,31
U03619,6,34,158.7,52.6,20.9,2026-05-17,32,35,32,33,33,33.0,33.0,1.1,4,7,Light,0,0,1,2,10,6.0,5,2,Moderate,2494,7,0,1,1.6,346,0,0,0,1,1,0,0,0,0,0,2026-06-18,32,32
U03620,4,21,159.5,44.8,17.6,2026-04-03,30,32,28,27,27,30.0,28.8,1.94,6,4,Heavy,0,0,0,8,7,4.2,9,1,High,12859,5,0,0,-2.6,148,0,0,0,0,0,0,0,0,0,0,2026-05-06,33,33
U03621,10,26,162.2,56.8,21.6,2026-04-30,27,24,30,26,25,27.0,26.4,2.06,3,6,Heavy,0,0,0,9,9,7.7,5,7,Moderate,11112,2,0,0,1.8,461,0,0,0,0,0,0,0,0,0,0,2026-06-01,32,32
U03622,12,39,159.8,54.1,21.2,2026-02-25,29,25,31,29,28,28.33,28.4,1.96,5,7,Light,1,0,1,1,1,7.1,5,4,Moderate,10627,4,0,0,-0.6,309,0,0,0,1,1,1,0,1,0,0,2026-03-26,29,29
U03623,12,20,155.6,51.3,21.2,2026-07-29,31,34,33,28,31,32.67,31.4,2.06,7,6,Medium,0,0,0,10,8,6.3,2,3,Moderate,10261,1,0,0,0.6,84,0,0,0,0,0,0,0,0,0,0,2026-08-30,32,32
U03624,3,33,156.4,56.7,23.2,2026-08-01,31,31,31,30,31,31.0,30.8,0.4,5,7,Medium,0,0,0,4,6,6.6,5,2,Low,12070,10,0,0,2.7,-162,0,0,0,0,0,0,0,0,0,0,2026-09-03,33,33
U03625,8,22,156.2,55.4,22.7,2026-06-20,32,33,35,32,30,33.33,32.4,1.62,6,3,Heavy,1,0,0,9,9,4.9,9,4,Moderate,11400,7,0,0,-0.5,-417,0,0,0,0,0,0,0,0,0,0,2026-07-21,31,31
U03626,9,40,153.3,47.2,20.1,2026-06-25,30,31,28,32,30,29.67,30.2,1.33,5,6,Medium,0,0,0,10,3,6.2,10,0,Low,4662,9,0,0,-0.3,3,0,0,0,0,0,0,0,1,0,0,2026-07-29,34,34
U03627,11,27,162.8,50.6,19.1,2026-04-29,37,38,40,35,40,38.33,38.0,1.9,4,4,Light,0,0,1,10,6,5.9,2,5,Moderate,10545,6,0,0,-0.7,-151,0,0,0,1,0,0,0,0,0,1,2026-06-10,42,42
U03628,6,34,145.0,55.1,26.2,2026-07-02,32,28,32,32,31,30.67,31.0,1.55,4,4,Heavy,0,0,0,9,8,6.8,3,3,Moderate,10427,2,0,0,0.9,-235,0,0,0,0,1,0,0,1,0,0,2026-08-03,32,32
U03629,6,39,168.2,70.2,24.8,2026-03-08,30,30,28,31,28,29.33,29.4,1.2,3,7,Light,0,0,0,7,3,5.8,4,0,Low,5883,3,0,0,-0.1,289,0,0,0,0,0,0,0,0,0,0,2026-04-12,35,35
U03630,11,25,160.4,51.5,20.0,2026-01-17,29,30,28,30,31,29.0,29.6,1.02,7,4,Medium,0,0,0,1,7,7.2,4,6,Moderate,7615,10,0,0,0.6,189,0,0,0,0,0,0,0,0,0,0,2026-02-15,29,29
U03631,6,32,168.2,72.1,25.5,2026-07-15,26,23,28,26,24,25.67,25.4,1.74,3,6,Medium,1,0,0,2,4,6.2,2,1,Low,5388,4,0,0,1.2,-522,0,0,0,0,0,0,0,1,0,0,2026-08-10,26,26
U03632,2,36,167.0,61.4,22.0,2026-07-23,31,32,29,34,28,30.67,30.8,2.14,4,6,Heavy,0,0,0,10,10,6.4,9,1,Moderate,11657,9,0,1,0.5,-606,1,0,0,0,0,0,0,0,0,0,2026-08-26,34,34
U03633,2,33,167.7,49.2,17.5,2026-04-25,27,26,29,27,26,27.33,27.0,1.1,4,3,Heavy,0,0,0,9,9,8.7,7,7,Moderate,12728,8,0,0,-0.6,351,1,0,0,0,0,0,0,0,0,0,2026-05-25,30,30
U03634,5,23,161.6,56.9,21.8,2026-06-25,23,24,21,23,22,22.67,22.6,1.02,3,5,Light,1,0,0,8,9,7.9,8,4,Low,8138,3,0,0,0.7,-163,1,0,0,0,0,0,0,0,0,0,2026-07-21,26,26
U03635,7,28,161.8,45.3,17.3,2026-03-03,29,28,30,26,27,29.0,28.0,1.41,7,6,Light,0,0,0,7,6,7.2,1,6,High,9338,8,0,0,0.0,-142,0,0,0,0,0,0,0,0,0,1,2026-04-01,29,29
U03636,3,40,174.2,51.3,16.9,2026-04-12,28,31,27,28,25,28.67,27.8,1.94,7,4,Medium,0,0,0,5,7,8.3,7,4,Moderate,11119,1,0,0,0.6,417,0,0,0,0,1,0,0,0,0,0,2026-05-11,29,29
U03637,3,19,165.8,68.4,24.9,2026-05-23,26,24,23,26,23,24.33,24.4,1.36,4,3,Light,0,0,0,2,4,7.6,1,3,Moderate,6494,2,0,0,1.0,-14,0,0,0,0,0,0,0,0,0,0,2026-06-17,25,25
U03638,9,26,166.9,82.5,29.6,2026-01-09,23,21,21,21,20,21.67,21.2,0.98,4,3,Heavy,0,1,0,5,6,7.5,5,2,Moderate,8168,10,0,1,-4.8,-208,1,0,0,0,0,0,0,0,0,0,2026-01-30,21,21
U03639,10,24,158.4,61.0,24.3,2026-04-25,30,30,28,28,30,29.33,29.2,0.98,7,7,Light,0,0,0,7,6,9.7,10,3,Moderate,6926,2,0,0,-1.7,-58,0,0,0,0,0,0,0,0,0,0,2026-05-24,29,29
U03640,12,27,159.2,71.7,28.3,2026-03-27,36,37,39,36,32,37.33,36.0,2.28,5,4,Medium,0,0,1,9,5,6.1,7,0,Moderate,5987,9,0,1,0.5,478,0,0,1,1,0,0,0,0,0,0,2026-05-02,36,36
U03641,7,20,171.4,77.0,26.2,2026-02-21,28,30,30,29,27,29.33,28.8,1.17,7,4,Medium,0,0,0,4,6,6.4,9,7,Low,6205,1,0,0,-1.3,-123,0,0,0,0,0,0,0,0,0,0,2026-03-16,23,23
U03642,2,33,157.5,48.9,19.7,2026-06-28,26,25,25,27,29,25.33,26.4,1.5,4,5,Medium,0,0,0,10,9,6.1,8,0,High,7248,3,0,0,-1.0,-97,0,0,0,0,0,0,0,0,0,0,2026-07-25,27,27
U03643,3,20,163.0,59.5,22.4,2026-08-16,28,28,27,28,28,27.67,27.8,0.4,6,7,Medium,0,0,0,4,6,6.2,10,7,Moderate,4041,2,0,0,-0.3,483,0,0,0,0,0,0,0,0,0,0,2026-09-14,29,29
U03644,12,25,156.0,61.6,25.3,2026-05-24,32,30,28,31,32,30.0,30.6,1.5,7,4,Medium,0,0,0,9,2,6.3,7,1,Low,7808,10,0,0,-0.2,-49,0,0,0,0,0,0,0,0,0,0,2026-06-26,33,33
U03645,9,29,162.0,48.8,18.6,2026-05-11,31,32,30,31,28,31.0,30.4,1.36,5,7,Medium,0,0,0,5,9,5.7,7,3,Moderate,5037,10,0,0,-0.1,-47,1,0,0,0,0,0,0,0,0,0,2026-06-12,32,32
U03646,4,28,164.2,62.8,23.3,2026-01-10,30,30,30,28,30,30.0,29.6,0.8,5,4,Heavy,0,0,0,3,1,7.5,6,1,Low,3313,1,0,0,-0.2,-638,0,0,0,0,0,0,0,1,0,0,2026-02-11,32,32
U03647,8,21,162.6,60.8,23.0,2026-02-17,31,27,30,30,28,29.33,29.2,1.47,3,6,Medium,0,0,1,4,7,7.3,5,0,Moderate,9370,3,0,0,0.0,325,0,0,0,1,0,0,0,0,0,0,2026-03-20,31,31
U03648,6,26,172.7,80.8,27.1,2026-01-16,30,31,28,28,30,29.67,29.4,1.2,5,4,Medium,0,0,0,10,1,8.3,6,5,Moderate,5833,2,0,1,0.1,-334,0,0,0,0,0,0,1,0,0,0,2026-02-17,32,32
U03649,11,33,167.4,47.1,16.8,2026-08-20,35,38,35,36,38,36.0,36.4,1.36,5,6,Medium,0,0,0,5,3,5.6,1,2,High,5273,8,0,1,-2.2,-580,0,1,1,0,0,0,0,0,0,0,2026-09-25,36,36
U03650,7,18,163.1,54.8,20.6,2026-04-05,31,34,32,37,30,32.33,32.8,2.48,7,3,Heavy,0,0,0,10,9,6.3,1,0,High,12851,4,0,0,-1.4,306,0,0,0,0,0,0,0,0,0,0,2026-05-03,28,28
U03651,4,37,159.6,50.9,20.0,2026-04-03,33,31,31,34,35,31.67,32.8,1.6,4,6,Light,1,0,1,3,1,7.1,5,0,Moderate,13848,5,0,0,-1.1,293,0,0,0,1,0,0,0,0,0,1,2026-05-07,34,34
U03652,4,31,164.3,48.9,18.1,2026-03-06,31,30,34,31,28,31.67,30.8,1.94,7,6,Heavy,0,0,0,3,4,6.1,6,3,Moderate,8698,10,0,1,1.2,-286,0,1,1,0,0,0,0,0,0,0,2026-04-06,31,31
U03653,9,35,165.7,53.8,19.6,2026-04-22,28,28,31,31,29,29.0,29.4,1.36,5,6,Medium,0,0,0,6,6,7.2,9,0,Low,9670,4,0,0,0.5,-485,0,0,0,0,0,0,0,0,0,1,2026-05-17,25,25
U03654,6,31,157.1,39.5,16.0,2026-04-14,22,20,22,22,21,21.33,21.4,0.8,7,3,Light,0,0,0,8,3,6.4,9,7,Low,4149,7,0,0,-1.2,-669,0,0,1,0,0,0,0,0,0,0,2026-05-08,24,24
U03655,5,40,157.1,56.8,23.0,2026-06-12,31,32,32,30,30,31.67,31.0,0.89,4,5,Medium,0,0,0,1,1,6.4,10,5,Moderate,12903,8,0,0,1.6,86,0,0,0,0,0,0,0,0,0,0,2026-07-11,29,29
U03656,8,26,151.8,47.2,20.5,2026-02-22,31,31,30,34,28,30.67,30.8,1.94,7,3,Medium,1,0,0,8,2,5.7,1,2,Moderate,4508,2,0,0,1.4,-134,0,0,0,0,0,0,0,0,0,1,2026-03-27,33,33
U03657,5,18,159.5,54.7,21.5,2026-03-12,29,31,27,26,31,29.0,28.8,2.04,4,6,Medium,0,0,1,5,3,6.2,10,6,High,3478,8,0,0,1.1,-371,0,0,0,1,0,0,0,0,0,1,2026-04-09,28,28
U03658,3,26,162.9,56.5,21.3,2026-02-09,30,25,28,27,27,27.67,27.4,1.62,6,4,Medium,0,0,0,1,6,8.4,1,6,Low,10686,8,0,0,0.8,-24,0,0,0,0,0,0,0,0,1,0,2026-03-10,29,29
U03659,2,35,158.6,43.8,17.4,2026-01-29,28,30,26,29,27,28.0,28.0,1.41,5,5,Medium,0,0,0,9,3,7.6,6,3,High,5679,3,0,1,-1.4,392,0,0,0,0,0,0,0,1,0,0,2026-02-28,30,30
U03660,10,18,151.6,47.8,20.8,2026-07-06,30,30,29,27,31,29.67,29.4,1.36,3,5,Light,1,0,0,6,9,8.7,9,0,Moderate,10732,8,0,0,-1.4,-183,0,0,0,0,0,0,0,1,0,0,2026-08-03,28,28
U03661,9,31,160.5,59.2,23.0,2026-02-17,25,25,25,26,31,25.0,26.4,2.33,7,7,Medium,0,0,0,5,1,7.7,8,4,Low,10370,8,0,0,1.7,-161,0,1,1,0,0,0,0,0,0,0,2026-03-12,23,23
U03662,5,25,162.5,53.1,20.1,2026-05-01,26,26,25,25,24,25.67,25.2,0.75,4,3,Medium,0,0,0,10,3,6.7,5,6,Moderate,5697,3,1,0,1.7,-190,0,0,1,0,0,0,0,0,0,0,2026-05-28,27,27
U03663,10,35,156.7,50.8,20.7,2026-05-25,30,31,30,30,28,30.33,29.8,0.98,5,5,Heavy,1,0,0,1,3,6.8,9,2,Low,13477,9,0,1,-1.5,-220,0,0,0,0,0,0,0,0,0,0,2026-06-24,30,30
U03664,4,34,171.3,66.3,22.6,2026-08-22,33,34,34,34,35,33.67,34.0,0.63,3,4,Medium,0,0,0,9,3,6.9,10,1,Low,5253,9,0,0,0.2,115,1,0,0,0,1,0,0,0,0,0,2026-09-24,33,33
U03665,6,20,153.6,47.7,20.2,2026-01-02,27,25,26,23,26,26.0,25.4,1.36,7,3,Medium,0,0,0,4,9,5.9,3,2,Moderate,6846,7,1,0,-1.0,30,0,0,0,0,0,0,0,0,0,0,2026-01-29,27,27
U03666,6,29,152.2,47.0,20.3,2026-08-27,26,26,26,27,30,26.0,27.0,1.55,5,3,Light,0,0,0,1,10,7.5,4,1,Moderate,13659,2,0,1,0.1,-641,0,0,0,0,0,0,0,0,0,0,2026-09-19,23,23
U03667,3,29,153.3,49.1,20.9,2026-03-28,29,28,27,30,30,28.0,28.8,1.17,3,7,Medium,0,0,0,7,5,6.7,6,7,Moderate,9776,2,0,1,-1.3,207,0,0,0,0,1,0,0,0,0,1,2026-04-24,27,27
U03668,11,22,155.7,57.5,23.7,2026-02-27,32,32,30,31,28,31.33,30.6,1.5,7,3,Light,0,0,0,9,9,5.7,6,5,High,3656,8,0,0,0.4,164,0,1,0,0,0,0,0,0,0,0,2026-04-04,36,36
U03669,12,18,155.1,54.1,22.5,2026-02-28,29,29,28,27,27,28.67,28.0,0.89,3,5,Medium,0,0,0,5,8,5.9,9,3,High,10331,2,0,1,-1.4,153,0,0,0,0,0,0,0,1,1,0,2026-04-01,32,32
U03670,3,21,165.2,62.2,22.8,2026-06-29,30,32,29,32,29,30.33,30.4,1.36,4,6,Light,0,0,0,10,1,6.2,10,2,Low,4216,2,0,0,-0.4,-676,1,0,0,0,0,0,0,0,0,0,2026-07-29,30,30
U03671,11,22,161.3,50.2,19.3,2026-07-05,32,30,32,31,30,31.33,31.0,0.89,3,6,Medium,0,0,0,8,7,6.9,7,7,Moderate,11310,9,0,0,0.2,-375,0,1,1,0,0,0,0,0,0,0,2026-08-07,33,33
U03672,2,29,159.2,55.5,21.9,2026-05-25,26,24,26,26,27,25.33,25.8,0.98,6,4,Light,0,0,0,10,8,8.7,3,3,Low,3419,9,0,0,-1.6,212,0,0,1,0,0,0,0,0,0,0,2026-06-22,28,28
U03673,5,28,165.4,46.8,17.1,2026-07-21,30,31,30,31,30,30.33,30.4,0.49,6,3,Medium,0,0,1,7,4,7.2,4,1,Moderate,11359,6,0,0,0.8,136,0,0,1,1,1,1,0,0,0,0,2026-08-19,29,29
U03674,8,28,147.6,45.5,20.9,2026-04-29,34,35,35,32,29,34.67,33.0,2.28,6,7,Medium,0,0,0,1,9,7.6,8,2,Moderate,9021,8,0,0,0.5,-651,0,0,0,0,0,0,0,0,0,0,2026-06-04,36,36
U03675,12,38,168.0,68.9,24.4,2026-04-10,31,33,30,31,32,31.33,31.4,1.02,6,3,Medium,0,0,0,10,2,8.0,2,0,High,5656,10,0,0,-0.8,264,0,0,1,0,0,0,0,0,0,0,2026-05-16,36,36
U03676,7,28,166.4,75.3,27.2,2026-06-21,28,28,29,27,25,28.33,27.4,1.36,5,6,Medium,0,0,0,4,5,6.1,9,1,High,4242,3,0,0,0.2,125,0,0,0,0,0,0,0,0,0,0,2026-07-17,26,26
U03677,11,22,152.9,61.7,26.4,2026-04-17,36,37,37,35,35,36.67,36.0,0.89,3,5,Medium,0,0,1,2,5,8.4,4,2,High,3812,8,0,0,0.4,-395,0,1,0,1,0,0,0,0,0,0,2026-05-23,36,36
U03678,5,31,157.5,69.5,28.0,2026-03-11,28,26,27,26,28,27.0,27.0,0.89,6,3,Light,0,0,0,8,1,5.8,4,0,Moderate,6836,4,0,1,-1.8,-659,0,0,0,0,0,0,0,0,0,0,2026-04-07,27,27
U03679,10,40,162.8,80.6,30.4,2026-07-22,30,31,30,31,30,30.33,30.4,0.49,6,7,Heavy,0,0,0,10,1,7.2,10,1,Moderate,7659,2,1,0,-0.2,-33,0,0,0,0,0,0,0,0,0,0,2026-08-23,32,32
U03680,10,26,158.4,52.2,20.8,2026-02-11,31,33,34,29,33,32.67,32.0,1.79,7,7,Medium,0,0,1,3,10,6.6,5,7,Low,10153,1,0,0,-0.4,-569,1,0,0,1,0,0,0,0,0,0,2026-03-12,29,29
U03681,7,19,170.4,67.7,23.3,2026-02-13,28,26,27,32,27,27.0,28.0,2.1,4,6,Medium,1,0,0,7,7,6.2,2,7,Low,8114,9,0,0,-0.3,164,0,0,0,0,0,0,0,0,0,0,2026-03-15,30,30
U03682,12,27,158.8,64.8,25.7,2026-05-26,29,29,28,29,30,28.67,29.0,0.63,5,4,Medium,0,0,0,1,8,8.0,3,1,Moderate,6625,6,0,0,-0.4,157,0,0,0,0,0,0,0,0,0,0,2026-06-20,25,25
U03683,9,32,157.4,78.8,31.8,2026-06-21,25,25,26,22,26,25.33,24.8,1.47,7,4,Light,1,0,0,2,8,6.8,6,3,Moderate,11042,7,0,0,-1.6,-418,0,0,0,0,0,0,0,1,0,0,2026-07-17,26,26
U03684,3,25,161.1,49.3,19.0,2026-02-01,23,27,25,24,22,25.0,24.2,1.72,6,6,Medium,0,0,0,6,5,7.6,9,6,Moderate,8052,9,0,0,1.8,-684,0,0,0,0,0,0,0,0,0,0,2026-02-24,23,23
U03685,12,30,156.4,61.2,25.0,2026-02-15,31,31,27,34,31,29.67,30.8,2.23,3,7,Heavy,0,0,0,9,2,7.7,8,2,Low,8634,7,0,0,0.3,243,0,0,1,0,0,0,0,1,0,0,2026-03-16,29,29
U03686,4,32,161.4,62.5,24.0,2026-04-12,31,30,32,29,33,31.0,31.0,1.41,3,4,Medium,0,0,0,9,9,7.8,1,3,Moderate,10737,7,0,0,-2.5,-470,0,0,1,0,0,0,0,0,0,0,2026-05-17,35,35
U03687,4,19,173.8,63.4,21.0,2026-01-07,29,27,28,30,31,28.0,29.0,1.41,3,7,Medium,0,0,0,4,5,8.0,7,5,Moderate,13776,3,0,0,-0.4,-18,0,0,1,0,0,0,0,1,0,0,2026-02-04,28,28
U03688,3,18,155.8,53.6,22.1,2026-03-15,28,27,31,26,27,28.67,27.8,1.72,3,7,Medium,0,0,0,6,5,7.8,8,3,Moderate,10535,6,0,0,1.1,175,0,0,0,0,0,0,0,0,0,0,2026-04-12,28,28
U03689,12,33,169.9,70.1,24.3,2026-01-06,31,30,30,34,35,30.33,32.0,2.1,7,7,Light,0,0,0,8,1,6.5,4,7,Moderate,9494,1,1,0,-0.7,-356,0,0,0,0,0,0,0,0,0,0,2026-02-04,29,29
U03690,5,34,166.7,55.0,19.8,2026-01-04,33,32,34,31,33,33.0,32.6,1.02,3,4,Medium,0,0,0,8,6,8.2,9,2,Moderate,12441,7,0,0,-0.2,-361,1,0,1,0,0,0,0,1,0,0,2026-02-10,37,37
U03691,2,25,151.9,56.8,24.6,2026-03-02,31,31,32,31,32,31.33,31.4,0.49,3,7,Medium,0,0,0,6,3,7.4,2,2,High,5173,8,1,0,2.4,-202,0,0,1,0,0,0,0,1,0,0,2026-04-04,33,33
U03692,10,36,166.6,63.0,22.7,2026-01-30,33,31,29,36,32,31.0,32.2,2.32,4,4,Medium,0,0,0,5,5,6.4,6,5,Moderate,11320,1,0,0,-2.2,461,1,0,0,0,0,0,0,0,0,1,2026-03-04,33,33
U03693,5,34,160.2,48.2,18.8,2026-03-30,26,29,25,24,25,26.67,25.8,1.72,5,5,Medium,0,0,0,6,7,5.1,4,5,Moderate,12072,9,0,0,-1.4,-550,0,0,0,0,0,0,0,0,1,0,2026-04-26,27,27
U03694,3,26,159.6,63.4,24.9,2026-04-25,30,29,30,31,30,29.67,30.0,0.63,6,6,Light,0,0,0,10,2,6.2,4,2,Moderate,10419,6,0,0,0.9,-294,0,0,0,0,0,0,0,0,0,0,2026-05-29,34,34
U03695,9,21,153.9,49.7,21.0,2026-06-25,32,32,33,34,35,32.33,33.2,1.17,5,3,Medium,1,0,0,1,10,4.9,5,5,Moderate,8531,2,0,0,-0.8,-88,1,0,1,0,0,0,0,0,0,0,2026-07-27,32,32
U03696,2,18,171.8,61.7,20.9,2026-06-01,28,31,29,26,24,29.33,27.6,2.42,7,7,Light,0,0,0,8,6,6.5,10,7,High,11458,1,0,0,-1.1,-547,0,0,0,0,0,0,0,0,0,0,2026-06-29,28,28
U03697,5,23,166.4,70.1,25.3,2026-05-19,34,33,32,33,32,33.0,32.8,0.75,3,3,Light,0,0,0,9,2,6.3,7,1,Low,2972,6,0,1,-0.5,-594,0,0,1,0,0,0,0,0,0,0,2026-06-24,36,36
U03698,5,34,166.3,76.1,27.5,2026-02-02,23,24,22,20,23,23.0,22.4,1.36,7,5,Medium,0,0,0,3,9,9.5,10,7,Moderate,3035,4,0,1,-2.2,250,1,1,0,0,0,1,0,1,0,0,2026-02-25,23,23
U03699,3,32,151.7,48.1,20.9,2026-02-17,29,27,30,29,25,28.67,28.0,1.79,7,3,Light,0,0,0,2,7,7.9,2,2,High,11759,8,0,0,-0.3,349,0,1,0,0,0,0,0,0,0,0,2026-03-18,29,29
U03700,7,32,152.2,48.9,21.1,2026-08-15,29,27,31,29,30,29.0,29.2,1.33,6,5,Medium,0,0,0,7,5,7.4,3,1,Moderate,7080,5,0,0,0.1,-434,0,0,0,0,0,0,1,0,0,0,2026-09-11,27,27
U03701,9,25,152.2,48.4,20.9,2026-04-11,31,30,31,31,30,30.67,30.6,0.49,5,4,Medium,0,0,0,7,4,6.0,6,0,Low,3681,8,0,0,-1.4,-310,0,0,0,0,1,0,0,0,0,0,2026-05-11,30,30
U03702,3,35,162.9,61.3,23.1,2026-07-16,27,29,25,28,29,27.0,27.6,1.5,4,4,Medium,0,0,0,4,3,5.9,10,4,Low,3247,10,0,1,0.3,-528,1,0,0,0,0,0,0,0,0,0,2026-08-14,29,29
U03703,10,19,161.1,55.5,21.4,2026-06-05,35,39,38,36,35,37.33,36.6,1.62,5,4,Heavy,0,0,1,4,2,7.6,4,4,Low,12706,2,0,0,-0.9,128,1,0,0,1,0,1,0,0,0,0,2026-07-10,35,35
U03704,12,21,165.1,54.5,20.0,2026-08-27,30,31,30,27,28,30.33,29.2,1.47,3,4,Light,0,0,0,4,5,7.3,6,2,High,5097,8,1,0,0.4,-154,0,1,1,0,0,0,0,0,0,0,2026-09-22,26,26
U03705,11,29,170.3,66.4,22.9,2026-06-05,32,33,30,31,32,31.67,31.6,1.02,6,5,Medium,1,0,1,10,3,8.0,7,6,Moderate,5801,7,0,0,-0.8,-96,0,1,0,1,0,0,0,0,0,1,2026-07-07,32,32
U03706,11,31,164.5,73.1,27.0,2026-06-24,26,25,26,26,24,25.67,25.4,0.8,7,7,Medium,0,0,0,7,7,4.9,7,6,Moderate,12366,4,1,0,1.3,-116,0,0,1,0,0,0,0,0,0,0,2026-07-21,27,27
U03707,12,33,166.1,68.1,24.7,2026-04-25,32,32,34,36,32,32.67,33.2,1.6,7,7,Medium,0,0,0,2,9,7.3,3,2,Low,3480,8,0,0,0.2,361,0,0,0,0,0,0,0,0,0,0,2026-05-26,31,31
U03708,12,26,155.4,51.7,21.4,2026-01-20,33,34,33,33,30,33.33,32.6,1.36,5,5,Medium,0,0,0,9,7,5.9,6,2,Moderate,4690,1,0,0,0.2,-137,0,0,0,0,1,0,0,0,0,0,2026-02-19,30,30
U03709,2,21,153.7,58.8,24.9,2026-04-06,28,30,28,26,31,28.67,28.6,1.74,3,4,Medium,0,0,0,4,3,7.8,5,0,Low,11782,4,0,0,-1.5,129,0,0,1,0,0,0,1,0,0,0,2026-05-04,28,28
U03710,8,19,164.7,49.6,18.3,2026-04-01,27,29,26,26,27,27.33,27.0,1.1,4,5,Medium,0,0,0,3,7,7.3,2,1,Low,10262,7,0,1,0.0,457,1,0,0,0,0,0,0,0,0,0,2026-04-28,27,27
U03711,7,38,153.2,62.0,26.4,2026-08-10,37,36,34,38,35,35.67,36.0,1.41,4,7,Medium,0,0,0,10,7,6.5,4,6,Low,13260,4,0,0,-0.4,211,0,0,0,0,1,0,0,0,0,0,2026-09-16,37,37
U03712,7,32,148.1,48.3,22.0,2026-06-26,27,28,24,21,27,26.33,25.4,2.58,4,5,Light,0,0,0,5,8,4.9,2,6,Moderate,9865,7,0,0,-1.0,323,0,1,0,0,0,0,0,0,0,0,2026-07-24,28,28
U03713,4,23,162.3,55.8,21.2,2026-07-29,26,26,26,28,27,26.0,26.6,0.8,5,4,Heavy,0,1,0,3,8,7.1,8,5,Moderate,2849,10,1,1,-1.9,-12,0,0,0,0,0,0,0,0,0,0,2026-08-24,26,26
U03714,3,29,170.8,89.9,30.8,2026-03-21,34,32,34,35,32,33.33,33.4,1.2,4,4,Medium,1,0,0,3,9,6.0,7,2,Low,4043,10,0,0,-0.8,-204,0,1,0,0,0,0,1,0,0,0,2026-04-26,36,36
U03715,6,39,166.8,57.0,20.5,2026-08-14,24,25,24,26,20,24.33,23.8,2.04,5,7,Medium,0,0,0,3,9,6.6,3,6,Moderate,9314,2,0,0,0.1,367,1,1,0,0,0,0,0,0,0,0,2026-09-03,20,20
U03716,2,36,162.9,73.8,27.8,2026-08-24,29,30,29,31,28,29.33,29.4,1.02,3,5,Light,0,0,1,7,4,8.4,1,0,High,2027,6,0,0,0.5,298,0,0,0,1,0,0,0,1,0,0,2026-09-19,26,26
U03717,9,32,160.4,54.5,21.2,2026-03-01,25,25,29,26,25,26.33,26.0,1.55,6,5,Heavy,0,0,0,1,10,7.5,7,0,Moderate,4098,8,0,0,0.1,-191,0,1,0,0,0,0,0,0,0,0,2026-03-26,25,25
U03718,4,26,155.8,48.5,20.0,2026-06-14,36,34,37,35,35,35.67,35.4,1.02,7,5,Light,0,0,1,5,3,7.7,5,5,Moderate,5400,7,0,0,-0.6,248,0,0,0,1,0,0,0,0,0,0,2026-07-20,36,36
U03719,11,21,153.3,44.7,19.0,2026-02-12,28,27,27,27,28,27.33,27.4,0.49,7,7,Medium,0,0,0,8,2,6.4,7,2,High,5071,1,1,0,-0.7,-699,1,0,0,0,0,0,0,0,0,0,2026-03-11,27,27
U03720,2,27,154.3,60.0,25.2,2026-05-29,33,35,31,32,31,33.0,32.4,1.5,6,3,Light,0,0,0,1,8,5.7,7,4,Moderate,11315,6,0,0,0.4,-91,0,0,1,0,0,0,0,0,0,0,2026-07-01,33,33
U03721,7,24,162.6,77.2,29.2,2026-03-02,31,30,34,31,32,31.67,31.6,1.36,3,5,Medium,0,0,0,10,9,6.5,1,1,Moderate,10754,6,0,0,-0.6,182,0,0,0,0,0,0,0,0,0,0,2026-04-02,31,31
U03722,9,23,167.6,64.6,23.0,2026-08-22,35,37,36,33,36,36.0,35.4,1.36,5,5,Medium,0,0,0,9,3,8.0,2,2,Low,9819,10,1,0,-0.8,-640,1,0,1,0,0,0,0,1,1,0,2026-09-29,38,38
U03723,9,32,157.6,51.9,20.9,2026-08-16,29,28,31,31,24,29.33,28.6,2.58,7,3,Medium,0,0,0,2,8,7.9,8,5,Low,12909,3,1,0,-0.3,-579,0,0,0,0,0,0,0,1,0,0,2026-09-11,26,26
U03724,4,29,166.1,70.6,25.6,2026-08-16,26,26,23,26,28,25.0,25.8,1.6,3,6,Medium,0,0,0,4,1,6.3,5,3,Moderate,12659,4,0,1,-0.4,232,0,0,0,0,0,0,0,0,0,0,2026-09-11,26,26
U03725,2,29,168.2,64.5,22.8,2026-06-23,30,31,32,30,29,31.0,30.4,1.02,3,5,Light,0,1,0,9,1,8.6,1,5,High,12691,5,0,0,-2.1,259,0,1,1,0,0,0,0,1,0,0,2026-07-21,28,28
U03726,11,28,154.0,55.0,23.2,2026-04-13,33,35,34,35,32,34.0,33.8,1.17,4,7,Light,0,0,0,10,10,5.8,2,4,Low,4630,4,0,1,0.3,421,0,0,1,0,0,0,0,0,0,0,2026-05-15,32,32
U03727,4,18,157.9,53.6,21.5,2026-01-11,29,33,28,29,28,30.0,29.4,1.85,7,5,Medium,1,1,0,7,6,6.9,2,4,High,6699,8,0,0,-0.0,-265,1,1,0,0,0,0,0,0,0,0,2026-02-09,29,29
U03728,11,19,145.0,48.4,23.0,2026-03-09,30,31,30,27,31,30.33,29.8,1.47,7,7,Medium,0,0,0,7,1,6.4,2,7,High,5383,10,0,0,0.7,-286,0,0,0,0,0,0,0,0,0,0,2026-04-04,26,26
U03729,7,25,159.3,57.1,22.5,2026-07-05,28,28,30,26,31,28.67,28.6,1.74,6,4,Light,0,0,0,1,9,8.0,8,1,Moderate,4408,1,1,0,-1.5,-462,0,0,0,0,0,0,0,0,0,0,2026-08-02,28,28
U03730,5,40,157.5,61.8,24.9,2026-08-28,32,31,31,31,31,31.33,31.2,0.4,7,3,Medium,0,0,0,1,6,4.5,7,0,Moderate,6625,5,0,1,1.3,-428,0,0,0,0,0,0,0,0,0,0,2026-09-30,33,33
U03731,5,37,165.1,70.1,25.7,2026-04-25,25,25,24,21,27,24.67,24.4,1.96,3,4,Medium,0,0,0,2,5,6.3,5,0,Moderate,4980,1,0,1,1.9,-471,0,0,0,0,0,0,0,0,0,0,2026-05-22,27,27
U03732,2,36,166.3,56.1,20.3,2026-04-27,35,33,35,36,33,34.33,34.4,1.2,7,3,Light,0,0,1,9,8,8.8,4,2,High,7181,8,0,0,3.2,107,0,0,1,1,1,0,0,0,0,0,2026-06-01,35,35
U03733,8,39,162.4,44.3,16.8,2026-06-18,29,32,28,30,29,29.67,29.6,1.36,7,4,Light,0,0,0,4,4,6.0,8,2,Moderate,7846,6,0,1,-0.5,-586,0,0,0,0,0,0,0,0,0,0,2026-07-19,31,31
U03734,5,37,156.7,56.0,22.8,2026-02-26,30,31,31,28,28,30.67,29.6,1.36,6,7,Medium,0,0,0,6,4,5.9,5,7,Moderate,7292,10,0,0,-0.1,-280,0,0,1,0,0,0,0,1,0,0,2026-03-27,29,29
U03735,4,37,169.1,45.8,16.0,2026-08-01,30,29,28,31,30,29.0,29.6,1.02,5,7,Medium,0,0,0,9,2,6.4,4,6,Low,5650,5,0,0,-0.0,-497,0,1,0,0,0,0,0,0,0,0,2026-08-28,27,27
U03736,10,29,165.4,61.0,22.3,2026-08-14,31,32,32,30,32,31.67,31.4,0.8,6,6,Medium,0,0,0,8,3,6.0,9,3,Moderate,7969,9,0,0,-0.9,-51,0,1,0,0,0,0,0,0,0,0,2026-09-11,28,28
U03737,9,21,173.8,71.9,23.8,2026-04-04,33,34,39,31,32,35.33,33.8,2.79,7,7,Medium,0,0,0,4,7,5.6,10,4,Moderate,10098,9,0,0,1.5,-66,0,1,0,0,1,0,0,0,0,0,2026-05-06,32,32
U03738,12,26,171.5,81.5,27.7,2026-02-11,37,35,34,38,35,35.33,35.8,1.47,7,4,Medium,1,0,1,8,6,7.4,8,0,Moderate,8601,2,1,0,0.4,219,0,0,0,1,0,0,0,0,0,0,2026-03-20,37,37
U03739,2,24,160.9,54.4,21.0,2026-02-28,29,28,32,25,29,29.67,28.6,2.24,3,4,Light,0,0,0,2,10,8.3,6,3,Moderate,2377,5,0,1,-0.6,-467,0,0,0,0,0,1,0,0,0,0,2026-03-28,28,28
U03740,6,34,152.8,43.4,18.6,2026-03-03,29,29,31,30,28,29.67,29.4,1.02,5,3,Light,1,0,0,10,5,7.9,10,0,High,10284,2,0,0,0.4,185,0,0,0,0,0,0,0,0,0,0,2026-03-31,28,28
U03741,8,29,145.0,55.3,26.3,2026-02-27,31,31,31,31,30,31.0,30.8,0.4,7,3,Medium,0,0,1,8,5,5.2,5,1,Moderate,8650,8,1,0,3.4,-617,0,0,1,1,0,0,0,0,0,0,2026-03-31,32,32
U03742,6,40,158.2,60.3,24.1,2026-06-02,30,30,28,31,28,29.33,29.4,1.2,3,6,Medium,0,0,0,4,8,7.1,5,1,Low,9754,3,0,0,1.4,105,0,0,0,0,0,0,0,0,0,0,2026-07-01,29,29
U03743,4,24,163.6,60.8,22.7,2026-02-18,33,32,32,33,33,32.33,32.6,0.49,5,5,Heavy,1,0,0,9,2,6.3,2,6,Moderate,5342,6,0,0,1.3,-178,0,0,0,0,0,0,0,0,0,0,2026-03-28,38,38
U03744,8,35,150.1,50.5,22.4,2026-04-14,29,28,25,28,28,27.33,27.6,1.36,6,4,Light,0,0,0,3,9,7.1,6,2,High,4266,10,1,0,0.8,-307,0,0,0,0,0,0,0,1,0,0,2026-05-14,30,30
U03745,2,22,162.2,43.7,16.6,2026-06-24,34,33,35,31,34,34.0,33.4,1.36,6,3,Heavy,1,0,0,10,3,6.0,10,3,High,3278,7,0,0,-0.1,-475,0,0,0,0,0,0,0,0,0,0,2026-07-26,32,32
U03746,10,20,168.5,72.4,25.5,2026-05-08,33,32,32,33,36,32.33,33.2,1.47,6,7,Heavy,0,0,0,9,3,6.4,6,1,Moderate,10471,4,0,1,0.7,-439,1,0,0,0,0,0,0,0,0,0,2026-06-12,35,35
U03747,7,33,169.0,51.7,18.1,2026-08-03,29,30,28,28,28,29.0,28.6,0.8,4,5,Medium,0,1,0,9,4,7.6,4,5,Low,10523,5,0,0,-0.8,-247,0,0,1,0,0,0,0,0,0,1,2026-08-30,27,27
U03748,10,36,159.5,71.7,28.2,2026-02-16,29,28,30,29,29,29.0,29.0,0.63,4,7,Medium,0,0,1,7,3,7.7,2,0,Moderate,9095,2,0,0,1.6,472,0,1,1,1,0,0,0,0,0,0,2026-03-18,30,30
U03749,9,36,169.2,64.7,22.6,2026-02-18,24,26,25,26,25,25.0,25.2,0.75,4,5,Medium,0,0,0,5,9,6.3,2,6,High,3856,2,0,0,-1.0,-640,1,0,0,0,0,0,0,0,0,0,2026-03-10,20,20
U03750,12,28,172.6,47.7,16.0,2026-03-26,30,29,30,31,30,29.67,30.0,0.63,6,7,Medium,0,0,1,6,9,6.9,5,2,Moderate,4836,4,0,0,-0.6,91,0,0,1,1,0,0,0,0,0,0,2026-04-27,32,32
U03751,8,29,156.1,44.6,18.3,2026-08-20,31,29,31,31,32,30.33,30.8,0.98,7,6,Medium,0,0,0,3,8,5.6,9,3,Moderate,4179,8,1,0,0.6,263,0,0,0,0,0,0,0,0,0,0,2026-09-19,30,30
U03752,10,18,168.5,66.7,23.5,2026-01-28,34,34,32,35,35,33.33,34.0,1.1,6,5,Medium,0,0,0,2,3,6.5,10,1,Moderate,5787,3,0,0,-1.1,485,0,0,1,0,0,0,0,0,0,0,2026-03-02,33,33
U03753,4,20,157.5,58.3,23.5,2026-04-29,26,25,24,23,23,25.0,24.2,1.17,3,3,Medium,1,0,0,5,5,7.5,4,4,High,3288,5,0,1,0.2,-625,0,0,0,0,0,0,0,0,0,0,2026-05-25,26,26
U03754,2,23,164.2,68.2,25.3,2026-07-30,29,29,30,30,27,29.33,29.0,1.1,7,6,Medium,0,0,0,4,5,7.3,4,5,Low,4019,7,0,0,-1.0,197,0,0,0,0,0,0,0,0,0,0,2026-08-28,29,29
U03755,9,40,167.2,61.2,21.9,2026-03-17,31,31,30,29,34,30.67,31.0,1.67,5,5,Light,1,0,0,10,4,8.2,9,2,Low,10961,2,0,0,0.1,-454,0,0,0,0,0,0,0,0,0,0,2026-04-19,33,33
U03756,5,38,157.9,54.4,21.8,2026-07-22,30,29,26,28,29,28.33,28.4,1.36,7,4,Medium,0,1,0,8,8,7.6,10,4,Low,5665,5,0,0,-1.7,-214,1,0,1,0,0,0,0,0,0,0,2026-08-23,32,32
U03757,8,39,167.2,54.2,19.4,2026-05-18,33,31,36,34,32,33.33,33.2,1.72,5,4,Light,0,0,0,10,7,5.5,6,3,Moderate,10657,9,0,0,-1.5,-374,0,0,0,0,0,0,0,0,0,0,2026-06-24,37,37
U03758,6,29,169.2,82.2,28.7,2026-02-06,32,32,32,34,31,32.0,32.2,0.98,7,5,Light,0,0,0,10,5,8.3,7,7,Moderate,11981,5,0,0,-0.2,-247,0,0,0,0,0,0,0,0,0,0,2026-03-13,35,35
U03759,5,30,173.5,66.5,22.1,2026-01-14,30,31,31,30,30,30.67,30.4,0.49,7,3,Medium,0,0,1,1,5,6.6,6,0,Moderate,3508,1,0,0,0.4,234,0,0,0,1,0,0,0,0,0,0,2026-02-12,29,29
U03760,3,35,159.5,65.1,25.6,2026-07-23,29,30,28,29,29,29.0,29.0,0.63,7,4,Medium,0,0,0,10,2,8.0,6,6,High,10253,9,0,0,1.2,210,0,0,0,0,0,0,0,0,0,0,2026-08-23,31,31
U03761,7,31,160.1,69.2,27.0,2026-02-06,24,25,28,23,22,25.67,24.4,2.06,5,6,Heavy,1,0,0,7,9,6.1,3,7,Moderate,4091,7,1,0,-0.8,-106,0,0,0,0,0,0,0,0,0,1,2026-03-07,29,29
U03762,2,28,159.8,57.7,22.6,2026-07-12,27,28,27,27,30,27.33,27.8,1.17,7,7,Medium,1,0,0,5,10,8.0,7,1,Moderate,9972,7,0,1,-1.6,-189,0,0,1,0,0,0,0,0,0,0,2026-08-08,27,27
U03763,5,27,167.7,70.0,24.9,2026-08-14,32,31,33,34,30,32.0,32.0,1.41,4,4,Light,0,0,0,2,1,7.2,10,0,High,2250,2,0,0,-0.7,59,0,1,0,0,0,0,0,0,0,0,2026-09-13,30,30
U03764,3,18,159.3,40.6,16.0,2026-04-21,29,28,26,26,28,27.67,27.4,1.2,6,7,Light,0,0,0,2,5,7.2,4,5,Moderate,5208,4,0,0,-1.4,-547,0,0,0,0,1,0,0,0,0,0,2026-05-20,29,29
U03765,3,24,164.5,61.7,22.8,2026-07-21,29,30,26,27,28,28.33,28.0,1.41,7,6,Medium,0,0,0,6,7,7.2,2,3,Low,10330,6,0,0,-0.1,-536,0,0,0,0,0,0,0,0,0,0,2026-08-21,31,31
U03766,7,31,160.6,48.5,18.8,2026-04-20,28,32,28,25,31,29.33,28.8,2.48,5,5,Medium,0,0,0,9,10,6.1,1,0,Moderate,10941,3,0,0,-1.9,334,0,0,0,0,1,0,0,0,0,0,2026-05-21,31,31
U03767,6,21,167.6,66.3,23.6,2026-02-03,35,35,35,38,35,35.0,35.6,1.2,3,6,Medium,0,0,1,7,3,5.9,2,2,High,11401,4,0,0,-1.5,-122,1,0,0,1,0,0,0,0,0,0,2026-03-09,34,34
U03768,9,24,157.2,61.3,24.8,2026-07-24,29,29,29,29,28,29.0,28.8,0.4,6,4,Medium,0,0,0,10,3,6.2,9,4,High,4788,10,1,0,0.2,-699,0,1,1,0,0,0,0,0,0,0,2026-08-24,31,31
U03769,7,36,160.1,59.2,23.1,2026-05-29,27,27,25,27,27,26.33,26.6,0.8,3,6,Light,0,0,0,2,8,4.7,9,4,Moderate,5474,10,0,0,0.5,262,0,0,0,0,0,0,0,0,0,0,2026-06-28,30,30
U03770,4,21,154.7,48.6,20.3,2026-02-14,25,26,24,26,25,25.0,25.2,0.75,7,7,Light,0,1,0,6,2,7.4,9,0,Low,10097,8,0,0,0.8,331,0,0,0,0,0,0,0,0,0,0,2026-03-08,22,22
U03771,9,32,155.0,59.8,24.9,2026-04-26,31,29,30,30,32,30.0,30.4,1.02,3,4,Medium,0,1,0,8,9,8.1,2,2,Low,5851,7,0,0,-0.2,181,0,0,0,0,0,0,0,0,0,0,2026-06-01,36,36
U03772,12,33,162.0,54.8,20.9,2026-03-07,29,28,30,32,30,29.0,29.8,1.33,5,5,Medium,0,0,0,1,5,7.3,10,5,High,12637,7,0,0,-0.1,-410,0,0,0,0,0,0,0,0,0,0,2026-04-04,28,28
U03773,6,33,146.7,51.9,24.1,2026-01-15,32,33,32,32,33,32.33,32.4,0.49,4,5,Medium,0,0,0,6,2,7.8,8,0,Moderate,7191,8,0,0,-0.3,-546,0,0,0,0,0,0,0,0,0,0,2026-02-16,32,32
U03774,9,32,163.8,73.2,27.3,2026-08-18,32,32,33,34,35,32.33,33.2,1.17,5,6,Heavy,0,0,0,4,3,8.3,10,2,High,2581,3,0,1,0.1,425,1,0,0,0,0,0,0,0,0,0,2026-09-20,33,33
U03775,3,37,153.8,52.3,22.1,2026-04-17,27,27,26,28,30,26.67,27.6,1.36,3,4,Heavy,0,0,0,6,4,7.1,4,4,Moderate,5590,1,0,0,0.6,-172,0,0,1,0,0,0,0,0,0,0,2026-05-13,26,26
U03776,2,23,165.8,86.0,31.3,2026-02-07,31,32,33,29,30,32.0,31.0,1.41,6,3,Medium,1,0,0,4,2,6.8,5,5,Low,11017,7,0,1,-2.9,187,0,0,0,0,0,1,0,0,0,0,2026-03-09,30,30
U03777,11,30,164.7,60.8,22.4,2026-06-15,31,32,28,29,31,30.33,30.2,1.47,6,7,Medium,0,0,0,5,6,7.1,4,4,Low,6189,6,0,0,-0.6,261,0,0,1,0,0,0,0,0,0,1,2026-07-21,36,36
U03778,6,19,164.3,64.8,24.0,2026-05-14,28,29,29,28,27,28.67,28.2,0.75,7,3,Medium,0,0,0,2,7,7.1,10,7,Moderate,2980,8,0,0,-0.7,-527,0,0,0,0,0,0,0,0,0,0,2026-06-11,28,28
U03779,2,25,156.8,69.8,28.4,2026-01-26,32,34,30,30,31,32.0,31.4,1.5,6,7,Heavy,0,0,0,7,5,6.4,8,3,Low,3141,7,0,0,0.8,-635,0,0,0,0,1,0,0,0,0,0,2026-02-28,33,33
U03780,3,36,169.6,76.2,26.5,2026-03-18,31,31,31,30,32,31.0,31.0,0.63,5,5,Medium,0,0,0,3,5,6.4,3,2,Low,6447,9,0,0,0.5,424,0,0,0,0,0,0,0,0,0,0,2026-04-14,27,27
U03781,6,38,160.2,64.4,25.1,2026-03-03,33,34,35,33,35,34.0,34.0,0.89,7,3,Medium,1,0,0,9,2,8.5,1,3,Moderate,3233,9,1,0,-2.5,-224,0,1,0,0,0,0,0,0,0,0,2026-04-05,33,33
U03782,2,34,172.3,90.8,30.6,2026-01-14,36,36,35,33,35,35.67,35.0,1.1,4,7,Light,1,0,1,7,9,6.6,1,4,Moderate,3545,4,0,0,1.2,-314,0,1,0,1,0,0,0,0,0,0,2026-02-17,34,34
U03783,11,40,163.7,65.1,24.3,2026-07-20,27,27,24,28,30,26.0,27.2,1.94,7,5,Light,0,0,0,5,10,6.6,6,3,Moderate,10804,1,1,0,-1.0,-252,0,0,0,0,0,0,0,0,0,0,2026-08-13,24,24
U03784,3,20,155.9,56.1,23.1,2026-05-05,30,32,30,29,31,30.67,30.4,1.02,4,6,Medium,0,0,0,4,1,7.4,7,6,High,4192,6,0,0,-0.5,-604,0,0,0,0,0,1,0,0,0,0,2026-06-02,28,28
U03785,4,22,148.0,52.6,24.0,2026-06-17,28,24,30,30,26,27.33,27.6,2.33,5,7,Light,0,0,0,7,9,6.2,3,7,Low,8115,10,0,1,-1.3,113,1,0,0,0,1,0,1,0,0,0,2026-07-17,30,30
U03786,7,35,170.2,58.5,20.2,2026-08-16,30,32,27,32,26,29.67,29.4,2.5,4,3,Heavy,0,0,0,2,7,5.7,3,2,Low,3403,10,0,0,0.2,340,0,0,0,0,0,0,0,1,0,0,2026-09-14,29,29
U03787,12,33,157.6,74.0,29.8,2026-07-09,35,32,35,35,33,34.0,34.0,1.26,4,7,Heavy,0,1,1,3,2,8.1,8,1,Moderate,7346,5,0,0,-0.5,-194,0,0,0,1,0,0,0,0,0,1,2026-08-11,33,33
U03788,9,26,164.1,56.8,21.1,2026-06-05,28,27,25,28,30,26.67,27.6,1.62,7,7,Heavy,0,0,0,6,9,7.6,10,2,Low,2485,4,0,0,0.3,389,0,0,0,0,1,0,0,0,0,0,2026-07-01,26,26
U03789,4,28,167.1,59.8,21.4,2026-07-17,29,27,30,30,29,28.67,29.0,1.1,6,3,Heavy,0,0,0,8,7,6.7,7,0,Low,12447,8,0,0,0.0,-577,1,0,0,0,0,0,0,0,0,0,2026-08-16,30,30
U03790,10,36,158.8,60.5,24.0,2026-07-17,30,28,30,33,29,29.33,30.0,1.67,5,7,Medium,0,0,0,3,3,5.8,10,2,Moderate,2142,4,0,0,1.2,-366,0,0,0,0,0,0,0,0,0,0,2026-08-19,33,33
U03791,7,35,172.3,57.3,19.3,2026-02-09,29,31,28,29,31,29.33,29.6,1.2,3,4,Medium,0,0,1,10,6,5.1,5,7,Low,12862,1,0,0,-1.8,-272,0,0,0,1,0,0,0,0,0,0,2026-03-10,29,29
U03792,8,37,153.2,55.9,23.8,2026-07-06,28,26,27,25,28,27.0,26.8,1.17,5,7,Medium,0,1,0,6,8,8.6,5,4,High,9428,1,0,0,0.8,-319,0,0,1,0,0,0,0,0,0,0,2026-08-02,27,27
U03793,4,19,157.2,49.2,19.9,2026-02-15,28,29,30,26,28,29.0,28.2,1.33,5,5,Medium,0,0,0,10,5,6.5,9,2,Moderate,12782,5,0,0,-1.1,-550,0,0,0,0,0,0,0,0,0,0,2026-03-17,30,30
U03794,5,21,156.1,61.6,25.3,2026-05-28,27,26,26,27,28,26.33,26.8,0.75,5,5,Heavy,0,0,0,2,3,8.3,4,3,Low,5278,9,0,0,-0.0,163,0,0,0,0,0,0,0,0,0,0,2026-06-25,28,28
U03795,7,25,154.5,38.4,16.1,2026-03-11,30,33,25,28,31,29.33,29.4,2.73,4,4,Heavy,1,0,1,4,9,6.7,7,0,Moderate,6619,10,0,0,-0.4,-89,0,0,1,1,0,0,0,1,0,0,2026-04-10,30,30
U03796,10,29,147.1,35.3,16.3,2026-04-16,31,31,36,30,28,32.67,31.2,2.64,4,4,Medium,0,0,1,10,8,5.3,4,3,Low,11490,3,0,0,-0.6,135,0,1,1,1,0,0,1,0,0,0,2026-05-22,36,36
U03797,6,20,156.9,61.8,25.1,2026-02-05,30,29,29,30,29,29.33,29.4,0.49,6,4,Medium,0,0,0,7,1,7.4,9,4,Moderate,2891,3,0,0,1.4,114,0,0,0,0,0,0,0,0,0,0,2026-03-09,32,32
U03798,12,35,155.5,52.7,21.8,2026-02-25,32,33,33,29,33,32.67,32.0,1.55,5,3,Medium,1,0,0,8,1,6.3,6,1,Low,3647,1,1,0,0.2,342,0,0,0,0,0,0,0,1,0,0,2026-03-31,34,34
U03799,9,28,165.7,56.6,20.6,2026-08-06,28,26,28,29,27,27.33,27.6,1.02,7,7,Light,0,0,0,6,8,4.9,9,5,Moderate,5180,10,0,0,-0.9,436,0,1,0,0,0,0,0,0,0,0,2026-09-06,31,31
U03800,3,40,157.5,53.6,21.6,2026-03-07,37,40,35,37,39,37.33,37.6,1.74,3,4,Light,0,0,1,9,7,5.3,6,6,Moderate,2515,2,0,1,-0.3,-686,0,0,1,1,0,0,0,0,0,0,2026-04-15,39,39
U03801,3,39,157.6,67.8,27.3,2026-05-14,29,31,32,31,27,30.67,30.0,1.79,6,6,Medium,0,0,0,6,8,7.3,3,1,Low,5344,6,0,1,-0.2,233,0,0,0,0,0,0,0,1,0,0,2026-06-16,33,33
U03802,8,33,150.7,58.1,25.6,2026-07-30,32,33,32,27,32,32.33,31.2,2.14,4,5,Light,0,0,0,7,7,8.4,2,6,Moderate,10246,10,0,0,0.7,186,0,0,1,0,0,0,0,0,0,0,2026-08-31,32,32
U03803,12,37,164.5,52.5,19.4,2026-06-09,36,35,35,36,38,35.33,36.0,1.1,4,4,Heavy,0,0,1,8,7,7.5,7,2,Low,11690,10,0,0,-2.1,-582,0,0,0,1,0,0,0,0,0,0,2026-07-15,36,36
U03804,3,33,147.8,45.9,21.0,2026-08-04,28,26,29,27,29,27.67,27.8,1.17,5,7,Medium,0,0,1,4,2,8.3,9,2,Moderate,6166,7,0,0,-0.1,-348,0,0,0,1,0,0,0,1,0,0,2026-09-03,30,30
U03805,2,20,158.6,65.4,26.0,2026-04-03,33,32,33,33,30,32.67,32.2,1.17,5,6,Light,0,0,1,8,10,7.7,7,2,Low,13937,7,0,0,0.6,-519,0,0,0,1,0,0,0,0,0,0,2026-05-10,37,37
U03806,12,39,166.7,65.6,23.6,2026-06-28,28,24,27,28,26,26.33,26.6,1.5,4,6,Medium,0,0,0,6,6,7.6,9,5,Moderate,5700,6,0,0,-0.7,-51,0,0,0,0,1,0,0,0,0,0,2026-07-28,30,30
U03807,12,33,162.5,69.2,26.2,2026-05-27,30,31,28,31,31,29.67,30.2,1.17,5,4,Medium,0,0,0,5,9,6.2,10,5,High,10445,1,0,0,1.6,-538,0,0,0,0,0,0,0,0,1,0,2026-06-25,29,29
U03808,10,20,153.2,38.7,16.5,2026-02-05,26,22,26,27,26,24.67,25.4,1.74,3,5,Light,0,0,0,6,6,7.9,1,3,Moderate,8883,9,0,0,-0.2,-242,0,0,0,0,0,0,0,0,0,0,2026-03-04,27,27
U03809,7,31,167.5,75.5,26.9,2026-02-27,28,28,26,26,26,27.33,26.8,0.98,5,6,Medium,1,0,0,8,9,8.1,8,4,Moderate,12232,6,1,0,-1.9,71,0,0,0,0,0,0,0,1,0,0,2026-03-28,29,29
U03810,5,32,162.6,53.7,20.3,2026-02-07,28,31,31,25,27,30.0,28.4,2.33,6,6,Medium,0,0,0,2,2,6.6,3,2,Moderate,7767,9,1,0,-0.3,321,0,1,0,0,0,0,0,1,0,0,2026-03-04,25,25
U03811,10,26,157.8,50.5,20.3,2026-05-01,29,32,31,28,27,30.67,29.4,1.85,5,7,Medium,0,0,0,1,3,5.7,4,7,Low,3641,4,0,0,0.2,55,1,1,0,0,1,0,0,0,0,0,2026-05-31,30,30
U03812,11,34,163.5,62.6,23.4,2026-01-25,25,22,25,25,24,24.0,24.2,1.17,3,7,Medium,0,0,0,7,9,6.6,3,0,Low,3286,2,0,1,-0.7,-626,0,1,0,0,0,0,0,0,0,0,2026-02-20,26,26
U03813,2,36,156.9,56.4,22.9,2026-07-11,32,31,32,30,29,31.67,30.8,1.17,3,5,Medium,0,0,0,10,8,6.9,1,3,Low,12274,9,0,0,1.1,458,0,0,0,0,1,0,0,0,0,0,2026-08-14,34,34
U03814,8,26,161.9,66.6,25.4,2026-05-14,37,40,37,35,36,38.0,37.0,1.67,6,3,Medium,0,0,0,3,5,5.1,5,1,Low,3634,3,0,0,0.8,226,1,0,1,0,1,0,0,1,0,0,2026-06-20,37,37
U03815,6,29,167.5,53.0,18.9,2026-06-30,29,27,30,27,28,28.67,28.2,1.17,6,7,Heavy,0,0,0,9,2,6.6,6,0,Low,4647,2,1,0,-0.2,-244,0,0,0,0,0,0,0,0,0,0,2026-08-01,32,32
U03816,8,31,166.3,49.2,17.8,2026-07-27,26,25,22,27,26,24.33,25.2,1.72,3,3,Light,0,0,0,7,2,7.8,8,6,Low,5192,3,1,0,1.9,-163,1,0,0,0,0,0,0,0,0,0,2026-08-22,26,26
U03817,3,32,148.8,48.9,22.1,2026-04-04,29,29,26,25,29,28.0,27.6,1.74,6,6,Light,0,0,0,1,3,6.4,1,1,Moderate,8678,1,0,0,-0.3,106,0,0,1,0,0,0,0,0,0,0,2026-05-03,29,29
U03818,12,28,162.6,81.7,30.9,2026-08-20,28,28,29,30,28,28.33,28.6,0.8,3,3,Light,0,0,0,9,4,6.9,5,6,Moderate,11088,8,0,0,0.3,-144,0,0,1,0,0,0,0,0,0,0,2026-09-18,29,29
U03819,2,30,151.0,53.1,23.3,2026-02-10,28,27,28,28,27,27.67,27.6,0.49,7,6,Heavy,0,0,1,5,9,8.6,7,0,Moderate,5126,4,0,1,1.3,-559,0,1,1,1,0,0,0,0,0,0,2026-03-09,27,27
U03820,12,19,162.8,62.3,23.5,2026-04-19,26,27,25,24,22,26.0,24.8,1.72,3,4,Heavy,0,0,0,5,9,6.6,7,6,Low,10398,8,0,0,-0.6,21,1,1,0,0,0,0,0,0,0,1,2026-05-15,26,26
U03821,3,27,164.9,48.9,18.0,2026-08-02,26,25,27,25,27,26.0,26.0,0.89,3,4,Medium,0,0,0,5,7,7.1,10,3,Moderate,6148,2,0,0,0.1,13,0,0,0,0,0,0,0,0,0,0,2026-08-28,26,26
U03822,12,26,163.0,53.4,20.1,2026-02-20,32,32,32,29,32,32.0,31.4,1.2,3,7,Heavy,0,0,0,10,4,8.5,1,0,Moderate,9507,1,0,0,0.8,-436,1,0,0,0,0,0,0,0,0,0,2026-03-27,35,35
U03823,4,24,164.8,43.5,16.0,2026-07-28,35,36,34,36,37,35.0,35.6,1.02,7,7,Heavy,0,0,1,4,10,6.6,8,5,Low,4436,2,0,0,-1.3,179,0,1,0,1,0,0,0,0,0,0,2026-08-30,33,33
U03824,3,18,159.4,69.4,27.3,2026-01-16,26,27,27,26,25,26.67,26.2,0.75,7,4,Medium,0,0,0,6,9,7.0,2,1,Moderate,7493,5,1,0,1.0,83,0,0,0,0,0,0,0,0,0,0,2026-02-09,24,24
U03825,6,35,155.4,76.8,31.8,2026-07-20,32,32,32,32,32,32.0,32.0,0.0,5,3,Medium,0,0,0,5,3,5.3,10,4,High,8981,5,0,0,0.1,-173,0,0,1,0,0,0,0,0,0,0,2026-08-22,33,33
U03826,2,34,164.1,62.2,23.1,2026-05-29,30,29,29,29,31,29.33,29.6,0.8,4,4,Light,0,0,0,6,5,6.9,3,1,Moderate,3349,6,0,0,-2.8,269,0,0,0,0,0,0,0,1,0,0,2026-06-29,31,31
U03827,12,35,167.0,53.3,19.1,2026-06-05,29,31,30,31,29,30.0,30.0,0.89,5,4,Light,0,0,0,2,7,8.0,2,5,Moderate,11175,7,0,0,-0.5,310,0,0,0,0,0,0,0,0,0,0,2026-06-30,25,25
U03828,6,38,161.3,67.9,26.1,2026-02-25,29,29,30,32,27,29.33,29.4,1.62,4,6,Medium,0,0,0,7,5,7.2,5,2,Moderate,4262,8,0,0,-0.2,64,0,1,0,0,0,0,0,1,0,0,2026-03-28,31,31
U03829,9,38,156.7,39.3,16.0,2026-04-15,33,32,33,32,32,32.67,32.4,0.49,4,4,Medium,0,0,0,4,3,6.6,8,5,Moderate,11436,3,0,0,1.5,275,0,0,0,0,0,0,0,0,0,0,2026-05-21,36,36
U03830,4,22,159.2,62.1,24.5,2026-07-26,27,25,28,29,28,26.67,27.4,1.36,6,4,Medium,0,0,0,5,3,7.5,9,7,Low,13590,9,0,0,-0.9,-274,0,0,0,0,0,0,0,0,0,0,2026-08-18,23,23
U03831,8,34,156.4,52.3,21.4,2026-03-16,28,29,27,27,26,28.0,27.4,1.02,3,7,Light,0,0,0,8,6,5.4,1,6,Moderate,3728,1,0,0,-0.8,344,0,0,0,0,0,0,0,0,0,0,2026-04-13,28,28
U03832,5,38,162.2,56.3,21.4,2026-02-24,31,32,30,30,32,31.0,31.0,0.89,5,7,Medium,0,0,0,1,6,6.6,10,0,High,13918,8,0,0,-0.1,-300,0,0,1,0,0,0,0,0,0,0,2026-03-28,32,32
U03833,5,31,160.0,45.3,17.7,2026-04-17,28,29,28,30,29,28.33,28.8,0.75,5,7,Medium,0,0,0,4,4,6.1,1,1,Moderate,11456,1,0,0,-1.4,-192,0,0,0,0,0,0,0,0,0,0,2026-05-14,27,27
U03834,5,23,162.5,59.2,22.4,2026-06-13,31,30,33,32,32,31.33,31.6,1.02,6,6,Medium,0,0,0,6,6,6.9,7,5,Low,6115,3,0,0,-0.9,136,0,1,0,0,0,0,0,0,0,0,2026-07-16,33,33
U03835,8,26,156.1,49.7,20.4,2026-01-30,30,33,28,30,32,30.33,30.6,1.74,6,7,Heavy,0,0,0,3,6,5.9,2,1,Moderate,11988,5,0,0,-0.5,472,0,0,0,0,0,0,0,0,0,0,2026-02-28,29,29
U03836,9,18,165.5,66.6,24.3,2026-05-09,27,28,26,28,29,27.0,27.6,1.02,7,6,Medium,0,0,0,5,5,6.4,8,2,High,12072,2,0,0,-0.5,-551,0,0,0,0,0,0,1,0,0,0,2026-06-03,25,25
U03837,11,37,155.3,48.5,20.1,2026-07-03,28,26,32,30,33,28.67,29.8,2.56,3,3,Heavy,0,0,1,7,7,7.6,2,2,Moderate,10836,4,0,0,0.5,-244,0,0,0,1,0,0,0,0,0,0,2026-08-02,30,30
U03838,2,25,147.5,37.9,17.4,2026-01-26,27,26,29,28,25,27.33,27.0,1.41,4,5,Medium,0,0,0,4,6,6.2,5,2,Moderate,7993,4,0,0,-0.7,-467,1,0,0,0,0,0,0,0,1,0,2026-02-23,28,28
U03839,2,19,159.4,58.4,23.0,2026-01-23,31,28,30,32,35,29.67,31.2,2.32,3,6,Light,0,0,0,7,2,8.9,1,2,High,13023,7,0,0,0.7,-283,1,0,0,0,1,0,0,0,0,1,2026-02-20,28,28
U03840,12,28,160.2,61.3,23.9,2026-04-18,27,31,28,29,29,28.67,28.8,1.33,6,7,Heavy,0,0,0,6,5,7.0,2,3,High,7679,3,1,1,0.6,-113,0,0,0,0,0,0,0,0,0,0,2026-05-14,26,26
U03841,12,32,152.9,57.5,24.6,2026-03-09,35,35,33,36,33,34.33,34.4,1.2,7,4,Medium,0,0,1,10,4,7.0,10,4,Moderate,9853,2,0,0,1.0,-60,0,0,0,1,0,0,0,0,0,1,2026-04-14,36,36
U03842,3,37,160.9,61.4,23.7,2026-03-28,29,29,30,26,28,29.33,28.4,1.36,7,3,Heavy,0,0,0,2,4,7.7,4,4,Low,4870,6,0,0,-0.3,-624,0,1,0,0,0,0,0,0,0,0,2026-04-24,27,27
U03843,2,21,159.8,55.7,21.8,2026-02-08,27,27,27,26,27,27.0,26.8,0.4,7,3,Medium,0,0,0,3,7,6.5,6,4,High,2051,9,0,0,-0.3,172,0,0,0,0,0,0,0,0,0,0,2026-03-08,28,28
U03844,3,31,156.4,48.9,20.0,2026-04-10,27,29,26,27,26,27.33,27.0,1.1,3,3,Light,0,0,0,4,8,7.2,6,7,Moderate,6873,1,0,1,-0.6,269,0,0,0,0,0,0,0,1,0,0,2026-05-07,27,27
U03845,6,28,153.0,53.1,22.7,2026-04-06,29,30,28,29,31,29.0,29.4,1.02,3,5,Heavy,0,0,0,4,10,6.0,9,7,Moderate,11671,8,0,1,-0.2,416,0,0,1,0,0,0,0,0,0,0,2026-05-03,27,27
U03846,11,19,160.3,45.7,17.8,2026-05-02,32,33,29,30,28,31.33,30.4,1.85,7,5,Medium,0,0,0,6,7,7.3,6,5,High,3451,10,0,0,1.4,38,0,0,1,0,0,0,0,0,0,0,2026-06-05,34,34
U03847,7,33,162.9,50.7,19.1,2026-08-02,27,33,28,28,29,29.33,29.0,2.1,7,7,Medium,0,0,0,3,4,9.9,1,1,Low,6794,10,1,0,1.1,-591,0,1,0,0,0,0,0,0,0,1,2026-08-28,26,26
U03848,8,22,161.1,52.4,20.2,2026-07-13,29,26,31,27,28,28.67,28.2,1.72,6,6,Medium,0,0,0,4,9,6.8,3,0,Low,12184,6,0,0,0.1,-311,1,0,0,0,0,0,0,0,0,0,2026-08-10,28,28
U03849,7,24,165.7,59.3,21.6,2026-07-29,29,28,28,31,29,28.33,29.0,1.1,7,5,Medium,0,0,0,10,5,7.0,6,7,High,11322,10,0,0,-0.6,439,0,0,0,0,0,0,0,0,0,0,2026-08-26,28,28
U03850,4,34,168.0,56.2,19.9,2026-01-04,29,30,30,32,31,29.67,30.4,1.02,5,6,Medium,0,0,1,5,8,6.7,5,3,Low,4316,9,0,1,4.1,289,1,0,0,1,0,0,0,0,0,0,2026-02-04,31,31
U03851,7,34,164.6,64.8,23.9,2026-01-05,26,27,27,29,24,26.67,26.6,1.62,6,3,Medium,0,0,0,5,4,9.7,4,6,Moderate,6476,4,0,0,-0.4,-235,0,0,0,0,1,0,0,0,0,0,2026-02-01,27,27
U03852,12,29,164.0,59.4,22.1,2026-08-11,28,30,27,27,28,28.33,28.0,1.1,6,5,Medium,0,0,0,7,5,6.6,8,2,Moderate,13455,7,0,0,-1.1,498,1,0,1,0,0,0,0,0,0,0,2026-09-09,29,29
U03853,11,31,145.0,36.2,17.2,2026-03-10,28,25,29,26,27,27.33,27.0,1.41,5,4,Medium,0,0,0,1,5,7.2,1,3,Low,7444,10,0,1,0.4,-636,0,1,0,0,0,0,1,0,0,0,2026-04-05,26,26
U03854,9,31,172.5,54.2,18.2,2026-02-18,27,26,24,25,25,25.67,25.4,1.02,3,4,Medium,0,0,0,10,10,8.0,3,4,Low,6351,5,0,0,0.3,-114,1,0,0,0,0,0,0,0,0,0,2026-03-19,29,29
U03855,6,38,164.4,56.8,21.0,2026-06-18,30,34,29,27,31,31.0,30.2,2.32,7,5,Light,1,0,0,6,10,6.2,7,2,Low,10680,10,0,0,-0.6,-437,0,0,0,0,0,0,0,0,0,0,2026-07-17,29,29
U03856,12,21,155.2,58.0,24.1,2026-02-25,28,31,28,30,30,29.0,29.4,1.2,3,7,Medium,0,0,0,5,1,6.7,9,7,Moderate,12400,1,0,1,-1.1,-112,0,1,0,0,0,0,0,0,0,0,2026-03-24,27,27
U03857,2,18,153.8,45.7,19.3,2026-07-20,30,33,31,31,32,31.33,31.4,1.02,5,3,Light,0,0,0,2,9,7.0,7,1,Moderate,3121,9,0,0,1.6,276,0,0,0,0,0,0,0,0,0,1,2026-08-17,28,28
U03858,2,31,165.2,49.7,18.2,2026-04-16,32,30,32,32,32,31.33,31.6,0.8,3,6,Light,0,1,0,9,5,6.3,6,5,High,7168,6,0,0,-0.1,-559,1,0,0,0,0,0,0,0,0,0,2026-05-17,31,31
U03859,8,25,155.4,49.5,20.5,2026-01-23,29,33,31,29,31,31.0,30.6,1.5,4,4,Light,1,0,0,6,6,7.8,9,4,Moderate,5592,2,0,0,0.7,323,0,0,0,0,0,0,0,0,0,0,2026-02-22,30,30
U03860,6,25,170.5,71.5,24.6,2026-05-31,33,35,31,33,35,33.0,33.4,1.5,3,7,Medium,0,0,0,10,5,6.7,1,3,Moderate,7209,10,0,0,-2.2,-313,0,1,0,0,0,0,0,0,0,0,2026-07-05,35,35
U03861,6,33,147.0,62.7,29.0,2026-08-11,32,33,32,34,31,32.33,32.4,1.02,7,4,Medium,0,1,0,8,1,6.2,6,4,Moderate,6769,1,0,0,-0.1,-266,0,0,0,0,0,0,0,1,0,0,2026-09-14,34,34
U03862,8,19,162.3,44.3,16.8,2026-02-01,27,25,30,25,26,27.33,26.6,1.85,6,3,Heavy,1,0,0,8,8,8.7,5,5,High,4980,6,0,0,-0.1,-111,1,0,0,0,0,0,1,0,0,0,2026-03-02,29,29
U03863,6,29,149.3,51.0,22.9,2026-01-02,26,26,25,28,26,25.67,26.2,0.98,3,6,Light,0,1,0,2,10,4.9,9,4,Low,6587,9,0,0,0.7,135,0,0,0,0,0,0,0,0,0,0,2026-01-28,26,26
U03864,12,26,156.0,70.6,29.0,2026-08-16,28,26,28,30,28,27.33,28.0,1.26,5,3,Heavy,0,0,0,4,7,6.4,6,4,High,3164,3,0,0,-0.2,-413,0,0,0,0,0,0,0,0,0,0,2026-09-12,27,27
U03865,2,37,151.8,50.7,22.0,2026-08-15,27,26,27,24,27,26.67,26.2,1.17,6,6,Medium,0,0,0,5,9,6.0,7,7,High,6177,1,0,1,1.5,353,0,1,1,0,0,0,0,0,0,0,2026-09-11,27,27
U03866,12,31,161.3,52.3,20.1,2026-08-09,36,37,37,38,34,36.67,36.4,1.36,7,6,Medium,0,0,1,3,1,7.1,3,6,Low,6268,3,0,0,0.7,139,0,1,1,1,0,0,0,0,0,0,2026-09-17,39,39
U03867,11,39,156.8,60.2,24.5,2026-06-11,25,24,25,24,28,24.67,25.2,1.47,5,7,Heavy,0,0,0,8,9,9.1,10,7,Moderate,5643,6,1,1,-1.1,445,0,0,0,0,0,0,0,0,0,0,2026-07-10,29,29
U03868,6,31,166.1,49.9,18.1,2026-05-27,31,31,30,33,33,30.67,31.6,1.2,4,3,Heavy,0,0,0,2,1,5.2,10,4,Low,11382,10,0,0,-1.1,30,0,0,0,0,0,0,0,0,0,0,2026-06-24,28,28
U03869,5,18,154.9,54.7,22.8,2026-03-30,30,33,32,30,27,31.67,30.4,2.06,5,3,Medium,0,0,0,2,3,6.3,3,5,Moderate,3243,1,0,0,-0.2,-389,0,0,0,0,0,0,0,0,0,0,2026-04-29,30,30
U03870,4,25,165.9,58.9,21.4,2026-02-14,32,32,32,32,32,32.0,32.0,0.0,4,5,Medium,0,0,0,10,4,4.9,3,5,Low,7854,2,1,0,-0.8,-303,0,0,0,0,0,0,0,0,0,0,2026-03-20,34,34
U03871,10,29,164.2,59.9,22.2,2026-01-25,29,30,29,31,32,29.33,30.2,1.17,7,5,Medium,0,0,0,9,3,8.4,3,3,Low,4919,8,0,1,0.9,348,0,0,0,0,0,0,0,0,0,1,2026-02-24,30,30
U03872,5,28,157.2,61.8,25.0,2026-01-07,33,34,34,33,31,33.67,33.0,1.1,3,7,Medium,0,0,0,10,2,6.1,3,4,High,8375,5,0,0,-2.2,-97,0,0,1,0,0,0,1,1,0,0,2026-02-10,34,34
U03873,10,19,157.4,58.7,23.7,2026-07-10,27,27,27,26,27,27.0,26.8,0.4,4,5,Light,0,0,0,7,8,8.8,8,4,Moderate,7134,2,0,0,-0.2,349,0,0,1,0,0,0,0,0,0,0,2026-08-05,26,26
U03874,12,25,153.2,46.5,19.8,2026-02-08,30,30,29,27,28,29.67,28.8,1.17,3,7,Medium,1,0,0,5,3,8.0,4,2,Low,10296,7,0,0,-0.2,-629,0,0,0,0,0,0,0,0,0,1,2026-03-09,29,29
U03875,4,22,151.3,53.8,23.5,2026-08-27,31,28,29,29,32,29.33,29.8,1.47,6,3,Medium,0,1,0,2,7,7.5,6,7,Low,9329,4,0,0,1.7,-653,1,0,0,0,0,0,0,0,0,0,2026-09-24,28,28
U03876,8,28,152.8,59.8,25.6,2026-02-17,29,28,25,27,27,27.33,27.2,1.33,7,4,Heavy,0,0,0,3,8,6.5,2,1,Low,8637,3,0,0,0.5,-405,0,0,0,0,1,0,0,0,0,0,2026-03-18,29,29
U03877,12,26,155.4,52.4,21.7,2026-01-12,28,30,28,28,29,28.67,28.6,0.8,4,3,Medium,0,0,0,8,5,8.1,3,4,Low,5369,5,0,0,-1.5,-216,0,0,0,0,0,0,0,0,0,0,2026-02-12,31,31
U03878,4,36,173.0,93.1,31.1,2026-07-08,28,25,25,28,27,26.0,26.6,1.36,3,5,Light,0,0,0,8,9,5.9,5,4,Low,9232,1,0,1,1.7,-688,0,0,1,0,0,0,0,0,0,0,2026-08-08,31,31
U03879,11,32,159.4,54.4,21.4,2026-06-13,28,28,27,27,25,27.67,27.0,1.1,5,6,Medium,0,0,0,7,7,4.1,9,1,Low,5450,1,0,0,0.5,-338,0,0,0,0,0,0,0,1,0,0,2026-07-13,30,30
U03880,10,32,168.5,82.3,29.0,2026-05-08,29,32,31,29,26,30.67,29.4,2.06,3,6,Medium,0,0,0,5,4,9.2,6,7,Low,2513,2,0,0,-0.2,-177,0,0,0,0,0,0,0,0,0,0,2026-06-08,31,31
U03881,4,33,161.5,54.3,20.8,2026-03-01,31,31,31,30,28,31.0,30.2,1.17,6,3,Light,0,0,0,3,5,6.3,6,3,Moderate,5389,4,0,0,0.3,-45,0,0,0,0,0,0,0,0,0,0,2026-03-30,29,29
U03882,9,28,157.1,49.1,19.9,2026-02-13,29,29,34,29,29,30.67,30.0,2.0,7,4,Light,0,0,0,9,6,6.2,5,3,Moderate,7546,6,0,1,-0.4,67,0,0,0,0,0,0,0,0,0,0,2026-03-14,29,29
U03883,10,25,149.9,53.3,23.7,2026-01-12,27,25,27,28,26,26.33,26.6,1.02,6,3,Heavy,0,0,0,6,9,4.5,3,0,Low,7219,10,0,1,1.2,-16,1,0,1,0,0,0,1,0,0,0,2026-02-09,28,28
U03884,4,22,166.6,61.3,22.1,2026-01-30,28,26,27,27,29,27.0,27.4,1.02,4,7,Light,0,0,0,1,8,7.0,5,5,Low,3265,5,0,0,0.7,361,0,1,0,0,0,0,0,0,0,0,2026-02-26,27,27
U03885,10,26,160.8,49.9,19.3,2026-04-30,30,34,32,29,30,32.0,31.0,1.79,5,6,Medium,0,0,0,2,3,7.2,10,0,Moderate,13736,9,0,0,-0.4,415,0,0,0,0,0,0,0,1,0,0,2026-05-29,29,29
U03886,10,23,172.8,57.0,19.1,2026-06-28,34,35,36,40,34,35.0,35.8,2.23,5,4,Light,0,0,1,7,2,7.5,8,3,Moderate,7042,10,0,0,2.3,-311,0,0,1,1,0,0,0,0,0,0,2026-08-02,35,35
U03887,6,27,172.7,71.9,24.1,2026-01-05,24,27,24,23,28,25.0,25.2,1.94,4,3,Medium,1,1,0,4,1,7.8,8,0,Moderate,11043,9,0,0,-0.4,-349,0,0,0,0,0,0,0,0,0,0,2026-01-29,24,24
U03888,11,35,157.1,68.4,27.7,2026-06-29,28,26,29,27,31,27.67,28.2,1.72,5,5,Medium,0,0,0,7,1,6.9,6,3,High,7834,10,0,0,-1.7,-51,1,0,0,0,0,0,0,0,0,0,2026-07-26,27,27
U03889,3,39,152.9,57.7,24.7,2026-05-06,30,30,31,32,29,30.33,30.4,1.02,7,3,Medium,1,1,0,3,1,7.8,5,4,Low,13698,9,0,0,-0.1,461,0,1,0,0,0,0,0,0,0,0,2026-06-05,30,30
U03890,11,24,157.0,63.8,25.9,2026-06-13,28,29,29,27,27,28.67,28.0,0.89,6,6,Heavy,0,0,0,8,4,6.9,6,0,High,3676,9,0,0,0.9,-36,0,0,0,0,0,0,0,0,0,0,2026-07-10,27,27
U03891,10,26,164.9,66.3,24.4,2026-08-16,32,35,34,31,33,33.67,33.0,1.41,5,3,Heavy,0,0,0,9,2,6.9,1,0,Low,7271,5,0,0,-0.1,-597,0,0,1,0,0,0,0,0,0,0,2026-09-19,34,34
U03892,10,34,152.0,42.3,18.3,2026-05-12,29,29,28,28,31,28.67,29.0,1.1,4,4,Medium,0,0,0,6,4,8.0,10,0,Low,9004,6,1,0,1.7,-497,0,0,0,0,1,0,0,0,0,0,2026-06-10,29,29
U03893,9,38,165.1,65.1,23.9,2026-07-18,34,37,33,36,35,34.67,35.0,1.41,3,5,Heavy,0,0,0,9,9,6.9,9,7,Moderate,12360,6,0,0,-1.2,352,0,0,0,0,0,0,0,0,1,0,2026-08-18,31,31
U03894,10,21,151.5,41.1,17.9,2026-04-26,32,27,32,34,32,30.33,31.4,2.33,7,6,Medium,0,0,0,7,6,6.5,1,7,High,7902,5,0,0,-1.3,368,1,0,1,0,0,0,1,0,0,0,2026-05-29,33,33
U03895,11,28,152.6,37.3,16.0,2026-05-05,35,36,36,31,36,35.67,34.8,1.94,3,4,Heavy,0,0,0,10,7,6.7,6,6,Moderate,2391,8,1,0,0.1,-510,0,0,0,0,0,0,0,1,1,0,2026-06-09,35,35
U03896,2,21,147.1,62.3,28.8,2026-01-14,28,24,28,27,26,26.67,26.6,1.5,5,4,Medium,0,0,0,7,3,8.8,10,5,Moderate,2790,4,0,1,1.9,120,0,0,1,0,0,0,0,0,0,0,2026-02-11,28,28
U03897,9,25,168.3,67.4,23.8,2026-03-18,30,29,29,31,31,29.33,30.0,0.89,4,7,Light,0,0,1,2,2,7.9,9,3,Moderate,4147,7,0,0,-0.5,-100,0,0,0,1,1,0,0,0,0,0,2026-04-19,32,32
U03898,10,37,165.9,83.7,30.4,2026-06-18,26,25,25,25,26,25.33,25.4,0.49,6,5,Medium,0,0,0,1,3,6.7,3,3,Moderate,2896,8,0,0,0.1,1,1,0,0,0,0,0,0,1,0,0,2026-07-12,24,24
U03899,7,27,157.3,45.5,18.4,2026-01-19,30,30,30,28,28,30.0,29.2,0.98,6,5,Light,0,0,0,9,3,10.0,3,0,Moderate,10478,5,0,0,-0.9,-653,0,0,0,0,0,0,0,0,0,0,2026-02-19,31,31
U03900,2,33,157.9,56.6,22.7,2026-05-25,29,32,28,28,31,29.67,29.6,1.62,3,6,Heavy,0,0,0,1,8,5.5,10,4,High,6670,4,0,0,0.2,95,1,0,0,0,0,0,0,0,0,0,2026-06-24,30,30
U03901,6,29,167.0,66.1,23.7,2026-03-25,28,30,25,27,27,27.67,27.4,1.62,4,5,Heavy,0,0,0,3,5,6.5,5,4,Low,2556,9,0,0,1.0,-453,0,0,0,0,0,0,0,0,0,0,2026-04-23,29,29
U03902,3,21,153.0,41.0,17.5,2026-03-14,32,35,33,30,33,33.33,32.6,1.62,7,6,Medium,0,0,0,1,8,6.8,2,1,Moderate,10608,8,0,0,0.7,-543,1,0,1,0,0,0,0,0,1,0,2026-04-15,32,32
U03903,3,30,152.8,63.3,27.1,2026-03-14,28,25,28,26,31,27.0,27.6,2.06,4,5,Medium,0,0,1,10,3,7.6,7,3,High,9687,7,0,0,-1.1,380,0,0,0,1,0,0,0,0,0,1,2026-04-12,29,29
U03904,3,38,151.6,38.2,16.6,2026-05-30,28,31,32,28,29,30.33,29.6,1.62,6,7,Heavy,0,0,0,6,8,5.9,3,0,Moderate,13984,5,0,0,0.4,-129,0,0,0,0,0,0,0,0,0,0,2026-06-27,28,28
U03905,2,37,158.1,59.2,23.7,2026-05-02,29,29,24,31,26,27.33,27.8,2.48,5,7,Medium,0,0,0,10,8,7.0,6,7,High,9459,10,0,0,-0.3,351,1,0,1,0,0,0,0,0,0,0,2026-06-01,30,30
U03906,6,37,165.9,44.0,16.0,2026-07-16,26,22,27,26,26,25.0,25.4,1.74,7,7,Heavy,0,0,0,6,6,6.1,1,3,High,12394,4,0,0,0.6,240,1,0,1,0,0,0,0,0,0,0,2026-08-13,28,28
U03907,8,22,157.0,56.2,22.8,2026-05-20,34,34,33,33,34,33.67,33.6,0.49,7,6,Heavy,0,0,0,8,6,7.1,4,1,Moderate,12103,6,0,0,0.7,-534,1,0,0,0,1,0,0,0,0,1,2026-06-24,35,35
U03908,2,30,164.9,68.3,25.1,2026-05-06,25,26,28,24,25,26.33,25.6,1.36,6,7,Medium,0,0,0,6,2,6.8,3,4,Low,3478,5,0,0,0.0,466,0,0,0,0,0,0,0,0,0,0,2026-05-29,23,23
U03909,9,18,156.0,46.5,19.1,2026-07-19,23,20,21,24,26,21.33,22.8,2.14,7,6,Medium,1,0,0,6,3,7.6,10,3,Moderate,13559,6,0,0,-0.8,-524,0,0,1,0,0,1,0,1,0,0,2026-08-11,23,23
U03910,7,26,149.7,43.7,19.5,2026-01-05,32,32,34,29,34,32.67,32.2,1.83,7,3,Heavy,0,0,0,7,6,6.2,7,6,Moderate,10026,10,0,1,-0.6,199,0,1,0,0,0,0,1,0,0,0,2026-02-07,33,33
U03911,11,31,165.5,61.4,22.4,2026-06-20,30,28,30,29,25,29.33,28.4,1.85,3,7,Light,0,0,0,3,10,5.4,3,7,High,7382,8,0,0,-0.6,-218,0,0,1,0,0,0,0,0,0,0,2026-07-18,28,28
U03912,10,23,153.3,56.2,23.9,2026-04-03,33,30,32,31,32,31.67,31.6,1.02,5,4,Heavy,0,0,0,10,5,4.0,2,1,High,9974,1,0,0,0.4,-116,0,0,1,0,0,0,0,0,0,0,2026-05-07,34,34
U03913,12,40,160.9,47.9,18.5,2026-03-06,27,29,24,26,28,26.67,26.8,1.72,7,7,Medium,0,0,0,10,3,9.2,5,5,Low,7040,4,1,0,0.1,-234,0,0,0,0,0,0,0,0,0,0,2026-04-03,28,28
U03914,4,25,158.6,48.5,19.3,2026-03-23,27,24,26,27,26,25.67,26.0,1.1,5,6,Heavy,1,0,0,6,9,9.0,7,3,Moderate,6297,1,0,1,1.1,-333,0,1,1,0,0,0,0,0,0,0,2026-04-18,26,26
U03915,11,32,157.7,67.4,27.1,2026-04-16,27,27,26,30,29,26.67,27.8,1.47,7,6,Heavy,0,0,0,3,8,5.1,1,3,High,3459,3,0,0,-0.8,-292,0,0,0,0,0,0,0,0,0,0,2026-05-15,29,29
U03916,6,34,160.6,51.6,20.0,2026-06-15,27,26,26,30,28,26.33,27.4,1.5,4,6,Medium,0,0,0,10,1,9.9,9,1,Moderate,5458,4,0,0,-0.1,-699,0,0,0,0,0,0,0,0,1,0,2026-07-10,25,25
U03917,11,24,162.0,66.9,25.5,2026-03-17,30,28,31,29,29,29.67,29.4,1.02,4,4,Light,0,0,0,10,5,5.6,3,4,Moderate,11814,8,0,0,-1.0,-86,0,0,1,0,0,0,0,0,0,0,2026-04-21,35,35
U03918,3,22,164.9,71.2,26.2,2026-06-12,37,38,37,35,34,37.33,36.2,1.47,5,6,Light,0,0,1,8,6,6.2,1,1,Moderate,9886,1,1,0,1.0,-686,0,0,1,1,1,1,0,0,0,0,2026-07-22,40,40
U03919,2,18,171.6,80.7,27.4,2026-08-22,28,31,27,26,33,28.67,29.0,2.61,4,5,Medium,0,0,0,7,7,5.9,1,3,Moderate,8862,5,0,0,0.3,295,0,0,0,0,0,0,0,0,0,0,2026-09-23,32,32
U03920,12,35,154.0,59.5,25.1,2026-02-06,30,31,30,30,31,30.33,30.4,0.49,6,5,Light,0,0,0,10,6,6.5,7,2,Moderate,8890,2,0,0,-0.7,-624,1,0,1,0,0,0,0,0,0,0,2026-03-08,30,30
U03921,11,23,171.7,81.4,27.6,2026-07-11,28,30,29,27,26,29.0,28.0,1.41,3,3,Medium,0,0,0,1,4,6.1,1,7,Moderate,12049,2,0,0,-0.1,-666,1,0,1,0,0,0,0,0,0,1,2026-08-07,27,27
U03922,11,40,156.0,56.7,23.3,2026-02-13,27,27,28,29,25,27.33,27.2,1.33,7,5,Medium,0,0,0,4,3,7.8,1,0,Moderate,9320,5,0,0,0.2,396,0,0,0,0,0,0,0,0,0,0,2026-03-12,27,27
U03923,2,29,161.0,64.5,24.9,2026-08-05,30,27,29,33,30,28.67,29.8,1.94,4,3,Medium,0,0,1,5,6,8.2,7,2,Moderate,3466,5,0,0,-0.1,-521,0,0,0,1,0,0,0,0,0,0,2026-09-05,31,31
U03924,4,34,158.0,39.9,16.0,2026-06-30,29,32,29,30,28,30.0,29.6,1.36,6,6,Medium,0,0,0,8,5,7.3,3,3,Moderate,5686,7,0,0,-0.6,-215,0,0,1,0,0,0,0,0,0,0,2026-07-31,31,31
U03925,6,21,164.7,52.4,19.3,2026-05-13,27,26,29,26,28,27.33,27.2,1.17,4,6,Medium,0,0,0,3,2,5.8,3,4,Moderate,9898,1,0,0,0.5,-412,0,0,0,0,0,0,0,1,0,1,2026-06-09,27,27
U03926,8,19,164.8,75.5,27.8,2026-08-08,33,36,32,34,31,33.67,33.2,1.72,5,4,Medium,0,0,0,4,5,6.3,4,2,High,12619,2,0,0,1.5,201,1,0,0,0,1,0,0,0,0,0,2026-09-11,34,34
U03927,6,40,150.6,71.0,31.3,2026-05-27,34,33,35,35,35,34.0,34.4,0.8,6,4,Light,0,1,0,10,8,6.6,2,0,Low,9167,7,0,1,1.1,-301,1,0,1,0,0,0,0,0,0,0,2026-07-02,36,36
U03928,7,23,164.1,60.1,22.3,2026-04-29,28,29,29,28,29,28.67,28.6,0.49,7,7,Light,1,0,0,10,9,7.2,8,2,Moderate,6730,4,0,0,-2.2,-542,0,0,0,0,0,0,0,0,0,0,2026-05-28,29,29
U03929,10,18,154.7,59.4,24.8,2026-06-22,35,35,37,36,33,35.67,35.2,1.33,4,7,Medium,0,0,1,4,9,5.4,7,0,High,8786,3,0,0,1.4,285,0,0,0,1,0,0,0,0,0,0,2026-07-23,31,31
U03930,9,20,166.4,54.3,19.6,2026-06-16,26,22,26,28,28,24.67,26.0,2.19,5,4,Medium,0,0,0,8,8,6.3,3,5,Moderate,11624,2,1,1,0.9,-108,0,1,0,0,0,1,0,1,0,0,2026-07-12,26,26
U03931,3,38,158.8,60.5,24.0,2026-08-19,31,31,35,32,35,32.33,32.8,1.83,7,7,Light,0,0,0,3,1,8.2,6,7,Moderate,7362,4,0,0,-0.3,-305,0,0,0,0,1,0,0,0,0,0,2026-09-18,30,30
U03932,2,31,153.8,63.6,26.9,2026-06-17,31,31,30,32,34,30.67,31.6,1.36,3,6,Medium,0,0,0,9,7,6.4,2,4,Moderate,2479,4,0,1,0.5,-57,0,0,0,0,0,0,0,0,0,0,2026-07-19,32,32
U03933,12,32,156.6,57.9,23.6,2026-08-14,26,25,23,26,26,24.67,25.2,1.17,5,5,Medium,0,0,0,4,8,5.5,2,3,High,11387,2,0,0,1.5,-467,0,0,0,0,0,0,0,0,0,0,2026-09-14,31,31
U03934,3,23,157.9,52.1,20.9,2026-07-16,30,35,32,33,31,32.33,32.2,1.72,6,6,Medium,0,0,0,3,8,7.0,9,3,Moderate,2071,9,0,0,1.1,-130,0,0,0,0,0,0,0,0,0,0,2026-08-10,25,25
U03935,2,37,165.8,65.4,23.8,2026-01-24,30,29,34,32,33,31.0,31.6,1.85,5,6,Light,0,0,0,10,4,5.6,6,7,Low,10063,3,0,0,-0.5,381,0,1,1,0,1,0,0,1,0,1,2026-02-24,31,31
U03936,2,24,168.6,64.8,22.8,2026-06-07,28,29,24,28,30,27.0,27.8,2.04,7,6,Light,0,0,0,1,5,7.3,1,6,Low,10187,1,0,0,0.1,376,0,0,0,0,0,0,0,0,0,0,2026-07-06,29,29
U03937,6,18,158.1,52.0,20.8,2026-02-28,29,24,30,26,29,27.67,27.6,2.24,7,3,Medium,0,1,0,2,5,6.8,5,2,Moderate,12484,9,1,0,0.7,-672,1,0,0,0,0,0,0,0,0,0,2026-03-29,29,29
U03938,10,18,158.6,40.2,16.0,2026-02-15,26,24,25,25,25,25.0,25.0,0.63,7,5,Medium,0,0,0,6,6,6.7,7,0,Moderate,5432,3,0,0,-3.1,419,0,0,0,0,0,0,0,0,0,0,2026-03-13,26,26
U03939,3,36,152.8,56.0,24.0,2026-01-17,27,32,31,27,27,30.0,28.8,2.23,7,5,Medium,0,0,0,4,2,9.6,6,3,Low,6326,2,0,0,-1.2,135,1,0,1,0,0,0,0,0,0,0,2026-02-14,28,28
U03940,3,32,147.9,52.3,23.9,2026-07-16,30,29,30,27,29,29.67,29.0,1.1,3,5,Medium,0,0,0,10,3,9.2,10,4,High,10350,2,0,0,0.5,-456,0,0,0,0,0,0,0,0,0,0,2026-08-18,33,33
U03941,11,22,165.7,58.2,21.2,2026-02-20,29,29,29,25,31,29.0,28.6,1.96,3,6,Medium,0,0,0,5,4,6.9,1,7,Moderate,12069,8,0,0,-0.5,482,0,0,0,0,0,0,1,0,0,0,2026-03-21,29,29
U03942,11,33,165.8,60.5,22.0,2026-08-05,33,35,33,34,35,33.67,34.0,0.89,7,4,Light,0,0,0,8,6,6.5,4,2,Moderate,12359,7,0,0,-0.1,-110,0,1,1,0,0,0,0,0,0,0,2026-09-07,33,33
U03943,8,35,150.8,47.3,20.8,2026-08-26,29,28,30,31,29,29.0,29.4,1.02,6,5,Light,0,0,0,3,5,7.6,6,6,High,8649,3,0,0,-1.3,-450,0,1,1,0,0,0,0,0,0,0,2026-09-26,31,31
U03944,12,30,145.0,47.1,22.4,2026-03-21,29,32,26,29,29,29.0,29.0,1.9,3,4,Medium,0,0,0,9,8,6.6,9,0,Low,13533,3,0,0,-2.6,84,0,0,0,0,0,0,0,0,0,0,2026-04-18,28,28
U03945,9,32,154.0,47.2,19.9,2026-06-17,31,30,32,32,31,31.0,31.2,0.75,4,7,Light,0,0,0,1,9,8.1,7,4,Low,13456,5,1,0,0.3,383,0,0,1,0,0,1,1,0,0,0,2026-07-18,31,31
U03946,4,20,148.8,50.9,23.0,2026-05-15,26,24,25,25,27,25.0,25.4,1.02,4,5,Medium,0,0,0,9,3,7.1,7,0,Low,5090,8,0,1,0.0,59,0,0,1,0,0,0,0,0,0,0,2026-06-12,28,28
U03947,2,36,150.3,52.9,23.4,2026-07-08,28,23,25,30,28,25.33,26.8,2.48,6,6,Heavy,0,0,0,1,9,6.7,8,3,Moderate,4683,7,0,0,1.3,435,0,0,1,0,1,0,0,0,0,0,2026-08-06,29,29
U03948,2,34,156.4,39.1,16.0,2026-06-10,28,28,29,29,32,28.33,29.2,1.47,5,7,Light,0,1,0,6,1,6.9,4,1,Moderate,12107,6,0,1,1.4,150,0,1,0,0,0,0,0,0,0,0,2026-07-08,28,28
U03949,3,20,167.8,54.9,19.5,2026-08-19,31,30,32,30,32,31.0,31.0,0.89,3,3,Medium,0,0,0,3,8,5.1,4,3,Low,7448,8,0,0,1.1,353,0,0,0,0,0,0,0,0,0,0,2026-09-15,27,27
U03950,2,39,159.2,52.7,20.8,2026-01-24,32,31,35,30,30,32.67,31.6,1.85,5,5,Medium,0,0,0,9,9,7.3,5,4,Moderate,10179,5,0,1,1.0,55,1,1,0,0,0,0,0,0,0,0,2026-02-26,33,33
U03951,7,40,163.0,71.7,27.0,2026-01-08,31,28,35,28,28,31.33,30.0,2.76,6,7,Medium,0,0,0,6,3,8.2,8,7,Low,12314,6,0,0,0.4,-242,1,0,0,0,0,0,1,0,0,0,2026-02-09,32,32
U03952,7,38,158.6,54.8,21.8,2026-08-15,29,29,28,27,31,28.67,28.8,1.33,5,4,Medium,1,0,0,4,9,7.0,8,4,High,7333,10,0,0,-0.2,241,0,0,0,0,0,0,0,1,0,0,2026-09-15,31,31
U03953,12,26,154.4,55.3,23.2,2026-01-30,32,33,29,33,32,31.33,31.8,1.47,5,5,Medium,0,0,0,6,2,7.9,8,3,Moderate,13646,4,0,0,0.5,-237,0,0,1,0,0,0,0,1,0,0,2026-03-03,32,32
U03954,10,40,159.5,59.3,23.3,2026-06-15,30,27,29,28,27,28.67,28.2,1.17,7,3,Light,0,0,0,6,9,7.8,10,5,Low,12694,9,0,0,0.7,-351,0,0,0,0,0,1,0,1,0,0,2026-07-17,32,32
U03955,6,31,162.5,55.5,21.0,2026-04-22,35,35,35,36,36,35.0,35.4,0.49,5,5,Medium,0,0,0,8,2,6.5,6,6,Moderate,9525,6,1,0,0.4,64,0,1,0,0,0,0,0,0,0,0,2026-05-29,37,37
U03956,8,38,159.9,52.4,20.5,2026-06-29,32,35,32,32,34,33.0,33.0,1.26,3,3,Light,0,0,0,8,3,6.2,3,3,Moderate,7664,10,0,0,0.3,-499,0,0,0,0,0,0,0,0,0,0,2026-08-01,33,33
U03957,12,37,164.5,72.8,26.9,2026-04-04,28,27,29,25,25,28.0,26.8,1.6,4,4,Medium,0,0,0,6,4,6.4,5,4,Moderate,12144,2,0,0,-1.4,-232,0,0,0,0,0,0,0,1,0,0,2026-05-02,28,28
U03958,12,34,168.9,52.2,18.3,2026-06-19,29,30,27,31,27,28.67,28.8,1.6,5,6,Heavy,0,0,0,3,9,7.8,1,3,Low,3469,9,0,0,-0.3,286,0,0,0,0,0,0,0,0,0,0,2026-07-14,25,25
U03959,3,19,152.5,61.4,26.4,2026-06-21,31,31,33,33,30,31.67,31.6,1.2,4,3,Medium,0,0,0,4,10,6.9,9,0,Moderate,7987,3,0,0,0.3,124,0,0,0,0,0,0,0,1,0,0,2026-07-22,31,31
U03960,2,22,171.4,47.0,16.0,2026-04-04,31,28,31,31,34,30.0,31.0,1.9,4,4,Medium,0,0,1,4,8,6.0,6,1,Moderate,5370,2,0,0,0.8,-40,0,1,1,1,0,0,0,0,0,0,2026-05-05,31,31
U03961,3,34,151.1,61.0,26.7,2026-01-08,28,28,29,31,23,28.33,27.8,2.64,7,3,Medium,0,0,0,4,9,7.8,6,5,Moderate,7236,5,0,0,0.6,-287,0,0,0,0,0,0,0,0,0,0,2026-02-05,28,28
U03962,7,40,164.9,52.5,19.3,2026-02-13,36,37,35,38,37,36.0,36.6,1.02,5,3,Light,0,0,0,10,10,8.8,9,7,Moderate,7101,7,0,0,1.3,146,1,0,0,0,0,0,0,0,0,0,2026-03-22,37,37
U03963,7,20,154.5,51.3,21.5,2026-03-13,32,35,31,32,32,32.67,32.4,1.36,4,4,Light,0,0,1,7,7,5.9,4,1,Moderate,4295,8,0,0,0.2,-25,0,0,1,1,0,0,0,0,0,0,2026-04-18,36,36
U03964,4,23,163.9,47.5,17.7,2026-06-10,31,29,30,31,30,30.0,30.2,0.75,3,4,Light,0,0,0,9,4,6.7,1,2,High,4712,7,0,0,1.2,23,0,0,0,0,0,0,0,0,0,0,2026-07-11,31,31
U03965,3,21,167.6,79.8,28.4,2026-01-14,31,33,31,32,30,31.67,31.4,1.02,6,7,Light,0,0,0,6,6,6.4,10,6,Moderate,10769,8,0,0,-0.6,-230,0,1,0,0,0,0,0,0,0,0,2026-02-12,29,29
U03966,6,26,156.1,47.0,19.3,2026-06-04,27,23,29,25,25,26.33,25.8,2.04,7,7,Light,0,1,0,5,10,7.4,10,1,Low,5487,2,0,0,0.5,-690,0,1,0,0,0,0,0,0,0,0,2026-06-30,26,26
U03967,7,34,156.1,50.0,20.5,2026-07-28,28,31,27,26,27,28.67,27.8,1.72,3,6,Medium,0,0,0,6,10,6.6,2,3,Moderate,7760,3,0,1,1.8,-349,0,0,0,0,0,0,0,0,0,0,2026-08-25,28,28
U03968,7,39,154.8,45.1,18.8,2026-03-28,33,34,31,30,34,32.67,32.4,1.62,5,4,Medium,0,0,0,9,8,4.8,4,7,Low,9582,1,0,0,-0.6,447,0,0,0,0,0,0,0,1,0,0,2026-05-01,34,34
U03969,9,24,160.2,63.4,24.7,2026-04-05,32,31,32,34,31,31.67,32.0,1.1,7,4,Medium,0,0,1,10,8,7.5,1,7,Moderate,13778,8,0,0,0.5,280,0,1,0,1,0,0,0,0,0,0,2026-05-08,33,33
U03970,12,40,148.5,48.5,22.0,2026-01-28,26,27,26,28,23,26.33,26.0,1.67,7,4,Medium,0,0,0,3,3,6.3,4,3,Moderate,3510,10,0,1,-1.2,-585,1,0,0,0,0,0,0,0,0,1,2026-02-24,27,27
U03971,3,28,156.0,57.2,23.5,2026-08-13,28,26,27,29,31,27.0,28.2,1.72,5,6,Heavy,0,1,0,4,8,7.7,6,5,Low,12666,9,0,0,0.6,-112,1,0,1,0,0,0,0,1,0,0,2026-09-10,28,28
U03972,11,25,168.7,72.6,25.5,2026-07-09,29,30,28,29,29,29.0,29.0,0.63,7,7,Medium,0,0,0,1,7,8.2,8,1,Moderate,12611,8,0,0,0.5,200,0,1,0,0,0,0,0,0,0,0,2026-08-05,27,27
U03973,4,36,149.4,53.6,24.0,2026-06-19,27,26,32,26,27,28.33,27.6,2.24,5,7,Medium,0,0,0,6,4,7.3,1,4,Moderate,13369,10,0,0,-0.4,-517,0,0,1,0,0,0,0,0,0,0,2026-07-16,27,27
U03974,10,39,156.2,44.9,18.4,2026-01-20,37,40,32,37,37,36.33,36.6,2.58,7,5,Heavy,0,0,1,1,10,6.1,10,7,Moderate,8878,5,0,1,0.3,348,0,0,1,1,1,0,0,0,0,0,2026-02-24,35,35
U03975,8,24,147.7,51.5,23.6,2026-01-01,31,30,32,35,33,31.0,32.2,1.72,3,4,Light,0,0,0,5,1,6.4,5,2,Low,10429,9,1,0,-0.7,-158,0,0,0,0,0,0,1,0,0,0,2026-01-30,29,29
U03976,6,21,163.1,48.7,18.3,2026-07-31,26,25,28,28,25,26.33,26.4,1.36,7,5,Medium,1,0,0,5,7,4.9,8,6,Moderate,4897,6,1,0,0.1,-77,0,0,0,0,0,0,0,0,0,0,2026-08-26,26,26
U03977,8,26,152.9,54.9,23.5,2026-02-13,24,25,22,27,25,23.67,24.6,1.62,6,4,Light,0,0,0,4,5,7.4,4,3,Moderate,12519,9,0,0,-0.0,-645,0,0,0,0,0,0,0,0,0,0,2026-03-10,25,25
U03978,9,23,169.7,66.8,23.2,2026-08-18,27,26,28,28,27,27.0,27.2,0.75,5,4,Heavy,0,0,0,9,2,6.1,2,0,Low,12167,2,0,0,-0.1,-464,0,1,0,0,0,0,0,1,0,1,2026-09-15,28,28
U03979,7,22,153.0,48.9,20.9,2026-05-14,30,33,29,32,31,30.67,31.0,1.41,6,6,Heavy,0,1,1,3,5,5.4,8,4,Moderate,5652,10,0,0,0.1,46,0,0,0,1,0,0,0,0,0,0,2026-06-13,30,30
U03980,10,19,159.2,63.6,25.1,2026-04-17,28,28,25,26,30,27.0,27.4,1.74,5,7,Medium,0,0,0,7,2,6.6,10,0,Low,4024,3,0,0,0.5,-353,0,0,0,0,0,0,0,0,0,0,2026-05-17,30,30
U03981,10,24,163.3,65.1,24.4,2026-06-22,31,33,29,32,29,31.0,30.8,1.6,7,4,Medium,0,0,0,10,4,6.8,6,6,Moderate,4751,7,0,0,-1.4,-645,0,0,0,0,0,0,1,0,0,0,2026-07-22,30,30
U03982,3,33,158.6,52.8,21.0,2026-03-17,33,32,34,35,34,33.0,33.6,1.02,7,7,Light,0,0,0,9,1,5.9,2,4,High,9035,2,0,0,-0.2,-300,0,1,1,0,0,0,0,0,0,0,2026-04-19,33,33
U03983,2,36,164.6,51.2,18.9,2026-08-22,32,35,32,34,29,33.0,32.4,2.06,4,6,Medium,0,0,0,8,7,8.8,9,7,Moderate,13463,5,0,1,-0.3,456,0,0,1,0,0,0,0,0,0,0,2026-09-22,31,31
U03984,8,19,158.6,66.7,26.5,2026-07-17,36,35,38,36,36,36.33,36.2,0.98,7,5,Medium,0,0,1,2,9,8.7,5,5,High,9192,10,0,0,0.2,-87,0,0,0,1,0,0,0,0,1,0,2026-08-18,32,32
U03985,8,20,165.6,50.5,18.4,2026-02-12,34,34,35,33,35,34.33,34.2,0.75,3,3,Medium,0,0,1,1,10,7.5,2,7,Moderate,13070,8,0,0,1.3,-208,0,0,0,1,0,0,0,0,0,1,2026-03-17,33,33
U03986,2,30,165.2,72.9,26.7,2026-04-25,31,31,32,31,30,31.33,31.0,0.63,6,3,Medium,0,0,0,10,4,5.8,4,5,Moderate,6985,3,0,0,-1.4,-665,0,0,0,0,0,0,0,0,0,0,2026-05-27,32,32
U03987,10,36,161.2,61.3,23.6,2026-05-28,34,35,34,32,33,34.33,33.6,1.02,7,4,Medium,0,0,0,2,9,7.7,1,7,High,6340,6,0,0,0.5,-49,0,1,1,0,1,0,0,0,0,0,2026-07-02,35,35
U03988,12,28,152.9,54.2,23.2,2026-07-30,26,29,28,26,23,27.67,26.4,2.06,6,5,Heavy,0,0,0,7,1,6.4,3,6,Low,9997,1,1,1,-0.8,-255,0,1,0,0,0,0,0,1,0,0,2026-08-27,28,28
U03989,6,34,150.9,55.6,24.4,2026-08-05,32,31,34,30,32,32.33,31.8,1.33,4,6,Heavy,0,0,0,9,6,5.2,6,0,High,8651,10,1,0,1.3,-171,0,0,0,0,0,0,0,0,0,0,2026-09-08,34,34
U03990,9,25,164.5,70.1,25.9,2026-02-26,25,26,26,25,27,25.67,25.8,0.75,3,5,Light,0,0,0,5,7,6.7,6,1,Moderate,9759,1,0,0,-0.1,-503,0,0,0,0,0,0,0,1,0,0,2026-03-22,24,24
U03991,4,20,162.2,53.4,20.3,2026-02-06,28,31,26,29,26,28.33,28.0,1.9,6,3,Light,0,0,0,6,7,8.2,4,7,Moderate,9710,1,0,0,-0.4,-618,0,0,1,0,0,0,0,1,0,0,2026-03-01,23,23
U03992,6,34,152.9,46.3,19.8,2026-02-03,27,25,29,27,31,27.0,27.8,2.04,7,5,Medium,0,0,0,5,1,6.8,4,5,Low,8301,3,0,1,-1.0,494,0,0,0,0,0,0,0,0,0,0,2026-03-03,28,28
U03993,2,37,172.3,58.5,19.7,2026-01-03,27,28,28,29,26,27.67,27.6,1.02,7,7,Heavy,0,0,0,3,5,6.4,2,7,Low,10515,8,0,0,-1.9,491,0,0,0,0,0,0,0,0,0,0,2026-01-30,27,27
U03994,9,32,162.0,66.9,25.5,2026-05-29,27,25,26,29,27,26.0,26.8,1.33,3,7,Light,0,0,0,5,4,6.8,7,3,Moderate,5928,8,0,0,0.2,157,1,0,0,0,0,0,0,0,0,0,2026-06-24,26,26
U03995,5,37,155.8,61.7,25.4,2026-02-05,33,28,33,34,31,31.33,31.8,2.14,4,3,Medium,0,0,1,10,1,7.3,9,5,Low,9607,5,0,0,-1.1,-380,0,0,1,1,1,0,0,0,0,0,2026-03-12,35,35
U03996,12,26,169.6,60.4,21.0,2026-03-25,29,29,26,26,29,28.0,27.8,1.47,5,6,Medium,0,0,0,1,6,8.8,4,1,High,2377,7,0,0,0.3,-438,1,1,0,0,0,0,0,0,0,0,2026-04-23,29,29
U03997,10,32,161.5,48.3,18.5,2026-08-09,28,29,25,29,30,27.33,28.2,1.72,3,5,Medium,0,0,0,3,7,6.9,7,3,Moderate,8671,2,0,1,0.8,-535,0,1,0,0,0,0,0,0,0,0,2026-09-05,27,27
U03998,8,22,169.8,79.3,27.5,2026-07-03,28,27,28,28,25,27.67,27.2,1.17,4,4,Medium,0,0,0,6,3,7.6,7,6,Low,10238,2,0,1,-0.4,-341,0,0,0,0,0,0,0,0,0,0,2026-08-02,30,30
U03999,5,27,158.8,55.0,21.8,2026-07-28,35,34,32,32,33,33.67,33.2,1.17,3,4,Light,0,0,1,3,9,8.6,6,5,Moderate,10907,5,0,0,1.1,-642,0,0,0,1,0,0,0,0,0,0,2026-09-01,35,35
U04000,4,37,164.7,61.3,22.6,2026-06-11,27,29,27,27,29,27.67,27.8,0.98,4,4,Heavy,0,0,0,10,9,7.2,2,0,Low,11937,9,0,0,-0.1,106,0,0,0,0,0,0,0,0,0,0,2026-07-09,28,28
U04001,8,27,167.3,75.6,27.0,2026-01-08,32,32,33,32,27,32.33,31.2,2.14,6,6,Light,0,0,0,3,1,7.0,10,3,High,7119,1,1,0,2.4,211,0,1,1,0,0,0,1,0,1,0,2026-02-08,31,31
U04002,11,32,161.6,56.9,21.8,2026-04-12,28,29,25,28,28,27.33,27.6,1.36,4,7,Heavy,0,0,0,3,3,8.0,3,3,Moderate,7740,8,1,0,-1.8,403,0,0,0,0,0,0,0,0,0,1,2026-05-09,27,27
U04003,6,39,157.9,59.8,24.0,2026-03-18,26,26,26,27,26,26.0,26.2,0.4,7,4,Medium,0,0,0,7,3,6.9,7,7,Low,8112,10,1,0,-0.8,-576,0,1,0,0,0,0,0,1,0,0,2026-04-16,29,29
U04004,4,40,168.5,62.2,21.9,2026-05-05,31,33,33,31,28,32.33,31.2,1.83,5,5,Medium,0,0,0,4,2,6.6,5,1,Low,2046,1,0,0,-0.3,-360,0,0,0,0,0,0,0,0,0,0,2026-06-05,31,31
U04005,8,29,160.9,59.0,22.8,2026-03-23,26,30,26,27,24,27.33,26.6,1.96,4,5,Light,0,0,0,9,1,8.8,5,3,High,4843,6,0,1,-0.6,18,1,1,0,0,0,0,0,0,0,0,2026-04-19,27,27
U04006,9,22,154.4,59.1,24.8,2026-07-10,30,28,30,29,32,29.33,29.8,1.33,7,7,Medium,1,0,0,3,5,7.2,4,1,Moderate,3751,4,0,0,0.2,-695,0,0,1,0,0,0,0,0,0,0,2026-08-09,30,30
U04007,12,22,160.4,51.5,20.0,2026-08-18,31,31,32,32,31,31.33,31.4,0.49,6,4,Heavy,0,0,0,7,2,7.4,8,0,Moderate,5683,4,0,0,-2.0,13,0,0,1,0,1,0,0,1,0,0,2026-09-17,30,30
U04008,8,40,151.0,63.2,27.7,2026-01-27,24,22,21,25,23,22.33,23.0,1.41,4,3,Medium,0,0,0,9,4,7.5,10,4,Moderate,11288,3,1,0,-1.5,-578,0,0,0,0,0,0,0,0,0,0,2026-02-22,26,26
U04009,7,38,167.3,58.2,20.8,2026-05-31,26,28,25,26,29,26.33,26.8,1.47,4,6,Medium,0,0,0,2,4,6.1,3,7,Low,8061,5,0,1,-0.8,-36,1,1,0,0,0,0,0,0,0,0,2026-06-23,23,23
U04010,5,39,164.4,60.8,22.5,2026-03-23,30,31,35,36,28,32.0,32.0,3.03,5,7,Heavy,0,0,1,8,7,5.2,3,0,Low,4487,5,0,0,1.0,-50,0,1,0,0,0,0,0,1,0,0,2026-04-25,33,33
U04011,2,21,154.8,54.2,22.6,2026-03-09,29,27,28,27,29,28.0,28.0,0.89,6,6,Medium,0,0,0,7,9,7.8,2,7,Moderate,7772,10,0,0,0.8,-363,0,0,0,0,0,1,0,0,0,0,2026-04-07,29,29
U04012,4,39,158.8,45.4,18.0,2026-04-04,24,22,23,23,23,23.0,23.0,0.63,3,6,Medium,0,0,0,1,5,4.8,1,2,Low,2096,9,0,1,-1.6,-373,0,0,0,0,0,1,0,0,0,0,2026-04-30,26,26
U04013,11,31,160.9,45.3,17.5,2026-03-23,28,29,26,31,28,27.67,28.4,1.62,6,6,Medium,0,0,0,5,7,6.6,7,7,High,10903,4,0,0,-1.9,-412,0,0,0,0,0,0,0,1,0,0,2026-04-21,29,29
U04014,8,27,163.4,61.7,23.1,2026-02-11,26,26,23,25,25,25.0,25.0,1.1,4,5,Medium,1,0,0,10,7,8.3,2,5,High,5575,1,1,0,-0.8,105,0,1,0,0,0,0,0,0,0,0,2026-03-09,26,26
U04015,4,30,156.4,56.7,23.2,2026-08-21,28,31,27,30,26,28.67,28.4,1.85,3,3,Medium,1,0,0,10,5,6.3,2,1,High,2466,5,0,0,0.1,354,0,0,0,0,0,0,0,0,0,0,2026-09-17,27,27
U04016,3,36,169.8,46.1,16.0,2026-04-22,30,31,28,30,32,29.67,30.2,1.33,6,7,Light,0,0,0,6,4,6.8,6,6,Moderate,6636,7,0,0,-1.2,259,0,0,0,0,0,0,0,1,0,0,2026-05-21,29,29
U04017,8,33,150.0,45.4,20.2,2026-04-16,30,28,33,30,30,30.33,30.2,1.6,3,5,Medium,1,0,0,10,5,5.5,7,4,Moderate,11481,1,0,0,-0.4,-123,0,0,0,0,0,0,0,0,0,0,2026-05-19,33,33
U04018,4,29,164.5,49.8,18.4,2026-02-20,30,29,28,31,29,29.0,29.4,1.02,6,3,Medium,0,1,0,5,6,7.2,6,7,Moderate,10908,8,1,0,-0.9,-467,1,1,1,0,0,0,0,0,0,0,2026-03-19,27,27
U04019,11,21,150.2,49.6,22.0,2026-08-11,28,26,29,26,28,27.67,27.4,1.2,3,3,Medium,0,0,0,8,3,6.0,2,6,Moderate,6001,3,1,0,2.0,238,0,0,0,0,0,0,0,0,0,1,2026-09-08,28,28
U04020,9,36,167.3,75.6,27.0,2026-08-28,23,22,21,23,22,22.0,22.2,0.75,5,7,Light,0,1,0,1,7,7.3,9,5,Moderate,10363,6,0,0,-0.8,337,0,0,0,0,0,0,0,0,0,0,2026-09-18,21,21
U04021,12,25,154.1,74.3,31.3,2026-02-11,27,25,30,27,28,27.33,27.4,1.62,4,3,Medium,0,1,0,3,4,6.7,5,7,Moderate,2001,2,0,0,0.7,417,0,1,0,0,0,0,0,0,0,0,2026-03-08,25,25
U04022,11,24,162.5,72.9,27.6,2026-04-17,33,34,33,36,36,33.33,34.4,1.36,7,3,Medium,0,0,0,8,4,7.6,1,4,Moderate,5843,7,1,0,-2.3,-447,0,0,1,0,0,0,0,0,0,0,2026-05-20,33,33
U04023,6,21,161.8,70.7,27.0,2026-05-19,27,25,27,27,27,26.33,26.6,0.8,4,5,Heavy,0,1,0,10,10,6.4,3,3,Low,9403,9,0,1,1.6,449,0,0,0,0,0,0,0,0,0,0,2026-06-16,28,28
U04024,6,35,159.8,56.9,22.3,2026-07-18,32,35,32,33,29,33.0,32.2,1.94,3,7,Medium,0,1,0,7,6,9.0,5,2,Moderate,9260,2,0,0,1.0,-348,0,1,0,0,0,0,0,0,0,0,2026-08-19,32,32
U04025,12,32,164.8,60.6,22.3,2026-08-04,29,29,25,27,26,27.67,27.2,1.6,4,6,Light,0,0,0,2,2,7.3,4,4,Moderate,7213,4,0,0,0.7,23,0,1,0,0,0,0,0,0,0,0,2026-08-31,27,27
U04026,8,21,152.9,54.2,23.2,2026-01-20,28,27,26,29,28,27.0,27.6,1.02,6,5,Light,0,0,0,3,1,7.5,3,5,Moderate,7827,2,0,0,-0.8,-89,0,0,0,0,0,0,0,0,0,0,2026-02-18,29,29
U04027,3,35,162.7,65.4,24.7,2026-01-10,29,30,26,29,30,28.33,28.8,1.47,6,5,Medium,1,0,0,8,8,6.9,7,4,Moderate,13395,1,0,0,1.0,83,1,0,0,0,0,0,0,0,0,0,2026-02-07,28,28
U04028,12,24,156.6,81.4,33.2,2026-02-26,30,31,30,28,29,30.33,29.6,1.02,6,3,Light,0,0,0,4,2,9.5,7,2,Low,12336,9,0,0,-1.3,-42,0,1,0,0,0,0,0,0,0,0,2026-03-25,27,27
U04029,3,33,157.1,57.0,23.1,2026-05-29,28,27,30,26,28,28.33,27.8,1.33,4,5,Light,0,0,0,1,8,7.0,3,7,High,6924,9,0,0,-0.8,-495,0,0,0,0,0,0,0,0,0,0,2026-06-26,28,28
U04030,9,27,158.0,55.2,22.1,2026-04-03,24,27,22,25,26,24.33,24.8,1.72,4,3,Light,0,0,0,3,10,7.5,5,7,Moderate,3999,4,0,0,0.5,-579,1,0,0,0,0,0,0,0,0,0,2026-04-25,22,22
U04031,11,31,150.8,60.5,26.6,2026-04-08,34,36,33,30,34,34.33,33.4,1.96,3,3,Heavy,0,0,0,5,5,5.5,5,5,High,7870,1,1,0,0.6,-472,1,0,0,0,1,0,0,1,0,0,2026-05-13,35,35
U04032,9,21,172.6,74.8,25.1,2026-07-10,29,30,30,30,30,29.67,29.8,0.4,3,6,Light,0,0,0,1,9,7.0,3,4,Moderate,12755,9,0,0,-0.4,179,0,0,0,0,0,0,0,0,0,1,2026-08-07,28,28
U04033,7,22,165.4,65.1,23.8,2026-05-06,30,27,28,29,29,28.33,28.6,1.02,3,6,Medium,1,0,0,1,8,5.7,3,0,High,9492,5,0,0,0.3,-56,0,1,0,0,0,0,0,0,0,0,2026-06-06,31,31
U04034,2,24,155.7,46.5,19.2,2026-08-15,30,33,30,26,30,31.0,29.8,2.23,4,5,Medium,0,0,0,3,7,8.5,1,0,Moderate,11739,7,0,0,1.5,6,1,1,0,0,0,1,0,0,0,1,2026-09-11,27,27
U04035,10,28,157.7,64.7,26.0,2026-03-26,29,30,29,30,32,29.33,30.0,1.1,4,7,Medium,0,0,0,4,5,9.8,4,6,Moderate,3315,4,0,0,0.2,193,0,0,0,0,1,0,0,0,0,1,2026-04-21,26,26
U04036,12,34,157.6,44.2,17.8,2026-01-06,23,22,21,23,21,22.0,22.0,0.89,7,7,Heavy,0,0,0,1,7,6.9,6,1,Low,6542,10,0,0,-1.4,-217,0,0,0,0,0,0,0,0,0,1,2026-01-28,22,22
U04037,4,28,167.5,69.3,24.7,2026-03-15,27,27,28,27,31,27.33,28.0,1.55,6,7,Medium,0,0,0,2,9,7.3,1,1,High,8357,5,0,0,1.2,261,0,0,0,0,0,0,0,0,0,0,2026-04-10,26,26
U04038,7,34,171.5,60.3,20.5,2026-03-24,32,33,33,31,30,32.67,31.8,1.17,6,5,Heavy,0,0,0,7,8,8.8,6,3,Moderate,6921,5,0,0,-0.2,-473,0,0,0,0,0,0,0,0,0,0,2026-04-28,35,35
U04039,10,29,150.0,36.2,16.1,2026-04-05,30,29,25,29,28,28.0,28.2,1.72,3,4,Heavy,0,0,0,2,8,6.5,2,1,Moderate,6419,10,0,0,-1.2,-75,0,0,0,0,0,0,0,0,0,0,2026-05-05,30,30
U04040,11,37,180.0,78.1,24.1,2026-01-30,26,29,28,25,27,27.67,27.0,1.41,5,7,Light,0,0,0,1,9,8.3,10,1,Low,3682,1,0,1,-1.2,-680,0,0,0,0,0,0,0,0,0,0,2026-02-24,25,25
U04041,7,18,157.0,47.3,19.2,2026-05-28,29,28,25,31,26,27.33,27.8,2.14,6,3,Heavy,0,0,0,1,3,8.2,4,6,Low,13342,10,0,0,0.5,-460,0,0,0,0,0,0,0,1,0,0,2026-06-22,25,25
U04042,9,38,158.6,66.2,26.3,2026-06-25,30,31,32,32,31,31.0,31.2,0.75,5,7,Medium,0,0,0,4,8,5.9,10,4,Moderate,7107,2,0,0,0.8,432,1,0,0,0,0,0,0,0,0,0,2026-07-25,30,30
U04043,11,21,149.7,51.3,22.9,2026-02-18,30,31,31,28,30,30.67,30.0,1.1,7,6,Medium,0,0,0,10,2,5.9,9,6,Moderate,2811,3,1,0,0.6,-200,1,0,1,0,0,0,0,0,0,0,2026-03-21,31,31
U04044,5,23,161.3,60.6,23.3,2026-03-15,33,34,28,33,32,31.67,32.0,2.1,6,3,Medium,0,0,0,6,1,5.8,5,4,Moderate,5037,8,0,0,-1.0,199,0,0,0,0,0,0,0,0,0,0,2026-04-23,39,39
U04045,3,35,155.9,50.6,20.8,2026-03-23,31,32,29,30,33,30.67,31.0,1.41,4,6,Heavy,0,1,1,7,3,6.5,7,2,High,7538,3,1,0,-1.4,441,1,0,0,1,0,0,0,0,0,0,2026-04-22,30,30
U04046,11,35,151.2,65.4,28.6,2026-05-06,27,25,24,30,24,25.33,26.0,2.28,4,5,Light,0,0,0,4,10,8.5,5,3,Low,12675,4,0,0,-1.8,29,0,0,0,0,0,0,0,0,0,0,2026-06-04,29,29
U04047,2,32,171.0,67.3,23.0,2026-05-14,30,30,29,27,30,29.67,29.2,1.17,3,3,Medium,0,0,0,9,7,6.0,4,3,Moderate,9470,9,0,0,0.1,324,1,1,0,0,0,0,0,0,0,0,2026-06-13,30,30
U04048,2,21,154.5,64.9,27.2,2026-03-18,29,27,31,30,29,29.0,29.2,1.33,6,3,Medium,0,0,0,10,3,7.6,3,1,Moderate,4947,6,1,0,1.7,-34,0,0,0,0,0,0,0,0,0,0,2026-04-18,31,31
U04049,3,21,173.5,59.3,19.7,2026-06-15,27,28,27,29,23,27.33,26.8,2.04,7,5,Medium,0,0,0,6,8,7.8,6,2,Moderate,5550,4,0,0,-0.7,-619,1,1,0,0,0,0,0,0,0,0,2026-07-11,26,26
U04050,6,33,157.9,63.8,25.6,2026-07-05,26,28,24,29,28,26.0,27.0,1.79,6,7,Medium,0,0,0,5,6,8.4,9,2,Low,2206,10,0,0,1.0,-537,0,0,0,0,0,0,0,1,0,1,2026-08-01,27,27
U04051,6,33,159.8,65.1,25.5,2026-07-17,26,25,27,22,27,26.0,25.4,1.85,6,5,Medium,0,0,0,2,5,6.9,3,0,High,2837,4,0,0,0.8,-421,0,0,0,0,0,0,0,0,0,0,2026-08-14,28,28
U04052,7,18,145.0,49.8,23.7,2026-08-11,29,30,30,29,33,29.67,30.2,1.47,5,3,Medium,0,0,0,3,7,6.7,4,6,Moderate,11233,5,0,0,-0.9,34,0,1,0,0,0,0,0,0,0,1,2026-09-08,28,28
U04053,5,26,163.1,65.4,24.6,2026-01-21,30,31,33,30,27,31.33,30.2,1.94,5,7,Medium,0,0,0,10,3,7.1,7,5,Low,13945,6,0,0,-0.7,172,1,0,1,0,0,0,0,0,1,0,2026-02-22,32,32
U04054,11,18,159.1,67.8,26.8,2026-04-06,32,28,33,32,31,31.0,31.2,1.72,7,4,Medium,0,0,0,6,8,7.0,3,4,High,5188,7,0,0,-0.1,16,0,0,0,0,0,0,0,0,0,0,2026-05-08,32,32
U04055,10,37,153.5,42.2,17.9,2026-06-14,25,27,26,28,23,26.0,25.8,1.72,7,7,Heavy,0,0,0,1,10,4.7,6,6,Low,13428,5,0,0,2.0,-387,0,1,0,0,0,0,0,1,0,0,2026-07-10,26,26
U04056,2,37,155.8,66.3,27.3,2026-07-03,30,28,29,29,30,29.0,29.2,0.75,4,6,Medium,0,0,0,8,3,7.8,9,6,High,3899,7,0,0,-1.4,-231,1,0,0,0,0,0,0,0,0,0,2026-08-03,31,31
U04057,10,20,158.5,49.0,19.5,2026-01-08,30,28,30,29,27,29.33,28.8,1.17,5,7,Medium,0,0,1,6,1,5.3,4,1,Moderate,3763,10,0,1,-1.3,235,0,0,1,1,0,0,0,0,0,1,2026-02-08,31,31
U04058,8,34,172.0,78.1,26.4,2026-07-09,30,31,30,31,31,30.33,30.6,0.49,4,5,Light,0,0,0,5,9,4.9,2,4,High,9356,9,1,1,2.4,-139,0,0,0,0,0,0,0,0,0,0,2026-08-10,32,32
U04059,5,19,156.1,59.0,24.2,2026-01-17,30,33,28,26,31,30.33,29.6,2.42,6,5,Medium,0,0,0,1,4,4.9,3,3,High,12110,8,0,0,1.7,-69,1,1,0,0,0,0,0,0,0,0,2026-02-16,30,30
U04060,11,24,178.6,69.2,21.7,2026-05-09,28,28,34,32,29,30.0,30.2,2.4,7,7,Light,1,1,0,4,10,7.2,2,2,Low,7553,3,1,0,-2.2,-95,0,0,1,0,0,0,1,1,0,0,2026-06-09,31,31
U04061,8,35,158.4,57.5,22.9,2026-03-15,29,29,29,27,28,29.0,28.4,0.8,3,3,Medium,0,0,0,6,5,7.6,1,1,Low,9053,5,0,0,-0.8,134,0,1,0,0,0,0,0,0,0,0,2026-04-14,30,30
U04062,8,35,162.1,51.8,19.7,2026-05-21,28,27,23,27,28,26.0,26.6,1.85,7,3,Medium,0,0,0,6,2,7.4,3,2,Low,4761,6,0,0,1.2,-432,0,0,0,0,0,0,0,0,0,0,2026-06-20,30,30
U04063,7,38,159.3,55.1,21.7,2026-06-27,34,30,34,39,34,32.67,34.2,2.86,4,6,Light,0,0,1,4,8,7.7,6,5,Moderate,12154,2,0,0,-1.1,319,0,0,0,1,0,0,0,0,0,0,2026-07-29,32,32
U04064,8,25,164.6,70.2,25.9,2026-01-05,30,28,29,32,33,29.0,30.4,1.85,3,3,Light,0,0,0,9,3,9.8,10,6,Low,13614,3,0,0,-0.5,-169,0,0,0,0,0,0,0,0,0,0,2026-02-07,33,33
U04065,10,30,162.9,57.8,21.8,2026-07-11,33,32,33,31,31,32.67,32.0,0.89,3,5,Light,0,0,0,9,8,7.5,6,7,Moderate,2293,2,1,0,0.4,47,1,0,0,0,0,0,1,0,0,0,2026-08-12,32,32
U04066,10,30,160.8,61.5,23.8,2026-08-21,36,33,35,34,33,34.67,34.2,1.17,5,4,Heavy,0,0,0,2,8,9.4,5,7,Moderate,2948,9,0,0,1.2,72,0,1,0,0,1,0,0,0,0,0,2026-09-26,36,36
U04067,11,25,157.3,43.5,17.6,2026-02-25,33,34,36,33,33,34.33,33.8,1.17,5,4,Light,0,1,0,1,3,5.8,7,3,Low,5226,7,0,0,-0.8,-69,0,0,0,0,0,0,0,0,0,0,2026-03-31,34,34
U04068,11,35,155.3,59.8,24.8,2026-07-11,28,28,28,25,25,28.0,26.8,1.47,7,7,Medium,0,0,0,4,1,5.2,2,2,Low,6638,4,0,0,0.1,263,0,0,0,0,0,0,0,0,0,0,2026-08-08,28,28
U04069,8,29,165.1,57.0,20.9,2026-01-10,30,30,28,28,29,29.33,29.0,0.89,6,3,Medium,0,0,0,7,8,6.0,3,0,Moderate,12151,10,0,0,-0.4,-484,0,0,0,0,0,0,0,1,0,1,2026-02-07,28,28
U04070,12,22,162.2,58.7,22.3,2026-07-03,32,28,34,34,33,31.33,32.2,2.23,6,4,Medium,0,0,1,9,4,6.9,3,6,Moderate,10923,1,0,0,1.8,-257,0,0,1,1,1,0,0,0,0,0,2026-08-02,30,30
U04071,3,27,165.4,53.3,19.5,2026-01-27,35,34,34,33,35,34.33,34.2,0.75,7,3,Heavy,0,0,0,7,2,6.4,5,1,Moderate,9329,3,0,0,-0.4,267,1,0,0,0,1,0,0,0,0,0,2026-03-05,37,37
U04072,8,26,165.7,68.6,25.0,2026-04-16,23,23,22,21,23,22.67,22.4,0.8,3,6,Light,0,0,0,6,2,7.9,1,7,High,3169,4,0,0,-0.0,399,0,0,0,0,0,0,0,0,0,0,2026-05-09,23,23
U04073,9,38,164.0,56.2,20.9,2026-07-31,31,30,33,32,31,31.33,31.4,1.02,3,4,Light,1,0,0,8,8,7.7,1,4,Moderate,10168,4,0,0,-0.5,-539,0,0,0,0,0,0,0,0,0,1,2026-09-03,34,34
U04074,10,26,156.7,48.1,19.6,2026-07-31,28,29,26,29,29,27.67,28.2,1.17,5,5,Medium,0,0,0,7,2,7.0,1,2,Moderate,13535,8,0,0,-0.8,437,0,0,0,0,0,0,0,0,0,0,2026-08-27,27,27
U04075,10,39,170.3,65.0,22.4,2026-02-04,26,26,25,23,25,25.67,25.0,1.1,5,7,Medium,0,0,0,1,2,7.0,3,5,High,7265,3,0,0,-0.4,270,0,0,0,0,0,0,0,0,0,1,2026-03-02,26,26
U04076,11,33,156.5,61.0,24.9,2026-04-18,27,30,25,28,29,27.33,27.8,1.72,4,6,Medium,0,0,0,10,9,7.6,9,1,High,5168,9,0,0,-1.0,-238,0,0,0,0,0,0,0,0,0,0,2026-05-15,27,27
U04077,3,28,145.0,37.8,18.0,2026-08-08,28,26,25,29,27,26.33,27.0,1.41,7,4,Medium,0,0,0,9,3,6.7,5,1,Moderate,5718,10,0,0,-0.3,-371,0,0,0,0,0,0,0,0,0,0,2026-09-03,26,26
U04078,6,22,145.0,61.8,29.4,2026-02-08,31,33,30,29,29,31.33,30.4,1.5,7,6,Medium,0,0,1,9,4,7.8,6,1,High,7406,1,0,0,0.2,425,0,0,1,1,0,0,0,1,0,0,2026-03-14,34,34
U04079,8,39,150.6,47.2,20.8,2026-08-13,31,31,31,29,31,31.0,30.6,0.8,3,7,Medium,0,0,0,2,3,9.1,6,2,Low,12160,10,0,0,-0.8,247,1,1,1,0,0,0,0,0,0,0,2026-09-13,31,31
U04080,10,32,169.4,69.7,24.3,2026-03-30,28,29,26,28,28,27.67,27.8,0.98,7,3,Medium,0,0,0,5,3,6.7,10,4,Moderate,4856,10,0,0,0.6,-411,0,0,0,0,0,0,0,0,0,0,2026-04-28,29,29
U04081,9,38,147.4,47.1,21.7,2026-01-21,34,34,36,34,35,34.67,34.6,0.8,3,3,Medium,0,1,0,9,6,8.3,5,7,Low,5007,2,1,0,-0.6,85,0,0,0,0,0,1,0,1,0,0,2026-02-24,34,34
U04082,2,35,160.2,45.9,17.9,2026-03-13,24,29,25,25,28,26.0,26.2,1.94,6,4,Medium,0,0,0,9,10,6.2,7,0,High,7916,10,0,0,-0.6,-42,0,0,0,0,0,0,0,0,0,0,2026-04-07,25,25
U04083,11,28,165.4,73.6,26.9,2026-03-02,28,27,27,28,26,27.33,27.2,0.75,4,3,Medium,0,0,0,5,1,9.2,2,1,Low,4806,6,0,0,0.7,-211,0,0,1,0,0,0,1,0,0,0,2026-03-30,28,28
U04084,12,23,160.9,58.8,22.7,2026-05-30,28,29,26,27,28,27.67,27.6,1.02,7,7,Medium,0,0,0,6,2,8.0,5,3,Moderate,3039,4,0,0,-0.0,-93,1,0,1,0,0,0,0,0,0,0,2026-06-27,28,28
U04085,10,28,149.6,64.9,29.0,2026-01-15,27,26,26,26,26,26.33,26.2,0.4,3,6,Light,0,0,0,5,8,6.1,6,1,Low,6885,5,0,0,-0.7,426,0,0,0,0,0,0,0,0,0,0,2026-02-12,28,28
U04086,8,26,159.8,47.2,18.5,2026-04-15,33,32,30,36,31,31.67,32.4,2.06,3,6,Medium,1,0,0,1,8,4.9,9,7,High,4660,7,0,0,-1.9,-500,0,1,0,0,0,0,0,0,0,0,2026-05-17,32,32
U04087,3,26,145.0,53.2,25.3,2026-04-20,31,32,29,30,30,30.67,30.4,1.02,7,3,Heavy,0,0,0,4,10,7.0,4,7,High,9674,8,0,0,1.4,-627,0,0,0,0,0,0,0,1,0,0,2026-05-20,30,30
U04088,2,19,153.1,49.7,21.2,2026-07-18,26,25,22,24,25,24.33,24.4,1.36,5,5,Heavy,0,0,0,8,7,8.4,9,4,Low,11638,5,1,0,2.1,-64,0,0,0,0,0,0,0,0,0,0,2026-08-16,29,29
U04089,2,30,152.7,59.2,25.4,2026-07-30,29,32,32,29,29,31.0,30.2,1.47,4,4,Medium,0,1,0,6,4,6.3,2,2,Low,11277,3,1,0,-0.2,69,0,0,0,0,0,0,0,0,0,0,2026-08-25,26,26
U04090,7,30,161.9,61.3,23.4,2026-06-30,31,29,27,32,30,29.0,29.8,1.72,5,7,Medium,1,0,1,9,9,8.3,6,5,High,9164,10,0,0,0.6,-509,0,0,0,1,0,0,0,0,0,0,2026-08-04,35,35
U04091,9,19,172.6,57.2,19.2,2026-08-11,28,28,28,26,29,28.0,27.8,0.98,4,3,Heavy,0,0,0,10,5,7.1,7,7,High,3802,5,0,0,-1.8,-509,0,0,0,0,0,0,0,0,0,0,2026-09-10,30,30
U04092,11,29,159.6,54.5,21.4,2026-07-01,26,28,26,25,26,26.67,26.2,0.98,6,7,Medium,0,1,0,9,2,9.1,10,7,Low,6787,3,0,0,1.1,103,0,0,0,0,0,0,0,0,0,0,2026-07-29,28,28
U04093,12,27,167.4,58.0,20.7,2026-08-06,35,33,34,35,37,34.0,34.8,1.33,7,6,Light,0,0,1,6,4,6.3,5,7,Moderate,12520,8,0,0,0.9,-24,0,1,0,1,0,0,0,0,0,1,2026-09-10,35,35
U04094,2,33,154.9,67.7,28.2,2026-07-24,32,31,29,30,31,30.67,30.6,1.02,6,7,Light,0,0,1,10,5,8.3,8,5,Moderate,13299,4,0,0,0.9,-412,0,1,0,1,0,0,0,0,0,0,2026-08-29,36,36
U04095,6,39,157.6,49.2,19.8,2026-02-24,30,28,31,30,30,29.67,29.8,0.98,7,5,Medium,0,0,0,9,7,8.4,4,2,Moderate,4850,6,0,0,1.7,-523,0,0,0,0,0,1,0,0,0,0,2026-03-27,31,31
U04096,10,30,178.0,75.1,23.7,2026-02-18,34,35,32,35,37,33.67,34.6,1.62,6,7,Heavy,0,0,0,8,7,7.2,4,5,Moderate,3558,5,0,0,0.9,-24,0,0,0,0,0,0,0,0,0,0,2026-03-24,34,34
U04097,5,38,152.0,46.9,20.3,2026-01-21,30,30,30,29,29,30.0,29.6,0.49,4,6,Medium,1,0,1,6,6,6.9,3,5,Moderate,5958,9,1,0,0.5,-398,0,0,0,1,1,0,0,0,0,0,2026-02-21,31,31
U04098,8,37,164.3,67.2,24.9,2026-03-03,32,30,29,34,30,30.33,31.0,1.79,4,3,Medium,1,0,0,8,9,7.2,8,5,High,7452,3,0,1,-1.1,7,0,0,0,0,0,0,0,0,0,0,2026-04-03,31,31
U04099,2,21,165.9,44.3,16.1,2026-01-05,28,31,28,28,25,29.0,28.0,1.9,5,6,Light,0,0,0,4,1,7.2,5,6,High,13014,10,0,0,-0.1,182,0,0,1,0,0,0,0,1,0,0,2026-02-03,29,29
U04100,3,37,167.6,55.1,19.6,2026-03-31,34,32,36,37,34,34.0,34.6,1.74,4,4,Medium,0,0,0,10,8,6.1,5,6,Moderate,11416,1,0,0,-2.2,299,0,1,0,0,0,1,0,0,0,0,2026-05-05,35,35
U04101,10,22,167.4,57.4,20.5,2026-06-21,28,31,31,27,30,30.0,29.4,1.62,5,6,Medium,0,0,0,4,10,8.0,4,7,Moderate,9551,7,0,0,2.5,-569,0,1,0,0,0,0,0,0,0,1,2026-07-16,25,25
U04102,12,20,165.6,57.9,21.1,2026-05-09,29,29,32,29,28,30.0,29.4,1.36,6,7,Heavy,0,0,0,7,1,8.1,2,3,Moderate,2502,5,0,0,1.1,96,0,1,0,0,0,0,0,0,0,0,2026-06-09,31,31
U04103,5,22,160.0,78.6,30.7,2026-07-24,27,28,27,29,26,27.33,27.4,1.02,3,4,Medium,0,0,0,4,2,8.3,9,0,Moderate,4273,1,0,0,-0.3,325,0,1,0,0,0,0,0,0,0,0,2026-08-21,28,28
U04104,4,31,166.1,51.0,18.5,2026-07-09,29,29,31,29,27,29.67,29.0,1.26,4,7,Medium,1,0,0,7,1,5.6,9,0,High,3497,7,0,0,-3.0,188,0,0,0,0,0,0,0,0,0,0,2026-08-09,31,31
U04105,10,19,159.5,54.7,21.5,2026-04-19,31,32,30,34,32,31.0,31.8,1.33,5,3,Medium,0,0,0,9,10,6.5,2,6,High,11831,3,0,0,-2.2,-199,0,0,0,0,0,0,0,0,0,1,2026-05-20,31,31
U04106,12,33,149.4,45.5,20.4,2026-05-06,35,36,34,34,33,35.0,34.4,1.02,6,3,Medium,0,0,1,9,4,5.6,10,2,Moderate,13651,7,0,0,1.6,303,1,0,0,1,0,0,0,0,0,0,2026-06-14,39,39
U04107,11,32,153.8,67.4,28.5,2026-05-25,35,34,36,33,36,35.0,34.8,1.17,4,3,Medium,0,0,0,8,1,4.5,9,3,Low,7666,3,0,0,-1.7,-559,0,0,0,0,0,0,0,0,0,0,2026-06-29,35,35
U04108,2,28,163.8,51.0,19.0,2026-07-30,34,31,38,33,32,34.33,33.6,2.42,5,6,Medium,0,0,1,3,5,7.9,1,3,Moderate,3208,7,0,0,0.4,-526,0,0,0,1,0,0,0,0,0,0,2026-09-03,35,35
U04109,4,18,147.6,59.7,27.4,2026-06-14,29,30,27,33,29,28.67,29.6,1.96,4,3,Medium,1,0,0,3,7,7.4,9,2,Moderate,13169,3,0,0,0.8,-136,0,0,0,0,0,0,0,1,0,0,2026-07-13,29,29
U04110,4,24,149.6,36.7,16.4,2026-06-12,33,34,36,33,35,34.33,34.2,1.17,7,4,Light,0,0,0,3,1,5.3,3,3,Moderate,8903,1,0,1,-0.9,0,1,0,1,0,0,0,0,0,0,0,2026-07-14,32,32
U04111,8,31,145.0,45.0,21.4,2026-07-15,31,33,30,33,33,31.33,32.0,1.26,6,4,Medium,0,0,0,10,3,9.2,5,7,Moderate,3324,5,0,0,2.2,-674,0,1,0,0,0,1,1,0,0,0,2026-08-15,31,31
U04112,10,21,159.9,59.3,23.2,2026-03-22,30,32,29,31,27,30.33,29.8,1.72,6,5,Medium,0,0,0,8,7,8.5,10,7,Low,2806,4,0,0,-0.0,164,0,0,0,0,0,0,0,0,0,0,2026-04-22,31,31
U04113,2,31,159.0,60.9,24.1,2026-01-25,31,34,31,33,33,32.0,32.4,1.2,7,7,Heavy,0,0,0,8,2,8.2,4,6,High,4611,3,0,0,0.3,53,0,0,1,0,0,0,0,0,0,0,2026-02-24,30,30
U04114,8,35,156.0,43.1,17.7,2026-07-03,33,34,31,32,35,32.67,33.0,1.41,5,6,Medium,0,0,0,9,4,7.9,8,6,Moderate,6079,7,0,0,-0.5,-359,0,1,1,0,1,0,0,1,0,0,2026-08-04,32,32
U04115,9,35,162.9,63.2,23.8,2026-02-26,28,28,25,24,29,27.0,26.8,1.94,4,4,Light,0,0,0,7,8,4.9,2,5,Moderate,10842,3,0,0,-1.8,-556,0,0,0,0,0,0,0,1,0,0,2026-03-26,28,28
U04116,12,18,161.9,68.7,26.2,2026-06-24,30,28,30,30,32,29.33,30.0,1.26,5,6,Heavy,0,0,0,3,9,8.0,8,3,Moderate,4713,4,0,0,0.2,-161,1,1,0,0,0,0,0,0,0,0,2026-07-24,30,30
U04117,3,29,151.3,63.0,27.5,2026-03-08,35,35,36,37,34,35.33,35.4,1.02,7,4,Medium,0,0,1,6,3,7.7,10,3,Moderate,9977,1,1,0,-0.5,-202,0,0,1,1,0,0,0,0,0,1,2026-04-11,34,34
U04118,9,30,165.6,76.8,28.0,2026-02-04,36,38,36,38,36,36.67,36.8,0.98,3,5,Light,1,0,1,5,7,5.6,3,2,Moderate,4853,1,1,1,-1.2,-134,0,0,0,1,0,0,0,0,0,0,2026-03-10,34,34
U04119,10,25,160.4,58.4,22.7,2026-03-21,30,28,33,30,29,30.33,30.0,1.67,5,7,Heavy,0,0,0,4,5,6.1,2,1,Moderate,10392,6,0,0,-0.1,-561,0,1,0,0,0,0,0,0,0,0,2026-04-20,30,30
U04120,8,40,162.0,63.2,24.1,2026-06-16,27,25,25,26,25,25.67,25.6,0.8,5,7,Medium,0,0,0,7,3,6.5,7,2,Moderate,13182,9,0,0,1.2,-22,0,0,0,0,0,0,0,1,0,0,2026-07-13,27,27
U04121,7,26,160.5,60.0,23.3,2026-06-27,31,32,31,35,35,31.33,32.8,1.83,4,3,Light,0,0,0,10,1,4.9,8,2,Moderate,3813,3,0,0,0.3,-465,0,0,0,0,0,0,0,0,0,0,2026-07-28,31,31
U04122,3,34,152.0,50.4,21.8,2026-07-19,24,26,26,22,23,25.33,24.2,1.6,7,6,Medium,0,0,0,6,1,6.6,2,6,Moderate,10626,8,0,0,-0.9,-108,0,0,0,0,0,0,0,0,0,0,2026-08-12,24,24
U04123,4,33,161.4,67.7,26.0,2026-06-03,26,29,26,28,27,27.0,27.2,1.17,5,4,Medium,0,0,0,7,1,7.0,2,4,Low,9848,4,0,0,0.0,227,0,1,0,0,0,0,0,0,0,0,2026-06-30,27,27
U04124,5,21,158.8,60.8,24.1,2026-01-29,32,30,35,28,30,32.33,31.0,2.37,6,7,Heavy,0,0,0,7,9,7.3,4,0,Low,8200,8,1,0,-1.4,-162,0,0,0,0,0,0,0,0,1,0,2026-03-02,32,32
U04125,12,19,164.6,82.4,30.4,2026-03-31,30,30,33,29,29,31.0,30.2,1.47,5,4,Light,0,0,0,1,9,5.4,3,1,Moderate,13539,7,0,1,0.9,-353,0,0,0,0,0,0,0,0,0,0,2026-04-29,29,29
U04126,5,37,162.6,46.5,17.6,2026-05-15,31,31,34,31,32,32.0,31.8,1.17,5,3,Heavy,0,1,0,6,1,7.1,6,4,High,3471,4,0,0,2.3,361,0,0,0,0,0,0,0,0,0,0,2026-06-18,34,34
U04127,8,23,163.0,81.0,30.5,2026-06-12,31,31,30,31,31,30.67,30.8,0.4,5,7,Medium,0,1,0,7,4,8.5,7,5,Moderate,9425,9,0,0,1.2,-400,0,0,0,0,0,0,0,0,0,0,2026-07-11,29,29
U04128,2,33,170.3,71.3,24.6,2026-08-12,28,28,29,28,30,28.33,28.6,0.8,4,7,Medium,0,0,0,7,2,5.4,9,4,High,2084,6,0,0,-0.2,88,0,0,0,0,0,0,0,0,0,0,2026-09-10,29,29
U04129,5,27,169.4,65.4,22.8,2026-02-04,29,28,29,27,27,28.67,28.0,0.89,5,6,Medium,0,0,0,3,6,7.9,1,4,Moderate,13644,8,0,0,-1.0,-615,0,0,1,0,0,0,0,0,0,1,2026-03-04,28,28
U04130,7,35,155.7,66.4,27.4,2026-08-23,32,33,30,33,36,31.67,32.8,1.94,6,3,Medium,0,0,0,5,7,7.4,6,5,Low,10917,6,0,0,-0.8,-502,0,0,0,0,0,0,0,0,1,0,2026-09-25,33,33
U04131,2,29,161.1,53.2,20.5,2026-02-16,30,31,31,31,29,30.67,30.4,0.8,6,7,Light,0,0,0,3,1,6.8,3,4,High,2797,2,0,0,1.2,121,1,0,1,0,0,0,1,1,0,0,2026-03-16,28,28
U04132,4,24,145.0,38.7,18.4,2026-06-01,30,32,29,28,32,30.33,30.2,1.6,3,6,Medium,0,0,0,7,4,6.3,9,7,Moderate,12334,1,0,0,-0.2,-8,0,0,0,0,0,0,0,0,1,0,2026-06-30,29,29
U04133,6,22,155.9,53.0,21.8,2026-06-18,30,32,31,31,30,31.0,30.8,0.75,5,3,Medium,0,0,0,3,3,6.0,5,3,Moderate,11911,8,1,0,-0.2,401,0,0,0,0,0,0,0,1,0,0,2026-07-17,29,29
U04134,11,39,163.2,83.1,31.2,2026-02-14,29,30,29,24,32,29.33,28.8,2.64,7,4,Light,0,0,0,2,1,7.2,3,1,High,4604,10,0,0,1.4,-684,0,0,0,0,0,0,0,0,0,0,2026-03-13,27,27
U04135,11,33,153.3,50.3,21.4,2026-03-23,32,32,34,33,34,32.67,33.0,0.89,7,7,Medium,0,0,0,9,1,9.6,10,3,Low,11011,7,0,0,1.1,-19,0,0,0,0,0,0,0,0,0,0,2026-04-27,35,35
U04136,3,33,158.6,68.7,27.3,2026-06-06,30,28,35,31,29,31.0,30.6,2.42,6,3,Medium,0,0,0,7,7,7.1,7,6,Moderate,11359,6,0,0,-0.7,-26,0,0,1,0,0,0,0,0,0,1,2026-07-06,30,30
U04137,10,31,159.6,65.7,25.8,2026-02-22,27,27,25,26,30,26.33,27.0,1.67,4,6,Heavy,0,0,0,8,6,6.0,6,5,Moderate,13795,5,0,1,0.4,-476,0,0,0,0,0,0,0,0,0,0,2026-03-24,30,30
U04138,9,23,159.2,47.1,18.6,2026-04-24,31,30,29,31,31,30.0,30.4,0.8,6,3,Heavy,0,0,0,2,1,6.4,7,4,High,10692,4,0,1,0.3,421,0,0,1,0,0,0,0,0,0,1,2026-05-22,28,28
U04139,2,23,170.0,65.9,22.8,2026-01-31,28,30,27,25,29,28.33,27.8,1.72,5,7,Light,0,0,0,9,7,7.5,10,6,High,8150,10,0,0,0.5,430,0,1,0,0,0,0,0,0,0,0,2026-03-02,30,30
U04140,8,25,155.3,69.0,28.6,2026-03-23,29,28,32,29,26,29.67,28.8,1.94,5,6,Medium,0,0,0,3,6,6.4,5,5,Moderate,12094,4,0,0,-0.2,-38,1,0,1,0,0,0,0,0,0,1,2026-04-16,24,24
U04141,5,39,147.8,65.5,30.0,2026-08-20,36,36,34,37,36,35.33,35.8,0.98,4,4,Medium,0,0,1,2,1,5.9,10,6,Low,3270,5,0,1,0.1,-466,1,1,0,1,0,0,0,0,0,0,2026-09-26,37,37
U04142,11,22,148.2,54.9,25.0,2026-04-08,30,27,35,32,29,30.67,30.6,2.73,5,3,Light,0,0,0,1,4,5.3,3,3,Low,12127,2,0,0,-0.4,143,0,0,0,0,0,0,0,0,0,0,2026-05-04,26,26
U04143,6,28,171.3,54.3,18.5,2026-02-14,34,31,34,34,33,33.0,33.2,1.17,5,7,Light,1,0,0,2,4,8.2,3,6,Moderate,2581,3,0,0,-2.2,-67,1,1,0,0,0,1,0,0,1,0,2026-03-20,34,34
U04144,12,18,161.5,52.7,20.2,2026-02-10,29,25,25,29,27,26.33,27.0,1.79,5,6,Light,0,0,0,5,9,5.0,5,5,High,10137,6,0,0,-1.2,433,0,0,0,0,0,0,0,0,0,0,2026-03-12,30,30
U04145,5,20,153.1,47.1,20.1,2026-06-17,24,25,23,25,23,24.0,24.0,0.89,7,4,Medium,1,0,0,4,5,8.0,9,0,Low,12172,7,0,0,-0.4,205,0,0,0,0,1,0,1,0,0,0,2026-07-12,25,25
U04146,4,19,162.2,61.8,23.5,2026-01-13,28,27,27,27,28,27.33,27.4,0.49,6,7,Medium,0,0,0,5,10,6.8,8,5,Moderate,4285,9,0,0,-0.0,-539,0,1,0,0,0,0,0,0,0,1,2026-02-08,26,26
U04147,10,35,158.7,50.6,20.1,2026-07-11,30,30,28,32,31,29.33,30.2,1.33,3,3,Light,0,1,0,5,2,10.0,6,3,Moderate,10129,2,1,0,0.8,-582,1,0,1,0,0,0,0,1,0,0,2026-08-09,29,29
U04148,9,21,155.6,57.4,23.7,2026-03-16,28,27,27,29,30,27.33,28.2,1.17,4,4,Medium,0,0,0,3,5,7.4,10,6,High,12024,1,0,0,-0.3,-528,0,0,0,0,0,0,0,0,0,0,2026-04-14,29,29
U04149,7,22,158.7,55.4,22.0,2026-05-16,29,29,30,33,26,29.33,29.4,2.24,5,4,Light,0,0,0,6,3,7.2,2,6,High,8273,7,0,0,0.6,493,0,0,1,0,0,0,0,0,0,0,2026-06-15,30,30
U04150,3,38,155.0,58.6,24.4,2026-07-27,27,23,25,30,23,25.0,25.6,2.65,7,4,Medium,0,0,0,6,1,5.7,6,3,Low,3798,1,0,0,0.5,56,0,0,0,0,0,0,0,1,0,0,2026-08-21,25,25
U04151,10,34,147.4,62.1,28.6,2026-05-23,30,29,33,33,33,30.67,31.6,1.74,6,5,Medium,0,0,0,8,5,8.7,3,5,Moderate,11810,6,0,0,-0.9,438,0,1,1,0,0,0,0,0,0,0,2026-06-21,29,29
U04152,12,32,170.5,70.1,24.1,2026-07-11,29,30,28,29,32,29.0,29.6,1.36,6,3,Heavy,0,0,0,4,6,7.9,5,3,Moderate,7913,8,0,0,2.1,-417,0,0,0,0,1,0,0,0,0,0,2026-08-10,30,30
U04153,10,38,159.5,46.6,18.3,2026-07-16,27,26,26,28,29,26.33,27.2,1.17,4,4,Medium,1,0,0,6,1,5.9,8,6,High,10782,5,0,1,0.1,-34,0,0,0,0,0,0,0,0,0,1,2026-08-14,29,29
U04154,7,28,161.8,43.7,16.7,2026-05-03,29,31,30,29,28,30.0,29.4,1.02,6,5,Medium,0,0,0,10,1,6.6,1,2,Moderate,7779,2,0,0,0.4,-63,0,0,0,0,0,0,0,0,0,0,2026-05-30,27,27
U04155,12,30,151.0,50.8,22.3,2026-04-05,27,29,25,27,23,27.0,26.2,2.04,6,6,Light,0,0,0,5,5,6.5,5,1,Low,5931,9,0,0,0.2,-332,1,0,0,0,0,0,0,0,0,0,2026-05-01,26,26
U04156,6,29,159.2,53.2,21.0,2026-04-27,29,28,30,31,31,29.0,29.8,1.17,5,4,Heavy,0,0,0,3,1,6.8,6,6,Low,7586,3,0,0,-1.0,-564,0,0,0,0,1,0,0,0,0,0,2026-05-26,29,29
U04157,2,37,155.7,57.5,23.7,2026-06-12,30,32,30,31,30,30.67,30.6,0.8,6,7,Heavy,0,0,0,4,3,7.5,3,1,Moderate,6788,1,0,0,1.1,-418,0,0,0,0,0,0,0,0,0,0,2026-07-13,31,31
U04158,10,39,152.5,47.7,20.5,2026-02-16,30,29,32,31,29,30.33,30.2,1.17,6,7,Medium,0,0,0,1,4,8.2,3,7,High,6530,4,0,0,2.0,-259,0,0,0,0,0,0,0,0,0,0,2026-03-14,26,26
U04159,2,24,172.5,64.3,21.6,2026-08-26,31,31,33,34,35,31.67,32.8,1.6,6,7,Medium,0,0,0,10,6,7.5,4,3,Moderate,3882,10,0,0,-0.3,232,0,0,0,0,0,0,0,0,0,0,2026-09-27,32,32
U04160,5,27,155.5,51.7,21.4,2026-02-23,27,26,27,27,25,26.67,26.4,0.8,6,3,Light,0,0,0,3,6,5.7,4,7,High,5012,8,0,0,0.5,406,1,1,0,0,0,0,0,0,0,0,2026-03-22,27,27
U04161,4,32,167.1,60.0,21.5,2026-08-25,32,26,32,36,31,30.0,31.4,3.2,4,6,Medium,0,0,1,9,8,6.3,2,4,Moderate,9968,6,0,0,-1.2,-85,0,0,1,0,0,0,0,0,0,0,2026-09-26,32,32
U04162,11,27,166.3,56.1,20.3,2026-03-06,28,28,26,30,28,27.33,28.0,1.26,6,6,Light,0,0,1,6,3,7.8,7,0,High,4959,4,0,0,-1.5,-698,0,0,0,1,0,1,0,0,0,1,2026-04-01,26,26
U04163,3,21,164.5,64.4,23.8,2026-02-01,26,27,28,26,26,27.0,26.6,0.8,3,4,Medium,0,0,0,9,7,6.3,3,4,Moderate,8112,3,0,0,-0.1,7,0,1,0,0,0,0,0,0,0,0,2026-02-25,24,24
U04164,10,22,145.6,52.6,24.8,2026-02-01,29,27,29,29,29,28.33,28.6,0.8,4,4,Light,0,0,0,5,2,5.5,10,0,Moderate,7152,3,0,0,0.2,441,0,0,0,0,0,0,0,0,0,0,2026-03-03,30,30
U04165,2,20,150.0,45.7,20.3,2026-01-11,27,26,29,30,25,27.33,27.4,1.85,3,7,Medium,0,0,0,6,3,6.9,7,1,Moderate,9789,8,0,0,0.8,-483,0,1,0,0,1,0,0,0,0,0,2026-02-07,27,27
U04166,8,21,169.2,56.7,19.8,2026-07-02,30,28,29,33,30,29.0,30.0,1.67,6,5,Medium,1,0,0,10,5,7.6,2,7,Low,9729,4,1,1,0.7,-51,0,0,0,0,0,0,0,0,0,0,2026-08-04,33,33
U04167,11,36,160.2,50.6,19.7,2026-06-20,27,26,25,27,26,26.0,26.2,0.75,7,6,Heavy,0,0,0,10,9,6.4,3,2,Low,11269,7,0,0,0.8,265,0,0,1,0,0,0,0,0,0,0,2026-07-19,29,29
U04168,11,18,159.2,61.1,24.1,2026-02-25,28,30,29,30,28,29.0,29.0,0.89,5,6,Light,0,0,0,9,6,7.5,5,2,Low,11804,6,0,0,1.0,-649,0,0,0,0,1,0,0,0,0,0,2026-03-24,27,27
U04169,4,34,158.3,55.4,22.1,2026-03-29,28,28,30,31,29,28.67,29.2,1.17,4,4,Medium,0,0,0,3,6,6.2,4,0,Low,5247,1,0,0,1.6,127,0,1,1,0,0,0,0,0,0,0,2026-04-26,28,28
U04170,6,30,168.8,55.3,19.4,2026-01-24,27,27,26,29,27,26.67,27.2,0.98,6,4,Medium,0,0,0,7,8,6.5,1,1,Moderate,13435,9,0,0,3.1,-570,0,0,0,0,0,0,0,0,0,0,2026-02-20,27,27
U04171,10,39,157.8,60.5,24.3,2026-02-08,30,32,26,29,32,29.33,29.8,2.23,4,5,Medium,0,1,0,2,8,6.6,2,6,Low,13919,8,0,0,0.7,-153,1,1,0,0,0,0,1,1,0,0,2026-03-09,29,29
U04172,9,31,149.5,55.9,25.0,2026-07-06,29,29,28,30,29,28.67,29.0,0.63,4,6,Medium,0,0,0,5,10,6.1,9,6,Moderate,10426,1,0,0,1.2,65,0,0,1,0,0,0,0,1,0,0,2026-08-05,30,30
U04173,3,39,148.8,45.4,20.5,2026-03-26,31,27,32,29,31,30.0,30.0,1.79,4,7,Medium,0,0,0,2,2,7.5,5,0,Moderate,7291,3,0,1,-0.0,-679,1,0,0,0,0,0,0,1,0,0,2026-04-22,27,27
U04174,8,30,153.7,55.0,23.3,2026-01-16,31,30,33,34,31,31.33,31.8,1.47,4,4,Light,0,0,0,9,3,7.0,2,7,High,2783,6,0,0,-0.4,22,1,1,1,0,0,0,0,0,0,0,2026-02-14,29,29
U04175,5,38,168.0,48.3,17.1,2026-08-28,32,30,32,32,30,31.33,31.2,0.98,6,3,Light,0,0,1,6,7,4.7,5,7,Low,6738,9,0,0,0.7,-28,0,1,0,1,0,0,0,0,0,0,2026-09-29,32,32
U04176,11,34,172.2,53.7,18.1,2026-05-14,28,27,29,27,30,28.0,28.2,1.17,5,4,Medium,0,0,0,8,1,6.4,10,1,Moderate,5983,1,0,0,2.5,139,1,1,0,0,0,0,0,0,0,0,2026-06-11,28,28
U04177,11,32,152.8,55.1,23.6,2026-05-03,25,25,24,27,25,24.67,25.2,0.98,4,4,Heavy,0,0,0,5,8,8.7,10,0,High,8780,2,0,0,0.3,-406,1,0,1,0,0,0,0,0,0,1,2026-05-28,25,25
U04178,7,21,155.8,50.7,20.9,2026-03-11,31,32,28,29,28,30.33,29.6,1.62,5,5,Heavy,1,0,0,9,3,7.2,7,1,Moderate,6029,4,0,0,-0.4,-632,0,1,0,0,0,1,0,0,0,0,2026-04-12,32,32
U04179,3,30,160.8,65.4,25.3,2026-01-13,30,31,34,29,29,31.67,30.6,1.85,7,5,Medium,1,0,0,5,8,5.8,3,0,Moderate,8969,5,0,0,-0.0,-665,0,0,1,0,0,0,0,0,0,0,2026-02-13,31,31
U04180,9,31,168.7,70.6,24.8,2026-04-23,30,28,26,31,30,28.0,29.0,1.79,3,4,Medium,0,0,0,10,2,7.1,1,5,High,8098,3,0,0,2.0,-306,1,0,0,0,0,0,0,0,0,1,2026-05-23,30,30
U04181,5,23,155.1,52.4,21.8,2026-07-29,33,35,33,37,34,33.67,34.4,1.5,7,6,Heavy,0,0,0,6,3,6.2,1,6,Moderate,13815,4,0,0,-1.7,-625,0,0,0,0,1,0,0,0,0,0,2026-08-31,33,33
U04182,10,39,158.1,57.0,22.8,2026-06-24,35,33,34,36,33,34.0,34.2,1.17,6,4,Medium,0,0,0,8,8,6.7,9,4,Low,6711,4,0,1,0.4,158,1,0,0,0,1,0,0,0,0,0,2026-07-30,36,36
U04183,5,22,162.9,50.9,19.2,2026-04-23,33,33,33,34,30,33.0,32.6,1.36,5,7,Medium,1,0,0,3,9,7.5,3,3,High,8250,1,0,0,-1.2,-182,0,0,0,0,0,0,0,0,0,0,2026-05-23,30,30
U04184,11,31,163.8,45.6,17.0,2026-05-29,31,36,31,32,33,32.67,32.6,1.85,7,5,Light,1,0,0,9,2,7.7,3,2,High,7430,7,0,0,0.4,482,0,0,0,0,0,0,0,0,0,1,2026-06-29,31,31
U04185,7,28,155.2,60.5,25.1,2026-01-01,30,27,28,29,32,28.33,29.2,1.72,4,5,Heavy,0,0,1,1,7,8.2,3,4,Moderate,7574,6,0,0,1.2,-535,0,0,0,1,0,0,0,0,0,0,2026-02-01,31,31
U04186,4,35,158.0,39.9,16.0,2026-04-07,28,28,25,26,26,27.0,26.6,1.2,7,3,Medium,0,1,0,8,2,6.9,9,5,High,7304,1,0,0,-0.7,-205,0,0,0,0,0,0,0,0,0,0,2026-05-07,30,30
U04187,8,31,155.1,40.7,16.9,2026-01-23,31,30,30,28,34,30.33,30.6,1.96,3,5,Medium,0,0,0,1,10,8.1,4,1,Low,11730,5,0,0,-0.7,-674,0,1,0,0,0,0,1,0,0,0,2026-02-22,30,30
U04188,11,29,153.2,45.3,19.3,2026-07-22,30,30,32,29,30,30.67,30.2,0.98,4,5,Medium,0,0,0,5,7,6.4,10,6,Moderate,12410,4,0,0,0.4,-631,0,0,0,0,0,0,0,0,0,0,2026-08-21,30,30
U04189,5,27,157.3,60.1,24.3,2026-03-18,24,25,21,24,24,23.33,23.6,1.36,3,5,Medium,0,0,0,10,10,7.9,7,0,Moderate,9295,3,0,0,0.7,314,0,0,0,0,0,0,0,0,0,0,2026-04-14,27,27
U04190,5,20,156.2,49.0,20.1,2026-06-02,27,28,28,29,32,27.67,28.8,1.72,4,5,Light,0,0,0,5,9,6.9,6,5,Moderate,7317,6,0,0,-0.0,295,0,0,0,0,0,0,0,0,0,0,2026-06-29,27,27
U04191,11,40,157.7,58.4,23.5,2026-08-25,29,28,29,29,28,28.67,28.6,0.49,6,3,Medium,0,0,0,8,2,6.1,6,4,Moderate,13573,10,0,1,0.6,304,0,0,0,0,0,0,0,0,0,0,2026-09-22,28,28
U04192,3,40,153.3,63.9,27.2,2026-06-08,28,30,30,29,31,29.33,29.6,1.02,7,4,Medium,0,0,0,7,6,8.2,5,4,High,13779,3,0,0,-0.3,-62,0,1,0,0,0,0,0,0,0,0,2026-07-06,28,28
U04193,4,37,165.2,77.8,28.5,2026-07-23,26,26,29,24,23,27.0,25.6,2.06,3,3,Medium,0,0,0,5,8,6.5,4,2,Moderate,2991,7,0,0,-0.0,-624,1,0,0,0,0,0,0,0,0,0,2026-08-17,25,25
U04194,5,26,172.2,62.9,21.2,2026-07-10,29,29,27,30,29,28.33,28.8,0.98,4,4,Medium,0,0,0,6,7,8.3,3,6,Moderate,9302,3,1,0,-1.1,-251,1,0,0,0,0,0,0,0,0,0,2026-08-09,30,30
U04195,8,32,159.7,68.6,26.9,2026-03-19,26,29,26,27,28,27.0,27.2,1.17,3,6,Heavy,0,0,1,4,2,6.7,9,2,Low,2172,2,1,0,-0.7,-475,0,0,0,1,0,0,0,0,0,0,2026-04-16,28,28
U04196,6,21,174.6,73.5,24.1,2026-05-31,30,27,29,32,31,28.67,29.8,1.72,5,4,Medium,0,0,0,4,6,7.0,1,7,Moderate,6809,4,0,0,-2.6,67,0,1,0,0,0,0,0,1,0,0,2026-06-30,30,30
U04197,9,27,153.2,62.7,26.7,2026-01-30,33,35,30,31,33,32.67,32.4,1.74,7,6,Medium,0,0,0,7,5,5.9,9,0,High,2173,8,0,0,1.6,167,0,0,0,0,0,0,0,0,0,0,2026-03-06,35,35
U04198,7,31,156.3,50.8,20.8,2026-04-16,29,29,31,27,26,29.67,28.4,1.74,4,4,Heavy,0,0,0,4,4,4.9,10,1,High,11576,3,0,0,-2.9,-424,1,0,1,0,0,0,0,1,1,0,2026-05-14,28,28
U04199,8,19,165.7,76.9,28.0,2026-05-11,30,34,31,30,31,31.67,31.2,1.47,5,7,Heavy,0,0,0,8,5,7.8,10,1,High,11831,5,0,0,2.2,-510,0,0,0,0,0,0,0,0,0,0,2026-06-11,31,31
U04200,7,20,148.7,47.3,21.4,2026-06-14,31,29,29,31,31,29.67,30.2,0.98,3,7,Medium,0,0,0,1,6,7.3,1,2,Low,8102,8,0,0,2.0,-537,1,0,0,0,0,0,0,0,0,0,2026-07-15,31,31
U04201,8,38,156.8,60.0,24.4,2026-08-17,29,26,25,30,29,26.67,27.8,1.94,7,6,Medium,0,0,0,6,1,6.8,2,5,Low,8923,3,0,0,0.4,-601,0,0,0,0,0,0,0,0,0,0,2026-09-19,33,33
U04202,9,26,163.2,66.1,24.8,2026-06-28,24,24,23,23,25,23.67,23.8,0.75,3,3,Light,0,0,0,10,3,8.3,5,3,Moderate,11825,10,0,0,1.2,395,0,0,0,0,0,0,0,0,0,0,2026-07-25,27,27
U04203,8,35,171.6,66.5,22.6,2026-01-13,31,30,29,32,32,30.0,30.8,1.17,3,3,Heavy,0,0,0,5,7,7.8,2,2,Low,3127,7,0,0,-1.8,423,0,0,1,0,1,0,0,0,0,0,2026-02-11,29,29
U04204,11,30,146.5,37.6,17.5,2026-01-16,26,23,28,25,24,25.67,25.2,1.72,7,7,Light,0,0,1,2,4,6.2,2,5,High,2260,8,0,0,-1.3,-7,0,0,0,1,0,0,0,0,0,0,2026-02-10,25,25
U04205,10,25,156.5,54.1,22.1,2026-04-24,28,30,30,27,27,29.33,28.4,1.36,4,4,Heavy,0,0,0,8,7,7.0,2,1,Moderate,11980,8,0,0,0.3,-547,0,0,1,0,0,0,0,0,0,0,2026-05-23,29,29
U04206,8,18,158.3,43.4,17.3,2026-02-11,30,27,31,29,33,29.33,30.0,2.0,5,7,Medium,1,0,0,9,4,6.9,1,3,Low,9446,9,0,0,0.9,-378,0,0,1,0,0,0,0,0,0,0,2026-03-15,32,32
U04207,11,21,156.4,57.7,23.6,2026-03-17,28,30,27,25,25,28.33,27.0,1.9,5,7,Medium,0,0,1,7,7,8.0,4,5,Low,5234,8,0,0,1.2,-661,0,0,0,1,0,0,0,0,0,0,2026-04-14,28,28
U04208,6,38,156.0,63.8,26.2,2026-07-22,28,28,29,28,29,28.33,28.4,0.49,6,7,Heavy,0,0,0,4,4,5.4,10,4,High,2115,3,0,0,1.3,-664,0,1,0,0,0,0,0,0,0,0,2026-08-19,28,28
U04209,2,35,169.2,53.5,18.7,2026-07-30,33,34,31,34,30,32.67,32.4,1.62,6,3,Light,0,0,0,2,9,7.1,5,5,Low,4995,8,0,0,2.0,105,0,0,1,0,0,0,0,0,0,0,2026-08-29,30,30
U04210,6,23,158.8,64.8,25.7,2026-02-25,33,34,35,33,33,34.0,33.6,0.8,3,4,Light,0,0,0,5,2,5.9,8,5,Moderate,7415,8,0,0,0.7,-656,0,1,0,0,0,1,0,1,0,1,2026-03-30,33,33
U04211,4,30,161.3,55.9,21.5,2026-03-01,28,25,28,30,28,27.0,27.8,1.6,7,4,Heavy,0,0,0,2,3,6.6,1,3,Moderate,12171,9,0,0,1.1,413,0,0,0,0,0,0,0,1,0,0,2026-03-29,28,28
U04212,2,31,159.8,64.6,25.3,2026-05-17,28,29,29,27,28,28.67,28.2,0.75,5,7,Medium,0,0,1,3,6,5.9,2,1,Moderate,10978,9,0,0,0.7,-179,0,0,0,1,0,0,0,0,0,0,2026-06-13,27,27
U04213,7,33,161.1,62.0,23.9,2026-07-10,31,31,30,30,29,30.67,30.2,0.75,5,3,Medium,0,0,0,7,6,7.3,2,3,Moderate,12099,5,0,0,2.7,-400,1,0,0,0,0,0,0,0,0,0,2026-08-13,34,34
U04214,10,33,162.9,42.5,16.0,2026-03-04,30,29,31,31,30,30.0,30.2,0.75,4,4,Medium,0,0,0,10,10,9.5,10,0,Moderate,6547,9,0,0,-1.9,-622,0,0,0,0,0,0,0,0,0,0,2026-04-03,30,30
U04215,2,32,164.6,78.6,29.0,2026-03-29,35,34,34,33,37,34.33,34.6,1.36,4,3,Medium,0,0,1,10,3,6.2,10,0,High,9733,9,0,0,0.5,279,1,0,0,1,0,0,0,0,0,0,2026-05-08,40,40
U04216,7,27,151.6,49.0,21.3,2026-04-03,31,32,32,29,34,31.67,31.6,1.62,4,3,Heavy,1,0,0,5,7,7.1,3,4,Moderate,2267,4,0,0,0.5,-680,0,1,1,0,0,0,0,0,0,0,2026-05-02,29,29
U04217,9,32,168.2,80.9,28.6,2026-06-01,33,34,34,31,33,33.67,33.0,1.1,6,5,Medium,0,0,0,1,4,7.0,7,6,Moderate,7951,4,0,0,-1.3,-353,0,0,0,0,0,0,0,0,1,0,2026-07-03,32,32
U04218,4,38,155.7,53.6,22.1,2026-04-12,27,30,30,30,27,29.0,28.8,1.47,4,6,Medium,0,0,0,3,7,7.0,10,3,Moderate,4572,2,0,0,-0.0,-404,0,0,0,0,0,0,0,0,0,0,2026-05-11,29,29
U04219,8,20,156.5,54.4,22.2,2026-01-06,30,33,30,31,31,31.0,31.0,1.1,3,6,Medium,0,0,0,2,6,8.3,5,1,High,12755,10,0,1,-1.0,-578,1,0,0,0,0,0,0,0,0,0,2026-02-03,28,28
U04220,7,35,160.6,61.6,23.9,2026-02-23,32,29,33,31,32,31.33,31.4,1.36,5,5,Light,0,0,0,5,1,9.2,7,1,Low,12391,5,0,0,1.4,-41,0,1,0,0,0,0,0,0,0,0,2026-03-27,32,32
U04221,5,27,159.8,45.5,17.8,2026-02-22,32,34,34,32,31,33.33,32.6,1.2,4,3,Medium,0,0,1,9,2,8.8,6,2,Moderate,6483,4,0,0,-0.1,-73,1,0,0,1,0,0,0,0,0,0,2026-03-25,31,31
U04222,6,33,157.6,45.0,18.1,2026-05-19,28,26,28,31,26,27.33,27.8,1.83,7,5,Heavy,0,0,0,8,9,6.0,5,0,Low,13915,1,0,0,-1.6,362,0,1,0,0,0,0,0,0,0,0,2026-06-18,30,30
U04223,5,29,167.0,65.0,23.3,2026-05-25,28,26,29,30,32,27.67,29.0,2.0,4,7,Medium,0,0,0,1,10,7.7,6,2,Moderate,8122,4,0,0,0.2,321,0,0,0,0,0,0,0,0,0,0,2026-06-23,29,29
U04224,8,31,154.8,65.9,27.5,2026-07-03,30,29,30,31,34,29.67,30.8,1.72,6,3,Medium,0,0,0,3,8,6.1,2,0,Moderate,8951,1,0,0,-0.2,-387,0,0,0,0,0,0,0,0,0,0,2026-08-02,30,30
U04225,10,32,157.4,63.7,25.7,2026-07-20,26,24,24,25,25,24.67,24.8,0.75,6,4,Medium,0,0,0,5,1,6.4,6,1,High,4234,4,0,1,-0.3,27,0,1,0,0,0,1,0,0,0,0,2026-08-13,24,24
U04226,5,36,171.0,69.0,23.6,2026-01-10,31,30,30,29,32,30.33,30.4,1.02,4,5,Light,0,0,0,10,10,6.5,1,6,High,2867,3,0,0,-1.0,-120,0,0,0,0,0,0,0,0,0,1,2026-02-11,32,32
U04227,5,28,158.3,62.6,25.0,2026-03-08,28,29,31,30,27,29.33,29.0,1.41,3,4,Light,0,0,0,3,2,6.8,3,3,High,12295,9,0,0,-2.2,-318,0,0,0,0,0,0,0,0,0,0,2026-04-04,27,27
U04228,10,20,158.0,52.4,21.0,2026-05-06,26,27,27,27,24,26.67,26.2,1.17,7,6,Medium,0,0,0,8,6,7.0,8,7,Moderate,5519,10,0,0,-0.7,311,0,0,0,0,0,0,0,0,0,0,2026-05-31,25,25
U04229,5,19,151.4,47.4,20.7,2026-01-20,32,32,34,34,31,32.67,32.6,1.2,4,7,Medium,0,0,0,9,6,8.2,8,7,High,10964,7,0,0,0.7,486,0,0,0,0,0,0,0,0,1,0,2026-02-22,33,33
U04230,7,38,160.7,63.3,24.5,2026-02-10,26,27,25,26,28,26.0,26.4,1.02,5,3,Heavy,1,1,0,5,1,6.6,7,6,Low,5122,10,0,0,0.1,355,1,0,1,0,0,0,0,1,0,0,2026-03-10,28,28
U04231,3,38,156.7,65.1,26.5,2026-01-24,28,28,26,27,30,27.33,27.8,1.33,6,5,Heavy,0,0,1,2,3,6.2,3,4,Moderate,9687,2,0,1,-0.6,363,0,0,0,1,0,0,0,0,0,0,2026-02-21,28,28
U04232,8,25,171.9,62.9,21.3,2026-05-22,38,40,35,38,38,37.67,37.8,1.6,7,6,Medium,0,0,1,2,9,7.2,1,7,Moderate,11653,8,0,0,1.3,-499,0,0,1,1,0,0,0,0,0,1,2026-06-29,38,38
U04233,9,39,157.5,58.8,23.7,2026-08-24,30,32,33,31,30,31.67,31.2,1.17,6,3,Heavy,0,0,0,6,6,8.3,1,6,Moderate,12971,7,0,0,-1.1,-536,0,0,1,0,0,0,0,0,0,0,2026-09-22,29,29
U04234,9,19,156.1,44.6,18.3,2026-04-26,32,33,34,30,33,33.0,32.4,1.36,4,4,Light,0,0,1,5,9,8.4,1,5,Moderate,8636,5,0,0,0.9,-324,1,1,0,1,0,0,0,0,0,0,2026-05-26,30,30
U04235,4,37,165.1,69.5,25.5,2026-05-11,27,24,27,25,30,26.0,26.6,2.06,7,3,Light,0,0,0,10,3,6.5,4,4,Moderate,11321,10,1,0,0.2,94,0,0,0,0,0,0,0,0,0,0,2026-06-04,24,24
U04236,6,26,167.8,51.2,18.2,2026-05-23,25,25,24,23,23,24.67,24.0,0.89,7,5,Heavy,0,0,0,2,8,8.1,8,7,Moderate,9465,8,0,0,-0.9,-552,0,0,0,0,0,1,0,0,0,0,2026-06-16,24,24
U04237,8,24,163.0,48.6,18.3,2026-02-20,32,31,32,31,31,31.67,31.4,0.49,7,6,Light,0,0,0,5,5,6.8,10,7,Low,7765,5,0,1,1.7,-371,0,1,0,0,0,0,0,0,0,0,2026-03-24,32,32
U04238,4,25,170.0,59.5,20.6,2026-04-18,29,29,30,30,30,29.33,29.6,0.49,5,4,Medium,0,0,0,2,3,7.4,5,7,Low,9569,1,0,0,0.8,-427,1,0,0,0,0,0,1,0,0,0,2026-05-16,28,28
U04239,9,36,158.9,57.6,22.8,2026-03-23,32,31,31,34,35,31.33,32.6,1.62,4,5,Light,0,0,0,1,9,6.3,1,3,Moderate,3706,3,0,0,0.1,-333,0,0,0,0,1,0,0,0,0,0,2026-04-25,33,33
U04240,8,40,148.4,41.8,19.0,2026-01-09,36,36,37,35,33,36.33,35.4,1.36,4,5,Light,0,0,0,2,5,5.5,3,3,Moderate,11815,3,0,0,0.4,500,0,0,0,0,0,0,0,1,0,0,2026-02-13,35,35
U04241,7,22,157.8,57.0,22.9,2026-08-21,29,27,29,31,31,28.33,29.4,1.5,3,4,Medium,0,1,0,2,1,8.1,1,7,High,9468,5,0,0,0.8,-20,0,1,0,0,0,0,0,1,0,0,2026-09-19,29,29
U04242,3,24,156.5,55.4,22.6,2026-03-28,25,26,29,26,28,26.67,26.8,1.47,5,6,Medium,0,0,0,7,7,10.0,10,5,Moderate,11451,8,0,0,-0.4,389,0,0,0,0,0,0,0,0,0,0,2026-04-20,23,23
U04243,3,23,157.8,55.8,22.4,2026-08-21,30,30,29,29,29,29.67,29.4,0.49,3,4,Medium,0,0,0,5,2,6.1,9,6,Low,13864,10,0,1,-2.7,-113,0,1,0,0,0,0,0,0,0,1,2026-09-18,28,28
U04244,5,25,159.7,55.6,21.8,2026-05-04,30,30,31,29,29,30.33,29.8,0.75,6,5,Light,0,0,0,2,9,6.4,3,0,Moderate,10873,5,0,1,0.0,-110,0,0,0,0,0,0,0,0,0,0,2026-06-02,29,29
U04245,12,24,151.6,44.6,19.4,2026-08-02,26,24,27,27,24,25.67,25.6,1.36,5,7,Medium,0,0,0,6,1,7.4,3,6,Moderate,13363,10,0,0,0.8,-427,0,0,0,0,0,0,0,0,1,0,2026-08-28,26,26
U04246,6,37,170.2,46.3,16.0,2026-01-14,29,26,27,27,26,27.33,27.0,1.1,4,3,Heavy,0,0,0,4,2,7.4,9,3,Moderate,2211,3,0,0,0.4,455,0,1,0,0,0,0,0,0,0,0,2026-02-13,30,30
U04247,11,38,165.9,44.0,16.0,2026-05-12,33,35,33,31,32,33.67,32.8,1.33,6,6,Heavy,0,0,1,4,8,7.1,1,5,Moderate,10178,5,0,0,-0.5,408,1,0,1,1,0,0,0,0,0,0,2026-06-16,35,35
U04248,12,36,162.4,50.4,19.1,2026-01-25,30,33,28,33,30,30.33,30.8,1.94,5,7,Heavy,0,0,0,9,1,5.0,1,7,Moderate,12519,10,0,0,3.4,-136,1,0,0,0,0,0,0,0,0,0,2026-02-27,33,33
U04249,2,39,152.8,45.3,19.4,2026-04-16,24,25,25,23,25,24.67,24.4,0.8,6,5,Light,0,0,0,2,10,8.4,3,7,Moderate,8801,9,0,1,-1.3,448,1,0,0,0,0,0,0,0,0,0,2026-05-09,23,23
U04250,9,28,145.0,44.6,21.2,2026-03-28,27,29,27,26,27,27.67,27.2,0.98,5,5,Heavy,1,1,0,9,5,7.3,7,0,Moderate,6291,1,0,0,0.5,-526,0,0,0,0,1,0,0,1,0,0,2026-04-27,30,30
U04251,9,36,161.9,50.3,19.2,2026-06-08,31,29,32,30,29,30.67,30.2,1.17,5,5,Medium,1,1,0,7,9,9.0,5,7,Moderate,9383,8,0,0,0.6,231,0,0,0,0,0,0,0,1,0,1,2026-07-10,32,32
U04252,3,38,162.4,64.6,24.5,2026-04-26,30,30,29,32,30,29.67,30.2,0.98,5,6,Light,1,0,1,9,9,8.6,10,2,Moderate,6935,9,0,0,-0.5,-624,1,1,0,1,0,0,0,0,0,0,2026-05-25,29,29
U04253,2,28,159.4,47.0,18.5,2026-06-03,28,29,31,29,28,29.33,29.0,1.1,6,7,Heavy,0,0,0,9,3,5.4,5,2,Low,7774,4,0,1,-0.7,-323,1,0,1,0,0,0,0,0,0,0,2026-07-02,29,29
U04254,8,18,162.3,54.8,20.8,2026-05-03,26,25,23,29,28,24.67,26.2,2.14,7,7,Medium,0,0,0,1,2,7.4,4,6,Low,12352,10,0,1,0.4,404,0,1,0,0,0,0,0,0,0,0,2026-05-26,23,23
U04255,12,37,159.3,71.6,28.2,2026-06-19,33,33,32,32,32,32.67,32.4,0.49,4,3,Medium,0,0,0,6,8,5.8,6,4,Moderate,7732,8,0,0,0.2,-578,0,0,0,0,0,0,1,0,0,0,2026-07-23,34,34
U04256,2,34,154.7,58.4,24.4,2026-03-11,31,32,29,29,29,30.67,30.0,1.26,5,5,Medium,0,0,0,2,6,8.1,5,7,Moderate,2292,2,0,0,-0.5,377,0,1,0,0,0,0,0,0,0,0,2026-04-09,29,29
U04257,10,38,163.9,49.2,18.3,2026-08-28,30,31,31,30,30,30.67,30.4,0.49,3,5,Medium,0,0,1,3,4,7.2,7,6,Moderate,5224,7,0,0,0.5,480,0,0,0,1,0,0,0,1,0,1,2026-09-26,29,29
U04258,6,19,159.1,61.5,24.3,2026-08-02,27,27,29,24,23,27.67,26.0,2.19,5,3,Medium,0,0,0,5,1,7.0,10,2,Moderate,5773,3,0,0,1.0,-122,0,1,0,0,0,0,0,0,0,0,2026-08-28,26,26
U04259,8,40,168.3,73.4,25.9,2026-06-11,30,31,34,32,30,31.67,31.4,1.5,7,7,Heavy,0,1,0,9,3,8.9,2,2,Low,8040,8,0,0,-1.6,-626,0,0,0,0,0,0,0,0,1,0,2026-07-12,31,31
U04260,11,21,162.1,73.8,28.1,2026-05-27,33,35,33,34,35,33.67,34.0,0.89,6,3,Medium,0,0,0,6,9,6.4,3,6,Low,8146,6,0,0,-2.1,-441,0,0,0,0,0,0,0,0,0,0,2026-06-28,32,32
U04261,5,33,156.2,44.4,18.2,2026-01-02,29,29,31,32,28,29.67,29.8,1.47,7,6,Medium,0,0,0,4,3,6.7,8,3,High,12759,3,0,0,0.0,-614,1,0,0,0,0,0,0,0,0,1,2026-01-30,28,28
U04262,11,40,152.9,65.0,27.8,2026-01-03,33,36,31,32,32,33.33,32.8,1.72,6,3,Light,0,0,0,8,3,7.0,7,5,Moderate,8084,6,0,0,-0.5,-2,0,0,1,0,0,0,0,0,0,0,2026-02-06,34,34
U04263,2,39,146.5,46.8,21.8,2026-06-24,30,30,28,29,32,29.33,29.8,1.33,5,7,Light,0,0,0,1,6,7.1,3,0,Moderate,5873,2,0,0,0.3,-40,0,0,0,0,0,0,0,0,0,0,2026-07-25,31,31
U04264,11,40,168.6,51.2,18.0,2026-02-13,27,28,25,28,26,26.67,26.8,1.17,4,6,Light,0,0,0,10,2,4.9,2,1,High,10531,6,0,0,0.1,-627,0,1,0,0,0,0,0,1,0,1,2026-03-15,30,30
U04265,2,39,151.9,48.2,20.9,2026-08-09,30,28,24,29,30,27.33,28.2,2.23,3,5,Light,0,0,0,9,7,5.6,3,1,Moderate,7497,10,0,1,0.1,-52,0,0,0,0,1,1,0,0,0,0,2026-09-10,32,32
U04266,7,32,164.8,75.5,27.8,2026-01-26,36,37,40,35,37,37.67,37.0,1.67,7,7,Medium,0,0,0,8,7,8.9,3,1,Moderate,6457,10,0,0,-0.6,59,0,0,0,0,0,0,0,1,0,0,2026-03-04,37,37
U04267,5,33,158.0,44.9,18.0,2026-04-28,28,24,28,28,28,26.67,27.2,1.6,4,7,Medium,0,0,0,2,5,6.4,3,1,High,13344,4,0,0,0.2,271,0,1,0,0,0,0,0,0,0,0,2026-05-26,28,28
U04268,4,28,162.3,50.3,19.1,2026-06-03,31,31,33,32,31,31.67,31.6,0.8,7,4,Medium,0,0,0,8,5,6.9,5,3,Moderate,9403,3,0,0,-1.3,-558,0,1,0,0,0,0,0,0,0,0,2026-07-03,30,30
U04269,2,27,160.2,68.0,26.5,2026-01-12,29,31,28,27,30,29.33,29.0,1.41,6,5,Medium,0,0,0,8,1,7.1,8,4,Low,2939,10,0,1,-0.1,-185,0,0,0,0,0,0,0,0,0,0,2026-02-10,29,29
U04270,10,38,155.4,50.0,20.7,2026-08-23,33,34,33,34,34,33.33,33.6,0.49,3,7,Light,0,0,1,9,6,7.1,2,0,Moderate,8557,9,0,0,-1.5,-12,0,0,0,1,0,0,0,0,0,0,2026-09-25,33,33
U04271,9,27,170.8,80.8,27.7,2026-04-05,28,28,30,29,30,28.67,29.0,0.89,4,6,Light,0,0,0,3,9,5.8,2,3,Low,6087,3,0,0,0.3,63,0,0,0,0,0,0,0,1,0,0,2026-05-07,32,32
U04272,8,27,159.4,61.5,24.2,2026-04-20,29,32,28,27,30,29.67,29.2,1.72,4,4,Medium,0,0,0,8,6,7.8,7,3,Moderate,10324,6,0,0,2.0,291,0,0,1,0,0,0,0,0,0,0,2026-05-21,31,31
U04273,9,23,166.0,46.6,16.9,2026-05-11,32,32,32,31,31,32.0,31.6,0.49,5,3,Heavy,0,0,0,4,6,5.9,3,5,Moderate,11942,2,0,0,0.8,-511,0,0,1,0,0,0,0,0,0,0,2026-06-12,32,32
U04274,5,30,161.2,44.7,17.2,2026-05-14,33,32,32,32,33,32.33,32.4,0.49,6,3,Medium,0,0,1,3,8,4.7,10,6,Moderate,10224,5,0,1,0.8,-16,0,0,0,1,0,0,0,0,0,0,2026-06-16,33,33
U04275,7,39,164.2,54.7,20.3,2026-07-19,31,31,33,34,28,31.67,31.4,2.06,5,6,Light,0,0,0,6,7,7.5,4,6,Low,2751,1,0,0,-2.9,164,0,0,0,0,0,0,1,0,0,0,2026-08-20,32,32
U04276,6,20,152.4,76.6,33.0,2026-03-10,26,26,22,25,28,24.67,25.4,1.96,4,3,Medium,0,0,0,7,2,7.9,4,1,Low,11491,7,0,0,0.2,234,0,0,0,0,0,0,0,0,0,1,2026-04-05,26,26
U04277,9,32,157.9,39.9,16.0,2026-06-27,27,27,27,26,27,27.0,26.8,0.4,7,3,Medium,0,0,0,10,10,7.2,2,6,Moderate,13164,7,0,0,-1.4,-388,0,0,0,0,0,0,0,0,0,0,2026-07-25,28,28
U04278,7,29,145.0,37.2,17.7,2026-04-04,31,31,29,29,29,30.33,29.8,0.98,6,6,Medium,0,0,0,8,10,7.3,4,3,Low,3358,3,0,1,1.9,454,0,0,0,0,0,0,0,1,0,0,2026-05-07,33,33
U04279,4,34,168.1,75.2,26.6,2026-04-02,39,40,40,39,37,39.67,39.0,1.1,5,6,Light,0,0,1,10,8,7.0,9,0,Moderate,13795,10,0,0,1.6,-15,0,0,0,1,0,0,1,1,0,1,2026-05-10,38,38
U04280,4,21,155.5,62.4,25.8,2026-02-13,31,30,33,31,30,31.33,31.0,1.1,5,6,Light,0,0,0,6,4,6.6,2,2,High,9039,9,0,0,-2.4,-23,0,0,0,0,0,0,0,0,0,0,2026-03-14,29,29
U04281,11,19,163.7,76.4,28.5,2026-06-01,27,26,26,27,28,26.33,26.8,0.75,6,5,Medium,0,0,0,5,6,6.9,5,3,High,9238,1,0,0,0.6,-8,0,0,1,0,0,0,0,0,0,0,2026-06-25,24,24
U04282,4,25,163.5,56.1,21.0,2026-08-22,29,31,28,30,26,29.33,28.8,1.72,4,3,Medium,0,0,0,1,5,6.1,7,1,Low,10956,10,0,1,1.3,-320,0,0,0,0,0,0,0,0,0,0,2026-09-19,28,28
U04283,6,30,161.4,58.6,22.5,2026-04-19,29,27,29,28,31,28.33,28.8,1.33,4,3,Medium,0,0,0,8,10,6.8,2,1,Low,4727,10,0,0,-1.3,201,0,0,1,0,0,0,0,0,0,0,2026-05-20,31,31
U04284,8,23,170.5,52.3,18.0,2026-08-18,26,24,24,24,27,24.67,25.0,1.26,7,4,Medium,0,0,0,1,2,7.9,9,2,Moderate,11230,4,1,0,-0.2,-281,0,0,0,0,1,0,0,0,0,0,2026-09-13,26,26
U04285,12,31,145.0,46.3,22.0,2026-07-29,24,24,21,25,24,23.0,23.6,1.36,4,5,Light,0,1,0,5,8,6.9,1,5,High,13384,4,0,0,-0.1,-299,0,0,0,0,0,0,0,0,0,0,2026-08-22,24,24
U04286,9,34,159.4,59.2,23.3,2026-05-14,31,33,29,29,33,31.0,31.0,1.79,6,4,Medium,0,0,0,5,1,6.6,7,5,Low,5965,7,0,1,0.3,357,0,0,1,0,0,0,0,0,0,0,2026-06-14,31,31
U04287,5,18,160.6,60.1,23.3,2026-02-08,31,30,33,32,32,31.33,31.6,1.02,3,7,Light,0,0,0,7,3,7.8,8,5,Moderate,9985,2,0,0,-0.1,253,1,0,0,0,0,0,0,0,1,0,2026-03-15,35,35
U04288,10,32,165.7,53.8,19.6,2026-02-20,33,33,32,33,33,32.67,32.8,0.4,3,4,Light,0,0,0,9,9,8.3,9,1,Moderate,8890,1,0,0,0.5,49,0,1,0,0,0,0,0,0,0,0,2026-03-26,34,34
U04289,4,26,157.8,50.3,20.2,2026-07-22,29,30,28,28,30,29.0,29.0,0.89,5,3,Light,0,1,0,10,4,7.4,4,7,Low,8267,4,0,0,-0.4,-271,0,0,0,0,0,0,0,0,0,0,2026-08-23,32,32
U04290,11,37,173.7,60.3,20.0,2026-07-08,33,32,33,33,33,32.67,32.8,0.4,7,4,Medium,0,0,1,3,4,7.5,8,1,Low,5592,1,1,0,-0.4,-519,0,0,1,1,0,0,1,0,0,0,2026-08-07,30,30
U04291,6,39,160.7,69.2,26.8,2026-02-17,35,34,35,34,34,34.67,34.4,0.49,6,7,Medium,0,0,1,10,9,6.6,6,7,High,4310,4,0,0,-0.9,-43,0,0,1,1,0,0,0,0,0,0,2026-03-27,38,38
U04292,12,38,164.3,51.3,19.0,2026-01-01,33,34,34,32,34,33.67,33.4,0.8,6,5,Medium,0,0,0,9,10,6.0,10,3,Moderate,12870,6,0,0,0.9,457,0,0,1,0,0,0,0,0,1,0,2026-02-06,36,36
U04293,3,21,152.3,59.4,25.6,2026-04-30,32,28,34,33,31,31.33,31.6,2.06,6,4,Medium,0,0,1,9,4,6.8,3,4,Moderate,12965,6,1,0,-0.6,-526,1,0,0,1,0,0,0,0,0,0,2026-05-31,31,31
U04294,9,20,174.5,74.3,24.4,2026-08-08,23,21,26,22,21,23.33,22.6,1.85,3,6,Heavy,0,0,0,9,1,5.7,1,5,Moderate,5129,1,0,0,-0.5,-422,0,0,0,0,0,0,0,0,0,0,2026-09-02,25,25
U04295,12,36,158.6,49.1,19.5,2026-04-08,35,33,35,35,37,34.33,35.0,1.26,4,4,Medium,0,0,0,5,6,7.8,8,3,Low,8385,5,0,0,0.8,-231,0,0,1,0,0,0,0,1,0,0,2026-05-12,34,34
U04296,3,40,165.2,62.2,22.8,2026-07-26,30,31,33,33,29,31.33,31.2,1.6,5,7,Light,1,0,0,9,4,5.5,9,3,Low,9367,10,0,0,-1.3,-483,0,0,0,0,0,0,0,0,0,0,2026-08-28,33,33
U04297,11,23,162.2,61.8,23.5,2026-03-22,29,27,27,28,32,27.67,28.6,1.85,6,6,Medium,0,0,0,1,8,6.4,3,2,Moderate,11108,6,1,0,-1.0,-566,0,0,0,0,0,0,0,1,0,0,2026-04-21,30,30
U04298,3,37,153.3,53.6,22.8,2026-08-02,33,31,32,33,32,32.0,32.2,0.75,5,3,Light,0,0,1,4,2,6.0,6,3,High,9383,1,0,1,1.3,228,0,0,0,1,0,0,0,0,0,0,2026-09-04,33,33
U04299,2,31,161.1,64.9,25.0,2026-01-13,26,28,27,28,24,27.0,26.6,1.5,7,7,Heavy,0,0,0,8,10,8.2,10,6,High,4166,8,0,0,-0.2,-342,1,0,0,0,0,0,0,0,0,0,2026-02-05,23,23
U04300,10,26,167.4,72.3,25.8,2026-04-07,29,28,29,28,30,28.67,28.8,0.75,4,7,Light,0,0,0,5,5,8.3,10,0,Moderate,6844,6,0,0,2.8,-56,0,0,0,0,0,0,0,0,0,0,2026-05-07,30,30
U04301,12,19,155.0,66.5,27.7,2026-01-30,29,29,30,31,29,29.33,29.6,0.8,4,4,Medium,0,0,0,7,4,6.9,6,5,Low,12308,9,0,0,2.0,-75,1,1,0,0,0,0,0,0,0,0,2026-03-01,30,30
U04302,8,31,164.6,66.4,24.5,2026-06-23,32,33,30,36,32,31.67,32.6,1.96,6,5,Medium,0,0,0,10,6,7.3,4,3,Low,12228,10,0,1,1.8,-245,0,1,0,0,0,0,0,0,0,0,2026-07-26,33,33
U04303,10,32,174.4,60.2,19.8,2026-06-15,25,23,24,26,28,24.0,25.2,1.72,3,7,Heavy,0,0,0,2,5,5.7,6,2,Moderate,5742,5,1,0,0.5,486,0,0,0,0,0,1,0,0,0,0,2026-07-11,26,26
U04304,9,19,168.6,73.9,26.0,2026-06-28,32,33,32,31,32,32.33,32.0,0.63,5,4,Light,0,1,0,6,6,6.6,3,7,Moderate,4113,10,0,0,-0.1,117,1,0,0,0,0,0,0,0,0,0,2026-07-31,33,33
U04305,12,26,171.6,58.3,19.8,2026-04-04,31,33,32,32,30,32.0,31.6,1.02,7,7,Medium,0,0,0,9,7,6.2,5,5,High,13867,5,0,0,-1.1,-514,0,0,0,0,0,1,0,0,0,0,2026-05-06,32,32
U04306,2,22,166.7,75.0,27.0,2026-06-06,33,34,33,35,29,33.33,32.8,2.04,4,4,Medium,0,0,0,10,4,5.5,5,1,Low,12105,9,0,0,-1.1,-472,0,0,0,0,1,0,0,0,0,0,2026-07-10,34,34
U04307,10,20,153.0,59.9,25.6,2026-01-19,33,34,32,33,32,33.0,32.8,0.75,3,6,Medium,0,0,0,1,10,7.4,2,6,Moderate,5544,6,0,0,0.6,-386,0,0,0,0,1,0,0,0,0,0,2026-02-19,31,31
U04308,8,25,157.0,53.5,21.7,2026-04-23,31,30,29,33,34,30.0,31.4,1.85,6,5,Medium,0,0,0,9,3,7.8,3,7,High,4107,5,0,0,-0.9,387,0,0,0,0,0,0,0,0,0,0,2026-05-25,32,32
U04309,11,20,173.6,49.4,16.4,2026-02-12,25,21,27,23,28,24.33,24.8,2.56,5,6,Light,0,0,0,10,4,9.4,2,4,High,13892,8,0,0,1.7,322,0,0,0,0,0,0,0,0,0,0,2026-03-13,29,29
U04310,7,29,158.0,61.9,24.8,2026-08-02,28,30,29,28,26,29.0,28.2,1.33,3,3,Medium,0,0,0,10,7,6.2,9,5,High,3668,10,0,0,0.7,-700,0,0,0,0,0,0,0,0,0,0,2026-09-03,32,32
U04311,3,36,154.9,53.7,22.4,2026-04-16,31,32,28,30,34,30.33,31.0,2.0,3,3,Medium,0,0,0,9,6,8.0,5,5,Moderate,2412,4,0,0,-0.1,-623,0,0,0,0,0,0,0,0,0,0,2026-05-16,30,30
U04312,6,20,153.2,55.2,23.5,2026-02-27,27,25,28,26,28,26.67,26.8,1.17,4,5,Medium,0,0,0,3,3,7.3,5,5,Moderate,2145,9,1,0,-0.2,-388,0,0,1,0,0,0,0,1,0,0,2026-03-26,27,27
U04313,6,35,170.2,54.5,18.8,2026-06-11,29,33,25,28,28,29.0,28.6,2.58,7,6,Medium,1,0,1,1,7,7.0,10,2,Moderate,7765,8,0,0,0.5,167,0,1,0,1,0,0,0,0,1,0,2026-07-08,27,27
U04314,5,40,162.7,70.9,26.8,2026-08-02,33,32,33,33,31,32.67,32.4,0.8,4,6,Medium,0,0,0,8,3,7.3,5,2,High,4859,2,0,0,0.0,-246,1,0,0,0,0,0,0,1,0,0,2026-09-06,35,35
U04315,6,22,147.7,44.9,20.6,2026-02-15,33,33,32,30,32,32.67,32.0,1.1,7,4,Light,0,0,0,5,4,6.4,1,7,Moderate,6150,4,0,0,0.9,-653,0,1,1,0,0,0,0,0,0,0,2026-03-16,29,29
U04316,8,38,168.0,64.9,23.0,2026-03-16,34,35,32,32,33,33.67,33.2,1.17,6,6,Medium,0,0,0,4,2,9.1,7,6,Moderate,9793,10,0,0,1.1,-599,0,1,1,0,0,1,0,0,0,1,2026-04-17,32,32
U04317,3,40,155.6,54.2,22.4,2026-01-12,31,30,30,30,30,30.33,30.2,0.4,4,4,Medium,0,0,0,3,5,8.7,3,4,Moderate,8399,7,0,0,-0.3,5,0,0,0,0,0,0,0,0,0,0,2026-02-11,30,30
U04318,8,26,158.5,63.1,25.1,2026-08-06,28,28,30,29,29,28.67,28.8,0.75,7,5,Medium,0,0,0,2,10,6.4,10,1,Moderate,9543,9,0,0,0.4,45,0,0,0,0,0,0,0,0,0,1,2026-09-01,26,26
U04319,12,19,164.2,58.0,21.5,2026-02-26,28,27,28,30,28,27.67,28.2,0.98,4,6,Heavy,0,0,0,2,1,6.8,3,6,Low,2786,1,0,0,-1.1,-183,0,0,0,0,0,0,0,0,0,1,2026-03-27,29,29
U04320,7,36,154.7,59.1,24.7,2026-07-15,31,31,31,31,30,31.0,30.8,0.4,6,3,Medium,0,0,0,5,1,6.9,9,3,Low,2492,5,0,0,1.2,338,1,0,0,0,0,0,0,0,0,1,2026-08-17,33,33
U04321,6,19,151.0,53.6,23.5,2026-03-19,29,29,29,26,29,29.0,28.4,1.2,6,7,Medium,1,0,0,1,3,5.2,9,4,Low,9932,2,0,0,-0.4,312,0,0,0,0,0,0,0,0,0,0,2026-04-17,29,29
U04322,9,29,154.9,54.9,22.9,2026-06-08,27,26,25,26,30,26.0,26.8,1.72,5,4,Light,0,0,0,7,9,6.2,7,0,Low,2297,6,0,0,0.2,-376,0,0,1,0,0,1,0,0,0,0,2026-07-09,31,31
U04323,3,25,149.0,37.1,16.7,2026-02-27,32,30,32,31,32,31.33,31.4,0.8,3,6,Medium,0,0,0,9,10,7.2,2,6,Low,9448,4,0,0,-0.5,430,0,0,0,0,0,0,0,0,0,0,2026-03-31,32,32
U04324,2,23,150.9,38.7,17.0,2026-04-03,32,33,32,32,30,32.33,31.8,0.98,5,3,Medium,0,0,0,5,10,8.0,10,3,High,8325,10,0,0,2.4,206,0,0,0,0,0,0,0,0,0,0,2026-05-05,32,32
U04325,7,28,168.2,59.7,21.1,2026-07-28,29,27,29,28,28,28.33,28.2,0.75,5,4,Medium,0,0,0,6,6,6.8,4,1,Low,13652,7,1,0,0.6,-65,1,0,1,0,0,0,0,0,0,0,2026-08-27,30,30
U04326,7,30,170.3,76.3,26.3,2026-02-10,29,29,28,29,30,28.67,29.0,0.63,4,7,Heavy,0,0,0,8,4,7.3,4,7,Moderate,8336,3,0,0,-0.6,-610,0,0,0,0,0,0,0,0,0,0,2026-03-13,31,31
U04327,2,21,172.6,76.3,25.6,2026-08-01,28,29,29,28,32,28.67,29.2,1.47,6,6,Medium,0,0,0,7,3,7.8,6,4,High,10850,8,1,0,-0.4,250,0,0,1,0,0,0,0,0,0,0,2026-08-28,27,27
U04328,4,21,159.6,63.2,24.8,2026-08-04,30,33,31,29,28,31.33,30.2,1.72,5,5,Light,1,0,0,2,6,7.3,3,5,Moderate,4068,9,0,0,-0.3,-533,0,0,0,0,0,0,0,0,0,0,2026-09-05,32,32
U04329,7,40,157.7,46.3,18.6,2026-02-15,26,28,24,28,27,26.0,26.6,1.5,7,7,Light,0,0,0,7,3,6.4,6,6,Moderate,2479,4,0,0,2.8,489,0,0,0,0,0,0,0,0,0,0,2026-03-14,27,27
U04330,10,32,146.3,44.5,20.8,2026-04-03,31,32,35,30,33,32.67,32.2,1.72,5,7,Medium,0,0,0,10,4,7.2,5,4,Low,2521,3,0,0,-0.7,-674,0,0,0,0,0,0,0,1,0,0,2026-05-06,33,33
U04331,4,34,163.1,60.7,22.8,2026-02-17,30,30,28,29,29,29.33,29.2,0.75,5,4,Heavy,0,0,0,10,6,6.7,5,2,Moderate,11977,9,0,0,0.8,-524,0,0,0,0,0,0,0,0,0,0,2026-03-19,30,30
U04332,7,37,150.8,50.7,22.3,2026-07-03,28,28,31,26,29,29.0,28.4,1.62,6,6,Light,0,0,0,9,3,6.1,10,0,High,13949,2,0,0,-0.8,-311,0,1,0,0,0,0,0,0,0,0,2026-08-04,32,32
U04333,12,22,166.5,56.6,20.4,2026-06-13,24,23,25,24,24,24.0,24.0,0.63,7,4,Medium,0,0,0,8,4,7.1,2,5,High,9382,6,0,0,0.4,-564,0,0,0,0,0,0,0,0,0,0,2026-07-07,24,24
U04334,6,18,171.3,48.7,16.6,2026-01-15,30,30,28,30,27,29.33,29.0,1.26,7,5,Medium,0,0,0,2,6,8.3,4,1,Moderate,4580,2,0,0,1.6,276,0,0,1,0,1,0,0,1,0,0,2026-02-16,32,32
U04335,5,27,162.4,65.9,25.0,2026-04-26,35,36,37,42,33,36.0,36.6,3.01,4,4,Light,1,0,1,9,7,5.7,4,4,High,4928,2,1,0,1.6,-632,0,0,0,0,0,0,0,0,0,0,2026-06-01,36,36
U04336,7,19,147.1,51.7,23.9,2026-06-05,28,28,32,28,28,29.33,28.8,1.6,4,4,Heavy,0,0,0,5,8,8.9,2,3,High,9980,8,0,0,2.4,-108,0,0,0,0,0,0,0,0,0,0,2026-06-30,25,25
U04337,10,22,154.4,50.8,21.3,2026-07-25,30,28,29,32,27,29.0,29.2,1.72,6,5,Heavy,0,1,0,1,9,6.5,2,0,Low,2367,4,0,0,-1.1,438,0,0,0,0,0,0,0,0,0,1,2026-08-23,29,29
U04338,10,23,171.6,68.6,23.3,2026-03-11,32,32,32,31,31,32.0,31.6,0.49,4,7,Medium,0,0,0,1,4,6.7,7,6,Moderate,8300,6,0,0,-0.9,-72,1,0,0,0,0,0,0,0,0,0,2026-04-14,34,34
U04339,11,21,161.7,64.6,24.7,2026-03-20,30,30,25,29,30,28.33,28.8,1.94,5,5,Medium,0,0,0,7,8,6.6,9,1,Moderate,12566,4,0,1,1.6,-264,0,0,0,0,0,0,0,0,0,0,2026-04-21,32,32
U04340,10,21,152.2,44.5,19.2,2026-08-11,32,32,32,30,31,32.0,31.4,0.8,5,5,Medium,1,0,0,7,8,10.0,10,3,Low,3769,5,0,0,2.1,-87,1,0,0,0,0,1,0,0,0,0,2026-09-12,32,32
U04341,3,39,145.0,54.5,25.9,2026-07-02,32,33,33,30,34,32.67,32.4,1.36,7,6,Medium,0,0,0,4,2,7.0,7,6,Moderate,4446,5,0,0,1.2,-684,0,1,0,0,0,0,0,0,0,0,2026-08-05,34,34
U04342,9,20,164.4,63.5,23.5,2026-02-01,31,31,31,27,33,31.0,30.6,1.96,3,6,Heavy,0,0,0,2,7,7.1,3,2,Moderate,13771,10,0,0,-0.3,-164,0,0,0,0,0,0,0,0,0,0,2026-03-07,34,34
U04343,11,23,156.1,63.1,25.9,2026-03-11,27,27,26,31,27,26.67,27.6,1.74,6,3,Heavy,0,0,0,4,8,8.9,3,5,High,4088,5,0,1,-0.4,163,0,1,0,0,0,0,0,0,0,0,2026-04-04,24,24
U04344,10,35,170.6,73.3,25.2,2026-03-12,25,26,23,24,27,24.67,25.0,1.41,4,6,Medium,0,0,1,1,6,7.0,10,5,High,5875,3,0,0,-1.5,-234,0,0,0,1,1,0,0,0,0,0,2026-04-06,25,25
U04345,11,22,155.6,57.4,23.7,2026-03-06,27,26,27,27,28,26.67,27.0,0.63,7,6,Light,0,0,0,9,7,7.4,6,4,Moderate,5900,9,0,0,-1.6,-189,0,0,0,0,0,1,0,0,0,0,2026-04-02,27,27
U04346,4,23,157.7,58.4,23.5,2026-03-29,33,31,34,30,32,32.67,32.0,1.41,4,4,Medium,0,0,0,5,3,6.5,6,7,Moderate,4208,7,1,0,0.9,452,0,0,0,0,0,0,0,0,1,0,2026-04-30,32,32
U04347,12,25,165.5,85.5,31.2,2026-05-09,29,27,29,29,28,28.33,28.4,0.8,3,4,Medium,1,0,0,7,5,5.9,3,7,Moderate,3231,9,0,0,-0.2,-408,0,0,0,0,0,0,0,0,0,0,2026-06-09,31,31
U04348,12,35,156.2,40.0,16.4,2026-06-28,31,34,31,30,30,32.0,31.2,1.47,6,5,Light,0,0,0,6,7,7.6,7,0,High,8602,3,0,0,-0.7,-671,0,0,0,0,0,0,0,0,0,0,2026-07-28,30,30
U04349,8,38,149.1,52.0,23.4,2026-08-05,27,27,26,26,29,26.67,27.0,1.1,5,4,Medium,0,0,0,5,8,6.1,10,5,Moderate,12385,8,0,0,1.8,-533,1,0,0,0,0,0,0,0,0,0,2026-08-29,24,24
U04350,11,24,154.9,43.4,18.1,2026-08-11,27,28,27,26,29,27.33,27.4,1.02,4,7,Light,0,0,1,5,6,7.9,2,6,Low,6789,6,0,1,0.6,-580,0,0,0,1,0,0,0,0,0,0,2026-09-07,27,27
U04351,5,36,159.9,53.9,21.1,2026-07-22,33,32,35,36,35,33.33,34.2,1.47,5,6,Heavy,0,0,0,8,10,9.0,8,0,Moderate,3010,2,0,0,1.2,-673,0,0,0,0,0,0,0,0,0,0,2026-08-23,32,32
U04352,9,28,148.8,51.4,23.2,2026-07-01,37,36,36,37,38,36.33,36.8,0.75,4,4,Heavy,0,0,0,5,5,5.7,5,4,Moderate,6031,1,0,0,0.3,-537,1,0,1,0,0,0,0,0,0,0,2026-08-10,40,40
U04353,8,34,160.0,46.8,18.3,2026-07-25,23,25,23,21,22,23.67,22.8,1.33,6,3,Heavy,0,0,0,7,2,9.0,10,7,High,3426,9,0,0,-0.6,481,0,0,0,0,0,0,1,0,0,0,2026-08-17,23,23
U04354,3,34,164.2,51.0,18.9,2026-01-30,28,29,27,30,28,28.0,28.4,1.02,5,7,Medium,1,0,0,5,6,6.1,6,2,Low,11971,10,0,0,2.1,399,0,0,0,0,0,0,0,1,0,0,2026-02-26,27,27
U04355,6,28,145.0,43.1,20.5,2026-03-21,36,32,37,35,35,35.0,35.0,1.67,5,4,Medium,0,0,1,4,3,6.6,10,7,Low,9157,1,0,0,1.0,14,0,0,0,1,0,0,0,0,0,0,2026-04-28,38,38
U04356,7,38,168.8,59.6,20.9,2026-01-28,32,34,32,32,33,32.67,32.6,0.8,6,4,Heavy,0,0,1,1,7,7.3,8,6,Low,2956,9,1,1,-1.3,-555,1,0,0,1,0,0,0,0,0,0,2026-02-28,31,31
U04357,11,18,154.9,58.3,24.3,2026-06-30,28,26,28,26,29,27.33,27.4,1.2,3,3,Light,0,0,0,1,8,7.2,5,5,Moderate,2700,5,0,0,0.1,316,0,1,0,0,0,0,0,0,0,0,2026-07-29,29,29
U04358,7,28,164.5,57.4,21.2,2026-03-05,30,30,29,27,28,29.67,28.8,1.17,5,6,Medium,0,0,0,1,4,5.1,10,6,High,2273,7,0,0,1.6,61,0,1,0,0,0,0,0,0,0,0,2026-04-04,30,30
U04359,8,24,151.0,66.4,29.1,2026-07-21,28,25,30,24,31,27.67,27.6,2.73,6,5,Medium,1,0,0,3,10,8.4,6,6,Moderate,11772,7,0,1,0.4,329,0,0,0,0,0,0,0,0,0,0,2026-08-17,27,27
U04360,8,25,155.4,62.1,25.7,2026-07-09,30,32,31,29,29,31.0,30.2,1.17,7,6,Light,0,0,0,6,9,7.2,5,7,Low,13117,2,0,0,-0.5,-165,0,0,1,0,0,0,1,0,0,0,2026-08-10,32,32
U04361,9,25,160.9,51.5,19.9,2026-05-21,31,33,33,34,32,32.33,32.6,1.02,7,3,Medium,0,0,0,5,3,5.9,1,7,Moderate,7670,9,0,0,1.4,-462,0,0,0,0,1,0,0,0,0,1,2026-06-21,31,31
U04362,3,33,174.4,67.2,22.1,2026-02-20,29,32,30,27,33,30.33,30.2,2.14,5,7,Medium,0,0,0,2,4,6.2,4,5,High,13640,1,0,1,-0.8,-428,0,0,0,0,0,0,0,0,0,0,2026-03-19,27,27
U04363,4,35,158.5,66.6,26.5,2026-03-20,30,32,30,30,31,30.67,30.6,0.8,3,6,Heavy,0,0,0,9,9,4.7,9,6,Moderate,9401,6,0,0,2.0,-494,0,0,0,0,0,0,0,1,0,0,2026-04-21,32,32
U04364,10,23,154.8,72.1,30.1,2026-04-05,28,27,30,31,31,28.33,29.4,1.62,3,4,Medium,0,0,0,7,3,6.1,7,7,Moderate,13104,3,0,0,-0.3,350,0,0,0,0,0,0,0,1,0,0,2026-05-04,29,29
U04365,12,24,165.7,63.1,23.0,2026-01-01,25,23,24,27,26,24.0,25.0,1.41,7,7,Heavy,0,0,0,1,7,7.0,7,1,Moderate,13524,2,0,0,-1.3,248,0,0,0,0,0,0,0,0,0,0,2026-01-28,27,27
U04366,5,23,149.5,53.2,23.8,2026-02-04,31,30,34,29,32,31.67,31.2,1.72,6,7,Medium,0,0,1,3,10,6.6,9,1,Moderate,6908,7,0,0,0.4,-233,0,1,0,1,0,0,0,1,0,0,2026-03-06,30,30
U04367,2,38,165.5,74.0,27.0,2026-07-30,26,27,28,24,24,27.0,25.8,1.6,4,7,Light,0,0,0,7,5,7.2,5,3,High,11452,8,0,0,-1.3,469,1,0,1,0,0,0,0,0,0,0,2026-08-25,26,26
U04368,6,21,154.9,43.9,18.3,2026-06-06,30,30,31,29,31,30.33,30.2,0.75,4,5,Medium,0,0,0,2,3,7.3,7,0,Moderate,13872,10,0,0,0.6,418,0,0,1,0,0,0,0,0,0,1,2026-07-05,29,29
U04369,10,38,154.6,47.3,19.8,2026-07-17,30,34,27,31,30,30.33,30.4,2.24,5,4,Heavy,0,0,0,2,1,7.8,7,7,Low,7503,5,0,0,1.7,313,0,0,1,0,0,0,0,0,0,0,2026-08-17,31,31
U04370,7,24,152.3,47.3,20.4,2026-07-17,27,28,29,26,27,28.0,27.4,1.02,6,7,Light,0,0,0,6,5,7.2,2,0,Low,8487,7,0,1,1.4,156,0,0,0,0,0,0,0,0,0,0,2026-08-13,27,27
U04371,4,35,167.6,79.8,28.4,2026-05-15,32,30,31,29,33,31.0,31.0,1.41,5,4,Medium,1,0,0,5,6,8.8,8,2,High,2625,8,0,0,0.4,-501,0,0,0,0,0,1,0,0,0,0,2026-06-17,33,33
U04372,6,30,163.4,48.3,18.1,2026-07-19,33,35,32,34,33,33.33,33.4,1.02,6,5,Medium,0,0,0,7,8,7.7,5,4,Low,13506,6,0,0,1.5,-423,1,0,0,0,0,0,0,0,0,0,2026-08-23,35,35
U04373,8,18,166.5,47.4,17.1,2026-01-07,31,31,30,29,30,30.67,30.2,0.75,6,3,Light,0,0,0,10,8,6.5,8,1,High,11430,8,0,1,-0.1,449,1,0,0,0,0,1,0,0,0,0,2026-02-08,32,32
U04374,9,32,151.0,50.4,22.1,2026-06-14,29,29,30,29,29,29.33,29.2,0.4,7,3,Heavy,0,0,0,5,8,7.2,9,3,Moderate,6502,8,0,0,0.5,-635,1,0,1,0,0,0,0,0,0,0,2026-07-15,31,31
U04375,8,29,150.3,39.1,17.3,2026-08-21,30,31,32,33,34,31.0,32.0,1.41,7,5,Heavy,0,0,0,10,1,7.2,4,5,Moderate,8921,4,0,0,1.2,-559,1,0,0,0,0,0,0,0,0,0,2026-09-19,29,29
U04376,8,39,161.5,49.6,19.0,2026-06-05,26,29,23,27,26,26.0,26.2,1.94,4,5,Medium,0,1,0,6,1,7.3,6,1,High,10793,3,0,0,0.4,-99,0,0,0,0,1,0,0,0,0,0,2026-06-30,25,25
U04377,4,25,162.0,65.6,25.0,2026-08-06,31,29,32,32,32,30.67,31.2,1.17,4,6,Medium,0,0,0,3,9,6.4,7,6,High,10837,5,0,0,1.1,-515,0,0,0,0,0,0,0,0,0,0,2026-09-02,27,27
U04378,9,24,158.9,65.9,26.1,2026-03-31,27,27,27,28,27,27.0,27.2,0.4,7,6,Heavy,0,1,0,9,6,7.3,1,0,Moderate,11082,2,0,0,0.5,-467,1,0,0,0,0,0,0,1,0,0,2026-04-29,29,29
U04379,9,25,146.2,51.3,24.0,2026-01-13,30,32,30,31,33,30.67,31.2,1.17,3,4,Medium,1,0,0,5,5,5.8,6,0,Low,8794,6,0,0,0.2,-51,0,0,0,0,0,0,0,0,0,0,2026-02-13,31,31
U04380,6,35,148.1,41.7,19.0,2026-02-22,24,26,21,22,25,23.67,23.6,1.85,4,6,Medium,0,1,0,6,5,9.4,10,5,Moderate,2073,9,0,1,-1.8,132,0,0,0,0,0,0,0,1,0,0,2026-03-20,26,26
U04381,9,19,167.9,45.1,16.0,2026-01-13,32,32,35,31,31,33.0,32.2,1.47,7,3,Medium,0,0,0,4,4,9.0,2,2,High,2602,3,0,0,-0.9,373,0,0,0,0,1,0,0,1,0,0,2026-02-15,33,33
U04382,5,32,163.2,63.4,23.8,2026-02-24,32,32,38,33,33,34.0,33.6,2.24,7,3,Medium,0,0,0,7,3,8.0,9,0,High,7040,8,0,0,0.6,-173,0,1,0,0,0,0,0,0,1,0,2026-03-29,33,33
U04383,8,27,165.2,54.0,19.8,2026-06-14,33,35,34,34,34,34.0,34.0,0.63,4,4,Light,0,0,1,3,1,6.8,7,3,Low,3278,1,0,0,1.1,-378,0,0,0,1,0,0,0,0,0,0,2026-07-16,32,32
U04384,11,39,160.1,60.7,23.7,2026-08-09,32,34,32,36,31,32.67,33.0,1.79,4,4,Medium,0,0,0,8,5,7.0,7,2,Moderate,6730,9,0,0,0.7,-408,0,0,0,0,0,0,0,0,0,0,2026-09-11,33,33
U04385,12,28,158.1,56.0,22.4,2026-08-23,27,26,24,26,31,25.67,26.8,2.32,3,6,Medium,0,0,0,4,10,8.5,3,3,High,9501,10,0,0,-1.6,221,0,0,0,0,0,0,0,0,0,0,2026-09-20,28,28
U04386,8,40,162.3,60.6,23.0,2026-07-24,26,24,27,28,28,25.67,26.6,1.5,3,6,Medium,0,0,0,7,3,7.4,6,5,Moderate,5293,2,0,0,0.4,438,0,0,0,0,0,0,0,0,0,0,2026-08-21,28,28
U04387,9,39,156.8,69.8,28.4,2026-01-24,34,35,37,34,32,35.33,34.4,1.62,5,5,Medium,0,0,0,7,2,6.1,1,5,Low,6285,6,0,0,-0.7,-267,0,0,0,0,0,0,0,0,0,0,2026-02-27,34,34
U04388,10,28,159.9,61.6,24.1,2026-06-14,30,30,30,31,31,30.0,30.4,0.49,4,7,Medium,0,0,0,4,7,5.8,5,6,Low,13703,7,0,0,-0.3,433,1,0,0,0,0,1,0,0,0,0,2026-07-16,32,32
U04389,6,23,165.4,46.5,17.0,2026-04-18,27,26,26,28,24,26.33,26.2,1.33,6,5,Medium,0,0,0,9,7,9.0,5,5,High,12927,9,0,0,-0.0,-606,0,0,0,0,0,0,0,0,0,0,2026-05-14,26,26
U04390,2,27,149.4,62.9,28.2,2026-08-22,29,29,30,32,30,29.33,30.0,1.1,4,6,Light,0,0,1,6,5,4.4,7,3,Low,4776,6,0,0,-1.3,413,1,1,0,1,0,1,0,1,0,0,2026-09-19,28,28
U04391,6,24,163.3,53.6,20.1,2026-07-26,29,29,26,30,29,28.0,28.6,1.36,5,4,Heavy,0,1,0,2,2,9.0,8,6,High,6887,3,1,0,0.1,-315,0,1,0,0,0,0,0,0,0,0,2026-08-24,29,29
U04392,3,37,164.0,71.5,26.6,2026-06-25,33,33,32,31,34,32.67,32.6,1.02,7,6,Light,1,1,0,3,9,8.2,5,4,Low,3222,9,0,0,-0.3,-500,0,0,0,0,0,0,0,0,0,0,2026-07-26,31,31
U04393,6,40,157.6,52.2,21.0,2026-06-26,29,30,26,28,28,28.33,28.2,1.33,3,6,Light,0,0,0,3,7,7.4,8,3,Moderate,5772,7,0,0,0.5,-182,0,0,0,0,1,0,0,0,0,0,2026-07-28,32,32
U04394,9,18,157.0,57.7,23.4,2026-04-30,32,31,32,34,31,31.67,32.0,1.1,3,7,Light,0,0,0,10,8,6.7,6,0,Low,12533,2,0,0,0.6,-629,1,0,0,0,0,0,0,1,0,0,2026-06-02,33,33
U04395,7,26,161.0,59.1,22.8,2026-05-23,32,35,35,36,32,34.0,34.0,1.67,7,4,Light,0,0,0,3,8,5.3,5,5,Moderate,4915,7,0,0,-0.6,398,0,0,0,0,0,0,0,1,0,0,2026-06-24,32,32
U04396,5,34,163.3,56.0,21.0,2026-06-09,31,31,30,30,34,30.67,31.2,1.47,3,5,Medium,0,0,0,8,3,6.2,4,1,Moderate,8178,6,0,0,-0.5,-147,0,1,1,0,0,0,0,0,0,0,2026-07-12,33,33
U04397,3,38,166.7,57.8,20.8,2026-04-26,33,32,33,34,33,32.67,33.0,0.63,4,6,Light,0,0,0,8,7,8.6,2,6,Low,5792,8,0,1,0.7,-51,0,0,0,0,0,0,0,0,0,1,2026-05-28,32,32
U04398,5,37,168.4,66.4,23.4,2026-02-20,27,27,27,27,23,27.0,26.2,1.6,7,3,Medium,0,0,0,1,10,9.2,3,6,Low,12793,1,0,0,1.3,84,0,1,0,0,0,0,0,0,0,0,2026-03-19,27,27
U04399,10,28,158.8,45.9,18.2,2026-02-24,26,24,25,25,27,25.0,25.4,1.02,7,3,Heavy,0,0,0,1,3,8.8,4,1,Moderate,3938,5,0,0,0.2,-225,0,0,0,0,0,0,0,0,0,0,2026-03-19,23,23
U04400,5,38,164.6,64.5,23.8,2026-07-28,27,28,30,27,31,28.33,28.6,1.62,7,7,Light,0,0,0,4,8,6.3,1,1,High,5806,10,0,0,-0.3,292,0,0,0,0,0,0,0,1,0,0,2026-08-25,28,28
U04401,10,34,164.2,73.3,27.2,2026-02-03,26,28,25,24,28,26.33,26.2,1.6,5,4,Light,0,0,0,2,4,6.6,6,0,Low,8441,2,0,0,-0.8,373,0,0,0,0,0,0,0,0,0,0,2026-03-01,26,26
U04402,7,18,167.1,94.9,34.0,2026-04-09,28,28,28,28,26,28.0,27.6,0.8,6,3,Light,0,0,0,5,4,7.6,4,5,High,6945,7,0,0,-2.0,30,0,0,0,0,0,0,0,0,0,0,2026-05-07,28,28
U04403,3,37,162.5,59.4,22.5,2026-05-17,26,26,30,25,27,27.33,26.8,1.72,7,5,Medium,0,0,0,3,9,5.4,7,7,Moderate,11869,8,0,0,-1.2,458,0,0,0,0,0,0,0,1,0,0,2026-06-14,28,28
U04404,2,32,164.8,61.1,22.5,2026-03-29,26,25,26,25,23,25.67,25.0,1.1,3,7,Light,0,0,0,8,7,7.4,5,4,Moderate,11716,9,0,1,0.6,-626,0,0,0,0,0,1,0,0,0,0,2026-04-27,29,29
U04405,10,40,153.3,59.7,25.4,2026-03-28,27,25,26,31,23,26.0,26.4,2.65,5,7,Medium,0,0,0,5,9,7.3,4,4,Low,8966,4,0,0,0.8,222,0,1,0,0,0,0,0,0,0,0,2026-04-24,27,27
U04406,6,27,146.9,47.3,21.9,2026-07-18,29,30,29,27,30,29.33,29.0,1.1,7,5,Light,1,0,0,2,8,6.6,10,1,Low,3482,8,0,0,-0.8,-293,0,0,0,0,0,0,0,0,0,1,2026-08-15,28,28
U04407,12,23,164.3,57.0,21.1,2026-04-19,27,28,26,29,25,27.0,27.0,1.41,4,5,Medium,0,0,1,9,3,7.1,4,2,Moderate,12128,6,1,0,-0.6,-194,0,0,0,1,0,0,0,1,0,0,2026-05-17,28,28
U04408,6,19,168.4,48.2,17.0,2026-05-23,29,27,28,31,30,28.0,29.0,1.41,7,6,Medium,0,0,0,4,9,7.3,6,7,High,5376,8,0,0,-1.0,-619,0,0,0,0,0,0,0,0,0,0,2026-06-20,28,28
U04409,3,20,159.8,59.8,23.4,2026-04-23,38,38,40,36,38,38.67,38.0,1.26,6,6,Medium,0,0,1,2,7,6.6,6,0,Low,9089,9,0,0,-1.6,-298,0,0,1,1,0,0,0,0,0,0,2026-05-30,37,37
U04410,2,36,153.6,46.5,19.7,2026-04-07,33,33,33,32,36,33.0,33.4,1.36,4,4,Light,0,0,0,8,9,7.2,10,3,Low,12626,8,0,0,-0.2,-318,0,0,0,0,0,0,0,0,0,0,2026-05-11,34,34
U04411,2,33,165.6,49.4,18.0,2026-01-12,28,26,30,29,30,28.0,28.6,1.5,7,3,Medium,0,0,0,9,10,6.5,6,6,Moderate,4464,9,0,0,2.0,487,0,0,0,0,0,1,0,0,0,0,2026-02-11,30,30
U04412,7,27,168.2,60.0,21.2,2026-02-08,36,38,37,40,36,37.0,37.4,1.5,4,4,Medium,0,0,1,3,4,5.0,8,0,Moderate,8026,4,0,0,-2.1,227,1,0,0,1,1,1,0,0,0,0,2026-03-13,33,33
U04413,8,32,158.0,48.9,19.6,2026-02-26,29,24,30,28,29,27.67,28.0,2.1,6,5,Medium,1,0,0,7,10,6.4,1,2,Low,9152,6,0,1,0.4,-364,0,0,1,0,0,0,0,0,0,0,2026-03-28,30,30
U04414,6,31,169.6,83.1,28.9,2026-08-13,27,27,27,28,25,27.0,26.8,0.98,6,7,Medium,1,0,0,5,4,8.9,9,2,High,3249,6,1,0,-0.1,218,0,0,0,0,0,0,0,0,0,0,2026-09-10,28,28
U04415,7,25,157.2,63.3,25.6,2026-02-28,30,30,29,27,27,29.67,28.6,1.36,4,4,Heavy,0,0,0,10,2,8.4,1,3,Low,2947,6,0,0,0.0,-28,0,0,0,0,0,0,0,0,0,0,2026-04-01,32,32
U04416,6,26,153.8,52.7,22.3,2026-05-15,26,25,28,26,25,26.33,26.0,1.1,4,6,Medium,0,0,0,6,7,7.5,4,1,Low,5995,6,1,0,0.6,-616,0,0,1,0,0,0,0,1,0,0,2026-06-09,25,25
U04417,11,20,156.7,49.8,20.3,2026-02-23,31,32,31,32,30,31.33,31.2,0.75,5,5,Medium,0,0,0,3,2,7.7,4,2,Low,8155,1,0,0,-0.2,-644,0,0,0,0,0,0,0,0,0,0,2026-03-25,30,30
U04418,7,24,166.5,64.9,23.4,2026-06-20,28,29,28,32,26,28.33,28.6,1.96,4,5,Medium,0,0,0,9,10,6.7,2,3,Moderate,9401,7,0,0,0.2,11,0,0,0,0,0,0,0,0,0,1,2026-07-21,31,31
U04419,11,39,157.0,77.6,31.5,2026-04-30,32,34,32,33,31,32.67,32.4,1.02,5,5,Light,0,0,0,10,5,5.0,6,2,Moderate,7828,1,0,1,-2.9,282,0,0,1,0,0,0,0,0,0,0,2026-05-31,31,31
U04420,8,36,169.8,60.8,21.1,2026-03-31,30,29,29,32,29,29.33,29.8,1.17,6,5,Medium,0,0,0,6,2,6.8,7,0,Moderate,13235,1,1,0,1.7,304,0,1,0,0,0,0,0,0,0,0,2026-04-30,30,30
U04421,11,27,158.6,52.6,20.9,2026-06-23,33,33,34,32,36,33.33,33.6,1.36,6,3,Heavy,0,0,0,7,10,8.7,9,3,High,2699,7,0,0,0.7,-581,1,0,1,0,0,0,0,0,0,0,2026-07-27,34,34
U04422,8,37,145.9,58.8,27.6,2026-03-14,29,30,24,30,32,27.67,29.0,2.68,3,5,Medium,0,0,0,9,3,10.0,5,1,Moderate,8014,2,1,1,-0.8,17,0,0,0,0,0,0,0,0,0,0,2026-04-13,30,30
U04423,10,24,165.9,55.3,20.1,2026-06-07,33,31,32,35,31,32.0,32.4,1.5,5,4,Medium,0,0,0,9,7,8.4,1,3,Moderate,7495,9,0,0,0.7,-43,0,0,0,0,0,0,0,0,0,0,2026-07-11,34,34
U04424,3,21,161.8,57.6,22.0,2026-01-16,27,26,31,26,26,28.0,27.2,1.94,7,3,Medium,0,0,0,2,1,6.4,3,3,High,7927,8,0,0,-0.1,-186,0,0,0,0,0,0,0,0,0,0,2026-02-17,32,32
U04425,6,21,158.6,52.3,20.8,2026-07-25,34,34,35,34,33,34.33,34.0,0.63,4,5,Light,0,0,0,6,9,7.6,10,2,Low,7629,4,0,0,-1.9,-409,0,1,0,0,0,0,0,0,1,0,2026-08-27,33,33
U04426,11,29,150.9,46.2,20.3,2026-03-20,24,22,22,23,22,22.67,22.6,0.8,7,3,Light,0,0,0,3,5,8.3,8,7,Moderate,8957,3,0,1,0.5,255,0,0,0,0,0,0,0,0,0,0,2026-04-14,25,25
U04427,6,34,154.2,66.6,28.0,2026-08-25,30,31,30,30,33,30.33,30.8,1.17,6,7,Heavy,0,0,0,4,4,5.8,9,2,Low,12481,7,0,0,-0.0,39,0,0,0,0,0,0,0,0,0,0,2026-09-23,29,29
U04428,2,21,165.5,64.6,23.6,2026-03-16,32,31,33,32,33,32.0,32.2,0.75,6,4,Medium,0,0,1,3,1,7.4,3,7,Moderate,9554,9,0,0,2.4,242,0,0,0,1,0,0,0,1,0,0,2026-04-14,29,29
U04429,10,40,153.3,39.2,16.7,2026-07-14,28,28,28,31,28,28.0,28.6,1.2,4,6,Light,0,0,0,1,10,7.7,5,0,Moderate,2934,2,0,0,0.1,225,0,1,0,0,0,0,0,0,0,0,2026-08-11,28,28
U04430,2,20,153.5,47.8,20.3,2026-05-06,32,36,32,30,34,33.33,32.8,2.04,5,5,Medium,0,0,1,8,7,7.1,9,6,Moderate,13780,7,0,0,2.5,497,0,0,0,1,0,0,0,0,0,0,2026-06-07,32,32
U04431,9,22,165.7,52.2,19.0,2026-05-03,33,34,35,33,33,34.0,33.6,0.8,7,4,Heavy,0,0,0,3,3,5.8,1,6,Moderate,2094,8,0,0,2.3,133,0,0,1,0,0,0,0,0,0,0,2026-06-05,33,33
U04432,6,20,159.5,48.3,19.0,2026-07-11,26,25,28,24,28,26.33,26.2,1.6,7,7,Light,0,0,0,5,2,8.2,9,6,Low,7033,2,0,0,-0.6,-226,0,0,0,0,0,0,0,0,1,0,2026-08-07,27,27
U04433,9,33,153.0,53.8,23.0,2026-01-27,33,36,32,31,33,33.67,33.0,1.67,3,4,Light,0,0,1,9,7,5.7,5,7,High,6061,7,0,0,-0.6,-121,0,0,0,1,0,0,0,0,0,1,2026-03-03,35,35
U04434,3,36,155.2,53.2,22.1,2026-02-27,30,31,30,27,32,30.33,30.0,1.67,4,5,Medium,0,0,0,6,2,8.8,9,4,High,11350,6,0,0,-0.4,451,1,0,0,0,0,0,0,0,0,0,2026-03-28,29,29
U04435,4,23,163.0,52.6,19.8,2026-08-11,29,29,31,27,25,29.67,28.2,2.04,5,7,Heavy,0,0,0,1,8,6.7,10,0,Moderate,9835,10,1,0,-1.4,-11,0,1,0,0,0,1,0,0,0,0,2026-09-07,27,27
U04436,7,36,161.7,53.9,20.6,2026-06-13,28,26,32,29,29,28.67,28.8,1.94,3,5,Medium,1,0,1,3,3,7.2,8,6,Moderate,13886,8,0,0,-0.0,-568,0,0,0,1,0,0,0,0,0,0,2026-07-12,29,29
U04437,9,21,158.4,68.5,27.3,2026-02-20,30,29,33,31,28,30.67,30.2,1.72,3,4,Light,0,0,1,7,8,7.2,4,5,Moderate,8226,10,0,0,-0.2,316,0,0,0,1,0,0,0,0,0,0,2026-03-22,30,30
U04438,10,28,171.1,64.4,22.0,2026-05-15,27,29,27,26,28,27.67,27.4,1.02,7,7,Heavy,0,0,0,2,5,7.4,9,3,Low,13647,6,0,0,0.4,-44,0,0,0,0,0,0,0,0,0,0,2026-06-09,25,25
U04439,6,26,155.8,63.6,26.2,2026-05-23,31,31,31,28,29,31.0,30.0,1.26,5,5,Medium,0,0,0,7,3,10.0,10,2,Moderate,12040,4,0,0,0.4,-528,0,0,0,0,1,0,0,0,0,0,2026-06-25,33,33
U04440,3,22,164.6,69.4,25.6,2026-07-31,39,35,39,40,39,37.67,38.4,1.74,3,6,Light,0,0,1,9,4,5.3,7,7,Moderate,5555,4,0,0,-0.7,-613,0,0,0,1,0,0,0,0,0,0,2026-09-11,42,42
U04441,4,35,157.5,49.1,19.8,2026-02-05,34,32,31,37,34,32.33,33.6,2.06,5,3,Light,0,0,1,8,10,7.2,1,3,Low,7575,7,0,0,0.8,464,0,0,0,1,0,0,0,0,0,0,2026-03-08,31,31
U04442,9,18,159.6,69.5,27.3,2026-04-01,29,26,29,30,31,28.0,29.0,1.67,3,5,Heavy,0,0,0,8,8,6.3,10,1,Moderate,12782,6,0,0,-0.7,-674,0,0,0,0,0,0,0,1,0,0,2026-05-01,30,30
U04443,8,19,162.8,62.3,23.5,2026-07-14,33,30,32,30,31,31.67,31.2,1.17,6,6,Medium,1,0,0,1,10,6.7,9,7,Moderate,8849,3,0,0,1.8,342,0,0,0,0,0,0,0,0,0,1,2026-08-15,32,32
U04444,8,19,156.5,41.1,16.8,2026-05-11,30,27,27,26,31,28.0,28.2,1.94,4,3,Heavy,0,0,0,9,7,6.9,2,3,Low,2993,3,0,0,1.3,-135,0,0,0,0,0,0,0,1,0,0,2026-06-09,29,29
U04445,2,19,163.6,58.9,22.0,2026-05-29,31,32,29,32,33,30.67,31.4,1.36,5,5,Light,0,0,1,9,8,6.5,7,6,Moderate,8705,8,0,0,-1.1,-171,0,0,0,1,0,0,0,0,0,0,2026-07-02,34,34
U04446,3,39,171.6,87.5,29.7,2026-05-23,41,40,42,39,41,41.0,40.6,1.02,6,3,Medium,0,0,1,3,6,6.5,5,5,Low,10058,8,0,0,1.8,-76,1,0,0,1,1,0,0,0,0,0,2026-07-04,42,42
U04447,11,22,152.9,70.1,30.0,2026-06-02,33,32,36,32,31,33.67,32.8,1.72,7,4,Medium,0,0,0,9,8,7.1,2,1,Low,6097,3,0,0,0.8,211,0,1,0,0,0,0,0,0,0,0,2026-07-03,31,31
U04448,3,25,163.1,58.8,22.1,2026-07-30,30,29,28,31,31,29.0,29.8,1.17,7,5,Medium,0,0,0,10,8,6.6,4,3,Moderate,3101,10,0,0,0.4,32,0,1,0,0,0,0,0,0,0,0,2026-09-02,34,34
U04449,12,34,167.0,59.1,21.2,2026-05-06,27,30,28,26,26,28.33,27.4,1.5,5,3,Light,0,0,0,1,1,6.0,10,7,Moderate,5802,8,0,0,-0.7,-414,0,1,0,0,0,0,0,1,0,0,2026-06-02,27,27
U04450,2,20,164.4,53.2,19.7,2026-01-17,29,29,29,26,28,29.0,28.2,1.17,5,3,Heavy,0,0,0,1,2,7.6,5,4,Moderate,3914,3,0,0,1.4,488,0,1,0,0,0,0,0,0,0,0,2026-02-13,27,27
U04451,4,22,160.7,61.5,23.8,2026-01-09,34,35,36,32,33,35.0,34.0,1.41,3,3,Heavy,0,0,0,10,2,8.0,6,6,High,4044,2,0,1,-1.0,-305,0,1,0,0,0,0,0,0,0,0,2026-02-17,39,39
U04452,9,39,151.9,37.6,16.3,2026-01-04,33,34,28,34,32,31.67,32.2,2.23,7,3,Light,0,0,0,1,9,8.6,10,2,Low,8402,6,0,0,-0.1,-10,1,1,0,0,0,0,0,0,0,0,2026-02-05,32,32
U04453,7,39,164.3,66.4,24.6,2026-07-30,33,33,33,30,34,33.0,32.6,1.36,4,3,Medium,0,0,0,9,6,7.8,4,7,Moderate,12205,7,0,0,0.1,426,0,1,0,0,0,0,0,0,0,0,2026-09-03,35,35
U04454,10,39,159.8,58.7,23.0,2026-08-22,28,28,29,28,29,28.33,28.4,0.49,7,4,Medium,0,1,0,5,4,7.6,10,7,Moderate,10237,6,0,0,1.5,-606,0,0,1,0,0,0,0,0,0,0,2026-09-21,30,30
U04455,10,23,145.0,43.3,20.6,2026-02-21,28,29,27,28,30,28.0,28.4,1.02,6,5,Medium,0,0,0,1,8,7.4,2,0,Low,11660,10,0,0,0.2,264,0,0,1,0,0,0,0,0,0,1,2026-03-21,28,28
U04456,9,27,159.5,53.9,21.2,2026-04-24,26,27,26,27,24,26.33,26.0,1.1,5,3,Light,0,0,0,9,8,6.8,2,1,Moderate,7859,8,0,0,0.0,235,0,0,0,0,0,0,0,0,0,0,2026-05-22,28,28
U04457,10,31,156.3,46.7,19.1,2026-02-20,35,37,34,38,35,35.33,35.8,1.47,4,6,Medium,0,0,1,7,2,8.9,5,0,Low,12793,8,0,0,-1.2,244,0,0,0,1,0,0,0,0,0,0,2026-03-27,35,35
U04458,8,25,152.5,52.6,22.6,2026-01-31,31,33,32,31,33,32.0,32.0,0.89,5,4,Heavy,0,0,1,8,1,7.3,3,5,Moderate,5650,6,0,0,-0.0,-309,0,0,0,1,0,0,0,0,0,0,2026-03-07,35,35
U04459,2,19,171.5,55.0,18.7,2026-05-01,30,34,28,30,29,30.67,30.2,2.04,5,5,Medium,0,1,0,5,4,7.9,10,7,High,8442,2,0,0,1.9,38,1,0,0,0,0,0,0,0,0,0,2026-05-29,28,28
U04460,8,23,168.0,53.6,19.0,2026-05-24,29,34,30,29,31,31.0,30.6,1.85,7,7,Medium,0,0,0,3,5,5.5,6,7,Low,4286,1,1,0,0.2,13,0,0,0,0,0,0,0,0,0,0,2026-06-25,32,32
U04461,6,18,166.2,58.0,21.0,2026-08-24,32,32,29,33,32,31.0,31.6,1.36,7,3,Heavy,0,0,0,10,5,5.5,10,6,High,8575,7,0,0,1.5,-587,1,0,0,0,0,0,0,1,0,0,2026-09-23,30,30
U04462,11,31,153.7,55.5,23.5,2026-02-26,29,26,26,29,30,27.0,28.0,1.67,4,6,Light,0,0,0,1,10,7.2,10,7,Moderate,2294,10,0,0,1.5,409,0,0,0,0,0,0,0,0,0,1,2026-03-24,26,26
U04463,2,40,172.3,69.2,23.3,2026-07-04,27,25,25,28,29,25.67,26.8,1.6,3,6,Light,0,0,0,3,8,8.6,9,0,Low,13717,5,0,0,2.0,-462,0,0,0,0,0,0,0,0,0,0,2026-08-01,28,28
U04464,10,23,173.0,62.9,21.0,2026-05-28,26,27,28,23,26,27.0,26.0,1.67,6,4,Heavy,0,0,0,10,6,7.4,1,4,High,11634,2,0,1,1.9,129,0,0,0,0,0,0,0,0,0,0,2026-06-25,28,28
U04465,8,19,163.7,59.2,22.1,2026-07-11,32,32,31,31,33,31.67,31.8,0.75,6,7,Medium,0,0,0,3,7,8.0,6,3,Low,5990,6,1,0,0.3,160,0,0,0,0,0,0,0,0,0,0,2026-08-07,27,27
U04466,10,23,158.9,72.0,28.5,2026-04-27,29,26,30,29,31,28.33,29.0,1.67,5,5,Medium,1,0,0,3,2,7.3,2,4,Low,7299,1,0,0,1.6,-286,0,0,0,0,1,0,0,0,0,0,2026-05-25,28,28
U04467,3,31,148.0,54.3,24.8,2026-07-29,27,26,28,26,27,27.0,26.8,0.75,5,5,Medium,0,0,0,4,9,7.5,3,5,Moderate,4187,5,0,0,1.2,389,0,0,0,0,0,0,0,0,0,0,2026-08-27,29,29
U04468,4,39,159.4,51.6,20.3,2026-07-27,27,27,26,28,29,26.67,27.4,1.02,4,3,Medium,0,0,0,7,4,5.7,6,2,Low,8253,1,0,0,-0.8,145,0,0,0,0,0,0,1,0,0,1,2026-08-21,25,25
U04469,8,40,153.1,53.9,23.0,2026-06-08,30,30,29,28,31,29.67,29.6,1.02,4,4,Light,1,0,1,1,2,5.2,7,5,Moderate,7743,3,0,0,-0.2,-246,0,0,0,1,0,0,0,1,0,0,2026-07-05,27,27
U04470,3,19,153.6,51.9,22.0,2026-02-15,26,24,26,25,29,25.33,26.0,1.67,4,3,Medium,1,0,0,5,3,7.1,8,2,Low,7059,10,0,0,-1.4,342,0,0,0,0,0,0,0,0,0,0,2026-03-15,28,28
U04471,5,20,160.9,65.0,25.1,2026-08-16,32,32,32,30,30,32.0,31.2,0.98,3,4,Heavy,0,0,0,9,4,5.0,10,0,Moderate,2963,2,0,1,0.8,138,0,0,0,0,0,0,0,0,0,0,2026-09-19,34,34
U04472,11,22,160.4,46.8,18.2,2026-08-07,28,27,26,28,25,27.0,26.8,1.17,4,3,Medium,0,0,0,5,9,7.7,9,4,High,12586,2,1,1,1.4,351,1,1,0,0,0,0,0,0,0,0,2026-09-03,27,27
U04473,11,25,165.7,70.3,25.6,2026-05-10,33,35,32,33,32,33.33,33.0,1.1,4,6,Medium,0,0,1,2,4,8.0,2,0,Moderate,6845,6,0,0,-1.6,-344,0,0,0,1,0,0,0,0,0,0,2026-06-11,32,32
U04474,3,19,156.3,51.3,21.0,2026-06-20,31,30,31,28,31,30.67,30.2,1.17,4,5,Medium,0,0,0,3,1,6.3,5,2,Low,5670,10,0,0,0.4,444,0,1,1,0,1,0,0,1,0,0,2026-07-20,30,30
U04475,8,28,153.0,44.7,19.1,2026-03-20,27,25,25,29,27,25.67,26.6,1.5,3,3,Heavy,0,0,0,7,8,6.9,3,5,Moderate,4437,2,0,0,0.2,-429,0,0,0,0,0,0,0,0,0,0,2026-04-19,30,30
U04476,12,18,166.7,47.8,17.2,2026-02-05,29,29,30,29,29,29.33,29.2,0.4,5,6,Light,0,0,0,5,6,6.5,4,4,High,11820,7,0,0,0.3,397,0,0,0,0,0,0,0,0,0,0,2026-03-03,26,26
U04477,2,40,162.7,61.4,23.2,2026-07-13,27,26,27,26,25,26.67,26.2,0.75,5,3,Medium,0,0,0,5,1,6.3,4,2,Low,2754,1,0,0,1.4,-417,1,0,0,0,0,0,0,0,0,1,2026-08-10,28,28
U04478,3,20,159.2,55.0,21.7,2026-05-10,31,29,30,32,32,30.0,30.8,1.17,3,7,Light,0,0,0,5,10,7.3,3,2,Moderate,8003,6,0,0,0.8,-646,0,0,1,0,0,0,1,1,0,0,2026-06-10,31,31
U04479,8,31,150.4,36.2,16.0,2026-07-05,24,24,24,25,24,24.0,24.2,0.4,3,3,Light,0,0,0,1,9,6.6,8,6,Low,2232,8,0,0,0.9,-627,1,0,1,0,0,0,1,0,0,0,2026-07-27,22,22
U04480,6,39,173.0,69.4,23.2,2026-04-23,27,29,28,26,26,28.0,27.2,1.17,4,4,Medium,0,0,1,6,1,7.9,6,3,Low,7432,4,0,0,-0.1,-527,0,0,0,1,0,0,0,1,0,0,2026-05-20,27,27
U04481,8,30,151.0,38.5,16.9,2026-06-19,28,27,29,29,30,28.0,28.6,1.02,6,7,Heavy,0,1,1,9,5,7.1,7,1,Moderate,11737,4,0,0,0.8,-258,0,0,0,1,0,0,1,1,0,0,2026-07-16,27,27
U04482,3,39,164.9,77.5,28.5,2026-01-03,29,27,31,27,32,29.0,29.2,2.04,5,3,Medium,1,0,0,5,6,7.1,5,5,Low,10003,7,0,0,0.4,-623,0,1,0,0,0,0,0,0,0,1,2026-01-30,27,27
U04483,2,25,162.2,68.7,26.1,2026-01-21,28,31,26,29,22,28.33,27.2,3.06,5,7,Medium,0,0,1,6,6,4.4,4,4,Moderate,11195,3,0,0,1.1,-199,0,0,0,0,0,1,0,0,0,0,2026-02-18,28,28
U04484,10,40,172.8,57.6,19.3,2026-08-13,32,33,33,32,31,32.67,32.2,0.75,7,4,Medium,0,0,0,10,4,6.3,1,6,High,5266,6,0,0,-0.3,370,0,0,0,0,0,1,0,0,0,0,2026-09-15,33,33
U04485,10,20,159.8,68.7,26.9,2026-02-27,23,27,23,25,20,24.33,23.6,2.33,5,5,Medium,0,0,0,6,5,7.0,4,5,High,12837,1,0,0,0.5,-381,0,0,0,0,0,0,0,0,0,0,2026-03-21,22,22
U04486,11,25,149.6,53.7,24.0,2026-02-06,34,33,33,33,31,33.33,32.8,0.98,4,4,Medium,0,0,0,6,6,7.5,6,5,Moderate,4767,6,0,0,-0.7,-240,1,0,0,0,1,0,0,1,0,0,2026-03-12,34,34
U04487,7,31,155.6,51.8,21.4,2026-07-01,27,28,28,23,31,27.67,27.4,2.58,4,6,Heavy,0,0,0,7,4,7.9,10,7,Moderate,5751,4,0,0,-1.2,-646,0,0,0,0,0,0,0,0,0,0,2026-07-28,27,27
U04488,11,40,151.5,36.7,16.0,2026-06-22,30,32,31,29,30,31.0,30.4,1.02,6,3,Medium,0,1,0,5,4,7.3,8,4,Low,3564,2,0,0,-0.2,280,0,0,1,0,0,0,0,0,0,0,2026-07-22,30,30
U04489,5,38,160.3,70.4,27.4,2026-06-07,26,26,27,24,26,26.33,25.8,0.98,3,3,Medium,0,0,0,4,6,7.0,10,1,Low,10803,4,0,0,0.0,-554,0,0,1,0,0,1,0,0,0,0,2026-07-06,29,29
U04490,2,39,152.2,57.4,24.8,2026-05-07,34,36,34,34,33,34.67,34.2,0.98,6,5,Medium,0,1,0,5,1,7.5,3,1,Moderate,12704,9,0,0,-0.5,-107,0,0,0,0,1,0,0,0,1,0,2026-06-13,37,37
U04491,3,27,169.9,78.8,27.3,2026-02-11,24,22,27,22,22,24.33,23.4,1.96,3,4,Medium,0,0,0,3,3,7.5,8,4,Moderate,6721,9,1,0,-0.2,-390,0,0,0,0,0,0,1,0,0,0,2026-03-08,25,25
U04492,9,25,166.7,52.8,19.0,2026-01-09,29,31,31,26,28,30.33,29.0,1.9,3,3,Medium,0,0,0,5,8,8.6,5,4,High,10967,7,0,0,2.5,490,0,0,0,0,0,0,0,0,0,0,2026-02-10,32,32
U04493,3,38,169.5,62.1,21.6,2026-06-11,31,32,29,34,31,30.67,31.4,1.62,4,7,Heavy,0,0,0,1,3,6.8,1,3,Moderate,11400,6,0,0,-0.8,-621,0,0,1,0,0,0,0,1,0,0,2026-07-08,27,27
U04494,4,31,162.2,71.0,27.0,2026-07-16,28,25,27,29,31,26.67,28.0,2.0,6,3,Medium,0,0,0,1,10,7.8,6,5,High,3921,7,0,0,0.0,412,0,0,0,0,0,0,0,1,0,0,2026-08-14,29,29
U04495,7,19,154.9,46.5,19.4,2026-05-22,36,35,35,35,37,35.33,35.6,0.8,3,6,Medium,0,0,0,8,10,8.4,5,2,Moderate,12194,3,0,0,-0.4,339,0,1,0,0,1,1,0,0,0,0,2026-06-30,39,39
U04496,10,32,149.9,69.4,30.9,2026-05-10,33,31,33,36,34,32.33,33.4,1.62,3,5,Medium,0,0,0,8,5,6.3,9,2,Moderate,10945,3,0,0,0.1,133,1,1,0,0,0,0,0,0,0,0,2026-06-13,34,34
U04497,4,32,159.4,54.1,21.3,2026-07-30,28,29,32,23,29,29.67,28.2,2.93,5,3,Medium,0,0,0,5,10,8.5,8,0,Moderate,5698,1,0,0,-1.2,275,0,0,0,0,0,1,0,0,0,0,2026-08-29,30,30
U04498,9,22,158.9,52.8,20.9,2026-04-27,29,28,26,27,29,27.67,27.8,1.17,5,4,Light,1,0,0,3,2,8.4,8,3,High,9322,9,0,1,1.1,125,0,0,0,0,0,0,0,0,0,0,2026-05-26,29,29
U04499,7,30,164.8,67.4,24.8,2026-06-11,33,32,32,33,32,32.33,32.4,0.49,7,3,Heavy,0,0,0,2,7,7.7,4,1,Low,3439,2,0,0,-0.9,-352,0,0,0,0,0,0,0,0,0,0,2026-07-12,31,31
U04500,6,35,152.7,49.4,21.2,2026-08-19,30,27,32,30,26,29.67,29.0,2.19,5,7,Medium,1,0,0,9,3,7.4,1,4,Moderate,10894,3,0,0,-1.5,441,0,1,1,0,0,0,0,0,0,0,2026-09-19,31,31
U04501,10,32,152.0,42.3,18.3,2026-05-24,27,27,26,23,23,26.67,25.2,1.83,5,4,Heavy,0,0,0,8,7,7.2,2,4,Low,2779,4,0,0,1.4,-36,1,0,0,0,0,0,0,1,0,0,2026-06-26,33,33
U04502,8,32,162.7,67.0,25.3,2026-04-28,32,33,35,33,34,33.33,33.4,1.02,4,6,Medium,0,0,0,10,10,5.6,7,6,Moderate,13032,6,0,0,1.3,140,0,0,0,0,1,0,0,0,0,0,2026-05-31,33,33
U04503,6,19,159.8,79.9,31.3,2026-07-11,31,30,27,30,32,29.33,30.0,1.67,6,5,Light,0,0,0,8,4,6.2,1,1,Moderate,8754,6,0,0,0.8,485,1,0,0,0,0,0,0,1,0,0,2026-08-13,33,33
U04504,10,25,152.2,43.3,18.7,2026-03-05,27,30,28,26,23,28.33,26.8,2.32,5,4,Medium,1,0,1,2,6,7.3,9,5,Low,12468,1,0,0,-0.2,262,0,0,0,1,0,0,0,0,0,0,2026-04-03,29,29
U04505,11,31,154.5,43.0,18.0,2026-07-16,30,29,30,31,25,29.67,29.0,2.1,5,7,Medium,0,0,0,1,3,5.3,7,3,Low,4952,1,0,0,0.5,1,1,0,0,0,0,0,0,0,0,0,2026-08-13,28,28
U04506,3,34,165.2,56.5,20.7,2026-01-29,28,27,26,27,26,27.0,26.8,0.75,6,3,Light,0,0,0,5,6,5.7,9,7,High,6419,7,0,0,0.9,-448,0,0,0,0,0,0,0,0,0,0,2026-02-27,29,29
U04507,10,32,159.7,43.4,17.0,2026-08-10,25,23,27,26,26,25.0,25.4,1.36,7,7,Light,0,0,0,5,9,6.3,8,7,High,11000,1,1,0,0.1,263,0,0,0,0,0,0,0,0,0,0,2026-09-04,25,25
U04508,9,28,163.8,69.5,25.9,2026-02-04,31,31,31,29,33,31.0,31.0,1.26,6,5,Medium,0,0,0,7,5,8.9,9,0,Low,2958,6,1,0,-0.7,186,0,0,0,0,0,1,0,0,0,0,2026-03-08,32,32
U04509,8,36,163.0,57.1,21.5,2026-01-12,30,28,31,30,30,29.67,29.8,0.98,3,4,Light,0,0,0,3,1,6.0,5,4,Moderate,8906,9,0,0,1.0,-671,0,0,0,0,0,0,0,0,0,0,2026-02-10,29,29
U04510,10,20,157.1,46.4,18.8,2026-06-10,29,31,27,31,33,29.0,30.2,2.04,4,5,Medium,0,0,0,8,4,7.0,3,2,Low,9682,9,0,0,0.7,-547,0,0,0,0,0,0,0,0,0,0,2026-07-10,30,30
U04511,3,24,167.0,75.0,26.9,2026-03-03,29,29,24,31,28,27.33,28.2,2.32,7,7,Heavy,0,0,0,10,10,4.7,5,1,Moderate,9498,10,0,0,0.6,-150,0,0,0,0,0,0,0,0,0,0,2026-04-05,33,33
U04512,6,27,161.1,56.8,21.9,2026-04-04,28,28,28,28,29,28.0,28.2,0.4,5,5,Light,0,1,0,7,8,8.2,8,3,High,9611,6,0,0,0.3,-37,0,0,0,0,0,0,0,0,0,0,2026-05-03,29,29
U04513,3,40,154.8,68.8,28.7,2026-03-07,34,34,37,33,37,35.0,35.0,1.67,3,6,Medium,0,0,0,9,1,8.0,3,0,Low,6072,6,0,0,-1.1,218,0,0,0,0,0,0,0,1,0,0,2026-04-11,35,35
U04514,2,20,150.9,51.9,22.8,2026-03-29,27,27,28,28,30,27.33,28.0,1.1,4,5,Medium,0,0,0,9,8,6.4,2,7,High,6112,3,0,0,-1.1,426,1,0,0,0,0,0,0,1,0,0,2026-04-25,27,27
U04515,9,31,157.1,59.5,24.1,2026-06-06,34,36,35,36,35,35.0,35.2,0.75,3,7,Medium,0,0,0,2,1,6.7,3,3,High,9113,4,0,0,0.5,-248,0,0,1,0,0,0,0,0,0,0,2026-07-08,32,32
U04516,3,27,161.2,60.0,23.1,2026-05-19,31,32,30,31,33,31.0,31.4,1.02,4,3,Heavy,1,0,0,4,7,8.3,6,1,Moderate,6592,3,0,0,1.6,-328,1,0,1,0,0,0,0,0,0,0,2026-06-15,27,27
U04517,10,22,153.2,52.3,22.3,2026-01-24,26,25,30,26,29,27.0,27.2,1.94,4,5,Light,0,0,0,8,9,6.2,7,1,Moderate,6709,5,0,0,-0.8,78,0,1,0,0,0,0,0,0,0,0,2026-02-19,26,26
U04518,2,23,154.0,51.7,21.8,2026-08-07,28,27,28,27,29,27.67,27.8,0.75,3,5,Medium,0,0,0,9,4,8.0,6,6,Moderate,12523,3,0,1,-0.8,404,0,0,0,0,0,1,0,0,1,0,2026-09-05,29,29
U04519,3,28,157.9,69.8,28.0,2026-05-20,27,27,25,24,29,26.33,26.4,1.74,6,7,Light,0,0,0,1,7,8.2,7,5,Low,10277,2,0,0,1.0,269,1,0,0,0,0,0,0,0,0,0,2026-06-13,24,24
U04520,6,19,171.8,66.4,22.5,2026-02-23,27,27,22,26,24,25.33,25.2,1.94,4,4,Light,0,0,0,9,10,6.9,9,0,Low,2950,7,0,0,0.2,344,0,0,0,0,0,0,0,0,0,0,2026-03-20,25,25
U04521,11,31,149.6,54.4,24.3,2026-07-30,27,24,30,27,24,27.0,26.4,2.24,6,6,Medium,0,0,0,1,4,8.1,7,4,Moderate,9627,2,0,0,-0.2,-406,0,1,0,0,0,0,0,1,0,0,2026-08-22,23,23
U04522,2,21,159.2,75.8,29.9,2026-06-30,35,35,34,35,35,34.67,34.8,0.4,5,4,Heavy,0,0,1,7,1,6.8,6,1,Moderate,12092,10,0,0,0.2,373,0,0,0,1,0,0,0,0,0,0,2026-08-01,32,32
U04523,6,35,172.3,74.2,25.0,2026-05-30,29,31,29,32,31,29.67,30.4,1.2,5,5,Medium,0,0,0,10,10,6.4,3,2,Moderate,2232,8,0,0,0.0,213,1,0,0,0,0,0,0,0,0,0,2026-06-28,29,29
U04524,10,20,159.5,63.3,24.9,2026-02-08,29,30,29,30,30,29.33,29.6,0.49,7,6,Heavy,0,0,0,10,6,9.1,3,4,Moderate,9513,3,0,0,-1.8,-584,1,1,0,0,0,0,0,0,0,0,2026-03-11,31,31
U04525,6,22,161.3,60.4,23.2,2026-02-06,24,26,24,21,24,24.67,23.8,1.6,6,4,Medium,0,1,0,6,10,7.7,1,7,High,13093,4,0,0,-1.2,371,0,0,0,0,0,0,0,0,0,0,2026-03-03,25,25
U04526,2,35,159.7,49.7,19.5,2026-01-07,33,34,33,32,31,33.33,32.6,1.02,6,3,Medium,0,0,0,10,6,8.9,5,3,Low,11442,1,0,0,-0.7,-65,0,1,0,0,0,0,1,0,0,0,2026-02-10,34,34
U04527,3,34,167.0,73.9,26.5,2026-02-06,35,35,37,33,32,35.67,34.4,1.74,3,3,Heavy,0,0,1,7,4,9.0,6,7,Moderate,2860,2,1,0,-1.9,-131,1,1,0,1,0,0,0,0,0,0,2026-03-12,34,34
U04528,2,38,152.5,47.4,20.4,2026-02-10,30,30,29,33,30,29.67,30.4,1.36,6,3,Medium,0,0,0,2,1,7.1,7,0,Moderate,4346,2,0,0,-1.2,-478,0,0,0,0,0,0,0,0,0,0,2026-03-12,30,30
U04529,12,23,159.3,54.1,21.3,2026-05-22,28,29,28,28,31,28.33,28.8,1.17,4,3,Medium,0,0,0,10,9,6.8,6,5,Moderate,13806,10,1,0,1.7,-467,0,0,0,0,0,0,1,1,0,0,2026-06-21,30,30
U04530,3,23,167.8,54.3,19.3,2026-01-20,26,25,24,26,28,25.0,25.8,1.33,7,4,Medium,0,1,0,7,8,8.0,9,0,Low,2977,1,0,0,0.1,-176,0,0,0,0,0,0,0,0,0,0,2026-02-14,25,25
U04531,10,24,164.1,61.7,22.9,2026-05-19,30,31,28,28,30,29.67,29.4,1.2,4,5,Medium,0,0,0,1,3,8.3,4,4,Moderate,9216,9,0,0,-0.6,-359,1,0,0,0,1,0,0,0,0,0,2026-06-17,29,29
U04532,6,27,151.8,41.9,18.2,2026-07-13,36,37,38,37,38,37.0,37.2,0.75,3,7,Medium,0,0,1,9,2,5.5,1,2,Low,8737,9,0,0,0.5,316,0,0,0,1,0,0,0,0,0,0,2026-08-19,37,37
U04533,2,40,163.7,50.4,18.8,2026-04-15,34,33,35,34,36,34.0,34.4,1.02,5,3,Medium,0,0,0,6,10,7.9,2,4,Moderate,7333,4,1,0,0.9,-149,0,0,1,0,0,1,0,1,1,0,2026-05-18,33,33
U04534,3,38,161.8,56.8,21.7,2026-08-12,33,34,32,31,33,33.0,32.6,1.02,3,7,Light,0,0,0,8,3,6.4,3,1,Low,9257,2,0,0,0.2,-258,0,0,0,0,0,0,0,0,0,0,2026-09-15,34,34
U04535,6,40,161.7,64.8,24.8,2026-08-10,28,25,30,23,28,27.67,26.8,2.48,6,3,Medium,0,0,0,5,9,6.5,9,4,Moderate,12488,7,0,0,-1.0,-189,0,0,0,0,0,0,0,0,0,0,2026-09-08,29,29
U04536,12,25,156.2,43.9,18.0,2026-06-30,27,27,28,29,28,27.33,27.8,0.75,3,4,Light,0,0,0,6,7,6.8,1,7,Low,5493,9,0,0,-1.7,75,0,0,0,0,0,0,0,0,0,0,2026-07-25,25,25
U04537,7,40,163.3,76.3,28.6,2026-05-23,32,33,32,29,32,32.33,31.6,1.36,4,6,Medium,0,0,0,9,9,5.3,2,2,Moderate,8633,10,0,0,-1.2,49,1,0,1,0,0,0,0,0,0,0,2026-06-28,36,36
U04538,5,32,167.1,52.2,18.7,2026-07-19,29,32,32,30,27,31.0,30.0,1.9,7,6,Light,0,0,0,5,1,6.6,1,2,Moderate,3834,6,0,0,-0.6,-487,1,1,1,0,0,0,0,0,0,0,2026-08-20,32,32
U04539,5,38,159.9,59.3,23.2,2026-06-25,33,34,31,33,34,32.67,33.0,1.1,6,3,Medium,0,0,1,3,2,7.1,10,6,High,11258,3,0,0,1.1,-153,0,0,1,1,0,0,0,0,0,0,2026-07-26,31,31
U04540,2,34,145.0,43.7,20.8,2026-03-28,29,28,28,32,29,28.33,29.2,1.47,5,3,Light,0,0,1,3,5,5.0,9,5,Moderate,9002,10,0,0,1.4,-388,0,0,0,1,0,0,0,1,0,0,2026-04-26,29,29
U04541,3,36,159.7,50.8,19.9,2026-07-27,22,22,24,24,22,22.67,22.8,0.98,7,4,Light,0,0,0,1,3,9.5,1,0,High,6830,6,0,1,-0.8,61,1,0,0,0,0,0,0,1,0,0,2026-08-18,22,22
U04542,11,31,162.6,42.3,16.0,2026-07-12,29,28,28,27,26,28.33,27.6,1.02,6,3,Medium,0,0,0,2,3,6.1,5,7,Moderate,11519,9,0,0,-0.6,316,0,1,0,0,0,0,0,0,0,0,2026-08-10,29,29
U04543,5,39,170.6,80.3,27.6,2026-05-15,29,31,28,28,29,29.33,29.0,1.1,6,3,Medium,0,1,1,4,6,5.9,7,6,Moderate,5008,5,0,0,-0.4,59,0,0,1,1,0,0,0,0,0,0,2026-06-14,30,30
U04544,6,40,163.6,56.2,21.0,2026-07-27,28,29,27,27,31,28.0,28.4,1.5,7,5,Heavy,0,0,0,9,5,6.8,7,4,Low,9681,2,0,0,-0.7,-256,0,0,0,0,0,0,0,0,0,0,2026-08-29,33,33
U04545,8,31,159.0,65.2,25.8,2026-07-01,31,30,29,34,30,30.0,30.8,1.72,7,3,Light,0,0,0,10,5,7.9,9,6,High,5187,7,0,0,-0.2,-596,0,1,0,0,0,0,0,0,0,0,2026-08-02,32,32
U04546,8,19,164.2,55.3,20.5,2026-05-05,26,24,25,25,25,25.0,25.0,0.63,4,5,Medium,0,0,0,8,10,6.0,10,1,Moderate,3800,2,0,1,0.0,-443,1,0,0,0,0,0,0,0,0,0,2026-06-01,27,27
U04547,10,25,160.2,52.4,20.4,2026-01-19,30,27,32,28,31,29.67,29.6,1.85,6,5,Light,0,1,0,2,2,8.2,3,6,Moderate,7781,1,0,0,1.3,-67,0,1,1,0,0,0,0,0,0,0,2026-02-15,27,27
U04548,8,20,161.9,57.4,21.9,2026-04-17,32,31,32,33,29,31.67,31.4,1.36,5,5,Medium,0,1,1,7,3,7.1,3,2,Low,2834,9,0,1,-1.4,-149,0,0,0,1,0,0,0,0,0,0,2026-05-21,34,34
U04549,11,40,157.3,61.6,24.9,2026-07-18,31,31,31,29,28,31.0,30.0,1.26,3,6,Heavy,0,0,0,8,8,5.7,2,6,Low,12582,9,0,1,1.0,330,0,0,0,0,0,0,0,1,0,0,2026-08-22,35,35
U04550,9,40,153.8,53.2,22.5,2026-07-22,33,34,35,33,33,34.0,33.6,0.8,7,7,Medium,0,0,0,4,2,5.6,9,4,Moderate,13156,6,0,0,0.4,130,0,0,0,0,1,0,0,0,0,0,2026-08-23,32,32
U04551,5,20,156.4,58.5,23.9,2026-08-02,24,22,24,26,24,23.33,24.0,1.26,4,5,Heavy,0,0,0,10,2,8.8,5,4,Moderate,4367,8,0,0,-0.1,-13,0,0,0,0,0,0,0,0,0,1,2026-08-27,25,25
U04552,11,31,155.0,59.3,24.7,2026-05-07,30,30,30,29,27,30.0,29.2,1.17,4,7,Medium,0,0,0,9,2,8.1,10,5,Moderate,10894,4,1,0,1.9,219,0,0,0,0,0,0,0,1,0,0,2026-06-05,29,29
U04553,4,31,158.7,67.7,26.9,2026-03-14,33,31,33,34,31,32.33,32.4,1.2,6,4,Medium,0,0,0,7,9,5.1,5,6,Moderate,4761,3,0,0,-0.3,-606,0,1,0,0,0,0,0,1,0,0,2026-04-16,33,33
U04554,5,26,150.7,59.0,26.0,2026-01-18,30,30,31,30,30,30.33,30.2,0.4,5,4,Medium,0,0,0,5,6,7.4,6,6,Moderate,12625,10,0,0,-1.4,312,0,0,0,0,0,1,0,0,0,0,2026-02-16,29,29
U04555,3,28,158.1,55.7,22.3,2026-04-18,33,36,33,33,36,34.0,34.2,1.47,3,6,Medium,0,0,0,5,9,5.6,8,4,Moderate,9541,1,1,0,0.7,-196,0,0,0,0,0,0,0,0,0,0,2026-05-21,33,33
U04556,5,39,170.5,75.9,26.1,2026-03-05,33,34,38,30,36,35.0,34.2,2.71,7,6,Medium,0,0,0,8,8,5.7,3,3,Low,10115,7,0,0,1.5,-611,1,0,0,0,0,0,0,0,0,0,2026-04-04,30,30
U04557,9,22,159.0,54.9,21.7,2026-02-07,30,30,29,29,29,29.67,29.4,0.49,3,6,Medium,0,0,0,5,5,6.3,4,4,High,13861,3,0,1,-0.9,-680,0,0,0,0,0,0,0,0,0,0,2026-03-08,29,29
U04558,2,38,163.9,55.6,20.7,2026-08-02,36,37,34,37,37,35.67,36.2,1.17,6,5,Medium,0,0,1,4,1,8.6,1,1,Moderate,10812,6,0,0,2.5,482,1,0,0,1,0,0,0,0,0,0,2026-09-05,34,34
U04559,12,28,161.7,56.5,21.6,2026-02-25,29,32,31,28,30,30.67,30.0,1.41,4,5,Medium,0,0,0,6,9,5.8,6,1,Moderate,3236,8,0,0,-0.1,-471,1,0,0,0,0,0,0,0,0,0,2026-03-27,30,30
U04560,8,38,168.8,58.4,20.5,2026-05-15,28,29,31,29,30,29.33,29.4,1.02,7,5,Light,0,0,0,5,4,5.2,7,1,High,3667,6,0,0,1.1,-676,0,0,1,0,0,0,0,1,0,0,2026-06-14,30,30
U04561,9,39,159.0,44.2,17.5,2026-01-30,27,24,29,25,29,26.67,26.8,2.04,3,6,Medium,0,0,0,8,4,7.0,6,1,Low,9071,1,0,0,0.8,336,1,0,0,0,0,0,0,0,0,0,2026-02-23,24,24
U04562,8,18,159.1,45.1,17.8,2026-02-22,36,35,36,37,36,35.67,36.0,0.63,7,4,Medium,0,0,1,8,5,7.9,9,0,High,5073,10,0,0,0.2,485,0,1,0,1,0,0,1,0,0,0,2026-04-01,38,38
U04563,5,26,146.1,45.0,21.1,2026-04-14,30,32,27,31,27,29.67,29.4,2.06,4,5,Medium,0,0,0,5,7,4.9,1,7,Moderate,5646,3,0,0,-1.2,191,0,0,1,0,0,0,0,0,0,0,2026-05-13,29,29
U04564,3,27,156.5,58.3,23.8,2026-03-04,34,35,33,38,35,34.0,35.0,1.67,3,4,Heavy,0,1,0,9,8,7.6,1,3,Moderate,3470,8,0,0,-1.0,-413,1,1,1,0,0,0,0,0,0,0,2026-04-07,34,34
U04565,9,24,155.3,58.8,24.4,2026-04-18,36,36,35,39,32,35.67,35.6,2.24,4,7,Light,0,0,0,9,2,8.3,3,1,Low,2660,1,0,0,0.8,-659,0,1,0,0,1,0,0,0,0,0,2026-05-25,37,37
U04566,5,37,176.8,86.6,27.7,2026-03-29,27,28,28,29,27,27.67,27.8,0.75,6,3,Light,0,0,0,6,1,6.5,1,7,Low,10988,4,0,0,1.6,-406,0,0,0,0,1,0,0,0,0,0,2026-04-26,28,28
U04567,4,23,154.2,49.5,20.8,2026-04-21,27,28,27,24,28,27.33,26.8,1.47,7,6,Medium,0,0,0,5,5,9.1,10,3,High,7046,6,0,0,-0.4,384,0,0,0,0,0,0,0,0,0,0,2026-05-15,24,24
U04568,10,27,148.6,47.0,21.3,2026-04-11,30,30,30,32,27,30.0,29.8,1.6,3,6,Medium,0,0,0,1,7,5.7,10,4,Low,2714,6,0,0,0.7,265,0,0,0,0,0,0,0,0,0,0,2026-05-09,28,28
U04569,11,34,173.8,67.7,22.4,2026-04-09,31,30,31,30,31,30.67,30.6,0.49,6,3,Medium,0,0,0,10,10,5.7,6,1,Moderate,6745,2,0,0,-0.4,48,1,0,1,0,0,1,0,0,0,0,2026-05-14,35,35
U04570,2,33,166.5,46.3,16.7,2026-01-20,37,38,38,38,37,37.67,37.6,0.49,3,7,Heavy,0,0,0,2,1,7.8,2,5,High,7462,1,0,0,-0.4,-610,1,0,0,0,1,0,0,0,0,0,2026-02-26,37,37
U04571,9,19,151.6,55.8,24.3,2026-06-07,31,32,32,31,33,31.67,31.8,0.75,4,5,Medium,0,0,1,5,1,7.3,5,0,High,9444,8,0,0,0.2,-623,0,0,0,1,0,0,0,0,0,0,2026-07-07,30,30
U04572,3,36,158.0,63.7,25.5,2026-01-22,37,37,36,42,37,36.67,37.8,2.14,4,5,Medium,0,0,0,7,5,5.9,1,3,Moderate,6172,6,0,1,2.1,118,0,0,1,0,1,0,0,0,0,0,2026-03-04,41,41
U04573,6,40,153.2,46.9,20.0,2026-04-23,27,30,27,30,25,28.0,27.8,1.94,7,5,Light,1,0,0,8,1,7.7,3,2,Moderate,9053,5,0,0,-1.9,-72,0,0,0,0,0,0,0,0,0,0,2026-05-19,26,26
U04574,6,33,163.1,54.0,20.3,2026-04-22,29,27,32,28,33,29.33,29.8,2.32,7,3,Medium,1,1,0,3,7,8.0,6,6,Moderate,6177,1,0,0,1.2,5,0,0,1,0,0,0,0,0,0,0,2026-05-22,30,30
U04575,6,30,153.0,50.3,21.5,2026-08-27,33,31,36,34,29,33.33,32.6,2.42,4,6,Medium,0,0,0,7,2,8.0,3,2,Low,13049,7,0,0,-2.0,104,0,0,0,0,0,0,0,0,0,1,2026-09-30,34,34
U04576,11,24,156.4,55.0,22.5,2026-08-21,30,29,32,26,34,30.33,30.2,2.71,6,4,Medium,0,0,0,4,3,9.2,8,6,Low,11063,4,0,0,-1.3,-621,0,0,0,0,0,0,0,0,1,0,2026-09-18,28,28
U04577,9,19,156.5,39.2,16.0,2026-07-08,30,29,33,30,31,30.67,30.6,1.36,5,4,Medium,0,0,0,5,3,6.9,6,4,High,9257,4,1,1,0.7,-644,1,0,0,0,0,0,0,0,0,0,2026-08-06,29,29
U04578,12,34,159.5,55.7,21.9,2026-08-28,32,28,29,30,33,29.67,30.4,1.85,7,7,Light,0,0,0,8,3,7.4,8,2,Low,5740,1,0,0,1.4,152,1,0,0,0,0,0,0,0,0,0,2026-10-01,34,34
U04579,2,23,164.5,52.2,19.3,2026-03-07,30,32,32,33,28,31.33,31.0,1.79,5,7,Medium,0,0,0,2,7,8.2,1,3,Moderate,3134,6,0,0,1.2,238,1,0,0,0,0,0,0,0,1,0,2026-04-04,28,28
U04580,6,39,157.9,39.9,16.0,2026-01-26,22,20,21,20,21,21.0,20.8,0.75,7,6,Heavy,1,0,0,5,4,5.3,10,5,High,11787,10,0,0,-0.1,-431,0,0,0,0,0,0,0,0,0,0,2026-02-17,22,22
U04581,11,29,160.0,55.8,21.8,2026-04-15,26,24,23,28,27,24.33,25.6,1.85,7,5,Medium,0,0,0,8,9,6.3,2,1,Moderate,8649,1,0,0,0.3,261,0,0,0,0,0,0,0,0,0,0,2026-05-13,28,28
U04582,4,27,163.2,57.3,21.5,2026-08-10,28,25,29,30,30,27.33,28.4,1.85,3,5,Light,0,0,0,7,8,6.8,6,1,Moderate,3776,3,0,0,-1.4,117,0,0,0,0,0,0,0,0,0,0,2026-09-08,29,29
U04583,12,22,169.9,62.1,21.5,2026-03-21,33,32,31,32,31,32.0,31.8,0.75,7,5,Medium,0,0,0,1,2,5.0,9,5,Moderate,11772,4,0,1,-1.8,-320,0,0,0,0,0,0,0,0,0,0,2026-04-21,31,31
U04584,4,25,171.4,67.9,23.1,2026-06-17,30,30,29,29,29,29.67,29.4,0.49,7,6,Light,0,0,0,3,10,6.9,7,3,Moderate,11314,2,0,0,-0.2,119,1,0,0,0,0,0,0,0,0,0,2026-07-19,32,32
U04585,12,40,167.6,74.7,26.6,2026-07-23,28,28,27,29,25,27.67,27.4,1.36,7,4,Medium,0,0,0,4,4,5.3,3,0,Moderate,13527,6,0,0,-0.3,-2,0,0,0,0,0,0,0,0,0,0,2026-08-19,27,27
U04586,9,32,161.1,63.8,24.6,2026-03-04,27,25,30,28,29,27.33,27.8,1.72,5,3,Medium,0,0,0,3,8,5.4,7,6,Moderate,9705,10,0,1,1.2,397,0,0,0,0,0,0,0,0,0,0,2026-03-30,26,26
U04587,8,30,168.1,66.4,23.5,2026-06-30,32,33,31,35,33,32.0,32.8,1.33,5,7,Medium,0,0,0,10,2,6.5,7,3,Moderate,2846,7,1,0,-0.1,-294,0,0,0,0,0,1,0,0,0,0,2026-08-01,32,32
U04588,7,23,162.3,54.0,20.5,2026-03-08,33,33,31,34,34,32.33,33.0,1.1,6,4,Medium,0,0,0,9,1,5.2,9,2,Moderate,5870,9,0,0,0.1,231,0,0,0,0,0,0,0,0,0,0,2026-04-13,36,36
U04589,11,26,145.0,44.4,21.1,2026-08-05,28,27,27,29,26,27.33,27.4,1.02,7,6,Medium,0,0,0,8,5,7.9,6,7,Moderate,10798,2,0,0,-0.7,-523,0,0,0,0,0,0,0,0,0,0,2026-09-01,27,27
U04590,10,25,159.3,70.8,27.9,2026-04-08,26,25,26,28,26,25.67,26.2,0.98,6,5,Medium,0,0,0,6,8,6.1,9,4,Moderate,10423,7,1,0,-0.3,-639,0,0,0,0,1,0,0,0,0,0,2026-05-02,24,24
U04591,8,36,148.5,53.6,24.3,2026-06-15,31,28,30,32,27,29.67,29.6,1.85,5,5,Medium,1,0,0,5,2,7.1,6,4,Low,12886,1,0,0,0.3,55,0,0,1,0,0,0,0,1,0,0,2026-07-16,31,31
U04592,8,26,162.8,54.1,20.4,2026-04-11,28,29,29,26,27,28.67,27.8,1.17,5,5,Medium,0,0,0,7,6,9.3,8,0,High,5850,10,0,0,-0.3,147,1,0,0,0,0,0,0,1,0,0,2026-05-08,27,27
U04593,6,28,167.1,57.8,20.7,2026-06-17,26,27,29,25,29,27.33,27.2,1.6,3,5,Medium,0,0,0,6,4,8.2,4,5,High,6685,3,0,0,-0.3,249,0,0,0,0,0,0,0,0,0,0,2026-07-11,24,24
U04594,8,37,166.3,67.8,24.5,2026-08-23,29,28,28,32,31,28.33,29.6,1.62,4,6,Medium,0,1,0,2,8,7.0,8,4,Moderate,8406,2,0,0,0.1,-221,0,0,1,0,0,0,0,0,0,1,2026-09-22,30,30
U04595,10,23,168.4,57.9,20.4,2026-08-08,30,31,30,30,31,30.33,30.4,0.49,4,5,Light,0,0,0,3,2,5.8,3,2,High,3460,9,0,0,0.7,107,1,0,0,0,0,0,0,0,0,0,2026-09-08,31,31
U04596,6,35,160.7,57.1,22.1,2026-06-19,30,31,26,29,33,29.0,29.8,2.32,4,3,Medium,0,0,0,4,2,6.3,1,5,Low,6251,9,0,0,-0.2,389,0,1,0,0,0,0,0,0,0,0,2026-07-18,29,29
U04597,5,23,163.3,68.0,25.5,2026-02-24,30,30,32,32,32,30.67,31.2,0.98,3,4,Light,0,0,0,6,8,6.3,6,2,Low,2879,4,0,0,1.2,-323,0,0,1,0,0,0,0,0,0,0,2026-03-23,27,27
U04598,7,37,156.6,52.5,21.4,2026-03-20,28,28,28,29,28,28.0,28.2,0.4,6,4,Medium,0,1,0,8,1,6.2,9,0,Moderate,7454,2,0,0,1.4,-687,0,0,0,0,0,0,0,0,0,0,2026-04-17,28,28
U04599,9,25,160.6,49.3,19.1,2026-08-22,32,33,34,34,34,33.0,33.4,0.8,5,7,Medium,0,0,0,1,10,4.7,3,0,Low,6827,3,0,0,-1.1,-32,1,0,1,0,0,0,0,0,0,0,2026-09-24,33,33
U04600,6,18,156.5,64.7,26.4,2026-05-23,31,29,31,31,30,30.33,30.4,0.8,4,4,Medium,0,0,1,3,6,4.8,5,3,High,13898,4,0,0,-0.2,-496,0,1,0,1,0,0,0,0,0,0,2026-06-21,29,29
U04601,3,28,152.1,53.2,23.0,2026-07-20,29,31,31,29,28,30.33,29.6,1.2,6,6,Heavy,1,0,0,3,8,6.1,6,4,Moderate,6606,1,1,0,-1.8,185,0,0,0,0,0,0,0,0,0,0,2026-08-17,28,28
U04602,10,22,154.3,51.4,21.6,2026-03-10,29,29,32,30,27,30.0,29.4,1.62,4,4,Medium,0,0,0,5,4,6.6,8,1,Moderate,10062,6,0,0,-0.5,-162,0,1,0,0,0,0,0,0,0,0,2026-04-11,32,32
U04603,11,28,170.5,54.1,18.6,2026-04-04,26,26,28,26,26,26.67,26.4,0.8,3,3,Medium,0,0,0,1,1,6.7,5,5,Moderate,6080,4,0,0,-0.2,231,0,0,0,0,0,0,0,0,0,0,2026-04-28,24,24
U04604,8,39,160.7,56.0,21.7,2026-01-22,27,29,26,29,26,27.33,27.4,1.36,7,5,Light,0,0,0,8,7,8.3,7,6,Moderate,12470,1,0,0,-0.8,386,0,0,1,0,0,0,0,0,0,0,2026-02-17,26,26
U04605,12,27,155.6,64.4,26.6,2026-02-01,31,32,32,29,31,31.67,31.0,1.1,7,5,Medium,0,0,0,3,5,6.3,3,0,High,5041,8,1,0,-2.6,-393,0,0,0,0,0,0,0,0,0,0,2026-03-02,29,29
U04606,8,31,166.3,51.7,18.7,2026-06-12,37,35,40,35,34,37.33,36.2,2.14,3,4,Light,0,0,0,10,7,6.5,4,4,Moderate,12546,3,0,0,-0.7,-410,0,0,0,0,0,1,0,0,0,0,2026-07-20,38,38
U04607,7,26,168.8,58.4,20.5,2026-07-15,30,30,28,28,31,29.33,29.4,1.2,5,4,Heavy,0,0,0,7,5,7.4,3,7,High,2195,9,0,0,-0.3,336,0,0,0,0,0,0,0,0,0,0,2026-08-17,33,33
U04608,7,39,163.8,46.1,17.2,2026-06-11,34,33,34,33,33,33.67,33.4,0.49,3,7,Light,0,0,0,5,2,8.5,10,3,Low,10103,3,0,1,-0.5,291,0,1,0,0,1,0,0,0,0,0,2026-07-12,31,31
U04609,8,28,161.7,47.6,18.2,2026-03-16,31,31,34,32,34,32.0,32.4,1.36,6,6,Medium,0,0,1,6,2,5.6,9,1,Moderate,6342,1,0,1,-0.2,-291,0,0,0,1,0,0,0,1,0,1,2026-04-18,33,33
U04610,10,26,160.4,60.7,23.6,2026-05-23,29,29,29,27,29,29.0,28.6,0.8,7,3,Medium,0,0,0,4,9,6.5,6,5,High,12914,9,0,1,-0.9,-446,0,0,0,0,1,0,0,0,0,0,2026-06-19,27,27
U04611,3,24,164.4,61.9,22.9,2026-07-20,35,36,37,38,34,36.0,36.0,1.41,3,6,Heavy,0,0,0,9,8,5.7,10,1,High,5121,2,0,0,1.9,-27,0,0,1,0,0,0,0,0,0,1,2026-08-28,39,39
U04612,7,22,150.6,58.5,25.8,2026-08-27,30,29,30,30,31,29.67,30.0,0.63,7,3,Light,0,0,0,8,4,7.5,2,5,Moderate,7793,2,0,0,1.3,-285,1,0,1,0,0,1,0,0,0,0,2026-09-28,32,32
U04613,11,29,164.4,58.6,21.7,2026-01-08,30,30,28,30,29,29.33,29.4,0.8,3,5,Light,1,0,0,4,5,5.9,10,5,High,11719,1,0,0,0.5,-268,0,0,0,0,0,1,0,0,0,0,2026-02-08,31,31
U04614,10,32,158.8,57.2,22.7,2026-07-27,31,28,31,32,32,30.0,30.8,1.47,6,3,Medium,0,0,0,3,2,7.0,5,4,Low,9025,4,0,0,-1.1,450,0,1,0,0,1,1,0,1,0,0,2026-08-24,28,28
U04615,11,37,154.0,64.7,27.3,2026-04-07,30,28,27,33,28,28.33,29.2,2.14,5,7,Medium,0,1,1,4,2,5.9,9,4,High,12153,4,0,0,-0.1,-700,0,1,1,1,1,0,0,0,0,0,2026-05-09,32,32
U04616,2,22,159.2,58.8,23.2,2026-06-07,33,32,33,32,33,32.67,32.6,0.49,6,3,Heavy,0,0,0,10,7,7.8,5,2,Moderate,2454,5,0,0,0.1,-384,0,0,0,0,0,0,0,1,0,0,2026-07-11,34,34
U04617,3,22,145.0,51.9,24.7,2026-06-13,29,27,30,27,30,28.67,28.6,1.36,4,3,Medium,0,0,0,5,9,6.9,4,7,High,10612,4,1,0,0.9,163,0,0,0,0,0,1,0,1,0,0,2026-07-12,29,29
U04618,9,24,159.0,60.9,24.1,2026-01-23,30,30,30,34,34,30.0,31.6,1.96,3,4,Heavy,0,0,0,5,2,6.0,7,5,Low,2968,2,0,0,0.4,-302,0,0,1,0,0,0,1,0,0,0,2026-02-23,31,31
U04619,9,29,156.2,49.8,20.4,2026-07-02,31,33,35,34,29,33.0,32.4,2.15,6,5,Heavy,1,1,0,3,7,8.1,10,0,Moderate,12373,6,0,0,1.6,478,0,1,0,0,0,1,0,0,0,0,2026-08-01,30,30
U04620,9,27,172.4,77.9,26.2,2026-06-17,29,30,33,29,27,30.67,29.6,1.96,3,6,Medium,1,0,0,4,7,6.7,1,3,Low,4428,8,0,1,-0.7,-101,1,0,0,0,0,1,0,0,0,0,2026-07-15,28,28
U04621,4,21,157.7,66.9,26.9,2026-03-30,25,25,25,24,23,25.0,24.4,0.8,4,6,Light,0,0,0,6,8,8.3,9,0,High,9049,4,0,0,-0.1,-277,0,0,0,0,0,0,0,0,0,1,2026-04-25,26,26
U04622,2,35,153.9,46.2,19.5,2026-07-12,31,31,32,32,29,31.33,31.0,1.1,3,6,Light,0,0,0,7,3,6.9,8,6,High,9651,7,0,0,1.8,-303,0,0,0,0,0,0,0,0,0,0,2026-08-10,29,29
U04623,8,31,153.0,43.5,18.6,2026-04-07,33,32,33,34,31,32.67,32.6,1.02,3,4,Heavy,1,0,0,4,5,7.9,6,3,High,12584,8,0,0,1.6,-665,0,0,1,0,0,0,0,0,0,0,2026-05-12,35,35
U04624,5,30,159.2,69.7,27.5,2026-06-18,32,31,35,31,34,32.67,32.6,1.62,6,4,Medium,0,0,0,6,4,5.9,2,1,Moderate,7804,1,1,0,2.1,330,0,0,0,0,0,1,0,0,0,0,2026-07-21,33,33
U04625,12,19,154.0,54.5,23.0,2026-03-01,30,31,30,32,28,30.33,30.2,1.33,5,6,Medium,0,0,0,2,1,7.2,2,0,Moderate,7632,10,0,0,-0.1,0,0,0,0,0,0,0,0,0,0,0,2026-03-28,27,27
U04626,5,31,160.8,50.2,19.4,2026-08-16,34,35,35,33,35,34.67,34.4,0.8,7,3,Medium,0,0,0,1,2,5.7,8,5,Moderate,6630,9,0,0,0.7,412,0,0,1,0,0,0,0,0,1,0,2026-09-21,36,36
U04627,6,31,153.5,58.7,24.9,2026-02-13,33,33,31,36,33,32.33,33.2,1.6,4,5,Heavy,0,0,0,3,10,6.6,4,3,Moderate,3861,3,0,0,0.6,376,0,0,0,0,1,0,0,1,0,0,2026-03-17,32,32
U04628,10,29,165.0,56.6,20.8,2026-05-01,29,29,31,30,28,29.67,29.4,1.02,7,6,Light,0,0,1,3,4,6.2,2,5,Moderate,2780,4,0,0,1.0,-230,0,1,0,1,0,0,0,1,0,0,2026-06-02,32,32
U04629,12,24,157.9,62.6,25.1,2026-07-15,34,31,33,34,33,32.67,33.0,1.1,6,7,Heavy,0,0,0,7,4,7.1,9,7,High,3015,9,0,0,0.3,393,1,0,0,0,0,0,0,1,1,1,2026-08-18,34,34
U04630,10,39,145.0,54.2,25.8,2026-08-10,34,35,33,38,34,34.0,34.8,1.72,4,5,Heavy,0,0,0,8,6,4.9,6,4,Moderate,3293,5,0,0,-0.8,-84,0,0,0,0,0,0,0,0,0,0,2026-09-13,34,34
U04631,7,33,159.5,71.0,27.9,2026-04-26,29,31,28,28,30,29.33,29.2,1.17,4,5,Light,0,0,0,4,1,5.7,7,3,High,5722,10,0,1,-0.4,-631,0,1,0,0,0,0,0,0,0,0,2026-05-26,30,30
U04632,2,40,161.4,55.5,21.3,2026-05-17,31,33,34,32,29,32.67,31.8,1.72,4,6,Light,0,0,0,4,7,7.0,4,6,Moderate,11719,8,0,0,-1.3,-153,0,1,1,0,0,0,0,0,0,0,2026-06-17,31,31
U04633,6,33,155.5,48.8,20.2,2026-05-23,28,28,27,25,28,27.67,27.2,1.17,5,7,Light,1,0,0,1,6,7.8,1,7,Moderate,3053,2,0,0,-0.3,-151,0,0,1,0,0,0,0,0,0,0,2026-06-18,26,26
U04634,11,29,162.4,53.3,20.2,2026-02-06,26,28,25,25,26,26.33,26.0,1.1,3,6,Medium,0,0,0,5,7,6.6,3,4,Moderate,5528,2,0,1,0.1,73,0,0,0,0,0,0,0,1,0,0,2026-03-04,26,26
U04635,10,22,158.1,55.2,22.1,2026-05-15,32,34,36,31,34,34.0,33.4,1.74,4,5,Medium,1,0,1,8,1,5.6,2,3,Moderate,9725,2,0,0,0.8,-580,0,0,0,1,0,0,0,0,0,1,2026-06-17,33,33
U04636,10,30,164.0,63.5,23.6,2026-01-25,32,29,33,33,30,31.33,31.4,1.62,4,5,Medium,0,0,0,7,4,8.9,10,6,Moderate,10206,8,0,0,0.9,-105,0,0,0,0,0,0,0,0,0,0,2026-02-26,32,32
U04637,9,31,169.6,61.3,21.3,2026-04-09,27,26,31,28,29,28.0,28.2,1.72,4,4,Medium,0,0,0,3,6,8.4,2,4,Moderate,2248,10,0,0,-2.8,-253,0,0,0,0,0,1,0,0,0,0,2026-05-06,27,27
U04638,10,18,161.3,76.5,29.4,2026-06-09,28,31,29,30,31,29.33,29.8,1.17,4,5,Medium,0,0,0,6,1,7.5,6,5,Moderate,4098,7,1,1,0.0,-575,0,1,1,0,0,0,0,0,0,0,2026-07-07,28,28
U04639,3,29,150.6,42.6,18.8,2026-06-15,32,30,31,30,28,31.0,30.2,1.33,4,7,Heavy,0,0,0,8,7,7.1,7,0,Moderate,9948,10,0,0,0.3,-259,0,1,0,0,0,0,0,0,0,1,2026-07-15,30,30
U04640,2,35,153.8,66.0,27.9,2026-03-13,32,29,33,32,34,31.33,32.0,1.67,5,5,Light,0,0,0,6,8,8.6,9,1,High,5703,2,0,0,-0.1,395,0,1,0,0,0,0,0,1,0,0,2026-04-14,32,32
U04641,4,22,163.7,58.7,21.9,2026-06-19,31,32,27,31,33,30.0,30.8,2.04,6,3,Heavy,0,0,0,3,7,7.1,5,0,Moderate,6841,4,0,1,-0.9,91,0,0,0,0,0,0,0,0,0,0,2026-07-19,30,30
U04642,4,34,168.3,45.3,16.0,2026-02-11,32,33,29,34,32,31.33,32.0,1.67,3,7,Light,0,0,0,8,5,4.9,3,7,High,8250,3,0,0,-1.0,101,0,0,0,0,1,0,0,0,0,0,2026-03-16,33,33
U04643,10,39,164.0,50.0,18.6,2026-01-13,30,31,29,30,36,30.0,31.2,2.48,6,6,Medium,0,0,0,8,10,7.6,3,6,Low,6185,1,0,0,-0.0,-20,0,0,0,0,0,0,0,0,0,0,2026-02-12,30,30
U04644,12,19,155.7,60.8,25.1,2026-02-25,33,35,34,34,33,34.0,33.8,0.75,3,7,Medium,0,0,0,5,9,6.5,8,3,Low,5705,5,0,0,1.2,396,0,0,1,0,0,1,0,0,0,0,2026-03-30,33,33
U04645,12,38,165.4,49.2,18.0,2026-06-03,26,25,25,27,23,25.33,25.2,1.33,4,3,Heavy,0,1,0,5,4,5.8,6,5,Moderate,10536,5,0,0,-1.1,114,0,0,0,0,0,0,0,0,0,0,2026-06-29,26,26
U04646,12,20,159.8,62.8,24.6,2026-06-21,38,39,39,38,39,38.67,38.6,0.49,5,4,Medium,0,0,0,9,6,7.9,1,2,Moderate,6099,8,0,0,1.9,-290,0,0,1,0,1,0,0,1,0,0,2026-07-27,36,36
U04647,11,26,174.5,78.3,25.7,2026-04-26,26,30,26,29,26,27.33,27.4,1.74,3,6,Medium,0,0,0,6,5,6.1,7,2,Low,13903,2,1,0,-1.2,-176,1,0,0,0,0,0,0,0,0,0,2026-05-23,27,27
U04648,4,19,173.9,77.7,25.7,2026-03-07,32,32,33,31,28,32.33,31.2,1.72,6,3,Medium,0,0,0,6,5,8.0,8,7,Moderate,5131,5,0,0,1.2,49,0,0,0,0,1,0,0,0,0,0,2026-04-09,33,33
U04649,5,36,158.5,65.8,26.2,2026-02-17,29,26,30,31,29,28.33,29.0,1.67,6,7,Medium,0,0,0,2,3,6.7,9,4,Low,7417,4,0,1,1.0,-63,0,1,0,0,0,0,0,0,0,0,2026-03-16,27,27
U04650,3,27,155.1,46.7,19.4,2026-08-16,33,33,34,31,36,33.33,33.4,1.62,3,5,Light,0,0,0,9,6,6.0,7,3,Moderate,12714,3,1,1,-0.5,-408,0,0,0,0,0,0,0,0,0,0,2026-09-19,34,34
U04651,9,29,150.4,47.3,20.9,2026-07-02,27,27,26,24,30,26.67,26.8,1.94,6,3,Light,0,0,0,9,4,6.7,9,6,Moderate,5969,6,0,0,0.1,-104,0,0,0,0,0,0,0,0,0,0,2026-08-02,31,31
U04652,10,31,169.1,57.5,20.1,2026-02-24,32,32,31,34,30,31.67,31.8,1.33,4,4,Medium,0,0,0,10,9,6.1,5,3,Low,7228,5,0,0,1.6,-542,0,1,0,0,0,0,0,0,0,0,2026-03-26,30,30
U04653,7,31,173.6,75.6,25.1,2026-03-05,27,25,26,27,23,26.0,25.6,1.5,6,6,Medium,1,0,0,5,8,6.9,10,4,Low,2616,7,0,0,1.4,14,0,0,0,0,0,0,0,0,0,0,2026-04-01,27,27
U04654,9,19,145.0,35.7,17.0,2026-02-13,24,23,26,25,26,24.33,24.8,1.17,6,5,Medium,0,0,0,8,9,6.6,8,4,High,12346,5,1,0,-2.0,-551,0,0,0,0,0,0,0,0,0,0,2026-03-07,22,22
U04655,8,21,158.6,61.4,24.4,2026-02-13,28,28,30,27,28,28.67,28.2,0.98,6,5,Heavy,0,0,0,7,7,6.7,8,0,Low,8614,7,0,0,-0.5,118,0,0,0,0,0,0,0,0,0,0,2026-03-14,29,29
U04656,6,39,161.8,59.2,22.6,2026-05-30,28,26,29,27,30,27.67,28.0,1.41,3,3,Medium,0,0,0,7,5,5.9,3,0,Low,9150,7,0,0,0.5,-610,0,0,0,0,0,0,0,0,0,1,2026-06-29,30,30
U04657,3,31,155.7,50.9,21.0,2026-01-17,36,35,34,35,36,35.0,35.2,0.75,5,5,Medium,0,0,0,3,10,6.4,1,7,Low,10063,5,0,0,0.4,81,0,1,1,0,0,0,0,1,0,0,2026-02-18,32,32
U04658,12,19,158.5,64.6,25.7,2026-01-13,27,26,26,26,28,26.33,26.6,0.8,6,4,Medium,0,0,0,7,6,8.7,3,2,Moderate,13510,4,0,0,0.5,-470,1,1,0,0,0,0,0,0,0,0,2026-02-13,31,31
U04659,12,21,153.5,47.8,20.3,2026-08-02,32,33,29,32,31,31.33,31.4,1.36,5,7,Medium,0,0,0,5,1,4.0,2,3,Low,2997,10,0,0,-1.0,292,0,1,0,0,0,0,0,0,0,0,2026-09-02,31,31
U04660,5,21,161.7,52.8,20.2,2026-05-29,29,27,27,29,29,27.67,28.2,0.98,7,6,Heavy,0,0,0,10,5,5.9,2,3,Moderate,11649,1,0,0,-1.2,351,1,0,0,0,0,0,0,0,0,0,2026-06-30,32,32
U04661,8,22,160.9,66.0,25.5,2026-08-16,27,28,27,24,27,27.33,26.6,1.36,7,3,Medium,0,0,0,3,2,6.3,9,3,Moderate,9060,4,0,0,1.2,-61,0,0,0,0,0,0,0,0,0,1,2026-09-10,25,25
U04662,12,36,160.8,62.8,24.3,2026-03-08,33,34,32,28,33,33.0,32.0,2.1,3,3,Heavy,0,0,0,8,10,7.2,2,7,High,12246,4,0,0,0.8,-387,0,0,1,0,0,0,0,0,0,0,2026-04-14,37,37
U04663,10,21,163.0,60.8,22.9,2026-07-06,28,29,27,29,24,28.0,27.4,1.85,7,6,Medium,0,0,0,2,8,8.5,3,0,High,6140,9,0,0,1.3,-143,0,1,0,0,0,0,0,0,0,0,2026-08-01,26,26
U04664,6,33,174.1,70.3,23.2,2026-02-01,33,33,34,35,36,33.33,34.2,1.17,6,7,Medium,0,0,1,9,5,6.6,2,4,Moderate,12199,9,0,0,-0.1,20,0,0,1,1,0,0,0,0,0,0,2026-03-10,37,37
U04665,5,33,145.0,37.0,17.6,2026-06-22,30,29,26,29,31,28.33,29.0,1.67,7,3,Light,0,0,0,6,7,6.1,10,3,Low,12898,8,0,1,-0.1,-582,1,0,0,0,0,0,0,0,0,0,2026-07-21,29,29
U04666,3,37,162.3,56.4,21.4,2026-01-13,34,35,36,34,37,35.0,35.2,1.17,4,6,Medium,0,0,0,4,6,5.8,2,0,Low,3432,8,0,0,0.0,-51,0,1,1,0,0,0,0,0,0,0,2026-02-15,33,33
U04667,5,33,164.2,45.3,16.8,2026-06-11,28,29,30,25,30,29.0,28.4,1.85,3,5,Heavy,1,0,0,7,5,7.2,6,6,Moderate,4616,7,0,0,-0.7,163,0,0,0,0,0,0,0,0,0,0,2026-07-09,28,28
U04668,12,38,161.7,63.5,24.3,2026-03-03,28,30,31,28,29,29.67,29.2,1.17,3,5,Light,0,0,0,10,5,5.1,8,0,High,2591,5,1,0,-0.6,-649,0,0,0,0,0,0,0,1,0,0,2026-03-29,26,26
U04669,4,22,169.2,54.1,18.9,2026-06-12,32,31,30,29,33,31.0,31.0,1.41,4,6,Medium,1,0,0,1,9,7.5,9,7,Moderate,13889,3,0,0,0.7,226,1,0,0,0,0,0,0,0,0,1,2026-07-16,34,34
U04670,12,40,150.7,62.9,27.7,2026-04-05,26,28,24,27,23,26.0,25.6,1.85,4,6,Medium,0,0,0,7,6,8.0,9,0,Moderate,12267,3,0,0,1.5,197,0,0,0,0,0,0,1,0,0,0,2026-05-07,32,32
U04671,7,28,163.6,42.8,16.0,2026-04-11,25,25,24,22,24,24.67,24.0,1.1,7,5,Medium,0,0,0,3,4,6.2,3,6,High,12268,3,1,0,1.8,373,0,0,0,0,0,0,0,0,0,0,2026-05-05,24,24
U04672,8,31,161.5,54.5,20.9,2026-02-18,33,32,34,33,34,33.0,33.2,0.75,7,6,Medium,0,0,1,9,5,7.6,4,4,Low,13726,7,0,0,0.1,231,0,0,1,1,0,0,0,1,0,0,2026-03-25,35,35
U04673,9,26,156.1,51.4,21.1,2026-07-05,30,32,31,31,29,31.0,30.6,1.02,4,3,Medium,0,0,0,3,2,7.1,8,2,Moderate,9744,1,0,0,-0.7,-307,0,0,0,0,1,0,0,0,0,0,2026-08-04,30,30
U04674,9,31,153.6,59.9,25.4,2026-04-17,25,26,20,25,25,23.67,24.2,2.14,4,7,Heavy,0,0,0,2,2,6.9,3,1,Low,12306,1,0,0,-0.6,136,0,0,0,0,0,0,0,0,0,1,2026-05-10,23,23
U04675,2,31,163.0,64.3,24.2,2026-07-25,32,32,33,34,34,32.33,33.0,0.89,6,6,Light,0,0,0,8,1,7.7,9,7,Moderate,5698,3,1,0,0.8,-350,1,1,0,0,0,0,0,0,0,0,2026-08-26,32,32
U04676,7,18,148.8,38.7,17.5,2026-07-25,30,28,28,27,29,28.67,28.4,1.02,5,7,Medium,0,0,0,2,7,7.7,1,6,Moderate,12363,2,0,0,-0.0,202,0,0,0,0,0,0,0,0,0,0,2026-08-26,32,32
U04677,8,21,152.5,51.6,22.2,2026-07-06,27,27,30,28,29,28.0,28.2,1.17,6,4,Medium,0,0,0,6,8,6.2,6,2,High,8730,2,1,1,-1.5,-9,0,0,0,0,0,0,0,1,0,0,2026-08-04,29,29
U04678,4,28,166.1,45.5,16.5,2026-02-01,31,30,34,29,31,31.67,31.0,1.67,3,5,Medium,0,0,1,2,2,5.0,10,7,Moderate,2733,9,0,0,-1.7,-375,0,0,0,1,1,0,0,0,0,0,2026-03-04,31,31
U04679,7,38,158.4,66.2,26.4,2026-01-25,32,33,30,34,31,31.67,32.0,1.41,7,6,Heavy,1,0,1,4,4,6.5,3,1,Moderate,9577,3,0,0,-0.4,-629,0,0,0,1,0,0,0,1,0,0,2026-02-24,30,30
U04680,8,24,155.7,56.5,23.3,2026-04-05,34,35,33,34,35,34.0,34.2,0.75,5,6,Light,0,0,0,5,2,7.9,5,3,Moderate,5542,3,0,0,0.2,-138,1,0,0,0,0,0,0,0,1,1,2026-05-10,35,35
U04681,6,21,163.5,43.6,16.3,2026-02-17,28,30,32,33,31,30.0,30.8,1.72,5,4,Medium,0,0,0,4,8,7.6,8,7,Low,2433,4,0,0,-0.2,-450,0,0,1,0,0,0,1,0,0,1,2026-03-17,28,28
U04682,7,19,169.0,74.8,26.2,2026-07-10,30,30,31,30,34,30.33,31.0,1.55,3,4,Medium,0,0,0,3,1,6.3,5,1,Moderate,3741,2,0,0,-0.3,-44,1,0,0,0,0,0,0,0,1,0,2026-08-10,31,31
U04683,3,40,153.1,56.3,24.0,2026-02-19,27,26,31,26,27,28.0,27.4,1.85,6,3,Light,0,0,0,1,3,7.4,2,5,Moderate,10209,1,0,1,-0.9,-191,0,0,0,0,0,0,1,1,0,0,2026-03-17,26,26
U04684,12,32,150.8,42.3,18.6,2026-01-18,30,30,31,29,29,30.33,29.8,0.75,3,7,Medium,0,0,0,10,10,8.3,10,0,Moderate,13551,7,1,1,0.8,-518,1,0,0,0,0,0,0,0,0,1,2026-02-17,30,30
U04685,6,34,156.7,56.2,22.9,2026-04-26,32,32,30,29,31,31.33,30.8,1.17,6,7,Heavy,0,0,0,4,4,8.3,8,4,High,12104,8,0,0,-1.8,-53,0,0,0,0,1,0,0,0,0,0,2026-05-30,34,34
U04686,9,19,157.3,44.5,18.0,2026-03-24,26,26,24,22,27,25.33,25.0,1.79,4,5,Medium,0,0,0,1,7,8.5,4,0,Moderate,12898,7,0,0,0.6,-654,0,0,0,0,0,0,0,0,0,0,2026-04-14,21,21
U04687,6,28,168.3,53.0,18.7,2026-05-10,34,37,35,33,33,35.33,34.4,1.5,4,3,Light,0,0,1,1,3,8.9,9,5,Moderate,9535,9,0,0,-1.6,201,0,1,1,1,0,0,0,1,0,0,2026-06-13,34,34
U04688,12,32,170.8,67.7,23.2,2026-03-16,27,27,25,28,24,26.33,26.2,1.47,4,6,Heavy,0,0,0,6,5,6.9,9,0,Moderate,13136,6,0,0,0.1,-437,0,1,0,0,0,0,0,0,0,0,2026-04-13,28,28
U04689,5,40,160.4,48.6,18.9,2026-05-27,31,28,31,30,33,30.0,30.6,1.62,5,6,Light,0,0,0,1,8,7.6,7,6,Moderate,10216,10,0,0,0.4,-594,0,0,0,0,0,0,0,0,0,0,2026-06-26,30,30
U04690,7,40,165.6,67.5,24.6,2026-05-06,29,29,29,28,28,29.0,28.6,0.49,4,4,Medium,0,0,0,6,3,6.0,6,1,High,9408,5,0,0,-0.2,228,0,0,0,0,1,0,0,0,0,0,2026-06-05,30,30
U04691,5,39,157.6,55.1,22.2,2026-01-24,29,26,31,31,28,28.67,29.0,1.9,7,5,Light,0,0,0,7,1,9.2,4,0,Moderate,13171,3,0,0,-0.3,-501,0,0,0,0,0,0,0,0,0,0,2026-02-22,29,29
U04692,5,27,175.7,78.7,25.5,2026-03-08,28,26,31,30,28,28.33,28.6,1.74,3,4,Medium,1,0,0,9,3,7.6,10,1,Moderate,10990,5,1,0,-1.2,447,0,0,0,0,0,0,0,0,0,0,2026-04-05,28,28
U04693,12,27,158.3,44.1,17.6,2026-05-23,26,26,29,28,25,27.0,26.8,1.47,6,4,Heavy,0,0,0,8,9,6.6,8,6,Moderate,8955,10,0,0,1.6,-145,0,0,0,0,0,0,0,0,0,0,2026-06-18,26,26
U04694,5,33,158.0,60.9,24.4,2026-04-09,27,26,29,26,27,27.33,27.0,1.1,4,3,Light,0,0,0,2,3,5.2,5,3,Low,4908,9,0,1,0.1,-356,0,0,0,0,1,0,0,1,0,1,2026-05-03,24,24
U04695,12,40,158.2,63.6,25.4,2026-04-12,27,27,27,27,27,27.0,27.0,0.0,6,5,Heavy,1,0,0,5,2,6.0,5,3,Moderate,7709,6,1,0,-0.2,-315,0,0,0,0,0,0,0,0,0,0,2026-05-08,26,26
U04696,11,18,148.5,43.9,19.9,2026-02-07,32,34,32,31,29,32.67,31.6,1.62,5,7,Light,0,0,0,6,10,6.5,6,4,High,4681,8,0,0,-1.2,-373,0,1,0,0,0,0,0,0,0,0,2026-03-15,36,36
U04697,3,27,161.7,47.3,18.1,2026-08-26,27,28,27,24,26,27.33,26.4,1.36,7,6,Light,0,0,0,9,2,8.7,4,0,Moderate,6515,3,1,0,2.6,-144,0,0,0,0,0,0,0,0,0,0,2026-09-22,27,27
U04698,5,26,162.7,58.8,22.2,2026-08-15,26,29,28,25,25,27.67,26.6,1.62,4,5,Medium,0,0,0,1,8,8.0,10,1,Moderate,7790,7,0,0,0.2,3,1,0,0,0,0,0,0,0,0,0,2026-09-08,24,24
U04699,9,39,161.1,57.9,22.3,2026-03-14,25,23,25,28,22,24.33,24.6,2.06,5,3,Heavy,0,0,0,3,3,8.0,7,1,Low,10957,3,1,1,0.8,58,0,0,0,0,0,0,0,0,0,0,2026-04-03,20,20
U04700,6,20,165.0,68.6,25.2,2026-07-09,28,26,27,27,25,27.0,26.6,1.02,7,7,Heavy,0,0,0,6,2,8.1,10,0,Moderate,13687,6,0,1,-0.2,166,0,0,0,0,0,0,0,1,0,0,2026-08-05,27,27
U04701,5,23,159.0,60.9,24.1,2026-04-27,26,27,26,29,27,26.33,27.0,1.1,4,5,Medium,0,0,0,5,4,6.5,8,1,Moderate,5843,6,0,0,1.0,-154,0,0,0,0,0,0,0,0,0,0,2026-05-24,27,27
U04702,3,23,161.7,51.8,19.8,2026-03-17,31,31,29,32,31,30.33,30.8,0.98,4,6,Light,0,0,0,8,6,7.6,8,0,Moderate,10641,10,1,0,0.6,458,0,0,1,0,0,0,0,0,1,0,2026-04-15,29,29
U04703,5,20,158.9,54.3,21.5,2026-04-10,28,29,27,26,24,28.0,26.8,1.72,6,4,Medium,1,0,0,1,10,6.3,5,1,Low,7308,2,1,0,-0.4,385,0,0,0,0,0,0,0,0,0,0,2026-05-09,29,29
U04704,3,18,164.6,74.5,27.5,2026-03-10,31,29,30,32,33,30.0,31.0,1.41,7,5,Medium,0,1,1,3,6,5.4,3,0,Moderate,11041,8,0,0,-3.0,-548,0,0,0,1,0,0,0,1,0,0,2026-04-08,29,29
U04705,7,28,145.0,54.2,25.8,2026-03-14,27,27,28,27,29,27.33,27.6,0.8,5,6,Light,0,0,0,2,2,7.5,7,7,High,7920,8,0,0,-1.0,487,0,0,1,0,0,0,1,0,0,0,2026-04-08,25,25
U04706,10,29,161.0,50.8,19.6,2026-05-14,28,28,31,28,31,29.0,29.2,1.47,3,6,Light,0,0,0,9,3,8.0,4,0,Moderate,8961,7,0,0,0.7,144,0,0,0,0,0,0,0,0,0,0,2026-06-11,28,28
U04707,2,18,164.7,57.2,21.1,2026-05-11,25,25,26,28,24,25.33,25.6,1.36,6,3,Light,0,1,0,2,3,6.1,5,0,High,6121,2,0,0,0.9,-300,1,0,0,0,0,0,0,0,0,0,2026-06-02,22,22
U04708,12,35,167.2,70.7,25.3,2026-06-26,29,28,27,29,26,28.0,27.8,1.17,6,6,Medium,0,1,0,1,3,9.0,1,0,Moderate,2434,9,0,0,-1.7,-502,1,0,0,0,0,0,0,1,0,0,2026-07-25,29,29
U04709,10,24,160.9,50.5,19.5,2026-07-22,33,31,35,35,34,33.0,33.6,1.5,3,3,Medium,1,0,0,10,8,5.9,8,2,Moderate,2929,4,0,0,1.7,-161,0,0,1,0,0,0,0,0,0,0,2026-08-23,32,32
U04710,10,34,165.1,74.4,27.3,2026-04-04,35,36,31,35,33,34.0,34.0,1.79,5,4,Light,1,0,0,1,4,7.0,8,3,Moderate,7878,9,0,0,-1.7,-244,0,0,0,0,0,0,0,1,0,0,2026-05-09,35,35
U04711,8,38,165.7,67.0,24.4,2026-02-04,32,29,32,32,37,31.0,32.4,2.58,7,5,Medium,0,0,0,2,10,6.4,8,3,Moderate,2118,1,0,0,0.3,413,0,0,0,0,0,0,0,0,0,1,2026-03-08,32,32
U04712,12,40,166.6,66.9,24.1,2026-08-28,26,24,30,25,27,26.67,26.4,2.06,7,7,Medium,0,0,0,2,9,4.2,8,3,Moderate,8978,3,1,0,1.6,-138,1,1,0,0,0,0,0,1,0,0,2026-09-24,27,27
U04713,2,34,161.1,71.9,27.7,2026-07-11,29,29,34,32,27,30.67,30.2,2.48,6,7,Medium,0,0,0,1,4,7.5,2,4,High,10498,1,0,0,0.4,488,0,0,0,0,0,0,0,0,0,0,2026-08-06,26,26
U04714,5,38,152.7,55.7,23.9,2026-08-10,29,28,29,25,32,28.67,28.6,2.24,5,4,Heavy,0,0,0,9,2,7.3,3,2,Low,7512,3,1,0,0.6,-291,0,0,0,0,0,0,1,0,0,0,2026-09-07,28,28
U04715,7,28,155.8,56.1,23.1,2026-05-13,31,34,31,29,29,32.0,30.8,1.83,4,7,Light,0,0,0,10,3,6.4,2,4,High,13767,9,0,1,1.2,-308,0,0,1,0,0,0,0,0,0,0,2026-06-16,34,34
U04716,5,34,166.0,60.3,21.9,2026-04-09,35,35,35,34,38,35.0,35.4,1.36,3,3,Light,0,0,0,3,4,6.2,10,6,Moderate,3985,3,1,0,2.4,-375,0,0,0,0,0,0,0,0,0,0,2026-05-14,35,35
U04717,4,36,153.2,52.1,22.2,2026-02-02,29,28,31,27,30,29.33,29.0,1.41,4,5,Medium,0,0,0,6,3,8.2,5,2,Moderate,12499,3,0,0,-0.0,-64,0,0,0,0,0,0,1,1,0,0,2026-03-01,27,27
U04718,4,35,175.4,76.6,24.9,2026-04-29,25,28,29,22,26,27.33,26.0,2.45,3,6,Heavy,0,0,0,5,1,8.1,8,2,Moderate,11348,1,1,0,-0.5,-506,0,1,0,0,0,0,0,0,0,0,2026-05-25,26,26
U04719,2,30,159.2,68.9,27.2,2026-04-13,32,28,30,32,32,30.0,30.8,1.6,5,6,Medium,0,0,0,2,1,8.3,4,4,Moderate,9318,1,0,0,1.7,125,0,0,0,0,0,0,0,0,0,1,2026-05-16,33,33
U04720,3,31,161.3,50.0,19.2,2026-03-23,28,30,27,26,27,28.33,27.6,1.36,6,4,Medium,0,0,0,1,7,7.5,1,6,Moderate,11806,9,0,0,-1.6,-308,0,0,0,0,0,0,0,0,0,0,2026-04-20,28,28
U04721,4,35,159.3,52.5,20.7,2026-02-18,28,27,29,29,28,28.0,28.2,0.75,4,4,Light,0,0,0,7,6,5.2,5,2,Moderate,5926,5,0,0,0.0,-670,0,0,0,0,0,0,0,0,0,1,2026-03-21,31,31
U04722,10,18,146.1,58.3,27.3,2026-05-08,26,27,28,24,27,27.0,26.4,1.36,6,6,Heavy,0,0,0,10,4,6.3,10,2,Moderate,10437,4,0,1,0.9,422,0,0,0,0,0,0,0,1,0,0,2026-06-02,25,25
U04723,6,40,158.5,67.6,26.9,2026-01-05,24,25,21,26,25,23.33,24.2,1.72,3,4,Light,0,0,0,1,5,8.1,4,5,Moderate,3416,3,0,0,0.7,260,0,0,0,0,0,0,0,0,0,1,2026-01-30,25,25
U04724,5,35,161.1,70.1,27.0,2026-04-03,30,32,28,29,27,30.0,29.2,1.72,4,5,Medium,0,0,0,5,9,6.3,5,7,Moderate,6643,2,0,0,0.5,-1,0,0,0,0,1,0,0,0,0,0,2026-05-05,32,32
U04725,3,39,159.1,67.1,26.5,2026-01-14,25,24,23,24,24,24.0,24.0,0.63,7,7,Medium,0,0,0,3,10,6.9,6,6,Moderate,3516,6,0,0,0.5,-346,0,0,0,0,0,0,0,0,0,0,2026-02-06,23,23
U04726,8,32,151.7,46.0,20.0,2026-03-05,28,27,28,28,25,27.67,27.2,1.17,6,6,Medium,0,0,0,10,1,7.0,1,2,Low,4769,8,0,0,-1.5,-258,0,0,0,0,0,0,0,0,0,0,2026-04-04,30,30
U04727,3,32,156.1,54.6,22.4,2026-04-13,33,33,32,32,31,32.67,32.2,0.75,4,3,Light,0,0,0,2,3,5.8,7,7,Low,5558,3,0,0,-2.8,-627,0,0,0,0,1,0,0,0,0,0,2026-05-15,32,32
U04728,7,39,163.6,63.4,23.7,2026-07-08,38,40,40,39,39,39.33,39.2,0.75,3,5,Heavy,0,0,1,9,2,7.5,5,0,Moderate,5042,8,0,1,0.9,444,0,0,1,1,0,0,0,0,0,0,2026-08-15,38,38
U04729,6,28,149.2,53.6,24.1,2026-05-25,30,30,27,25,26,29.0,27.6,2.06,5,7,Heavy,0,0,0,5,10,7.4,4,5,Moderate,8738,4,0,0,1.0,352,0,0,0,0,0,0,0,0,1,0,2026-06-25,31,31
U04730,7,22,167.7,63.3,22.5,2026-04-08,29,28,29,25,27,28.67,27.6,1.5,3,5,Heavy,0,0,1,3,8,6.3,5,6,High,11930,1,0,0,-1.7,-252,0,0,0,1,0,0,0,0,0,0,2026-05-08,30,30
U04731,2,28,161.5,65.2,25.0,2026-02-07,30,32,29,30,30,30.33,30.2,0.98,4,6,Medium,0,0,0,8,9,6.3,6,7,Moderate,11741,7,0,0,-0.5,305,1,0,0,0,0,0,0,0,0,0,2026-03-09,30,30
U04732,3,39,156.4,51.9,21.2,2026-05-09,32,34,32,31,33,32.67,32.4,1.02,4,7,Medium,0,0,0,4,6,7.6,9,5,Low,11714,9,0,0,0.9,226,0,0,0,0,0,0,0,0,0,1,2026-06-11,33,33
U04733,6,23,155.7,50.4,20.8,2026-02-12,32,32,32,35,31,32.0,32.4,1.36,7,4,Medium,0,0,0,5,3,8.7,7,7,Moderate,2623,3,0,0,-0.2,-12,1,0,0,0,0,0,0,0,0,1,2026-03-16,32,32
U04734,5,21,145.9,43.0,20.2,2026-07-18,29,33,31,30,30,31.0,30.6,1.36,7,3,Light,0,0,0,7,9,7.0,8,5,Moderate,8748,2,0,0,0.3,-356,0,0,0,0,0,0,0,0,0,0,2026-08-18,31,31
U04735,10,31,156.1,57.8,23.7,2026-05-17,25,25,24,25,23,24.67,24.4,0.8,7,6,Heavy,0,0,0,10,4,6.6,3,2,Moderate,2531,8,0,0,-1.9,-266,0,0,0,0,0,0,0,0,0,1,2026-06-10,24,24
U04736,6,19,166.9,62.1,22.3,2026-08-14,35,34,36,36,34,35.0,35.0,0.89,3,5,Heavy,0,0,0,4,3,7.4,3,4,High,6211,10,0,0,1.4,-561,0,0,0,0,0,0,0,0,1,0,2026-09-15,32,32
U04737,11,32,149.0,43.5,19.6,2026-06-19,27,26,25,28,26,26.0,26.4,1.02,4,4,Medium,0,0,0,6,10,5.1,10,5,High,9253,6,0,0,0.3,192,0,0,0,0,0,0,0,0,0,1,2026-07-17,28,28
U04738,11,32,165.1,70.1,25.7,2026-07-16,25,24,23,22,24,24.0,23.6,1.02,7,5,Light,0,0,0,1,1,7.2,3,0,High,2890,2,0,1,-1.2,-154,1,0,0,0,0,0,0,0,0,0,2026-08-10,25,25
U04739,2,26,145.0,45.6,21.7,2026-03-11,24,25,25,25,24,24.67,24.6,0.49,6,7,Medium,0,0,0,6,6,5.6,7,6,Low,8363,10,0,0,1.2,8,0,0,0,0,0,0,0,0,0,0,2026-04-05,25,25
U04740,6,25,157.6,48.4,19.5,2026-06-24,28,27,29,27,30,28.0,28.2,1.17,6,5,Medium,0,0,0,5,3,7.0,5,6,Moderate,8534,3,0,0,2.0,264,0,0,0,0,1,0,0,0,0,0,2026-07-19,25,25
U04741,2,22,157.6,49.4,19.9,2026-07-02,27,23,24,30,27,24.67,26.2,2.48,6,7,Heavy,0,0,0,3,6,6.1,6,4,Low,2427,7,0,0,1.4,384,0,0,0,0,0,1,0,0,0,0,2026-07-29,27,27
U04742,12,30,155.1,52.7,21.9,2026-01-14,28,27,26,28,29,27.0,27.6,1.02,3,4,Light,0,0,0,10,4,7.6,5,3,High,11876,6,0,0,1.4,65,0,0,0,0,0,0,0,0,0,0,2026-02-10,27,27
U04743,10,18,162.0,66.1,25.2,2026-03-05,31,32,33,30,30,32.0,31.2,1.17,7,7,Medium,0,0,0,8,6,6.5,5,5,High,10944,9,0,1,-1.8,-625,0,1,0,0,0,0,0,0,0,0,2026-04-06,32,32
U04744,4,26,153.0,50.6,21.6,2026-06-25,29,31,30,26,30,30.0,29.2,1.72,7,4,Medium,0,0,0,5,1,9.8,2,4,Moderate,2254,10,0,0,1.4,-459,0,0,1,0,0,0,0,0,0,0,2026-07-23,28,28
U04745,8,20,159.1,41.8,16.5,2026-02-28,30,29,30,32,31,29.67,30.4,1.02,3,3,Medium,0,0,0,5,7,8.1,4,5,Low,7029,8,0,0,1.4,124,0,0,0,0,0,0,0,0,0,0,2026-03-27,27,27
U04746,3,22,160.8,41.4,16.0,2026-03-20,31,28,31,28,32,30.0,30.0,1.67,4,6,Medium,0,0,0,6,6,9.2,6,4,Low,12453,8,0,0,-0.4,-459,0,0,1,0,0,0,0,1,0,0,2026-04-20,31,31
U04747,10,23,157.7,72.6,29.2,2026-06-08,32,30,32,31,32,31.33,31.4,0.8,7,5,Heavy,1,0,0,10,8,8.1,10,5,Moderate,12830,9,0,0,0.0,51,0,0,0,0,0,0,0,0,0,0,2026-07-10,32,32
U04748,8,37,162.4,56.2,21.3,2026-03-23,31,33,32,31,30,32.0,31.4,1.02,4,7,Light,0,0,0,10,5,4.2,2,0,High,9596,1,0,0,-0.7,-492,0,0,1,0,0,0,0,0,0,0,2026-04-26,34,34
U04749,6,28,158.0,52.7,21.1,2026-08-16,40,38,41,39,44,39.67,40.4,2.06,4,3,Medium,0,0,1,2,10,6.4,5,4,High,3125,7,0,0,2.7,-660,0,0,0,1,0,0,0,0,0,1,2026-09-26,41,41
U04750,7,36,166.9,59.1,21.2,2026-03-03,30,29,28,31,30,29.0,29.6,1.02,3,7,Light,0,0,0,4,3,7.2,1,3,Moderate,9810,3,0,0,-0.5,219,0,0,0,0,0,0,0,0,0,0,2026-04-04,32,32
U04751,9,37,158.5,50.0,19.9,2026-01-01,31,30,31,33,30,30.67,31.0,1.1,5,7,Medium,1,1,0,2,3,7.3,6,1,Low,10335,2,0,0,0.7,391,0,1,0,0,0,0,0,0,0,0,2026-01-31,30,30
U04752,7,24,156.9,46.5,18.9,2026-07-12,33,34,36,32,33,34.33,33.6,1.36,7,5,Medium,1,0,0,2,2,8.6,9,0,Moderate,9544,7,0,0,-0.6,214,0,1,1,0,0,0,0,0,0,0,2026-08-11,30,30
U04753,10,21,157.6,54.1,21.8,2026-01-19,28,26,28,28,30,27.33,28.0,1.26,6,6,Medium,0,1,0,4,6,8.6,8,4,High,6611,9,1,0,0.8,-601,0,0,0,0,0,0,0,0,0,0,2026-02-16,28,28
U04754,3,25,160.2,59.8,23.3,2026-04-14,35,35,32,37,35,34.0,34.8,1.6,3,6,Medium,0,0,1,8,8,8.5,4,0,Moderate,3224,1,0,0,-0.5,496,0,0,0,1,0,0,0,1,0,0,2026-05-22,38,38
U04755,4,33,161.4,48.7,18.7,2026-04-30,32,34,33,31,31,33.0,32.2,1.17,5,6,Medium,0,0,0,10,7,9.0,8,1,Low,6950,9,0,0,0.1,496,1,0,0,0,0,0,0,0,0,0,2026-06-03,34,34
U04756,12,35,154.4,46.7,19.6,2026-02-03,33,32,34,34,35,33.0,33.6,1.02,7,4,Light,0,0,1,10,5,6.7,2,3,Moderate,4455,7,0,0,1.5,-97,0,0,0,1,0,0,0,0,0,0,2026-03-06,31,31
U04757,2,36,177.2,65.9,21.0,2026-02-08,31,36,31,34,30,32.67,32.4,2.24,3,4,Light,0,0,0,6,9,7.2,3,1,Low,3755,10,0,0,-0.9,-455,0,1,0,0,0,0,0,0,0,0,2026-03-12,32,32
U04758,7,28,167.5,51.9,18.5,2026-03-27,24,26,23,27,23,24.33,24.6,1.62,3,6,Light,0,0,0,6,3,7.4,5,1,Moderate,7684,3,0,0,1.3,-580,1,0,0,0,0,1,0,0,0,0,2026-04-22,26,26
U04759,5,27,164.5,67.1,24.8,2026-05-21,32,37,32,30,29,33.67,32.0,2.76,5,6,Light,0,0,1,8,3,8.3,6,1,Low,12191,2,1,0,0.3,-369,0,0,0,1,0,1,0,0,0,0,2026-06-21,31,31
U04760,6,34,168.0,58.4,20.7,2026-08-16,34,37,36,33,34,35.67,34.8,1.47,4,6,Medium,0,1,0,7,1,7.8,4,0,Moderate,4162,6,0,0,1.0,386,1,0,0,0,0,0,0,0,0,0,2026-09-18,33,33
U04761,12,34,162.3,49.8,18.9,2026-01-12,34,34,34,38,34,34.0,34.8,1.6,6,3,Medium,0,0,0,2,8,6.0,1,6,Moderate,12159,8,0,0,0.1,184,0,1,1,0,1,0,0,1,0,0,2026-02-13,32,32
U04762,12,39,158.9,59.6,23.6,2026-05-04,25,29,23,25,25,25.67,25.4,1.96,3,5,Heavy,0,0,1,1,9,7.4,10,0,Low,6058,1,1,0,0.0,480,0,0,0,1,0,0,0,0,0,0,2026-05-25,21,21
U04763,4,34,165.3,56.3,20.6,2026-08-04,32,28,32,31,34,30.67,31.4,1.96,4,6,Medium,1,0,0,1,7,5.3,8,4,Low,5313,3,0,0,0.4,-465,0,1,0,0,0,0,0,0,0,0,2026-09-04,31,31
U04764,5,37,165.9,46.8,17.0,2026-05-08,27,27,28,28,25,27.33,27.0,1.1,7,6,Heavy,0,0,0,3,9,7.0,1,5,Low,13433,5,0,0,-0.9,-181,0,1,0,0,0,1,0,1,0,0,2026-06-05,28,28
U04765,4,29,169.8,85.3,29.6,2026-04-18,28,26,27,26,29,27.0,27.2,1.17,6,6,Light,1,0,1,1,8,7.8,4,5,Moderate,9613,3,0,0,-0.6,406,0,1,0,1,0,0,0,0,0,0,2026-05-17,29,29
U04766,2,31,159.2,40.8,16.1,2026-05-29,28,27,29,27,29,28.0,28.0,0.89,4,3,Medium,0,0,0,6,10,5.8,3,3,Moderate,6361,2,0,0,0.3,-487,0,0,0,0,0,0,0,0,0,0,2026-06-26,28,28
U04767,3,23,164.5,75.2,27.8,2026-08-08,37,39,39,38,39,38.33,38.4,0.8,6,3,Light,0,1,1,5,8,8.8,6,2,Moderate,6153,7,0,0,-0.9,262,1,0,0,1,0,0,0,0,0,0,2026-09-17,40,40
U04768,2,36,157.0,47.6,19.3,2026-01-31,26,22,26,28,23,24.67,25.0,2.19,6,6,Medium,0,0,0,1,5,9.6,8,3,Moderate,3702,5,0,1,-1.0,-36,0,0,0,0,0,0,0,0,0,0,2026-02-25,25,25
U04769,12,33,165.1,53.2,19.5,2026-08-01,29,26,31,27,31,28.67,28.8,2.04,5,4,Medium,0,1,0,2,10,8.8,6,7,Moderate,10377,9,1,1,0.9,-461,0,0,0,0,0,0,0,0,0,0,2026-08-30,29,29
U04770,5,22,159.6,46.1,18.1,2026-06-21,29,32,29,28,33,30.0,30.2,1.94,5,7,Light,0,0,0,2,8,6.5,1,6,High,12927,9,1,0,-0.6,427,1,0,1,0,0,0,0,0,0,0,2026-07-18,27,27
U04771,4,27,166.0,70.3,25.5,2026-07-21,30,30,33,29,31,31.0,30.6,1.36,5,7,Light,1,0,0,7,6,6.9,3,4,Moderate,11488,9,0,1,1.0,-99,0,0,0,0,0,0,0,0,0,0,2026-08-22,32,32
U04772,12,37,145.9,53.4,25.1,2026-05-27,26,29,24,24,30,26.33,26.6,2.5,6,4,Medium,0,0,0,6,9,6.1,5,6,High,12554,6,0,0,-0.6,-598,1,0,0,0,0,0,0,0,0,0,2026-06-22,26,26
U04773,3,34,145.0,41.2,19.6,2026-02-09,28,28,29,27,25,28.33,27.4,1.36,7,7,Heavy,0,0,0,3,5,7.3,4,3,Low,6359,10,0,0,1.8,-516,0,0,0,0,1,0,0,0,0,0,2026-03-10,29,29
U04774,3,23,168.2,74.4,26.3,2026-04-03,32,30,32,34,35,31.33,32.6,1.74,4,3,Medium,0,0,0,10,8,8.5,5,3,Low,11696,10,0,1,-2.0,-169,0,1,0,0,0,0,0,0,0,0,2026-05-07,34,34
U04775,9,37,161.6,58.2,22.3,2026-01-01,35,35,36,36,33,35.33,35.0,1.1,5,6,Medium,0,0,0,7,6,7.6,5,5,Moderate,10838,2,0,0,1.2,-555,0,0,1,0,0,0,0,0,0,1,2026-02-08,38,38
U04776,4,27,169.1,70.6,24.7,2026-03-31,30,27,29,29,30,28.67,29.0,1.1,3,7,Medium,0,0,0,2,9,6.6,10,4,Moderate,8968,8,0,0,-0.3,-494,0,0,1,0,0,0,0,0,0,0,2026-04-29,29,29
U04777,11,32,167.1,72.0,25.8,2026-04-23,31,30,30,32,29,30.33,30.4,1.02,4,4,Medium,1,0,0,6,3,6.1,9,3,Moderate,7169,6,0,0,-1.8,-133,0,0,0,0,0,0,0,1,0,0,2026-05-24,31,31
U04778,12,32,166.7,79.2,28.5,2026-08-19,29,26,27,29,30,27.33,28.2,1.47,6,3,Medium,0,0,0,6,9,5.5,3,1,Moderate,4964,6,0,0,-0.2,77,0,1,0,0,0,0,0,0,0,0,2026-09-17,29,29
U04779,11,22,163.8,58.0,21.6,2026-02-19,27,28,27,26,29,27.33,27.4,1.02,5,6,Medium,0,0,0,10,8,6.2,5,3,Low,2641,2,0,0,0.4,-87,1,0,0,0,0,0,0,0,0,1,2026-03-15,24,24
U04780,6,25,176.0,77.7,25.1,2026-03-19,34,35,34,35,34,34.33,34.4,0.49,3,5,Heavy,0,1,0,5,10,6.7,3,7,Moderate,9233,9,0,1,-1.7,-574,0,1,1,0,0,0,0,0,0,0,2026-04-18,30,30
U04781,4,38,156.6,62.8,25.6,2026-04-12,32,30,31,30,32,31.0,31.0,0.89,6,5,Light,0,0,0,3,6,8.3,5,0,Moderate,2260,10,0,0,-1.2,204,1,0,0,0,0,0,0,0,0,0,2026-05-12,30,30
U04782,6,37,153.7,46.1,19.5,2026-05-01,27,28,28,28,28,27.67,27.8,0.4,4,4,Medium,1,0,0,9,7,6.8,5,5,High,11979,9,0,0,-0.5,-161,0,0,1,0,0,0,0,0,0,0,2026-05-29,28,28
U04783,8,20,160.7,51.1,19.8,2026-04-27,32,30,33,34,30,31.67,31.8,1.6,5,6,Medium,0,1,0,9,3,6.5,8,7,Moderate,12914,3,0,0,0.7,22,0,0,0,0,0,0,0,0,0,0,2026-05-31,34,34
U04784,12,31,175.6,52.4,17.0,2026-01-17,28,27,28,27,26,27.67,27.2,0.75,5,4,Medium,0,0,0,8,7,8.2,1,5,High,6597,2,0,0,-1.3,-422,0,0,0,0,0,0,0,0,0,0,2026-02-12,26,26
U04785,2,35,156.5,58.3,23.8,2026-03-23,32,31,31,34,30,31.33,31.6,1.36,3,4,Medium,1,0,0,9,6,7.2,4,2,Low,11947,4,0,0,3.1,-588,0,0,0,0,0,0,0,0,0,0,2026-04-26,34,34
U04786,6,39,166.3,55.6,20.1,2026-02-14,33,35,32,31,32,33.33,32.6,1.36,3,6,Light,0,0,0,10,9,6.2,4,6,Moderate,3025,7,0,0,-0.3,-58,0,1,0,0,0,0,0,0,0,0,2026-03-19,33,33
U04787,12,30,157.1,63.4,25.7,2026-01-29,27,25,26,26,27,26.0,26.2,0.75,4,5,Medium,0,0,0,4,4,8.8,8,1,Moderate,9815,4,0,0,-0.2,-168,0,0,0,0,0,1,0,0,0,0,2026-02-23,25,25
U04788,7,24,163.1,45.8,17.2,2026-01-15,30,32,32,29,31,31.33,30.8,1.17,3,7,Heavy,0,0,0,1,2,5.5,4,1,Low,10144,8,1,0,1.3,460,0,0,0,0,0,0,0,1,0,0,2026-02-14,30,30
U04789,2,37,158.4,58.5,23.3,2026-01-26,32,35,30,34,28,32.33,31.8,2.56,5,3,Heavy,0,0,0,1,2,7.2,10,1,Moderate,11649,3,0,0,-0.6,33,0,0,0,0,0,1,0,0,0,1,2026-03-01,34,34
U04790,12,34,153.9,57.6,24.3,2026-03-02,24,26,26,25,20,25.33,24.2,2.23,3,3,Heavy,0,0,0,5,9,7.6,5,3,High,5688,6,0,0,1.9,364,0,0,1,0,0,0,0,0,0,0,2026-03-24,22,22
U04791,12,39,153.3,46.1,19.6,2026-07-03,29,29,29,26,29,29.0,28.4,1.2,4,7,Heavy,0,0,1,4,10,7.4,10,0,Low,13216,3,0,0,1.6,-586,0,0,0,1,0,0,0,0,0,0,2026-07-30,27,27
U04792,8,21,160.0,52.5,20.5,2026-01-30,28,27,29,26,29,28.0,27.8,1.17,3,5,Medium,0,0,0,2,7,7.6,10,2,Moderate,2201,3,0,0,-0.7,52,0,0,0,0,0,1,0,1,0,0,2026-02-27,28,28
U04793,11,28,156.8,62.2,25.3,2026-04-13,29,29,32,30,29,30.0,29.8,1.17,4,7,Medium,0,0,1,7,2,7.0,5,3,High,11862,3,0,0,-0.4,280,0,1,0,1,0,0,0,1,0,0,2026-05-11,28,28
U04794,3,21,166.3,56.1,20.3,2026-02-20,30,29,29,31,32,29.33,30.2,1.17,7,7,Medium,0,0,0,2,7,6.6,8,0,Moderate,7477,2,0,0,0.4,219,0,1,0,0,0,0,0,0,0,1,2026-03-19,27,27
U04795,9,19,153.3,45.6,19.4,2026-02-11,30,29,31,29,31,30.0,30.0,0.89,7,4,Medium,0,0,0,3,2,5.8,10,6,Low,13622,1,0,0,0.0,-86,0,0,0,0,0,0,0,1,0,0,2026-03-12,29,29
U04796,10,29,166.9,71.3,25.6,2026-03-27,29,29,29,26,31,29.0,28.8,1.6,4,3,Light,0,0,0,8,2,9.2,10,1,Low,10144,6,0,0,0.6,-418,0,0,0,0,0,0,0,0,0,0,2026-04-27,31,31
U04797,10,33,163.6,49.2,18.4,2026-08-20,30,31,29,31,29,30.0,30.0,0.89,6,7,Medium,0,0,0,5,5,9.1,1,7,Moderate,9247,2,0,0,0.4,-68,0,0,1,0,0,1,0,1,0,0,2026-09-20,31,31
U04798,2,38,175.3,79.9,26.0,2026-04-14,27,28,29,29,27,28.0,28.0,0.89,4,7,Heavy,0,0,0,10,6,7.9,7,2,High,11488,1,1,0,-0.1,261,0,0,0,0,0,0,0,0,0,1,2026-05-10,26,26
U04799,10,28,155.2,50.8,21.1,2026-04-05,31,31,33,29,31,31.67,31.0,1.26,5,6,Heavy,0,0,0,1,6,5.7,7,3,High,4723,10,0,0,0.1,331,0,0,0,0,0,0,0,0,0,0,2026-05-04,29,29
U04800,2,28,161.6,65.0,24.9,2026-04-15,34,36,32,35,31,34.0,33.6,1.85,6,3,Medium,0,0,1,2,10,5.2,2,2,High,8099,10,0,0,0.3,-216,1,0,0,1,0,0,0,0,0,0,2026-05-24,39,39
U04801,11,30,171.4,75.2,25.6,2026-01-08,32,31,32,31,31,31.67,31.4,0.49,6,3,Light,0,0,0,9,2,7.6,10,0,High,10231,4,0,0,-0.1,-469,0,0,0,0,0,0,1,0,0,0,2026-02-08,31,31
U04802,7,30,162.3,58.7,22.3,2026-01-13,32,30,34,32,34,32.0,32.4,1.5,3,5,Light,0,0,1,6,6,7.9,1,1,Moderate,11055,2,0,0,-0.9,-105,0,0,0,1,1,0,0,1,0,0,2026-02-14,32,32
U04803,3,25,165.8,48.9,17.8,2026-06-01,26,31,28,28,23,28.33,27.2,2.64,7,5,Heavy,1,0,0,8,5,8.6,10,1,Moderate,2504,4,0,1,-1.0,62,0,0,0,0,0,0,0,0,0,0,2026-06-26,25,25
U04804,3,39,167.2,57.6,20.6,2026-08-19,25,27,28,26,25,26.67,26.2,1.17,4,4,Heavy,0,0,0,9,3,6.9,4,4,Low,5040,3,0,0,0.6,459,0,0,0,0,0,0,0,0,0,0,2026-09-14,26,26
U04805,9,36,161.8,73.8,28.2,2026-08-19,28,25,26,31,29,26.33,27.8,2.14,7,4,Medium,0,1,0,7,6,7.7,1,1,Low,12543,2,0,0,-0.3,-146,0,0,0,0,0,0,0,0,0,0,2026-09-19,31,31
U04806,12,22,164.2,50.1,18.6,2026-01-24,30,30,29,32,32,29.67,30.6,1.2,3,7,Medium,0,0,0,3,7,7.1,7,2,Moderate,3828,1,0,1,0.7,301,0,0,0,0,0,0,0,0,0,0,2026-02-23,30,30
U04807,9,40,159.0,53.6,21.2,2026-02-28,37,38,41,38,36,38.67,38.0,1.67,4,5,Light,0,1,1,9,8,7.1,4,5,High,8941,10,0,0,1.0,-480,0,0,0,1,0,0,0,0,0,0,2026-04-08,39,39
U04808,3,37,159.4,63.8,25.1,2026-08-20,26,25,31,25,24,27.33,26.2,2.48,4,4,Medium,0,0,0,10,3,7.3,3,6,Moderate,8962,4,0,0,0.9,-690,1,0,0,0,0,1,0,0,0,0,2026-09-15,26,26
U04809,12,32,149.9,55.7,24.8,2026-06-09,29,31,29,30,29,29.67,29.6,0.8,7,6,Medium,0,0,0,2,8,7.8,4,5,Low,4175,5,0,0,-1.2,-616,0,0,1,0,0,0,0,0,0,0,2026-07-06,27,27
U04810,2,35,158.8,57.5,22.8,2026-01-31,30,33,31,28,32,31.33,30.8,1.72,4,5,Heavy,0,0,0,7,1,8.8,2,0,Moderate,8379,1,0,0,-0.8,-666,0,0,0,0,0,0,0,1,0,0,2026-02-28,28,28
U04811,12,34,160.9,54.9,21.2,2026-07-21,30,31,31,29,31,30.67,30.4,0.8,5,6,Heavy,0,0,0,8,2,5.9,8,2,High,3996,7,0,0,-0.1,-393,0,0,1,0,0,0,0,0,0,0,2026-08-22,32,32
U04812,2,33,155.1,63.5,26.4,2026-04-11,28,29,26,30,29,27.67,28.4,1.36,3,4,Heavy,0,0,0,3,3,8.4,4,4,Moderate,3455,10,0,0,-0.7,-485,0,0,0,0,0,0,0,0,0,1,2026-05-10,29,29
U04813,3,30,168.3,71.1,25.1,2026-05-17,35,36,37,35,36,36.0,35.8,0.75,4,6,Medium,0,0,1,6,1,7.3,3,5,Moderate,7564,1,0,0,1.7,177,0,0,0,1,0,0,0,0,0,0,2026-06-24,38,38
U04814,9,26,155.6,59.6,24.6,2026-06-30,39,39,35,41,41,37.67,39.0,2.19,7,5,Medium,0,0,1,10,4,5.9,6,5,Moderate,9344,4,0,0,-2.6,-239,1,0,0,1,0,0,0,0,0,0,2026-08-10,41,41
U04815,7,19,174.7,69.6,22.8,2026-02-18,34,37,35,34,36,35.33,35.2,1.17,5,7,Heavy,0,0,1,7,8,6.1,2,7,High,11170,2,0,1,-0.8,-279,0,0,0,1,0,0,0,1,0,0,2026-03-25,35,35
U04816,9,37,164.7,58.6,21.6,2026-06-24,24,26,24,23,26,24.67,24.6,1.2,4,3,Medium,0,0,0,10,2,8.0,7,7,Moderate,10706,2,0,0,0.6,-476,0,0,0,0,0,0,0,1,0,0,2026-07-18,24,24
U04817,2,27,156.0,62.5,25.7,2026-06-17,32,32,32,28,29,32.0,30.6,1.74,5,7,Medium,0,0,1,9,3,5.2,1,0,High,13874,9,0,1,-0.8,-59,0,0,0,1,0,0,0,0,0,0,2026-07-21,34,34
U04818,3,40,158.9,40.4,16.0,2026-05-25,27,25,24,26,27,25.33,25.8,1.17,4,4,Medium,0,0,0,6,7,7.6,4,7,Moderate,13138,4,0,0,-1.0,187,1,0,0,0,0,0,0,0,0,0,2026-06-24,30,30
U04819,11,39,145.0,47.3,22.5,2026-01-17,28,24,27,27,28,26.33,26.8,1.47,7,4,Light,0,0,0,3,1,6.6,1,4,High,12868,2,1,0,-0.2,196,0,0,0,0,0,0,0,0,0,0,2026-02-12,26,26
U04820,2,26,161.0,57.3,22.1,2026-07-29,29,32,31,29,32,30.67,30.6,1.36,6,4,Medium,0,0,0,8,4,5.9,10,1,Moderate,6621,2,0,0,0.9,-91,0,0,0,0,0,0,0,0,0,0,2026-08-28,30,30
U04821,7,36,166.0,76.1,27.6,2026-01-12,28,27,31,31,27,28.67,28.8,1.83,7,7,Medium,0,0,0,2,3,7.9,10,0,Moderate,9362,10,0,0,0.4,-80,0,0,0,0,0,0,0,0,0,0,2026-02-11,30,30
U04822,8,27,170.2,56.5,19.5,2026-04-03,31,36,30,34,36,32.33,33.4,2.5,4,5,Light,0,0,1,2,5,8.4,5,5,Low,13848,5,0,0,-1.0,-362,1,0,0,1,0,0,0,0,0,1,2026-05-02,29,29
U04823,8,28,153.9,59.7,25.2,2026-08-28,30,29,30,32,29,29.67,30.0,1.1,6,6,Medium,0,0,1,8,1,5.0,5,7,Moderate,5738,8,0,0,-0.4,215,0,0,0,1,0,0,0,0,0,0,2026-09-27,30,30
U04824,2,34,156.2,63.7,26.1,2026-08-18,32,30,32,33,34,31.33,32.2,1.33,6,6,Medium,0,0,1,4,8,4.0,7,7,Moderate,5546,7,0,0,1.2,-50,0,0,0,1,0,0,0,0,0,0,2026-09-14,27,27
U04825,12,39,157.1,65.2,26.4,2026-03-25,31,34,28,32,30,31.0,31.0,2.0,7,4,Heavy,1,0,1,4,2,4.8,10,3,Moderate,9273,4,0,0,-1.6,-516,0,1,0,1,0,0,0,0,0,0,2026-04-25,31,31
U04826,10,30,155.8,57.8,23.8,2026-07-09,27,25,26,29,25,26.0,26.4,1.5,7,4,Light,0,0,0,5,9,5.7,5,1,Moderate,13452,6,0,1,0.8,-284,1,0,0,0,0,0,0,0,0,0,2026-08-06,28,28
U04827,11,37,160.5,74.2,28.8,2026-07-23,30,30,30,30,30,30.0,30.0,0.0,6,5,Light,0,0,1,10,3,7.9,1,7,Moderate,8963,9,0,0,-0.5,-127,0,0,0,1,0,0,1,0,0,0,2026-08-25,33,33
U04828,2,22,158.8,59.5,23.6,2026-07-21,28,28,27,25,28,27.67,27.2,1.17,7,7,Light,0,0,0,5,5,6.3,9,7,Low,3907,10,0,0,-1.2,273,0,0,0,0,0,0,0,0,0,0,2026-08-18,28,28
U04829,9,25,170.8,70.6,24.2,2026-05-09,29,28,30,32,27,29.0,29.2,1.72,4,3,Medium,0,0,0,6,10,5.2,6,7,Moderate,9020,2,0,0,-3.0,-292,0,0,1,0,0,0,0,0,0,0,2026-06-05,27,27
U04830,6,38,148.5,50.9,23.1,2026-02-09,30,27,29,30,30,28.67,29.2,1.17,3,7,Medium,0,0,0,6,1,5.4,3,4,Moderate,12018,1,0,0,1.0,-157,0,1,0,0,0,0,0,0,0,0,2026-03-13,32,32
U04831,12,39,166.1,78.1,28.3,2026-01-26,30,29,31,32,29,30.0,30.2,1.17,4,4,Heavy,1,0,0,2,9,8.1,7,5,High,7596,1,0,0,-0.8,-31,0,1,0,0,0,0,0,0,0,0,2026-02-26,31,31
U04832,10,33,159.7,57.9,22.7,2026-03-29,31,32,35,36,34,32.67,33.6,1.85,6,7,Medium,0,0,0,10,9,6.6,1,1,Moderate,5705,9,0,0,-1.3,-432,0,1,0,0,0,0,0,0,0,1,2026-04-27,29,29
U04833,11,23,161.0,66.1,25.5,2026-08-19,33,35,33,34,34,33.67,33.8,0.75,4,6,Light,0,0,0,7,9,7.5,3,3,Low,12124,8,0,0,-0.4,-34,0,1,0,0,0,0,0,0,0,0,2026-09-20,32,32
U04834,5,28,170.7,63.5,21.8,2026-08-12,33,32,32,34,33,32.33,32.8,0.75,4,5,Heavy,0,0,0,3,5,6.3,6,3,Moderate,13992,7,0,1,-0.1,216,0,0,0,0,0,0,0,0,1,0,2026-09-11,30,30
U04835,3,30,161.1,45.2,17.4,2026-08-16,24,26,23,21,27,24.33,24.2,2.14,7,7,Heavy,0,0,0,2,7,8.6,5,6,Moderate,8017,9,0,0,-0.7,382,0,0,0,0,0,0,0,1,0,1,2026-09-06,21,21
U04836,8,27,151.8,41.2,17.9,2026-08-12,40,40,43,39,41,41.0,40.6,1.36,6,7,Light,0,0,1,7,10,5.5,4,7,Low,5907,8,0,0,-1.1,489,1,1,1,1,0,0,0,0,0,0,2026-09-23,42,42
U04837,3,30,162.2,46.3,17.6,2026-06-07,30,30,29,31,29,29.67,29.8,0.75,4,7,Medium,0,0,0,1,1,8.3,10,7,Low,11248,1,0,0,-0.3,-329,0,0,1,0,0,0,0,0,0,0,2026-07-02,25,25
U04838,6,32,164.6,62.6,23.1,2026-01-13,30,31,27,32,29,29.33,29.8,1.72,5,7,Heavy,0,0,0,10,2,4.6,4,5,Moderate,4029,7,1,0,-1.2,-655,0,0,0,0,0,0,0,0,0,0,2026-02-12,30,30
U04839,8,21,153.5,48.5,20.6,2026-08-08,28,28,29,30,31,28.33,29.2,1.17,7,4,Light,0,0,0,8,4,8.2,3,3,Low,11577,3,0,0,0.3,458,0,0,1,0,0,0,0,0,0,0,2026-09-08,31,31
U04840,9,25,148.6,35.3,16.0,2026-02-21,28,30,30,29,26,29.33,28.6,1.5,5,4,Medium,0,0,1,2,7,6.3,4,6,High,8236,4,0,0,-1.1,-160,0,0,0,1,0,0,0,0,0,0,2026-03-18,25,25
U04841,2,35,174.2,72.2,23.8,2026-04-01,27,30,25,26,27,27.33,27.0,1.67,6,3,Medium,0,0,0,2,7,7.7,6,3,Moderate,13856,2,0,0,1.3,-141,0,0,0,0,0,0,0,0,0,0,2026-04-27,26,26
U04842,2,32,150.9,62.4,27.4,2026-07-04,35,35,33,32,34,34.33,33.8,1.17,3,7,Medium,1,0,0,8,3,6.2,3,0,Moderate,5907,1,0,1,-1.3,-248,1,0,1,0,0,0,0,0,0,0,2026-08-11,38,38
U04843,10,20,156.0,47.0,19.3,2026-02-28,35,36,37,38,34,36.0,36.0,1.41,3,6,Heavy,0,0,1,4,9,5.7,9,5,Moderate,5200,8,0,0,0.7,-509,1,1,0,1,0,0,0,0,0,0,2026-04-05,36,36
U04844,9,20,172.2,58.7,19.8,2026-05-31,26,25,26,26,27,25.67,26.0,0.63,4,4,Light,0,0,0,1,6,8.3,1,3,High,10695,9,0,1,0.1,-120,0,0,0,0,0,0,0,0,0,1,2026-06-26,26,26
U04845,5,30,153.5,63.6,27.0,2026-04-07,33,31,35,31,33,33.0,32.6,1.5,7,6,Light,0,0,0,8,1,7.1,3,4,Low,8099,9,0,0,2.5,-6,0,0,0,0,0,0,0,0,0,1,2026-05-11,34,34
U04846,10,27,166.6,70.2,25.3,2026-08-06,30,30,30,30,31,30.0,30.2,0.4,3,4,Light,0,0,0,2,4,8.0,2,4,Moderate,13431,2,0,0,1.8,-99,0,1,1,0,0,0,0,1,0,0,2026-09-06,31,31
U04847,6,25,167.8,67.6,24.0,2026-04-07,35,36,35,33,34,35.33,34.6,1.02,4,5,Medium,1,0,0,9,8,4.6,5,6,Moderate,10926,5,0,0,0.4,172,0,0,0,0,1,0,0,0,0,0,2026-05-13,36,36
U04848,10,36,157.5,47.9,19.3,2026-02-24,30,29,30,28,25,29.67,28.4,1.85,3,5,Heavy,0,0,0,8,3,5.0,8,5,High,7826,2,0,0,-0.9,41,0,0,0,0,0,0,0,1,0,0,2026-03-28,32,32
U04849,3,33,168.2,54.6,19.3,2026-03-01,28,26,29,27,28,27.67,27.6,1.02,5,6,Medium,0,0,0,7,5,6.1,4,5,Moderate,12627,6,0,0,-1.6,-509,0,0,0,0,0,0,0,0,0,0,2026-03-31,30,30
U04850,12,21,159.7,66.3,26.0,2026-05-14,30,32,29,28,32,30.33,30.2,1.6,6,3,Medium,0,0,0,8,10,7.0,2,7,Moderate,5481,6,0,1,-0.8,258,0,0,0,0,0,0,0,0,0,0,2026-06-14,31,31
U04851,8,18,149.0,42.4,19.1,2026-06-07,26,24,27,25,22,25.67,24.8,1.72,7,5,Heavy,0,0,0,6,5,8.8,1,6,Low,4592,10,0,0,1.0,-119,0,0,1,0,0,0,0,0,0,0,2026-07-05,28,28
U04852,3,34,150.7,48.4,21.3,2026-03-17,31,31,26,30,32,29.33,30.0,2.1,7,5,Heavy,0,0,0,1,2,6.6,2,4,Low,11780,4,0,0,-1.0,90,0,0,0,0,0,0,0,0,0,0,2026-04-15,29,29
U04853,5,36,158.2,63.8,25.5,2026-08-07,27,25,29,27,23,27.0,26.2,2.04,7,7,Heavy,0,1,0,7,1,7.4,1,2,High,12936,5,0,0,0.7,209,0,0,0,0,0,0,0,0,0,0,2026-09-03,27,27
U04854,5,34,166.8,68.7,24.7,2026-01-13,36,36,34,34,33,35.33,34.6,1.2,4,7,Medium,1,0,0,5,8,7.1,9,3,Moderate,2219,3,0,0,0.5,-345,1,0,0,0,0,1,0,0,1,1,2026-02-19,37,37
U04855,9,35,161.8,67.5,25.8,2026-08-03,27,29,28,28,29,28.0,28.2,0.75,3,4,Medium,0,0,0,8,2,8.2,10,3,High,10065,8,0,0,-0.4,-203,0,0,0,0,0,1,0,0,0,1,2026-08-30,27,27
U04856,9,35,157.7,48.5,19.5,2026-08-17,26,27,27,24,26,26.67,26.0,1.1,6,4,Light,0,0,0,9,3,7.6,1,0,High,2561,10,0,0,-0.1,-180,0,0,0,0,0,0,0,0,0,0,2026-09-13,27,27
U04857,6,29,155.4,56.5,23.4,2026-06-11,28,28,29,29,27,28.33,28.2,0.75,5,6,Medium,1,0,0,5,5,6.0,5,5,Moderate,5245,7,0,0,-0.6,266,0,0,0,0,0,0,0,0,0,0,2026-07-10,29,29
U04858,11,18,165.4,51.4,18.8,2026-07-27,32,33,32,32,34,32.33,32.6,0.8,5,6,Medium,0,0,0,6,7,8.6,3,4,Low,6288,4,0,1,2.0,-109,0,0,0,0,0,0,0,1,0,0,2026-08-28,32,32
U04859,2,25,164.6,65.8,24.3,2026-02-19,27,25,25,25,28,25.67,26.0,1.26,4,6,Heavy,0,0,0,3,6,7.6,3,3,Moderate,9837,10,0,0,1.3,500,0,1,0,0,0,0,0,0,0,1,2026-03-16,25,25
U04860,7,37,152.4,54.1,23.3,2026-07-29,25,22,29,25,24,25.33,25.0,2.28,3,5,Medium,0,1,0,6,6,4.7,3,2,Moderate,3375,4,0,0,1.4,-428,0,0,0,0,0,0,0,0,0,0,2026-08-25,27,27
U04861,10,28,171.8,59.0,20.0,2026-02-04,28,27,27,26,26,27.33,26.8,0.75,3,4,Heavy,1,0,0,5,8,9.2,10,1,Low,9438,4,0,1,1.0,402,1,0,0,0,0,0,0,0,0,1,2026-03-04,28,28
U04862,8,23,164.4,63.5,23.5,2026-08-14,26,26,25,29,25,25.67,26.2,1.47,6,6,Heavy,0,0,0,8,1,7.5,3,1,Moderate,9263,5,0,0,1.0,-129,1,0,0,0,0,0,0,0,0,0,2026-09-10,27,27
U04863,3,32,167.9,64.0,22.7,2026-02-07,26,29,29,24,28,28.0,27.2,1.94,6,4,Medium,0,0,0,5,9,8.3,9,1,High,8631,10,0,0,0.8,-143,0,0,0,0,0,0,0,0,0,0,2026-03-03,24,24
U04864,2,21,164.7,62.4,23.0,2026-02-12,33,34,38,35,33,35.0,34.6,1.85,7,3,Medium,0,0,0,8,1,4.8,1,7,Moderate,12140,2,0,0,1.1,-260,1,1,0,0,0,0,0,0,0,0,2026-03-19,35,35
U04865,8,21,148.7,49.8,22.5,2026-03-01,33,33,34,34,36,33.33,34.0,1.1,6,5,Light,0,0,0,2,6,7.5,10,5,High,8834,3,0,1,0.0,-172,0,0,0,0,0,0,0,0,0,0,2026-03-31,30,30
U04866,7,20,160.3,66.3,25.8,2026-04-06,29,30,30,31,28,29.67,29.6,1.02,6,6,Light,0,0,0,8,8,7.5,6,5,Moderate,12075,9,0,0,2.7,-389,0,0,0,0,0,0,0,0,0,0,2026-05-04,28,28
U04867,6,38,163.4,63.3,23.7,2026-01-17,35,35,33,38,36,34.33,35.4,1.62,6,5,Medium,0,0,1,6,2,6.7,8,6,High,11354,1,0,0,-1.0,-603,0,0,1,1,0,0,0,0,0,0,2026-02-20,34,34
U04868,11,31,168.6,51.7,18.2,2026-01-28,28,28,29,28,27,28.33,28.0,0.63,5,7,Heavy,1,0,0,10,5,4.8,3,2,High,12952,3,0,0,-0.1,-603,0,0,0,0,0,0,0,0,1,0,2026-02-27,30,30
U04869,6,23,159.2,68.2,26.9,2026-04-16,31,27,33,32,30,30.33,30.6,2.06,6,6,Medium,0,0,0,8,9,5.1,7,2,High,7136,7,0,0,0.2,-285,0,0,0,0,0,1,0,0,0,0,2026-05-18,32,32
U04870,10,34,152.6,46.1,19.8,2026-05-15,27,29,26,30,24,27.33,27.2,2.14,6,3,Medium,0,0,0,4,5,8.3,1,0,Moderate,5501,6,0,0,-1.5,-114,0,0,0,0,0,0,0,0,0,0,2026-06-11,27,27
U04871,10,19,153.8,51.6,21.8,2026-04-12,29,26,27,28,25,27.33,27.0,1.41,4,3,Medium,0,0,0,8,2,7.1,3,5,Moderate,2406,9,0,0,-0.2,-269,0,0,0,0,0,0,0,0,0,0,2026-05-13,31,31
U04872,12,32,147.9,42.9,19.6,2026-02-15,30,28,30,29,27,29.33,28.8,1.17,7,4,Medium,0,0,0,8,7,6.1,4,6,Moderate,8934,2,0,0,0.1,-639,0,0,0,0,0,0,0,0,0,0,2026-03-16,29,29
U04873,11,29,172.9,52.6,17.6,2026-07-29,27,27,28,28,28,27.33,27.6,0.49,3,6,Heavy,0,0,0,4,2,5.1,6,4,High,13959,8,0,0,-0.3,-465,0,1,0,0,0,0,0,1,0,0,2026-08-24,26,26
U04874,9,39,164.3,69.4,25.7,2026-01-03,26,29,24,26,24,26.33,25.8,1.83,4,7,Medium,0,0,1,4,5,9.3,6,3,Moderate,13479,6,0,0,0.5,137,0,0,0,1,0,0,0,0,1,0,2026-01-30,27,27
U04875,7,30,168.6,64.5,22.7,2026-05-12,28,28,27,31,27,27.67,28.2,1.47,5,7,Medium,0,0,1,3,3,6.5,1,4,Low,12388,6,0,0,0.0,-433,0,0,0,1,0,0,0,1,0,1,2026-06-08,27,27
U04876,4,26,167.8,58.8,20.9,2026-07-13,34,35,35,30,35,34.67,33.8,1.94,6,7,Medium,0,0,1,4,1,7.3,1,0,Moderate,11310,1,0,0,-0.1,-124,0,0,1,1,0,0,0,0,0,1,2026-08-16,34,34
U04877,7,32,161.8,68.1,26.0,2026-01-07,30,34,27,30,31,30.33,30.4,2.24,7,3,Heavy,0,0,0,2,8,9.7,5,4,Moderate,13772,6,0,0,-0.8,495,0,0,0,0,0,0,0,0,0,0,2026-02-03,27,27
U04878,6,20,163.0,53.4,20.1,2026-03-21,28,29,28,27,31,28.33,28.6,1.36,5,3,Heavy,0,0,0,2,1,7.5,10,6,High,10776,4,0,0,-3.4,-154,0,0,1,0,0,0,0,0,1,1,2026-04-18,28,28
U04879,8,30,158.5,57.3,22.8,2026-04-24,32,32,31,34,30,31.67,31.8,1.33,4,7,Heavy,0,0,0,8,4,9.1,1,2,Moderate,6481,1,0,0,-0.1,196,0,0,0,0,0,0,0,0,0,0,2026-05-27,33,33
U04880,8,24,151.4,56.8,24.8,2026-03-14,30,29,29,30,32,29.33,30.0,1.1,6,3,Medium,0,0,0,2,1,8.3,6,4,Moderate,13323,1,0,1,2.3,-451,0,0,1,0,1,0,0,0,0,0,2026-04-13,30,30
U04881,11,23,173.4,73.1,24.3,2026-03-21,28,27,32,26,28,29.0,28.2,2.04,5,3,Light,0,0,0,6,6,6.8,9,7,Low,3785,7,0,0,-0.2,27,0,0,0,0,0,0,0,0,0,0,2026-04-19,29,29
U04882,3,22,158.5,50.2,20.0,2026-04-18,28,26,26,27,26,26.67,26.6,0.8,4,5,Medium,0,0,0,5,5,6.4,3,6,Moderate,4251,4,0,0,-0.3,15,0,1,0,0,0,0,0,1,0,0,2026-05-15,27,27
U04883,8,28,168.6,64.2,22.6,2026-04-21,27,25,25,26,25,25.67,25.6,0.8,5,4,Medium,1,0,0,5,2,6.0,3,1,Moderate,13519,8,0,0,0.6,423,0,0,0,0,0,0,0,0,0,0,2026-05-18,27,27
U04884,4,34,161.0,55.0,21.2,2026-06-29,28,30,30,27,26,29.33,28.2,1.6,6,5,Medium,0,0,0,7,7,5.9,8,6,Moderate,2312,2,0,0,1.4,-235,1,0,0,0,0,0,0,1,0,0,2026-07-28,29,29
U04885,4,22,158.5,59.5,23.7,2026-04-16,28,25,26,28,27,26.33,26.8,1.17,4,5,Heavy,0,0,0,6,5,5.6,6,2,Moderate,8816,9,0,1,-0.5,476,0,0,0,0,0,0,0,0,0,0,2026-05-15,29,29
U04886,3,35,153.9,58.0,24.5,2026-06-13,32,34,33,34,31,33.0,32.8,1.17,4,4,Medium,0,0,0,3,1,6.0,1,4,Moderate,12001,9,0,1,0.2,-45,0,0,1,0,0,0,0,0,0,0,2026-07-15,32,32
U04887,9,31,162.6,59.0,22.3,2026-07-21,33,37,33,31,31,34.33,33.0,2.19,4,7,Medium,0,0,0,6,1,6.3,7,4,Low,6017,9,1,0,-1.4,-373,1,0,0,0,0,0,1,0,0,0,2026-08-22,32,32
U04888,7,29,156.5,51.4,21.0,2026-08-09,32,33,30,33,35,31.67,32.6,1.62,7,3,Medium,0,0,0,10,9,5.9,5,1,High,12640,9,0,0,1.5,-22,0,1,0,0,0,0,0,0,0,0,2026-09-08,30,30
U04889,10,38,155.5,49.3,20.4,2026-02-16,33,34,35,33,38,34.0,34.6,1.85,5,4,Medium,0,0,1,5,4,6.2,2,2,Moderate,6891,4,0,0,-0.3,261,0,1,0,1,0,0,0,0,0,1,2026-03-18,30,30
U04890,6,24,173.6,58.5,19.4,2026-06-04,26,25,27,25,27,26.0,26.0,0.89,3,7,Light,0,0,0,1,7,8.7,10,7,Moderate,12779,7,0,0,-1.5,232,0,0,0,0,0,0,0,0,0,1,2026-06-29,25,25
U04891,9,19,150.4,47.0,20.8,2026-04-30,31,31,33,34,30,31.67,31.8,1.47,4,7,Heavy,0,0,0,10,1,7.3,3,7,High,2807,2,0,0,0.3,11,0,0,0,0,0,0,0,1,0,1,2026-06-01,32,32
U04892,11,28,158.4,48.9,19.5,2026-08-05,23,22,26,24,22,23.67,23.4,1.5,7,3,Medium,1,0,0,4,9,6.3,10,0,Moderate,6599,4,0,0,0.5,-622,0,1,0,0,0,0,0,0,0,0,2026-08-28,23,23
U04893,6,19,156.6,52.5,21.4,2026-07-10,28,27,28,29,29,27.67,28.2,0.75,5,5,Medium,0,0,0,6,8,8.2,9,1,Moderate,7474,1,1,0,-2.8,-417,1,0,0,0,0,0,0,0,0,0,2026-08-08,29,29
U04894,10,33,172.6,49.5,16.6,2026-06-21,28,27,26,28,26,27.0,27.0,0.89,5,3,Heavy,0,0,0,9,3,8.4,7,7,High,2939,5,0,0,-0.3,287,0,0,0,0,0,0,0,0,1,0,2026-07-21,30,30
U04895,6,21,155.6,53.5,22.1,2026-02-26,30,30,29,25,28,29.67,28.4,1.85,6,3,Medium,0,0,0,8,2,7.0,1,2,Moderate,8584,7,0,0,0.6,162,0,0,0,0,1,0,0,0,0,0,2026-03-30,32,32
U04896,5,21,148.9,61.4,27.7,2026-03-13,30,27,27,31,34,28.0,29.8,2.64,7,4,Medium,0,0,0,8,7,6.9,2,3,Low,11472,10,0,0,-0.4,-55,0,0,0,0,0,0,0,0,0,0,2026-04-15,33,33
U04897,10,39,158.5,56.0,22.3,2026-03-29,31,31,30,31,35,30.67,31.6,1.74,6,7,Light,0,0,0,5,4,5.6,5,3,High,6659,10,1,0,-0.4,-132,0,0,0,0,0,0,0,0,0,0,2026-04-30,32,32
U04898,3,30,159.2,70.7,27.9,2026-07-29,40,40,42,41,42,40.67,41.0,0.89,3,3,Medium,1,0,0,10,8,6.0,10,1,Low,13540,7,0,0,0.4,257,0,0,0,0,0,0,0,0,1,1,2026-09-06,39,39
U04899,7,31,165.3,43.7,16.0,2026-04-26,27,25,29,26,24,27.0,26.2,1.72,4,5,Medium,0,0,0,10,9,8.1,3,2,High,11757,2,0,0,1.5,-314,0,0,0,0,0,0,0,0,0,0,2026-05-25,29,29
U04900,5,23,155.8,60.9,25.1,2026-01-26,29,27,28,30,26,28.0,28.0,1.41,3,5,Light,0,0,0,8,2,9.6,1,5,Low,5457,9,0,0,0.3,391,1,0,0,0,0,0,1,0,0,0,2026-02-24,29,29
U04901,2,31,159.5,57.2,22.5,2026-01-19,25,27,23,24,27,25.0,25.2,1.6,3,7,Medium,0,1,0,6,1,6.2,10,7,Moderate,8542,7,0,0,-0.4,412,0,0,0,0,0,0,0,0,0,0,2026-02-14,26,26
U04902,6,35,155.8,53.4,22.0,2026-01-16,29,28,31,31,29,29.33,29.6,1.2,7,4,Medium,0,0,0,3,10,7.8,7,4,Moderate,3423,5,0,0,0.3,444,0,1,0,0,0,0,0,1,0,1,2026-02-10,25,25
U04903,5,31,166.2,71.8,26.0,2026-04-08,28,27,28,28,28,27.67,27.8,0.4,6,7,Medium,0,0,0,2,5,6.5,2,2,High,2952,8,0,1,1.0,-695,0,1,0,0,0,0,0,0,0,0,2026-05-05,27,27
U04904,12,30,162.2,54.7,20.8,2026-07-20,25,25,25,26,25,25.0,25.2,0.4,4,4,Light,1,0,0,1,3,7.3,1,5,Moderate,8394,1,0,0,0.5,385,0,0,0,0,0,0,0,0,0,0,2026-08-12,23,23
U04905,12,25,157.9,57.1,22.9,2026-05-04,25,23,25,29,28,24.33,26.0,2.19,3,3,Heavy,0,0,0,9,1,8.1,4,0,Moderate,7445,1,0,0,0.8,-105,0,0,1,0,0,0,0,0,0,0,2026-06-01,28,28
U04906,6,29,171.5,84.7,28.8,2026-07-12,31,34,32,33,30,32.33,32.0,1.41,7,4,Medium,0,0,0,10,3,6.6,4,4,Moderate,7449,8,0,0,1.0,-651,0,0,0,0,0,0,0,0,0,1,2026-08-14,33,33
U04907,3,21,164.4,60.3,22.3,2026-07-16,35,36,34,36,34,35.0,35.0,0.89,7,6,Light,0,0,0,7,5,9.6,9,0,Moderate,10076,10,0,0,0.6,-267,0,0,0,0,0,0,0,0,1,0,2026-08-21,36,36
U04908,9,29,159.4,66.1,26.0,2026-07-08,31,32,31,32,29,31.33,31.0,1.1,3,7,Medium,0,0,0,3,8,8.0,4,3,Moderate,12727,7,1,0,-0.5,-685,1,0,0,0,1,0,0,0,0,0,2026-08-06,29,29
U04909,5,26,157.4,50.8,20.5,2026-07-14,30,30,31,31,29,30.33,30.2,0.75,6,7,Heavy,0,0,0,10,7,6.2,10,3,Moderate,7915,10,0,0,-0.9,-559,0,0,0,0,0,0,0,0,0,0,2026-08-09,26,26
U04910,9,25,160.6,55.5,21.5,2026-02-16,29,28,30,26,26,29.0,27.8,1.6,6,4,Light,0,0,0,3,1,7.6,4,5,Moderate,8731,8,0,0,-0.2,373,0,1,1,0,0,1,0,0,0,1,2026-03-18,30,30
U04911,7,26,156.3,51.8,21.2,2026-06-03,32,30,33,31,34,31.67,32.0,1.41,3,3,Light,0,0,1,8,2,6.0,2,6,High,13624,9,0,1,-0.9,471,0,0,1,1,0,0,0,1,0,0,2026-07-04,31,31
U04912,5,37,156.9,49.7,20.2,2026-02-19,27,25,24,27,27,25.33,26.0,1.26,7,6,Medium,0,0,0,5,9,7.6,10,4,Moderate,3006,1,0,0,1.9,-303,0,0,0,0,0,0,0,0,0,0,2026-03-19,28,28
U04913,12,36,162.9,43.0,16.2,2026-07-22,32,35,30,32,33,32.33,32.4,1.62,7,3,Light,0,0,0,2,2,6.3,6,0,Low,6042,9,0,0,0.8,-170,0,1,0,0,0,0,0,0,0,0,2026-08-21,30,30
U04914,9,18,148.4,55.7,25.3,2026-08-07,32,32,34,29,33,32.67,32.0,1.67,7,5,Medium,0,0,0,5,1,4.9,5,3,Low,11797,4,0,0,-1.8,207,0,0,0,0,0,0,0,0,0,0,2026-09-09,33,33
U04915,3,32,153.7,52.0,22.0,2026-07-29,27,24,28,26,26,26.33,26.2,1.33,5,4,Medium,0,0,0,7,1,7.0,6,7,Low,4449,3,0,1,0.9,-461,0,0,0,0,0,0,0,0,0,0,2026-08-25,27,27
U04916,4,24,167.5,50.5,18.0,2026-06-04,31,34,29,32,34,31.33,32.0,1.9,6,7,Medium,0,0,0,8,4,7.6,1,5,Moderate,4267,8,0,0,0.6,-290,0,1,0,0,0,0,0,0,0,1,2026-07-07,33,33
U04917,5,23,162.6,58.2,22.0,2026-02-25,29,31,28,30,29,29.33,29.4,1.02,3,3,Medium,0,0,0,8,7,7.5,10,0,Moderate,9032,3,0,0,1.4,-496,0,0,0,0,0,1,0,0,0,0,2026-03-25,28,28
U04918,11,25,162.3,70.6,26.8,2026-06-15,33,35,34,33,33,34.0,33.6,0.8,5,6,Heavy,0,0,0,1,6,6.9,1,3,Low,5630,9,0,0,0.0,-384,0,0,0,0,0,0,0,0,0,0,2026-07-19,34,34
U04919,10,26,167.2,58.7,21.0,2026-06-04,28,28,29,28,25,28.33,27.6,1.36,7,4,Medium,0,0,0,4,10,8.2,9,5,High,4143,7,0,0,-1.5,207,0,0,0,0,0,0,0,0,0,0,2026-07-04,30,30
U04920,5,22,156.0,61.3,25.2,2026-05-28,29,27,31,28,31,29.0,29.2,1.6,5,5,Medium,1,0,0,6,8,7.3,2,0,High,2083,3,1,0,-0.4,141,0,0,1,0,0,0,0,0,0,0,2026-06-26,29,29
U04921,5,33,163.1,73.2,27.5,2026-08-18,29,29,27,31,31,28.33,29.4,1.5,5,6,Medium,0,0,0,5,1,5.6,4,2,Moderate,9473,7,0,0,1.4,-594,0,0,0,0,0,0,0,1,0,0,2026-09-16,29,29
U04922,4,33,159.2,59.1,23.3,2026-02-07,29,28,27,30,27,28.0,28.2,1.17,6,5,Medium,0,0,0,8,9,5.6,3,4,Low,3564,7,0,0,0.3,-157,0,0,0,0,0,0,0,0,0,0,2026-03-10,31,31
U04923,2,39,151.2,45.5,19.9,2026-05-14,31,28,32,32,32,30.33,31.0,1.55,4,3,Light,0,0,0,10,7,8.4,6,1,High,12265,4,1,0,-0.3,402,0,0,0,0,1,0,0,0,0,0,2026-06-14,31,31
U04924,10,18,160.4,64.1,24.9,2026-07-05,28,29,30,27,29,29.0,28.6,1.02,4,3,Heavy,0,0,0,7,2,8.5,10,7,Low,2222,6,0,1,-0.1,-530,1,0,0,0,0,0,0,1,0,0,2026-08-03,29,29
U04925,8,20,164.3,54.5,20.2,2026-02-07,27,27,27,26,29,27.0,27.2,0.98,5,7,Medium,0,0,0,8,8,8.4,9,4,Moderate,9283,5,0,0,-0.1,-183,0,0,0,0,0,0,0,0,0,0,2026-03-07,28,28
U04926,4,32,170.1,69.4,24.0,2026-01-20,30,32,30,31,29,30.67,30.4,1.02,7,6,Medium,0,0,0,1,3,7.9,1,4,Moderate,12943,3,1,0,-0.0,426,0,1,1,0,0,0,0,0,0,0,2026-02-18,29,29
U04927,12,28,156.2,47.1,19.3,2026-03-14,31,30,30,32,29,30.33,30.4,1.02,5,7,Medium,0,0,0,9,9,7.1,8,6,Moderate,12816,1,1,0,0.1,184,1,0,0,0,0,0,0,1,0,0,2026-04-17,34,34
U04928,2,35,161.5,74.1,28.4,2026-03-14,29,23,27,27,31,26.33,27.4,2.65,7,7,Heavy,0,0,0,7,6,5.7,7,4,Low,5399,8,0,0,-0.3,107,0,0,0,0,0,0,0,0,0,0,2026-04-14,31,31
U04929,4,29,164.2,52.8,19.6,2026-01-06,31,30,33,28,32,31.33,30.8,1.72,4,5,Medium,0,1,0,5,5,8.0,2,1,Moderate,10641,7,0,1,-0.3,-50,0,0,1,0,0,0,0,0,0,0,2026-02-06,31,31
U04930,10,24,158.4,53.4,21.3,2026-03-10,27,26,28,29,28,27.0,27.6,1.02,6,5,Light,0,1,0,1,4,6.6,8,3,Moderate,5517,2,0,0,0.3,-203,1,0,0,0,0,1,0,0,0,1,2026-04-03,24,24
U04931,7,19,173.7,48.3,16.0,2026-05-20,32,34,33,34,32,33.0,33.0,0.89,4,5,Medium,0,0,0,10,2,4.9,10,3,High,6763,1,0,0,-1.0,-539,0,0,0,0,0,0,0,0,0,0,2026-06-23,34,34
U04932,5,24,148.9,54.5,24.6,2026-04-25,29,29,29,24,28,29.0,27.8,1.94,6,7,Medium,0,0,0,7,9,6.2,1,6,Moderate,7322,4,1,0,-0.8,222,0,0,1,0,0,0,0,0,0,0,2026-05-26,31,31
U04933,4,18,167.7,52.9,18.8,2026-04-05,27,29,28,25,28,28.0,27.4,1.36,4,6,Medium,0,0,0,9,7,6.6,10,2,Moderate,8698,7,0,0,0.4,184,0,0,0,0,0,1,0,0,0,0,2026-05-04,29,29
U04934,5,28,180.0,86.2,26.6,2026-03-04,30,32,27,27,32,29.67,29.6,2.24,3,6,Medium,1,0,0,4,6,6.9,8,4,Moderate,13228,1,1,0,-0.7,-353,0,1,0,0,0,0,0,0,0,0,2026-03-29,25,25
U04935,4,25,155.7,69.6,28.7,2026-06-26,28,29,29,27,23,28.67,27.2,2.23,6,4,Heavy,1,1,0,3,2,6.8,8,0,Moderate,9249,1,1,0,1.0,-198,1,1,0,0,0,0,0,0,0,0,2026-07-22,26,26
U04936,6,25,150.9,44.9,19.7,2026-07-03,32,31,29,31,33,30.67,31.2,1.33,3,4,Medium,0,0,0,10,3,6.1,9,4,Moderate,5601,9,0,0,2.3,454,0,1,0,0,1,0,1,0,0,0,2026-08-03,31,31
U04937,5,37,165.5,51.2,18.7,2026-07-19,31,32,31,33,29,31.33,31.2,1.33,4,4,Light,0,0,0,4,10,8.0,5,3,Moderate,9829,5,0,1,-0.2,424,0,1,0,0,0,0,0,0,1,0,2026-08-15,27,27
U04938,7,24,159.5,48.8,19.2,2026-03-20,33,31,35,34,33,33.0,33.2,1.33,5,7,Medium,0,0,0,10,2,7.2,1,4,Moderate,5376,7,0,0,1.0,-461,0,0,0,0,0,0,0,0,0,0,2026-04-23,34,34
U04939,12,38,154.3,71.2,29.9,2026-03-13,27,27,27,25,29,27.0,27.0,1.26,4,6,Heavy,0,0,0,8,7,7.2,10,2,Low,13634,10,0,0,0.3,-338,0,0,0,0,0,0,0,0,0,0,2026-04-09,27,27
U04940,11,32,148.6,44.6,20.2,2026-08-10,26,27,25,29,27,26.0,26.8,1.33,6,5,Medium,0,0,0,1,4,6.6,10,1,Moderate,11420,6,0,0,-0.3,-219,0,0,0,0,1,0,0,0,0,1,2026-09-01,22,22
U04941,7,33,168.5,47.1,16.6,2026-02-08,27,25,26,26,29,26.0,26.6,1.36,4,4,Medium,0,0,0,7,7,4.6,4,4,Moderate,10558,5,1,0,1.2,82,0,0,0,0,0,0,0,0,0,0,2026-03-08,28,28
U04942,11,24,154.3,58.8,24.7,2026-04-20,27,28,29,26,24,28.0,26.8,1.72,6,3,Medium,0,0,0,8,10,6.1,2,6,Moderate,13220,9,0,0,-0.3,219,0,0,0,0,1,0,0,0,1,0,2026-05-19,29,29
U04943,4,38,163.2,57.0,21.4,2026-06-30,28,30,29,30,29,29.0,29.2,0.75,4,7,Medium,1,0,0,4,8,8.4,8,4,Moderate,2958,10,0,0,-0.6,-208,0,1,1,0,0,0,0,0,0,0,2026-07-28,28,28
U04944,8,33,158.8,49.9,19.8,2026-02-03,32,29,33,33,29,31.33,31.2,1.83,6,4,Heavy,0,0,0,2,6,7.3,6,2,High,6860,8,0,0,-1.0,-645,0,0,0,0,0,0,0,0,0,0,2026-03-08,33,33
U04945,9,36,171.3,64.3,21.9,2026-08-20,23,22,21,26,25,22.0,23.4,1.85,7,7,Light,0,0,0,2,8,7.2,4,6,Low,11761,1,1,0,1.3,-672,0,0,0,0,0,0,0,1,0,0,2026-09-15,26,26
U04946,6,26,165.4,58.8,21.5,2026-04-15,30,32,28,29,30,30.0,29.8,1.33,3,4,Medium,1,1,1,3,5,8.7,6,5,Low,13979,9,0,0,1.1,287,1,0,0,1,0,0,0,1,0,0,2026-05-13,28,28
U04947,7,20,159.6,42.5,16.7,2026-03-04,34,32,34,35,33,33.33,33.6,1.02,5,3,Heavy,0,0,1,10,7,7.8,4,6,Low,11332,2,0,0,0.8,-497,0,0,1,1,0,0,0,0,0,0,2026-04-09,36,36
U04948,2,37,165.4,57.5,21.0,2026-07-15,30,31,31,29,28,30.67,29.8,1.17,7,6,Medium,0,0,0,2,8,7.1,3,5,Low,11263,8,0,0,0.7,-62,0,0,0,0,0,0,0,0,0,0,2026-08-13,29,29
U04949,3,20,156.3,60.6,24.8,2026-04-23,28,32,27,29,30,29.0,29.2,1.72,7,6,Light,0,0,0,7,7,7.8,7,3,Low,5524,5,0,0,-0.7,464,0,0,1,0,0,0,0,0,0,0,2026-05-25,32,32
U04950,10,39,154.0,52.2,22.0,2026-03-26,29,30,27,28,30,28.67,28.8,1.17,7,3,Light,1,0,0,5,9,7.6,10,4,Low,12674,9,0,0,-0.9,-619,0,0,0,0,0,0,0,0,0,0,2026-04-28,33,33
U04951,6,37,166.9,68.0,24.4,2026-04-01,23,26,25,24,28,24.67,25.2,1.72,5,5,Light,0,0,0,4,6,7.5,3,4,High,4924,4,0,0,-0.1,-63,0,1,0,0,0,0,0,0,0,0,2026-04-27,26,26
U04952,7,34,155.6,52.3,21.6,2026-05-14,30,29,32,32,31,30.33,30.8,1.17,3,7,Medium,0,0,0,9,2,7.4,5,6,Moderate,5825,4,0,0,-0.0,-75,0,0,1,0,0,0,0,0,0,0,2026-06-13,30,30
U04953,7,28,152.9,55.4,23.7,2026-06-28,27,28,29,26,29,28.0,27.8,1.17,7,6,Heavy,0,0,0,1,3,6.3,5,4,Low,3063,8,0,0,-0.6,-692,0,1,0,0,0,0,0,0,0,0,2026-07-21,23,23
U04954,12,26,160.3,59.6,23.2,2026-04-07,29,28,30,30,30,29.0,29.4,0.8,4,7,Medium,0,0,0,6,7,7.6,5,1,Moderate,11111,7,0,1,0.6,368,0,0,0,0,0,0,0,0,0,0,2026-05-07,30,30
U04955,3,30,150.3,63.0,27.9,2026-03-05,29,27,30,28,30,28.67,28.8,1.17,3,4,Light,0,0,0,6,7,6.5,8,4,Low,9824,5,0,0,-1.2,-665,0,0,1,0,0,0,0,0,0,0,2026-04-03,29,29
U04956,12,31,170.9,72.1,24.7,2026-08-22,30,32,31,28,31,31.0,30.4,1.36,6,5,Medium,0,1,0,10,1,6.8,9,0,Moderate,13974,8,0,0,2.4,-28,0,1,0,0,0,0,0,0,0,0,2026-09-24,33,33
U04957,6,23,155.2,47.5,19.7,2026-07-17,27,28,27,26,23,27.33,26.2,1.72,6,6,Medium,1,0,0,9,3,7.8,10,6,High,2239,5,0,0,1.5,-5,0,0,0,0,0,0,0,0,0,0,2026-08-18,32,32
U04958,11,35,161.3,62.4,24.0,2026-06-10,31,34,30,28,30,31.67,30.6,1.96,6,7,Medium,0,0,0,7,1,6.5,5,0,Moderate,8324,8,0,0,-0.1,246,0,0,0,0,0,0,0,0,0,0,2026-07-13,33,33
U04959,11,35,167.8,62.5,22.2,2026-08-12,29,30,28,30,27,29.0,28.8,1.17,4,7,Heavy,0,0,0,4,5,6.7,10,6,Low,11594,9,0,0,-2.0,106,0,0,0,0,0,1,0,0,0,0,2026-09-10,29,29
U04960,6,26,158.8,47.7,18.9,2026-08-09,31,33,29,28,31,31.0,30.4,1.74,6,6,Light,0,0,0,5,5,7.1,6,1,High,13610,4,0,0,-1.1,395,0,0,0,0,0,0,0,0,0,0,2026-09-10,32,32
U04961,6,37,157.3,78.9,31.9,2026-07-20,29,30,27,31,27,28.67,28.8,1.6,4,6,Medium,1,0,0,6,4,7.5,3,6,High,3066,2,0,0,-2.0,-599,0,0,0,0,0,0,0,0,0,0,2026-08-21,32,32
U04962,2,30,175.1,87.7,28.6,2026-04-18,33,35,30,32,34,32.67,32.8,1.72,3,3,Heavy,0,0,0,10,9,6.5,5,2,High,13608,1,0,0,2.1,334,0,0,0,0,0,0,1,0,0,0,2026-05-21,33,33
U04963,8,23,158.1,59.0,23.6,2026-03-18,29,27,30,26,31,28.67,28.6,1.85,5,6,Medium,0,0,0,7,8,6.4,6,6,Moderate,2842,3,0,0,0.0,472,0,0,1,0,0,0,0,0,0,0,2026-04-17,30,30
U04964,10,20,162.9,65.3,24.6,2026-08-05,27,28,28,29,26,27.67,27.6,1.02,3,5,Light,0,0,0,5,1,7.1,6,3,High,11564,9,0,0,2.0,-474,1,0,0,0,0,0,0,0,0,0,2026-08-30,25,25
U04965,10,28,150.0,49.5,22.0,2026-03-10,36,38,35,36,36,36.33,36.2,0.98,7,6,Medium,0,0,0,8,1,8.1,9,6,Moderate,8673,6,0,0,-0.5,339,1,0,0,0,0,0,0,0,0,0,2026-04-14,35,35
U04966,11,29,169.3,58.8,20.5,2026-03-31,29,30,29,27,31,29.33,29.2,1.33,6,4,Heavy,0,0,0,9,8,7.0,9,3,Moderate,12733,8,0,0,-1.7,225,0,0,1,0,0,0,0,1,0,0,2026-04-29,29,29
U04967,3,36,166.6,65.5,23.6,2026-05-23,33,35,31,35,32,33.0,33.2,1.6,6,5,Light,0,0,0,9,1,6.7,10,6,Moderate,9939,6,0,0,-2.1,361,0,0,0,0,0,0,0,0,0,1,2026-06-28,36,36
U04968,7,27,149.3,51.9,23.3,2026-04-24,35,31,31,38,33,32.33,33.6,2.65,3,5,Medium,0,0,1,6,3,9.3,8,3,Moderate,10032,6,0,0,-1.0,247,0,1,0,1,0,0,0,0,0,0,2026-05-27,33,33
U04969,3,30,157.8,40.6,16.3,2026-06-23,28,26,29,29,28,27.67,28.0,1.1,5,5,Light,0,0,0,9,3,7.8,6,2,Moderate,3685,2,0,0,0.7,252,0,0,0,0,0,0,0,0,0,0,2026-07-23,30,30
U04970,8,24,171.0,79.0,27.0,2026-03-24,28,27,29,28,27,28.0,27.8,0.75,4,6,Light,0,0,0,2,8,6.4,9,3,Moderate,7759,9,0,1,-1.6,-434,0,1,0,0,0,0,1,1,0,0,2026-04-18,25,25
U04971,2,37,166.6,59.7,21.5,2026-03-06,29,28,32,29,30,29.67,29.6,1.36,3,4,Medium,0,0,1,9,4,8.1,10,1,Low,8489,10,0,0,-0.3,394,0,1,0,1,0,0,0,1,0,0,2026-04-03,28,28
U04972,6,23,155.6,55.0,22.7,2026-02-07,27,29,30,25,26,28.67,27.4,1.85,7,4,Light,0,0,0,3,4,7.1,4,4,Low,3165,9,0,0,0.4,-493,0,0,0,0,0,0,0,0,0,0,2026-03-04,25,25
U04973,4,28,168.3,61.5,21.7,2026-05-18,31,30,31,30,32,30.67,30.8,0.75,5,7,Heavy,0,0,0,4,2,6.7,8,6,Moderate,8933,4,0,0,-0.5,-41,0,0,0,0,1,0,0,0,0,0,2026-06-18,31,31
U04974,9,20,169.1,63.8,22.3,2026-08-16,36,37,39,36,35,37.33,36.6,1.36,5,4,Medium,0,0,1,5,3,4.3,6,3,Moderate,4429,5,0,0,-1.5,303,0,0,0,1,0,0,0,0,0,0,2026-09-18,33,33
U04975,3,35,162.3,64.8,24.6,2026-08-07,37,38,35,38,40,36.67,37.6,1.62,5,5,Light,0,0,0,10,3,7.7,7,6,Low,13058,5,1,1,-1.7,-309,1,1,1,0,0,0,0,0,0,0,2026-09-15,39,39
U04976,3,20,157.0,62.4,25.3,2026-04-20,32,33,33,33,29,32.67,32.0,1.55,3,4,Medium,0,0,0,9,2,7.4,6,5,Moderate,6810,3,0,0,0.3,190,1,0,0,0,0,0,1,0,0,0,2026-05-22,32,32
U04977,3,23,162.1,77.3,29.4,2026-07-11,31,32,30,33,29,31.0,31.0,1.41,7,6,Light,0,0,0,10,1,8.2,10,7,Moderate,6604,9,0,0,1.2,-166,0,0,1,0,0,0,0,0,1,0,2026-08-12,32,32
U04978,10,18,152.2,51.9,22.4,2026-03-22,28,27,27,27,33,27.33,28.4,2.33,3,7,Light,0,0,0,9,6,7.9,2,2,High,5492,5,0,0,0.2,-147,0,1,0,0,0,0,0,1,0,0,2026-04-21,30,30
U04979,12,22,165.0,43.6,16.0,2026-01-28,32,33,30,32,35,31.67,32.4,1.62,3,3,Medium,0,0,0,9,5,7.4,6,0,Moderate,6908,8,0,0,0.6,-179,0,1,1,0,0,1,0,0,0,0,2026-03-03,34,34
U04980,10,20,167.3,59.1,21.1,2026-08-21,29,29,30,28,30,29.33,29.2,0.75,3,7,Medium,0,0,0,1,10,6.5,7,4,Moderate,2026,3,1,0,0.2,379,0,0,1,0,0,0,0,0,0,0,2026-09-17,27,27
U04981,11,29,159.7,73.7,28.9,2026-07-22,30,27,29,29,32,28.67,29.4,1.62,3,5,Light,0,0,0,8,9,5.7,3,4,Low,10733,5,0,0,-2.1,-174,1,0,1,0,0,0,0,0,0,0,2026-08-25,34,34
U04982,12,40,153.1,66.1,28.2,2026-05-19,31,34,34,32,32,33.0,32.6,1.2,6,4,Medium,0,0,0,8,9,5.0,8,3,Moderate,3397,6,0,0,0.1,331,1,0,0,0,0,0,0,0,0,0,2026-06-21,33,33
U04983,9,31,150.9,65.4,28.7,2026-02-07,30,30,32,26,33,30.67,30.2,2.4,5,4,Medium,1,0,0,6,4,7.9,8,2,High,9651,3,1,0,-0.5,-559,0,0,1,0,0,0,0,0,0,0,2026-03-09,30,30
U04984,11,22,152.4,56.9,24.5,2026-04-04,33,36,36,31,35,35.0,34.2,1.94,3,3,Medium,0,0,1,9,8,7.1,8,2,Moderate,8293,5,0,0,0.9,-190,1,0,1,1,0,0,0,0,0,0,2026-05-09,35,35
U04985,9,23,158.3,47.6,19.0,2026-02-01,27,30,26,27,31,27.67,28.2,1.94,6,6,Medium,0,0,0,7,8,9.2,1,0,Moderate,11413,2,0,0,0.1,-458,0,0,1,0,0,0,0,1,0,1,2026-02-28,27,27
U04986,2,26,157.8,44.1,17.7,2026-02-24,32,37,32,29,30,33.67,32.0,2.76,5,7,Light,0,0,1,4,3,7.4,3,1,Moderate,2302,1,0,0,0.3,-158,0,0,0,1,0,0,0,0,0,0,2026-03-28,32,32
U04987,10,27,157.0,61.6,25.0,2026-03-11,35,34,38,36,32,35.67,35.0,2.0,4,7,Medium,0,1,1,9,9,7.5,8,4,High,3887,2,0,0,1.6,-301,1,0,0,1,0,0,0,0,0,0,2026-04-17,37,37
U04988,10,40,159.9,82.3,32.2,2026-02-12,37,36,38,36,38,37.0,37.0,0.89,6,4,Medium,0,0,1,10,2,5.5,5,7,Moderate,12960,9,1,1,-1.8,370,0,1,0,1,0,0,0,0,0,0,2026-03-25,41,41
U04989,9,27,169.0,64.8,22.7,2026-04-10,30,32,32,33,33,31.33,32.0,1.1,5,4,Medium,0,0,1,8,8,6.5,9,7,Moderate,7519,2,0,0,-0.6,-255,0,0,0,1,0,0,0,0,0,0,2026-05-07,27,27
U04990,8,27,169.9,67.3,23.3,2026-03-22,30,34,31,32,31,31.67,31.6,1.36,7,4,Medium,0,0,0,3,1,6.7,8,6,Moderate,3016,6,0,0,-0.6,-331,0,1,0,0,0,0,0,1,0,0,2026-04-18,27,27
U04991,7,33,176.7,60.6,19.4,2026-03-04,32,32,32,33,30,32.0,31.8,0.98,5,7,Medium,0,0,0,7,1,4.5,1,7,Low,9861,9,0,0,-0.2,296,0,1,0,0,0,1,0,0,0,0,2026-04-06,33,33
U04992,2,37,157.0,62.9,25.5,2026-01-13,30,32,29,30,30,30.33,30.2,0.98,6,5,Medium,1,0,0,10,7,7.7,5,2,Low,7310,4,0,0,-0.4,143,0,0,0,0,0,0,0,0,0,0,2026-02-13,31,31
U04993,6,19,161.4,54.2,20.8,2026-05-07,27,26,28,27,28,27.0,27.2,0.75,3,5,Medium,0,0,0,3,8,6.6,9,2,Low,12117,5,0,0,1.2,-91,0,0,0,0,0,0,1,0,0,0,2026-06-03,27,27
U04994,4,24,162.0,54.8,20.9,2026-07-30,28,30,29,31,28,29.0,29.2,1.17,5,6,Light,1,0,0,10,1,6.1,7,2,High,4892,4,0,0,-2.2,179,0,1,0,0,0,0,0,0,0,0,2026-08-27,28,28
U04995,3,35,156.2,61.0,25.0,2026-07-28,31,30,30,33,32,30.33,31.2,1.17,4,4,Medium,0,0,1,1,1,6.1,7,3,Moderate,3012,10,0,0,-0.4,-245,0,0,0,1,0,0,0,0,0,0,2026-08-30,33,33
U04996,5,40,169.9,91.5,31.7,2026-03-09,29,29,27,30,24,28.33,27.8,2.14,7,3,Medium,0,0,0,5,10,7.4,5,4,High,2252,9,0,0,1.8,274,0,1,0,0,1,0,0,0,0,0,2026-04-08,30,30
U04997,11,24,156.6,63.0,25.7,2026-04-21,27,25,25,31,28,25.67,27.2,2.23,4,3,Light,0,0,0,4,8,8.0,2,0,Low,13887,3,0,0,1.1,432,0,0,0,0,0,0,0,0,0,0,2026-05-15,24,24
U04998,9,28,168.6,71.6,25.2,2026-07-12,28,30,29,27,28,29.0,28.4,1.02,3,7,Heavy,0,0,0,3,5,6.9,3,3,Low,6899,8,0,0,-1.0,-345,0,0,1,0,0,0,0,0,0,1,2026-08-08,27,27
U04999,8,23,155.0,63.7,26.5,2026-08-08,29,30,28,31,28,29.0,29.2,1.17,7,6,Medium,0,0,0,2,4,6.3,8,2,Low,4707,2,0,1,-2.0,30,1,0,1,0,0,0,0,0,0,0,2026-09-01,24,24
U05000,10,33,159.0,60.7,24.0,2026-01-01,28,28,27,28,29,27.67,28.0,0.63,3,5,Heavy,0,0,0,6,8,5.4,3,4,Moderate,7881,7,0,0,0.9,-466,0,0,0,0,0,0,0,0,0,1,2026-01-30,29,29
U05001,3,36,162.5,53.6,20.3,2026-05-17,26,27,28,29,26,27.0,27.2,1.17,5,3,Heavy,0,0,0,8,9,7.2,4,4,Low,8317,5,1,0,0.3,386,1,1,0,0,0,0,0,0,0,0,2026-06-14,28,28
U05002,10,25,166.8,67.1,24.1,2026-04-06,33,35,32,34,37,33.33,34.2,1.72,3,4,Heavy,0,0,0,8,5,7.0,1,4,Moderate,10971,10,0,0,-0.1,-137,0,0,1,0,0,0,0,0,0,0,2026-05-08,32,32
U05003,7,20,153.7,59.1,25.0,2026-04-29,34,34,31,34,32,33.0,33.0,1.26,7,5,Light,0,0,1,8,2,5.2,3,1,Moderate,9020,3,1,0,0.0,209,0,0,0,1,0,0,0,0,0,1,2026-06-02,34,34
U05004,10,22,170.3,63.8,22.0,2026-08-03,26,26,28,25,24,26.67,25.8,1.33,5,3,Medium,0,0,0,10,7,6.9,7,0,Low,13730,1,0,0,1.9,-221,0,0,0,0,0,0,0,0,0,0,2026-08-30,27,27
U05005,9,28,152.0,59.8,25.9,2026-04-16,29,28,29,31,28,28.67,29.0,1.1,4,3,Medium,0,0,0,1,1,7.7,5,0,Low,13443,9,0,1,-1.5,337,0,1,0,0,0,0,0,1,0,0,2026-05-13,27,27
U05006,11,22,146.1,51.0,23.9,2026-04-29,27,28,24,25,30,26.33,26.8,2.14,3,5,Light,0,1,0,2,9,7.6,6,2,High,6110,9,0,0,0.8,199,0,1,0,0,0,0,0,1,0,1,2026-05-24,25,25
U05007,4,36,158.1,59.5,23.8,2026-04-30,31,34,32,29,29,32.33,31.0,1.9,7,7,Light,0,1,0,8,1,7.3,8,3,Moderate,12551,5,1,0,-1.4,-321,1,0,0,0,0,0,0,0,0,0,2026-05-29,29,29
U05008,7,23,163.3,70.1,26.3,2026-04-22,28,28,29,28,26,28.33,27.8,0.98,5,3,Heavy,0,0,0,3,10,7.5,2,7,High,12824,9,0,0,0.9,-206,0,0,0,0,0,0,0,0,0,0,2026-05-22,30,30
U05009,3,37,161.2,45.5,17.5,2026-04-09,30,28,30,28,27,29.33,28.6,1.2,3,3,Medium,0,0,1,8,5,7.4,3,0,Moderate,7783,10,0,0,-0.1,220,0,1,0,1,0,0,0,1,0,0,2026-05-11,32,32
U05010,11,30,163.4,53.4,20.0,2026-07-31,30,31,30,34,31,30.33,31.2,1.47,3,7,Medium,0,0,0,5,2,6.8,6,4,High,3427,8,0,0,1.0,-18,0,0,0,0,0,0,0,1,0,0,2026-08-29,29,29
U05011,8,36,152.7,42.4,18.2,2026-03-05,30,28,26,30,32,28.0,29.2,2.04,7,5,Heavy,0,0,0,7,5,6.0,6,0,Moderate,6432,8,0,0,-0.6,114,1,0,0,0,0,0,1,0,0,0,2026-04-05,31,31
U05012,3,30,150.4,36.2,16.0,2026-05-08,35,35,35,35,35,35.0,35.0,0.0,6,4,Medium,0,0,1,9,9,6.8,1,1,Moderate,3241,8,0,0,-0.3,-326,0,0,0,1,0,0,0,1,0,0,2026-06-14,37,37
U05013,12,26,157.6,52.7,21.2,2026-03-29,26,24,27,27,24,25.67,25.6,1.36,6,7,Heavy,0,0,0,8,7,8.8,9,3,High,3736,2,0,0,0.2,-687,0,1,0,0,0,0,0,0,0,0,2026-04-24,26,26
U05014,4,34,169.5,53.4,18.6,2026-04-08,34,33,35,32,36,34.0,34.0,1.41,6,6,Heavy,0,0,0,4,5,6.1,5,2,Moderate,6205,10,0,0,0.5,-274,1,0,0,0,0,0,0,0,0,1,2026-05-10,32,32
U05015,9,35,157.2,74.4,30.1,2026-05-24,27,27,27,24,23,27.0,25.6,1.74,4,4,Light,0,0,0,2,4,6.9,4,5,Moderate,9567,10,0,0,0.5,-82,0,0,0,0,0,0,0,1,0,0,2026-06-21,28,28
U05016,11,27,159.8,58.2,22.8,2026-05-07,27,26,28,26,27,27.0,26.8,0.75,4,6,Light,1,0,0,2,6,7.7,6,6,High,4724,2,0,0,-0.2,-398,0,0,0,0,0,0,0,0,0,0,2026-05-31,24,24
U05017,6,36,159.7,56.1,22.0,2026-05-26,26,31,22,26,25,26.33,26.0,2.9,7,7,Medium,0,0,1,10,8,6.2,9,4,Low,9063,5,0,0,-0.8,329,0,0,0,1,0,0,0,1,0,0,2026-06-22,27,27
U05018,3,21,168.2,64.2,22.7,2026-07-04,28,29,31,30,29,29.33,29.4,1.02,6,4,Medium,0,0,0,2,4,7.6,9,6,Low,10280,1,0,0,0.9,-206,1,1,0,0,1,0,0,0,0,0,2026-07-30,26,26
U05019,4,19,154.3,56.2,23.6,2026-07-14,28,27,29,29,30,28.0,28.6,1.02,6,3,Medium,0,0,0,7,4,5.7,6,6,Moderate,11969,5,0,0,0.5,435,0,1,1,0,0,0,0,1,0,1,2026-08-12,29,29
U05020,5,32,149.0,57.5,25.9,2026-08-06,26,23,29,30,26,26.0,26.8,2.48,5,4,Medium,0,0,0,9,1,6.7,2,4,Low,12189,2,0,0,-1.6,-542,0,0,0,0,0,0,0,0,0,0,2026-09-01,26,26
U05021,11,20,163.9,66.4,24.7,2026-02-23,32,33,32,33,32,32.33,32.4,0.49,3,3,Medium,0,0,0,7,1,5.6,9,0,Moderate,10856,3,0,0,-2.1,498,1,0,0,0,0,0,0,0,0,0,2026-03-27,32,32
U05022,3,20,170.0,57.2,19.8,2026-05-17,29,31,33,30,30,31.0,30.6,1.36,3,3,Medium,0,1,0,6,4,7.5,8,3,Moderate,6406,2,1,0,-0.3,-458,0,0,0,0,0,0,0,0,1,0,2026-06-16,30,30
U05023,11,23,164.4,61.4,22.7,2026-03-26,26,26,29,30,26,27.0,27.4,1.74,3,4,Medium,0,0,0,6,6,7.5,8,4,High,5835,8,0,0,-0.4,-667,0,0,1,0,0,0,0,0,0,0,2026-04-22,27,27
U05024,12,39,170.7,65.3,22.4,2026-07-12,32,34,30,33,34,32.0,32.6,1.5,6,5,Medium,0,0,0,10,4,7.3,6,5,Moderate,5210,8,0,0,-1.0,-350,0,0,0,0,0,0,0,0,0,0,2026-08-13,32,32
U05025,8,37,165.9,67.4,24.5,2026-04-28,29,30,27,31,29,28.67,29.2,1.33,6,3,Light,0,0,0,1,3,5.6,2,4,High,3918,1,0,0,-0.2,259,0,0,0,0,0,0,0,0,0,1,2026-05-21,23,23
U05026,5,35,153.8,58.2,24.6,2026-03-28,29,31,30,27,30,30.0,29.4,1.36,5,3,Heavy,0,0,0,9,7,6.2,10,3,Moderate,5999,9,1,0,0.7,-395,0,0,0,0,0,0,0,0,0,0,2026-04-25,28,28
U05027,7,40,149.8,39.0,17.4,2026-03-10,31,30,31,32,31,30.67,31.0,0.63,4,6,Heavy,0,0,1,3,8,8.3,2,5,Moderate,13134,10,0,0,0.9,389,0,0,0,1,0,0,0,0,0,1,2026-04-09,30,30
U05028,12,31,152.7,44.1,18.9,2026-05-16,23,22,22,26,21,22.33,22.8,1.72,7,6,Medium,1,0,0,4,10,10.0,1,0,Low,6309,10,0,0,-0.2,-116,0,0,1,0,0,0,0,0,0,0,2026-06-08,23,23
U05029,10,21,165.3,54.9,20.1,2026-01-05,36,36,35,35,37,35.67,35.8,0.75,4,6,Medium,0,0,0,3,10,7.8,3,1,Low,7228,4,0,1,2.1,-480,0,0,0,0,1,0,0,0,0,1,2026-02-09,35,35
U05030,3,20,167.5,72.1,25.7,2026-03-02,34,33,34,32,33,33.67,33.2,0.75,6,4,Medium,0,0,0,4,3,5.3,1,5,Moderate,12740,9,0,0,0.6,161,1,0,1,0,0,0,0,0,0,0,2026-04-06,35,35
U05031,9,28,168.9,76.7,26.9,2026-06-22,29,29,32,29,29,30.0,29.6,1.2,3,4,Medium,0,0,1,4,5,6.6,7,5,Moderate,6563,2,0,0,0.1,-452,0,0,0,1,0,0,0,0,0,0,2026-07-20,28,28
U05032,10,28,145.0,49.8,23.7,2026-07-20,31,35,30,33,28,32.0,31.4,2.42,7,3,Medium,1,0,1,1,5,6.9,4,1,Moderate,3734,2,0,0,-1.8,333,0,1,1,1,0,0,0,0,0,0,2026-08-19,30,30
U05033,6,28,166.5,50.2,18.1,2026-06-27,31,31,27,31,31,29.67,30.2,1.6,4,7,Medium,0,0,0,3,5,8.2,7,0,High,11070,4,0,0,1.6,258,0,1,0,0,0,0,0,0,0,0,2026-07-27,30,30
U05034,2,21,157.2,70.9,28.7,2026-05-22,35,36,36,36,36,35.67,35.8,0.4,4,4,Heavy,1,1,0,2,4,6.8,9,5,Moderate,11541,3,0,1,0.9,-694,0,0,0,0,0,0,0,0,1,0,2026-06-23,32,32
U05035,3,23,155.8,42.5,17.5,2026-08-06,27,28,27,25,30,27.33,27.4,1.62,4,5,Medium,0,0,0,5,10,4.7,3,6,Moderate,8613,9,0,0,-0.5,-207,1,0,1,0,1,0,0,0,0,0,2026-08-31,25,25
U05036,9,40,158.0,55.7,22.3,2026-06-25,27,26,27,24,30,26.67,26.8,1.94,3,4,Medium,0,0,0,5,7,7.1,4,1,Moderate,9143,7,0,0,0.0,-53,0,0,0,0,0,0,0,0,0,1,2026-07-22,27,27
U05037,3,26,149.4,53.8,24.1,2026-01-03,28,30,26,28,28,28.0,28.0,1.26,6,7,Light,0,0,0,3,6,6.1,3,6,Low,10536,6,0,1,0.6,399,0,0,1,0,0,0,0,0,0,0,2026-02-01,29,29
U05038,12,27,168.0,54.5,19.3,2026-07-16,25,24,22,23,28,23.67,24.4,2.06,3,6,Light,0,0,0,6,3,6.9,7,1,High,12622,8,0,0,0.4,130,0,0,0,0,0,0,0,0,0,1,2026-08-11,26,26
U05039,12,34,162.4,78.9,29.9,2026-07-04,29,26,27,29,28,27.33,27.8,1.17,6,5,Medium,0,0,0,2,7,9.7,7,1,Moderate,9113,6,0,0,-0.1,305,0,0,0,0,0,0,0,1,0,0,2026-08-02,29,29
U05040,9,33,156.5,61.7,25.2,2026-01-13,28,25,29,28,28,27.33,27.6,1.36,6,3,Medium,0,0,0,3,10,7.1,2,7,Low,4450,5,0,1,0.2,-641,0,0,0,0,0,0,0,0,0,0,2026-02-07,25,25
U05041,2,33,159.4,70.4,27.7,2026-06-06,27,24,30,28,28,27.0,27.4,1.96,3,6,Medium,0,0,0,7,1,7.5,8,1,Low,13129,10,1,1,-0.6,120,0,0,0,0,0,0,0,0,0,0,2026-07-02,26,26
U05042,7,20,157.2,53.9,21.8,2026-05-30,25,26,27,23,27,26.0,25.6,1.5,6,3,Medium,0,0,0,7,10,8.2,5,6,Low,9815,4,0,0,-0.6,-424,0,0,1,0,0,1,0,0,0,0,2026-06-25,26,26
U05043,5,26,151.9,36.9,16.0,2026-07-09,29,32,29,30,27,30.0,29.4,1.62,7,4,Light,0,0,0,1,7,6.7,3,7,Moderate,4960,4,0,0,-0.6,-370,0,0,0,0,0,0,0,0,0,0,2026-08-05,27,27
U05044,9,27,164.0,59.7,22.2,2026-03-12,28,27,26,29,33,27.0,28.6,2.42,4,4,Heavy,0,0,0,8,1,6.3,9,4,High,13100,4,0,1,1.3,282,0,0,0,0,0,0,0,0,0,0,2026-04-09,28,28
U05045,12,28,165.6,51.8,18.9,2026-06-26,26,26,28,26,25,26.67,26.2,0.98,7,5,Medium,0,0,0,5,3,7.6,3,1,Moderate,8957,10,0,0,1.5,-312,1,0,0,0,0,0,0,0,0,0,2026-07-25,29,29
U05046,9,21,162.1,42.0,16.0,2026-05-28,24,24,26,26,25,24.67,25.0,0.89,3,5,Medium,0,0,0,8,7,6.8,2,4,Moderate,8819,4,0,0,0.8,278,0,0,0,0,0,0,0,1,0,0,2026-06-19,22,22
U05047,11,20,165.0,55.3,20.3,2026-07-29,33,30,34,33,34,32.33,32.8,1.47,5,6,Heavy,0,0,0,3,7,5.3,2,3,Moderate,11861,7,0,0,1.5,-231,0,0,1,0,0,0,0,0,0,0,2026-08-31,33,33
U05048,7,31,167.6,50.3,17.9,2026-05-07,28,28,25,29,28,27.0,27.6,1.36,5,5,Light,0,0,0,7,5,8.2,8,1,Low,5827,6,0,0,1.0,-523,0,0,0,0,0,0,0,0,0,0,2026-06-05,29,29
U05049,12,36,165.1,59.7,21.9,2026-03-22,28,30,30,25,30,29.33,28.6,1.96,6,3,Light,0,0,0,9,1,7.8,1,3,Moderate,4496,1,0,0,0.7,-8,1,0,1,0,0,0,1,0,0,0,2026-04-20,29,29
U05050,3,40,158.9,40.4,16.0,2026-04-15,27,27,26,27,25,26.67,26.4,0.8,3,4,Heavy,0,0,0,5,9,7.5,8,4,Moderate,8917,4,0,0,-0.7,387,1,0,1,0,0,0,0,0,0,0,2026-05-10,25,25
U05051,9,18,158.3,47.6,19.0,2026-08-10,25,26,27,26,21,26.0,25.0,2.1,7,5,Medium,0,0,0,8,3,5.3,7,7,Low,4862,4,0,1,1.7,-307,0,0,0,0,0,0,0,0,0,0,2026-09-05,26,26
U05052,9,28,164.0,55.1,20.5,2026-03-04,34,32,32,36,33,32.67,33.4,1.5,6,6,Medium,0,0,1,1,2,7.3,9,3,High,11371,2,0,0,0.5,-426,0,0,0,1,0,0,0,0,0,1,2026-04-08,35,35
U05053,10,38,155.3,58.8,24.4,2026-08-01,30,28,30,30,32,29.33,30.0,1.26,3,5,Medium,0,0,0,1,7,7.3,9,2,Moderate,5393,2,1,1,1.0,-480,0,0,0,0,0,0,0,0,0,0,2026-08-30,29,29
U05054,8,34,162.9,50.9,19.2,2026-06-25,31,33,32,26,29,32.0,30.2,2.48,6,5,Light,0,0,0,2,4,5.8,2,5,Low,10677,9,0,0,-1.5,-296,0,0,0,0,0,0,0,0,0,0,2026-07-24,29,29
U05055,10,23,159.9,67.8,26.5,2026-07-19,33,33,33,31,31,33.0,32.2,0.98,5,5,Medium,0,0,1,9,9,6.0,1,1,Moderate,4720,5,0,0,0.8,-550,0,0,0,1,0,0,0,0,0,0,2026-08-22,34,34
U05056,7,20,165.6,55.9,20.4,2026-07-29,27,28,28,27,28,27.67,27.6,0.49,4,7,Light,0,0,0,5,7,6.3,9,4,Moderate,8553,3,0,0,-0.2,228,0,0,0,0,0,0,0,0,0,0,2026-08-29,31,31
U05057,2,23,158.2,63.6,25.4,2026-06-28,31,31,33,27,30,31.67,30.4,1.96,7,5,Light,0,0,0,1,10,7.5,7,0,Moderate,10163,5,0,0,0.6,-205,0,0,0,0,0,1,0,0,0,0,2026-07-30,32,32
U05058,6,23,157.9,53.9,21.6,2026-03-01,30,30,31,30,31,30.33,30.4,0.49,6,6,Medium,1,0,0,10,3,6.2,2,5,Low,6694,5,0,0,-0.3,413,0,0,0,0,0,0,1,0,0,0,2026-03-31,30,30
U05059,11,39,158.8,58.5,23.2,2026-06-04,27,29,27,28,31,27.67,28.4,1.5,6,7,Light,0,0,0,9,4,6.4,6,5,Moderate,13258,2,0,1,-1.3,-443,0,0,0,0,0,0,0,0,0,0,2026-07-02,28,28
U05060,4,20,160.7,66.4,25.7,2026-02-09,28,29,27,30,26,28.0,28.0,1.41,5,7,Medium,0,0,0,5,7,8.4,10,0,Low,2814,2,0,0,-0.5,332,1,1,0,0,0,0,0,0,0,0,2026-03-10,29,29
U05061,4,24,169.7,64.5,22.4,2026-01-20,29,31,28,27,30,29.33,29.0,1.41,6,5,Medium,0,0,0,8,7,6.2,1,5,Moderate,11367,2,0,0,-1.5,-452,0,1,0,0,1,0,0,0,0,0,2026-02-19,30,30
U05062,6,22,157.2,57.8,23.4,2026-08-04,29,30,31,29,29,30.0,29.6,0.8,6,3,Light,0,0,0,4,1,8.0,8,3,Moderate,4491,10,0,0,-0.2,172,0,0,0,0,0,0,0,0,0,0,2026-09-01,28,28
U05063,7,35,154.1,58.9,24.8,2026-01-24,31,30,31,31,29,30.67,30.4,0.8,4,7,Heavy,0,0,0,4,10,8.7,9,7,Low,11647,5,0,0,-2.1,423,0,0,0,0,0,0,0,1,0,0,2026-02-22,29,29
U05064,5,21,166.5,62.1,22.4,2026-01-02,27,28,29,27,25,28.0,27.2,1.33,3,5,Medium,0,0,0,7,7,7.1,10,7,Low,12626,3,0,0,-2.0,155,0,0,0,0,0,1,0,0,0,1,2026-01-28,26,26
U05065,7,22,167.7,69.5,24.7,2026-02-10,28,28,29,27,29,28.33,28.2,0.75,7,5,Heavy,0,0,0,9,4,6.2,3,7,High,2918,4,0,0,1.4,-101,0,0,0,0,0,0,0,0,0,0,2026-03-08,26,26
U05066,12,32,161.0,65.3,25.2,2026-05-11,27,27,29,27,25,27.67,27.0,1.26,3,3,Medium,0,0,0,5,5,8.8,9,1,Moderate,13623,4,0,1,-1.5,-465,0,0,0,0,0,1,0,0,0,0,2026-06-09,29,29
U05067,3,27,152.4,52.0,22.4,2026-07-20,27,29,27,26,26,27.67,27.0,1.1,3,5,Light,0,0,0,6,9,6.5,10,2,Low,11338,4,0,0,1.7,-623,0,0,0,0,0,0,0,0,0,0,2026-08-17,28,28
U05068,10,28,163.2,51.4,19.3,2026-04-19,33,31,29,32,32,31.0,31.4,1.36,5,6,Light,0,0,0,1,2,7.7,2,7,Moderate,11592,3,0,0,-1.6,276,0,1,1,0,0,0,0,0,0,0,2026-05-20,31,31
U05069,3,34,161.5,69.6,26.7,2026-01-17,28,25,27,31,27,26.67,27.6,1.96,5,7,Medium,0,0,0,10,10,8.6,5,6,Moderate,8867,7,0,0,0.6,242,0,0,0,0,0,0,0,0,0,0,2026-02-13,27,27
U05070,3,31,166.2,55.8,20.2,2026-02-15,28,28,29,26,27,28.33,27.6,1.02,4,5,Medium,0,0,0,6,6,6.5,1,2,Moderate,11754,7,0,0,0.2,-543,0,0,0,0,0,0,0,0,0,0,2026-03-15,28,28
U05071,12,38,152.2,47.7,20.6,2026-04-05,32,32,32,32,30,32.0,31.6,0.8,6,6,Heavy,0,0,1,5,10,8.5,4,0,Low,10414,7,0,0,0.1,182,0,0,0,1,0,0,0,0,0,0,2026-05-05,30,30
U05072,7,32,164.3,66.1,24.5,2026-07-26,33,32,35,34,35,33.33,33.8,1.17,7,3,Light,0,0,0,6,9,5.9,10,3,Moderate,7659,3,0,0,-0.3,250,0,0,0,0,1,0,0,0,0,0,2026-08-29,34,34
U05073,4,20,169.3,48.2,16.8,2026-07-06,25,25,24,26,24,24.67,24.8,0.75,7,3,Heavy,0,0,0,7,4,6.8,5,6,Low,11707,8,0,0,0.4,-434,0,0,0,0,0,0,0,0,0,0,2026-07-29,23,23
U05074,8,25,161.3,68.9,26.5,2026-01-19,35,33,36,31,35,34.67,34.0,1.79,4,3,Medium,0,0,0,9,7,6.8,10,3,Moderate,11123,3,0,0,-0.0,430,0,0,1,0,0,0,0,0,1,0,2026-02-23,35,35
U05075,11,23,161.0,44.8,17.3,2026-05-11,35,34,34,37,35,34.33,35.0,1.1,5,7,Light,0,0,0,4,9,8.7,7,7,Moderate,5031,4,0,0,1.7,215,0,1,0,0,0,0,0,0,0,0,2026-06-15,35,35
U05076,3,37,156.5,67.6,27.6,2026-04-01,29,25,28,30,33,27.33,29.0,2.61,3,3,Heavy,0,0,0,6,2,6.9,2,4,Moderate,8761,9,0,0,-0.6,240,0,0,0,0,0,1,0,0,0,0,2026-04-30,29,29
U05077,8,27,164.9,70.4,25.9,2026-01-19,36,34,38,34,38,36.0,36.0,1.79,3,4,Light,1,1,0,5,1,7.4,3,1,Moderate,7192,7,0,0,0.1,-180,0,0,0,0,1,1,1,0,0,0,2026-02-21,33,33
U05078,12,29,165.2,62.5,22.9,2026-08-21,30,31,31,33,28,30.67,30.6,1.62,7,6,Light,1,0,0,3,10,6.5,7,1,Moderate,13109,2,0,0,-0.9,-416,1,0,0,0,0,0,0,0,0,0,2026-09-19,29,29
U05079,2,36,169.9,47.9,16.6,2026-08-20,26,28,27,29,22,27.0,26.4,2.42,3,3,Medium,0,0,0,1,5,7.1,4,0,Low,8690,9,0,0,0.2,-346,0,0,0,0,0,0,0,1,0,0,2026-09-16,27,27
U05080,4,38,160.6,64.7,25.1,2026-04-11,29,27,30,28,27,28.67,28.2,1.17,7,6,Medium,0,0,0,9,3,9.3,1,4,High,11619,10,0,0,-1.1,324,1,0,0,0,0,0,0,0,0,0,2026-05-12,31,31
U05081,10,31,161.2,48.6,18.7,2026-04-03,34,35,35,32,35,34.67,34.2,1.17,4,7,Light,0,0,1,1,5,8.7,6,2,High,5102,6,0,0,-1.5,109,0,0,0,1,0,1,1,0,0,0,2026-05-05,32,32
U05082,7,36,162.0,53.8,20.5,2026-04-16,25,25,24,25,27,24.67,25.2,0.98,5,4,Heavy,0,0,0,7,6,7.8,10,4,Moderate,9424,4,0,0,1.2,-618,0,0,1,0,0,0,0,0,0,0,2026-05-12,26,26
U05083,3,19,151.7,43.3,18.8,2026-05-25,30,30,30,32,28,30.0,30.0,1.26,4,3,Medium,0,1,1,4,6,7.6,5,3,High,11427,10,0,0,0.6,352,0,0,0,1,0,0,0,0,0,0,2026-06-26,32,32
U05084,5,34,165.6,50.5,18.4,2026-02-08,30,32,27,31,31,29.67,30.2,1.72,3,5,Medium,0,0,0,10,7,8.0,10,2,Moderate,4369,6,0,0,1.6,-132,0,1,1,0,1,0,0,0,0,0,2026-03-10,30,30
U05085,4,29,164.3,52.9,19.6,2026-06-17,30,26,31,27,28,29.0,28.4,1.85,4,7,Heavy,0,0,0,8,5,6.7,4,3,Low,2781,6,0,0,1.6,-486,0,0,0,0,0,0,1,0,0,0,2026-07-19,32,32
U05086,9,29,163.8,66.8,24.9,2026-06-25,25,25,26,23,27,25.33,25.2,1.33,3,4,Light,0,0,0,10,1,7.6,9,7,Moderate,9554,8,0,1,0.4,-654,0,0,0,0,0,1,0,0,0,1,2026-07-19,24,24
U05087,2,39,163.6,73.6,27.5,2026-05-12,28,26,27,24,29,27.0,26.8,1.72,3,5,Medium,0,0,0,9,6,6.3,3,6,Low,11593,5,0,0,-0.3,-645,0,0,0,0,0,0,1,1,0,1,2026-06-09,28,28
U05088,4,37,157.1,52.8,21.4,2026-04-27,28,27,29,24,28,28.0,27.2,1.72,4,6,Heavy,0,0,0,9,10,6.6,9,1,Moderate,8343,2,1,0,2.6,-35,0,1,0,0,0,0,1,0,0,1,2026-05-26,29,29
U05089,11,22,156.7,63.1,25.7,2026-07-02,31,32,31,33,32,31.33,31.8,0.75,4,7,Medium,0,0,0,1,3,8.1,1,3,Low,7669,7,1,0,-1.7,-320,0,1,0,0,0,0,0,0,1,1,2026-08-01,30,30
U05090,11,33,152.9,65.0,27.8,2026-04-27,36,37,39,37,35,37.33,36.8,1.33,5,4,Medium,0,0,1,10,1,7.0,2,6,Moderate,2649,7,0,0,1.5,152,0,1,0,1,0,0,0,1,0,0,2026-06-03,37,37
U05091,8,27,159.8,67.7,26.5,2026-07-10,29,31,27,28,30,29.0,29.0,1.41,3,3,Light,0,0,0,5,10,6.4,9,3,Moderate,12837,4,0,0,-1.0,-22,0,1,1,0,0,0,0,0,0,0,2026-08-09,30,30
U05092,11,35,158.0,53.2,21.3,2026-05-16,26,25,28,24,23,26.33,25.2,1.72,4,3,Medium,0,0,0,2,3,8.3,6,1,Moderate,4814,2,0,0,0.0,-51,0,0,0,0,0,0,0,0,0,0,2026-06-10,25,25
U05093,8,21,158.7,53.4,21.2,2026-06-30,29,28,29,31,28,28.67,29.0,1.1,5,6,Medium,0,0,0,3,9,7.7,9,6,Low,10523,8,0,0,1.6,338,0,0,0,0,0,0,0,0,0,0,2026-07-29,29,29
U05094,4,19,154.3,46.2,19.4,2026-05-26,35,35,35,33,36,35.0,34.8,0.98,3,4,Light,0,0,1,1,9,5.6,8,4,Moderate,11899,1,0,0,0.3,209,0,0,0,1,0,0,0,0,0,1,2026-07-01,36,36
U05095,3,24,158.9,40.4,16.0,2026-02-19,31,30,33,30,35,31.33,31.8,1.94,3,4,Medium,0,0,0,8,7,8.8,5,6,Moderate,10671,5,0,0,0.7,-196,1,0,1,0,0,0,0,0,0,0,2026-03-24,33,33
U05096,10,27,160.2,57.7,22.5,2026-01-24,29,29,30,29,31,29.33,29.6,0.8,5,5,Light,0,0,0,2,5,5.8,1,6,Low,13672,1,1,0,-0.8,74,0,0,0,0,0,0,0,0,0,0,2026-02-22,29,29
U05097,6,39,170.9,59.0,20.2,2026-04-23,29,30,30,27,27,29.67,28.6,1.36,6,6,Heavy,0,0,0,9,7,7.7,8,1,Moderate,11669,6,0,0,-0.5,354,0,0,1,0,0,0,0,0,0,0,2026-05-26,33,33
U05098,7,33,160.5,68.5,26.6,2026-06-12,30,29,29,28,31,29.33,29.4,1.02,4,3,Medium,0,0,0,7,8,7.4,2,6,Moderate,9792,7,0,0,1.0,-199,0,0,0,0,0,0,0,0,0,0,2026-07-15,33,33
U05099,4,40,177.0,71.4,22.8,2026-05-16,35,35,34,34,35,34.67,34.6,0.49,6,6,Medium,0,0,1,10,4,6.5,8,0,High,2982,10,1,0,0.3,461,0,0,0,1,0,0,0,0,0,1,2026-06-23,38,38
U05100,9,19,146.0,40.3,18.9,2026-03-11,30,30,30,30,31,30.0,30.2,0.4,5,5,Heavy,1,0,0,7,4,6.1,2,5,High,4128,1,0,0,-0.9,443,0,1,0,0,0,0,0,0,0,0,2026-04-12,32,32
U05101,12,20,164.7,61.0,22.5,2026-06-19,28,31,30,30,28,29.67,29.4,1.2,5,4,Medium,0,0,0,9,8,9.1,4,7,Moderate,13805,2,0,0,-0.3,113,0,0,1,0,0,0,0,1,0,0,2026-07-17,28,28
U05102,10,29,162.8,78.2,29.5,2026-05-18,28,28,30,31,30,28.67,29.4,1.2,4,7,Medium,0,0,0,1,5,7.1,1,7,Moderate,2118,3,0,0,1.1,7,1,0,0,0,0,0,0,0,0,0,2026-06-17,30,30
U05103,10,29,151.2,54.9,24.0,2026-01-05,30,30,32,31,30,30.67,30.6,0.8,4,6,Medium,0,0,0,1,8,7.3,5,5,Low,11811,7,0,1,0.4,-454,1,0,0,0,0,0,0,0,0,0,2026-02-02,28,28
U05104,9,30,170.2,60.5,20.9,2026-03-21,27,25,24,24,27,25.33,25.4,1.36,4,6,Medium,0,0,0,4,4,7.8,3,4,Low,2932,3,1,0,-0.8,242,0,1,0,0,0,0,0,0,0,0,2026-04-15,25,25
U05105,11,28,157.5,64.0,25.8,2026-06-06,29,27,29,27,30,28.33,28.4,1.2,7,4,Medium,0,0,0,2,1,7.2,7,2,Low,5002,6,0,0,-0.8,277,0,0,0,0,0,0,0,0,0,0,2026-07-06,30,30
U05106,6,23,164.5,66.0,24.4,2026-02-04,30,30,27,29,30,29.0,29.2,1.17,4,3,Medium,0,0,0,9,5,6.3,9,5,Low,8193,2,0,1,-0.8,390,1,0,1,0,0,0,0,0,0,1,2026-03-08,32,32
U05107,9,31,167.9,51.0,18.1,2026-07-01,31,31,31,30,30,31.0,30.6,0.49,6,7,Heavy,0,0,0,7,6,8.1,3,4,Moderate,5037,6,0,0,-2.3,339,0,0,0,0,1,0,0,0,0,0,2026-08-03,33,33
U05108,10,24,159.8,42.4,16.6,2026-01-25,30,27,30,31,30,29.0,29.6,1.36,6,5,Medium,0,0,0,7,4,7.7,2,7,Moderate,10292,5,0,1,-0.6,-257,0,0,0,0,0,1,0,0,0,0,2026-02-24,30,30
U05109,7,18,174.8,65.7,21.5,2026-02-18,27,25,31,27,27,27.67,27.4,1.96,3,3,Medium,0,0,0,8,2,6.1,6,4,Moderate,10961,6,0,0,1.0,-369,0,0,0,0,0,1,0,0,0,0,2026-03-17,27,27
U05110,10,34,161.2,54.6,21.0,2026-03-22,30,31,29,27,26,30.0,28.6,1.85,7,6,Medium,1,0,0,3,5,7.6,10,6,Moderate,2427,2,0,0,-1.3,131,0,0,0,0,0,0,0,0,0,0,2026-04-20,29,29
U05111,3,28,157.2,71.2,28.8,2026-07-09,32,34,33,33,32,33.0,32.8,0.75,4,6,Heavy,0,0,0,9,4,6.8,2,0,Moderate,7118,6,0,0,0.2,-603,0,0,0,0,0,0,0,0,0,1,2026-08-14,36,36
U05112,10,19,153.8,43.8,18.5,2026-07-04,30,29,27,31,34,28.67,30.2,2.32,7,3,Light,0,0,0,9,1,6.2,8,7,High,6765,1,0,0,-1.0,174,0,0,0,0,0,0,0,0,0,0,2026-08-02,29,29
U05113,2,36,164.1,66.8,24.8,2026-03-28,27,28,26,25,27,27.0,26.6,1.02,5,5,Light,0,0,0,3,1,8.0,5,5,Moderate,12275,5,0,0,1.9,-154,0,0,0,0,0,0,0,0,0,0,2026-04-21,24,24
U05114,7,18,147.7,54.5,25.0,2026-07-11,27,27,29,26,30,27.67,27.8,1.47,7,3,Heavy,1,0,0,1,7,8.6,5,3,High,11026,10,0,1,0.4,-224,0,0,0,0,0,0,1,0,0,0,2026-08-07,27,27
U05115,8,26,155.2,48.9,20.3,2026-02-27,30,31,30,28,31,30.33,30.0,1.1,4,4,Light,1,0,0,4,2,6.8,2,5,Moderate,3030,10,0,0,0.2,-56,0,1,0,0,0,0,0,0,0,0,2026-03-30,31,31
U05116,8,39,157.0,45.4,18.4,2026-03-05,27,27,29,28,28,27.67,27.8,0.75,4,5,Medium,0,0,0,1,4,7.9,5,5,Low,7558,9,0,0,-0.8,120,0,0,0,0,0,0,0,0,0,0,2026-03-31,26,26
U05117,4,26,157.4,59.7,24.1,2026-04-22,30,31,29,33,30,30.0,30.6,1.36,6,6,Light,0,0,0,7,4,7.4,9,3,Moderate,7539,4,0,0,0.1,-546,0,0,0,0,0,0,0,0,0,0,2026-05-19,27,27
U05118,12,34,155.9,53.5,22.0,2026-04-27,37,40,34,38,35,37.0,36.8,2.14,7,5,Medium,0,0,0,3,1,5.6,1,1,Low,4738,2,0,0,-1.3,-562,1,1,0,0,0,0,0,0,1,0,2026-06-01,35,35
U05119,9,33,155.6,63.2,26.1,2026-04-02,34,33,33,34,36,33.33,34.0,1.1,7,7,Medium,0,0,1,3,5,7.5,4,6,Low,7909,10,0,0,-0.5,-150,0,0,1,1,0,0,0,0,1,0,2026-05-05,33,33
U05120,9,30,156.3,48.6,19.9,2026-03-20,28,27,30,27,28,28.33,28.0,1.1,3,6,Light,0,0,0,7,9,6.9,4,3,Moderate,10901,10,0,1,-1.5,-607,0,1,0,0,0,0,0,0,0,0,2026-04-16,27,27
U05121,9,31,154.6,46.4,19.4,2026-01-31,29,27,30,28,24,28.67,27.6,2.06,3,5,Medium,1,0,0,10,3,8.2,9,5,Low,7147,1,0,0,0.4,192,0,0,0,0,0,0,0,0,0,0,2026-02-26,26,26
U05122,7,35,162.9,53.1,20.0,2026-08-26,30,33,30,31,30,31.0,30.8,1.17,6,5,Light,0,0,1,8,5,9.3,7,6,Moderate,7735,9,0,0,-0.3,431,0,0,0,1,0,0,0,0,0,0,2026-09-26,31,31
U05123,5,25,157.7,56.0,22.5,2026-08-12,27,28,27,28,28,27.33,27.6,0.49,5,3,Medium,0,0,0,2,4,8.1,6,4,Low,3734,9,0,0,0.4,59,0,0,1,0,0,0,0,0,0,0,2026-09-06,25,25
U05124,11,24,156.3,49.6,20.3,2026-03-29,32,28,32,32,30,30.67,30.8,1.6,3,6,Light,0,0,0,2,2,6.3,7,3,Moderate,12742,7,0,0,0.8,423,1,1,0,0,0,0,0,0,0,0,2026-05-02,34,34
U05125,5,21,164.4,66.8,24.7,2026-06-02,30,30,31,33,29,30.33,30.6,1.36,7,7,Heavy,1,0,0,7,6,6.4,7,3,High,10742,2,0,0,1.1,-235,0,0,1,0,0,0,0,0,0,0,2026-07-01,29,29
U05126,4,33,160.4,50.2,19.5,2026-04-06,26,26,23,20,22,25.0,23.4,2.33,5,4,Light,0,0,0,2,5,7.2,9,0,Moderate,5276,10,0,0,1.7,212,0,0,0,0,0,0,0,0,0,0,2026-05-05,29,29
U05127,11,22,164.4,69.7,25.8,2026-08-13,26,24,25,27,26,25.0,25.6,1.02,6,6,Medium,0,0,0,8,3,8.2,9,1,Low,6114,9,0,0,1.2,-120,0,0,0,0,0,0,0,0,0,0,2026-09-07,25,25
U05128,12,31,153.0,60.9,26.0,2026-05-21,38,41,36,38,40,38.33,38.6,1.74,4,6,Light,0,0,1,8,7,5.8,1,3,Moderate,4561,6,0,0,0.8,411,0,0,0,1,0,0,0,0,0,1,2026-06-29,39,39
U05129,12,38,161.8,62.0,23.7,2026-08-10,29,30,32,30,32,30.33,30.6,1.2,4,5,Medium,0,0,1,3,7,6.3,6,0,Moderate,10714,2,0,1,-0.7,436,0,0,0,1,0,0,0,0,0,0,2026-09-07,28,28
U05130,5,24,152.5,43.5,18.7,2026-06-27,32,33,33,31,30,32.67,31.8,1.17,6,7,Medium,0,0,0,8,3,6.7,8,7,Low,5838,8,1,0,-1.2,123,1,1,1,0,0,0,0,0,0,0,2026-07-30,33,33
U05131,8,19,154.0,48.9,20.6,2026-08-22,26,25,26,29,27,25.67,26.6,1.36,6,6,Medium,0,0,0,2,5,6.7,9,4,Moderate,6136,5,0,0,-0.7,-670,0,0,1,0,0,0,0,0,0,0,2026-09-17,26,26
U05132,4,24,169.8,68.3,23.7,2026-02-04,27,27,30,23,27,28.0,26.8,2.23,4,6,Light,0,0,0,4,9,7.5,9,0,Moderate,10184,1,1,0,-1.0,-413,0,1,0,0,0,0,0,0,0,0,2026-03-05,29,29
U05133,10,34,172.7,85.6,28.7,2026-04-06,29,30,33,29,29,30.67,30.0,1.55,5,3,Light,0,1,0,1,4,8.1,6,2,Low,9838,7,0,1,-0.1,117,1,0,0,0,0,0,1,0,0,0,2026-05-03,27,27
U05134,9,29,149.6,46.3,20.7,2026-06-27,31,30,30,30,32,30.33,30.6,0.8,3,5,Light,0,0,0,5,3,7.5,8,7,High,7433,2,0,0,0.4,357,0,1,0,0,0,0,0,0,0,0,2026-07-26,29,29
U05135,7,24,167.4,49.0,17.5,2026-08-22,31,31,32,32,34,31.33,32.0,1.1,5,6,Heavy,0,0,0,7,7,5.6,1,3,Moderate,5954,3,1,1,-1.2,-573,0,0,1,0,0,0,0,0,0,0,2026-09-23,32,32
U05136,9,20,160.3,54.5,21.2,2026-06-14,31,31,30,30,30,30.67,30.4,0.49,4,7,Medium,0,0,1,7,6,6.6,1,2,Moderate,11374,9,0,0,-0.3,349,0,0,0,1,0,1,0,0,0,0,2026-07-17,33,33
U05137,9,21,164.5,74.7,27.6,2026-01-28,29,28,30,30,30,29.0,29.4,0.8,3,7,Light,0,0,0,10,2,6.0,9,3,Moderate,4785,6,0,1,-0.8,218,1,0,0,0,1,0,0,0,0,0,2026-03-01,32,32
U05138,11,34,158.9,59.6,23.6,2026-05-13,26,27,28,27,28,27.0,27.2,0.75,4,7,Heavy,0,0,0,5,9,8.3,10,6,Low,12432,6,0,0,-0.5,-236,0,0,0,0,0,0,0,0,0,0,2026-06-06,24,24
U05139,10,27,162.3,51.1,19.4,2026-06-22,33,34,34,29,35,33.67,33.0,2.1,4,3,Heavy,1,0,0,1,8,6.8,4,2,High,2926,1,0,0,0.2,259,0,0,1,0,0,0,0,0,1,0,2026-07-25,33,33
U05140,11,39,165.7,59.9,21.8,2026-05-10,31,33,30,29,33,31.33,31.2,1.6,3,7,Medium,0,0,1,3,10,7.3,8,7,High,2252,6,0,0,1.2,379,0,0,0,1,0,0,0,0,0,0,2026-06-09,30,30
U05141,7,19,163.4,66.5,24.9,2026-03-22,26,26,26,25,27,26.0,26.0,0.63,5,7,Medium,0,0,0,4,8,6.5,5,7,Moderate,12065,1,0,0,0.7,-620,0,0,0,0,0,0,0,0,0,0,2026-04-19,28,28
U05142,4,38,157.0,56.4,22.9,2026-03-25,29,31,31,26,29,30.33,29.2,1.83,3,5,Medium,0,0,0,6,10,10.0,6,5,Low,3867,8,0,1,1.6,-595,0,0,0,0,0,0,0,0,0,1,2026-04-24,30,30
U05143,4,21,163.1,58.3,21.9,2026-06-16,26,29,26,23,23,27.0,25.4,2.24,4,5,Medium,0,0,0,5,6,5.8,1,4,Moderate,12454,2,0,0,-1.2,186,0,0,0,0,0,0,0,1,0,0,2026-07-11,25,25
U05144,4,31,157.0,49.5,20.1,2026-07-24,29,26,30,28,28,28.33,28.2,1.33,4,7,Medium,0,0,0,10,5,6.4,2,3,High,12570,1,0,0,0.1,82,0,0,0,0,0,0,0,0,0,0,2026-08-25,32,32
U05145,5,36,160.7,61.7,23.9,2026-06-23,27,28,28,28,27,27.67,27.6,0.49,4,5,Medium,0,0,0,2,6,6.1,10,5,Moderate,6647,6,0,0,-0.8,199,0,0,0,0,0,0,0,0,0,0,2026-07-19,26,26
U05146,5,22,157.8,43.3,17.4,2026-05-20,27,27,30,27,26,28.0,27.4,1.36,5,5,Medium,1,0,0,5,8,8.5,10,0,Moderate,3191,4,0,0,-0.5,493,0,0,1,0,0,0,0,0,0,0,2026-06-18,29,29
U05147,4,26,161.7,55.4,21.2,2026-08-08,29,32,30,28,29,30.33,29.6,1.36,3,5,Medium,0,0,0,5,3,5.7,3,2,Moderate,9730,6,0,0,-1.4,-495,0,0,0,0,0,0,0,0,0,0,2026-09-06,29,29
U05148,10,18,161.3,77.3,29.7,2026-01-31,31,32,29,31,30,30.67,30.6,1.02,7,4,Light,0,0,0,7,3,8.1,3,1,Low,7535,1,0,0,-0.9,418,0,1,0,0,0,0,0,1,0,1,2026-03-07,35,35
U05149,5,31,160.6,65.3,25.3,2026-01-16,34,32,37,33,35,34.33,34.2,1.72,3,4,Medium,1,0,0,10,4,6.4,1,7,Moderate,11029,10,1,0,1.0,-154,0,0,0,0,0,0,0,1,0,0,2026-02-18,33,33
U05150,3,30,164.8,61.9,22.8,2026-04-26,32,34,32,32,36,32.67,33.2,1.6,4,5,Light,0,0,0,6,5,8.6,3,3,Moderate,12203,4,0,0,-0.9,-328,0,0,0,0,1,0,0,0,0,0,2026-05-26,30,30
U05151,10,26,161.2,65.5,25.2,2026-03-31,30,33,30,29,25,31.0,29.4,2.58,5,6,Medium,0,0,0,9,4,6.7,9,3,Moderate,3896,1,0,0,0.4,-460,0,0,0,0,0,0,0,0,0,0,2026-05-02,32,32
U05152,3,23,170.2,62.3,21.5,2026-04-20,27,22,28,28,26,25.67,26.2,2.23,4,4,Medium,0,0,0,6,6,6.3,1,3,Low,10055,6,0,0,-0.0,385,0,0,0,0,0,0,0,0,0,0,2026-05-20,30,30
U05153,11,19,167.2,81.4,29.1,2026-07-09,31,33,31,30,29,31.67,30.8,1.33,3,3,Medium,0,0,0,7,9,6.6,4,6,Moderate,13383,9,0,0,3.3,-171,0,0,0,0,0,0,0,0,0,1,2026-08-08,30,30
U05154,12,24,159.7,63.5,24.9,2026-01-07,27,24,25,27,27,25.33,26.0,1.26,4,4,Heavy,0,0,0,1,8,6.9,2,3,Moderate,13055,2,0,1,-0.5,59,0,0,0,0,0,0,0,0,0,0,2026-02-01,25,25
U05155,2,19,161.6,68.7,26.3,2026-03-01,30,32,28,27,30,30.0,29.4,1.74,6,7,Medium,0,0,1,10,10,7.5,6,0,High,2487,3,0,1,-1.0,-307,0,0,0,1,0,0,0,0,0,0,2026-04-02,32,32
U05156,5,33,166.5,69.0,24.9,2026-03-31,28,25,27,27,26,26.67,26.6,1.02,3,5,Medium,0,0,0,5,7,6.9,3,6,Moderate,11946,1,1,0,-2.8,168,0,0,1,0,0,0,0,0,0,0,2026-04-30,30,30
U05157,10,31,152.8,48.8,20.9,2026-08-19,27,28,25,29,25,26.67,26.8,1.6,5,7,Light,0,0,0,10,9,6.1,10,3,Moderate,12296,3,0,0,0.6,-419,0,0,0,0,0,0,0,1,0,1,2026-09-18,30,30
U05158,5,20,162.7,56.4,21.3,2026-02-02,29,27,28,28,27,28.0,27.8,0.75,6,7,Medium,0,0,0,9,7,7.7,9,4,Moderate,2548,9,1,0,0.1,10,0,0,0,0,0,0,0,0,0,0,2026-03-03,29,29
U05159,2,23,148.9,49.9,22.5,2026-06-09,26,23,25,24,29,24.67,25.4,2.06,4,3,Light,0,0,0,9,9,6.7,6,3,High,8947,4,0,0,0.8,443,0,0,0,0,0,0,0,0,0,1,2026-07-06,27,27
U05160,3,31,159.1,44.3,17.5,2026-08-09,33,30,34,35,32,32.33,32.8,1.72,3,5,Medium,0,1,0,3,9,6.4,5,6,Low,10453,2,0,0,-1.8,-668,0,0,1,0,0,0,0,0,0,0,2026-09-10,32,32
U05161,12,37,174.3,77.2,25.4,2026-04-14,33,31,32,31,30,32.0,31.4,1.02,4,5,Heavy,0,0,0,10,8,6.7,10,0,Moderate,13479,4,1,0,4.4,82,0,0,0,0,0,0,0,0,0,0,2026-05-19,35,35
U05162,7,35,163.3,42.7,16.0,2026-05-05,30,31,29,32,29,30.0,30.2,1.17,6,6,Medium,0,0,0,2,2,6.5,2,3,Moderate,3966,4,0,0,0.5,-103,0,0,0,0,0,0,0,0,0,0,2026-06-05,31,31
U05163,5,39,149.2,57.9,26.0,2026-03-01,30,29,30,31,27,29.67,29.4,1.36,5,5,Light,0,0,0,8,3,6.9,5,4,Low,11965,1,0,0,1.6,-375,0,0,0,0,0,0,0,0,0,0,2026-03-30,29,29
U05164,11,18,157.4,66.4,26.8,2026-04-27,28,25,28,26,28,27.0,27.0,1.26,7,4,Medium,0,0,0,3,8,8.0,9,7,Moderate,11317,8,0,1,0.1,-430,0,1,0,0,0,0,0,0,0,0,2026-05-23,26,26
U05165,7,29,152.3,44.3,19.1,2026-01-03,31,33,31,29,31,31.67,31.0,1.26,5,4,Medium,0,0,0,7,1,8.9,3,1,Low,7058,10,0,0,2.3,-145,1,1,0,0,0,0,0,0,0,0,2026-02-06,34,34
U05166,2,30,155.7,52.4,21.6,2026-02-15,34,32,33,32,36,33.0,33.4,1.5,4,5,Medium,0,0,0,4,5,8.0,6,0,Moderate,10564,9,0,0,2.7,-97,0,0,0,0,0,0,0,1,0,0,2026-03-22,35,35
U05167,5,19,165.0,65.9,24.2,2026-03-20,29,27,30,32,27,28.67,29.0,1.9,5,5,Medium,1,0,0,3,4,5.7,6,0,Low,2549,2,0,0,1.2,114,0,0,0,0,0,0,0,0,0,0,2026-04-17,28,28
U05168,11,34,152.3,57.8,24.9,2026-07-29,31,34,31,30,31,32.0,31.4,1.36,5,6,Light,0,0,1,5,4,6.0,9,2,Moderate,13336,6,0,1,-1.3,139,0,0,0,1,0,0,0,0,0,1,2026-08-31,33,33
U05169,11,25,166.5,91.2,32.9,2026-03-20,30,28,29,28,28,29.0,28.6,0.8,5,5,Medium,0,0,0,4,10,6.6,8,3,Moderate,9256,4,0,0,0.1,347,0,0,0,0,0,0,0,0,0,0,2026-04-19,30,30
U05170,7,27,156.4,46.7,19.1,2026-06-16,26,26,23,26,26,25.0,25.4,1.2,3,6,Light,0,0,0,1,6,6.1,9,4,Low,8915,1,0,0,1.4,418,0,0,0,0,0,0,0,0,0,0,2026-07-11,25,25
U05171,6,21,162.9,74.3,28.0,2026-06-11,28,28,29,28,26,28.33,27.8,0.98,6,4,Heavy,0,0,1,3,8,5.5,5,1,Moderate,10060,8,0,0,-1.8,380,0,0,0,1,0,0,0,0,0,0,2026-07-11,30,30
U05172,11,24,161.7,72.9,27.9,2026-04-12,31,30,31,30,30,30.67,30.4,0.49,7,6,Medium,0,0,0,9,1,5.2,2,0,Moderate,8550,7,0,0,-0.7,-684,0,0,0,0,0,0,0,0,0,0,2026-05-13,31,31
U05173,5,18,165.5,49.6,18.1,2026-03-07,32,34,31,31,30,32.33,31.6,1.36,7,5,Medium,0,0,0,2,9,7.2,7,2,Moderate,8814,2,0,1,-0.4,-64,1,0,0,0,0,0,1,1,0,0,2026-04-07,31,31
U05174,9,21,165.2,45.0,16.5,2026-03-22,29,31,31,32,30,30.33,30.6,1.02,7,3,Medium,0,0,0,9,3,5.9,2,4,High,5620,1,1,0,-0.2,396,0,0,0,0,0,0,0,0,0,0,2026-04-21,30,30
U05175,9,24,151.3,60.4,26.4,2026-07-09,32,34,32,30,30,32.67,31.6,1.5,4,5,Medium,0,0,1,10,2,7.1,2,0,High,9847,8,0,0,2.5,-110,0,0,0,1,0,0,0,0,0,0,2026-08-12,34,34
U05176,3,39,163.6,47.6,17.8,2026-08-24,28,30,29,26,26,29.0,27.8,1.6,3,4,Light,0,0,0,9,8,6.8,5,4,Moderate,9188,1,1,0,-0.9,-539,1,0,0,0,0,0,0,0,0,0,2026-09-20,27,27
U05177,6,20,156.3,62.5,25.6,2026-04-07,28,28,29,31,28,28.33,28.8,1.17,5,4,Heavy,0,0,0,1,9,7.2,4,5,Moderate,3223,3,0,0,2.1,126,0,0,0,0,0,0,0,0,0,0,2026-05-04,27,27
U05178,2,27,163.4,76.9,28.8,2026-07-26,23,23,23,20,21,23.0,22.0,1.26,6,3,Light,0,0,1,7,2,7.2,1,3,High,2813,2,0,0,-0.8,-402,0,0,0,1,0,0,0,0,0,0,2026-08-19,24,24
U05179,4,32,166.5,67.4,24.3,2026-03-27,27,25,26,25,27,26.0,26.0,0.89,4,4,Heavy,0,1,0,9,7,6.8,2,3,High,8610,6,1,0,1.1,279,0,0,0,0,0,0,0,0,0,0,2026-04-23,27,27
U05180,9,22,163.5,61.8,23.1,2026-06-24,28,28,29,28,27,28.33,28.0,0.63,5,4,Medium,0,0,0,2,9,6.4,5,3,Moderate,11794,9,1,0,-0.6,-312,0,0,0,0,0,0,0,1,0,0,2026-07-23,29,29
U05181,12,38,155.5,57.1,23.6,2026-07-20,29,31,31,29,30,30.33,30.0,0.89,5,5,Light,0,0,0,8,3,6.2,4,3,Low,3802,10,0,0,-1.9,-547,0,0,0,0,0,0,0,0,0,0,2026-08-19,30,30
U05182,7,19,164.2,58.8,21.8,2026-04-12,32,32,33,31,31,32.33,31.8,0.75,6,6,Medium,0,0,0,1,7,6.3,6,0,Moderate,5328,6,0,0,0.3,-381,0,1,0,0,0,0,0,0,0,0,2026-05-13,31,31
U05183,4,23,171.2,72.1,24.6,2026-08-03,26,28,24,26,25,26.0,25.8,1.33,4,5,Light,0,0,0,6,5,6.9,5,0,High,3042,4,0,0,-0.8,-58,0,0,1,0,0,0,0,0,0,0,2026-08-31,28,28
U05184,12,23,153.8,48.0,20.3,2026-05-17,33,31,34,32,34,32.67,32.8,1.17,3,5,Medium,0,0,0,2,8,6.5,8,5,Moderate,7139,5,1,0,0.4,-552,0,0,1,0,0,0,0,0,0,1,2026-06-17,31,31
U05185,6,32,165.0,57.7,21.2,2026-03-20,30,31,30,28,31,30.33,30.0,1.1,3,7,Light,0,0,1,5,4,8.6,10,3,Moderate,10444,6,0,0,-0.0,-359,0,0,0,1,0,0,0,0,0,0,2026-04-21,32,32
U05186,4,37,158.6,64.4,25.6,2026-02-10,27,26,27,26,28,26.67,26.8,0.75,4,7,Medium,0,0,0,2,10,7.0,7,0,Moderate,9677,5,0,0,-0.4,-335,0,1,0,0,0,0,0,0,0,0,2026-03-06,24,24
U05187,9,30,173.3,53.5,17.8,2026-06-17,32,28,31,34,30,30.33,31.0,2.0,3,6,Medium,0,0,0,5,3,6.4,10,4,Moderate,5176,6,0,0,1.0,-539,1,0,1,0,0,0,0,0,0,0,2026-07-20,33,33
U05188,7,22,156.5,58.0,23.7,2026-05-13,29,30,27,29,29,28.67,28.8,0.98,3,4,Medium,0,0,0,9,3,6.0,10,7,Moderate,13356,6,0,0,-1.3,10,0,0,0,0,0,0,0,0,0,0,2026-06-14,32,32
U05189,6,19,164.3,44.8,16.6,2026-07-16,27,26,25,26,29,26.0,26.6,1.36,7,7,Medium,1,0,0,7,3,8.2,4,0,Moderate,5337,4,1,0,4.8,137,0,0,0,0,0,0,0,1,0,0,2026-08-14,29,29
U05190,8,33,164.7,52.4,19.3,2026-02-15,31,31,31,31,30,31.0,30.8,0.4,3,7,Medium,0,0,0,4,9,7.4,8,5,Moderate,8631,3,0,0,-0.2,-365,0,0,1,0,0,1,0,0,0,0,2026-03-17,30,30
U05191,3,40,161.1,51.4,19.8,2026-06-02,32,32,31,31,32,31.67,31.6,0.49,3,3,Light,0,0,1,5,7,8.7,3,1,High,13286,8,0,0,-0.3,-113,0,0,0,1,0,0,0,0,0,0,2026-07-05,33,33
U05192,3,39,168.8,64.7,22.7,2026-04-15,29,24,31,30,28,28.0,28.4,2.42,5,6,Medium,0,0,0,1,4,6.4,10,1,Moderate,4527,8,0,0,0.2,477,0,0,1,0,0,0,0,0,0,0,2026-05-11,26,26
U05193,11,39,154.9,58.1,24.2,2026-02-27,28,27,29,29,29,28.0,28.4,0.8,6,4,Medium,0,0,0,10,5,8.1,3,2,Low,10047,1,0,1,0.2,-126,0,0,0,0,0,0,0,0,0,0,2026-03-29,30,30
U05194,3,26,164.3,58.3,21.6,2026-04-27,33,31,33,34,34,32.33,33.0,1.1,3,3,Medium,1,0,0,1,6,7.1,2,0,Moderate,7331,2,0,0,-2.1,171,0,1,0,0,0,1,0,0,0,0,2026-05-30,33,33
U05195,9,40,155.3,39.8,16.5,2026-07-26,29,27,28,32,32,28.0,29.6,2.06,4,7,Light,0,0,0,9,7,5.3,1,5,Low,7565,7,1,1,0.1,-25,0,0,1,0,0,0,0,0,0,0,2026-08-25,30,30
U05196,6,30,160.7,48.6,18.8,2026-01-15,29,29,32,32,29,30.0,30.2,1.47,4,5,Heavy,0,0,0,9,8,7.7,8,4,High,9914,5,0,0,-2.2,-145,0,0,0,0,0,0,0,0,0,0,2026-02-14,30,30
U05197,11,39,160.1,47.7,18.6,2026-06-06,26,26,26,27,25,26.0,26.0,0.63,3,4,Heavy,0,0,0,9,1,7.4,10,3,Moderate,2330,8,1,0,1.9,-501,0,0,0,0,0,0,0,0,0,0,2026-07-05,29,29
U05198,3,21,155.2,62.6,26.0,2026-04-23,29,28,30,28,32,29.0,29.4,1.5,3,6,Medium,0,0,0,4,4,6.1,1,7,High,12461,6,0,0,-0.8,1,0,1,0,0,0,0,0,0,0,0,2026-05-22,29,29
U05199,6,24,160.2,56.2,21.9,2026-04-18,29,30,29,26,30,29.33,28.8,1.47,7,6,Heavy,0,0,0,9,4,6.5,9,3,Low,8804,7,0,0,0.5,-34,0,0,0,0,0,1,0,0,0,0,2026-05-23,35,35
U05200,2,23,171.2,69.2,23.6,2026-02-08,29,28,27,32,31,28.0,29.4,1.85,7,6,Heavy,0,1,0,5,4,7.2,3,5,Moderate,4275,6,0,0,-0.7,63,0,0,1,0,0,0,0,0,0,1,2026-03-07,27,27
U05201,12,30,160.3,48.3,18.8,2026-08-19,29,30,30,28,29,29.67,29.2,0.75,5,6,Heavy,0,0,0,6,2,8.0,9,6,Moderate,4793,7,1,0,-0.9,-620,0,1,0,0,0,0,0,0,0,0,2026-09-16,28,28
U05202,11,26,152.2,54.0,23.3,2026-03-30,31,31,33,29,34,31.67,31.6,1.74,3,4,Medium,0,0,0,4,1,7.4,5,0,High,11229,10,0,0,0.3,-415,0,0,0,0,1,0,1,0,0,0,2026-05-01,32,32
U05203,4,29,154.5,38.2,16.0,2026-01-12,31,32,31,29,30,31.33,30.6,1.02,3,4,Medium,0,0,0,5,1,7.9,2,7,Low,6176,6,0,0,-0.6,-480,0,0,0,0,0,0,0,1,0,1,2026-02-11,30,30
U05204,2,33,155.1,71.0,29.5,2026-04-04,34,35,33,38,33,34.0,34.6,1.85,6,3,Medium,0,0,0,8,10,5.5,10,3,Low,2160,6,0,0,0.8,-364,0,0,0,0,0,0,0,0,0,0,2026-05-05,31,31
U05205,11,26,160.6,64.0,24.8,2026-07-09,29,30,26,28,28,28.33,28.2,1.33,3,7,Light,0,0,1,1,2,7.5,6,7,Moderate,11543,9,0,1,0.8,269,0,1,0,1,0,0,0,0,0,1,2026-08-03,25,25
U05206,4,29,160.9,57.0,22.0,2026-07-19,28,27,26,32,26,27.0,27.8,2.23,6,3,Medium,0,0,0,5,1,6.7,5,7,Moderate,13635,3,0,0,0.1,329,0,0,0,0,0,0,0,0,0,0,2026-08-17,29,29
U05207,7,36,168.3,66.3,23.4,2026-01-24,32,33,35,31,33,33.33,32.8,1.33,5,5,Light,0,0,0,3,7,6.4,1,2,Moderate,5044,10,0,0,1.0,-331,0,0,1,0,0,0,0,0,0,0,2026-02-23,30,30
U05208,7,37,154.9,53.5,22.3,2026-01-07,28,29,29,28,28,28.67,28.4,0.49,5,3,Medium,0,0,0,5,4,6.9,7,0,Moderate,7235,10,0,0,0.3,-440,1,0,0,0,0,0,0,0,0,0,2026-02-01,25,25
U05209,3,31,150.2,36.1,16.0,2026-04-12,27,29,27,23,29,27.67,27.0,2.19,4,6,Medium,0,0,0,5,2,7.1,7,3,Moderate,10307,10,0,0,0.3,-479,0,0,1,0,0,0,0,0,0,1,2026-05-13,31,31
U05210,8,35,164.7,51.8,19.1,2026-02-11,30,30,32,29,28,30.67,29.8,1.33,7,6,Medium,0,0,0,9,5,7.3,10,7,High,2214,5,0,1,-0.7,448,0,0,0,0,0,0,0,0,0,1,2026-03-13,30,30
U05211,10,38,162.2,48.1,18.3,2026-05-30,29,30,28,29,31,29.0,29.4,1.02,6,5,Medium,0,0,0,5,3,6.1,4,1,Low,4524,5,0,0,-0.2,494,0,0,1,0,1,0,0,1,0,0,2026-06-26,27,27
U05212,9,31,155.1,40.4,16.8,2026-01-04,32,34,29,32,30,31.67,31.4,1.74,4,4,Medium,0,0,0,7,9,7.5,10,0,Moderate,12867,2,0,0,0.3,89,0,0,0,0,0,0,1,0,0,0,2026-02-07,34,34
U05213,4,18,165.2,77.0,28.2,2026-03-30,29,33,29,25,31,30.33,29.4,2.65,6,4,Light,0,0,0,6,5,6.8,2,3,Low,3762,5,0,1,-1.2,56,1,0,1,0,0,0,0,1,1,0,2026-04-28,29,29
U05214,2,27,160.1,48.2,18.8,2026-08-01,28,27,26,31,30,27.0,28.4,1.85,3,6,Medium,0,0,0,9,9,7.0,5,6,High,11741,9,0,0,1.3,-353,0,1,0,0,1,0,0,1,0,0,2026-09-02,32,32
U05215,2,40,155.6,38.7,16.0,2026-07-29,32,32,31,33,33,31.67,32.2,0.75,5,4,Medium,0,0,0,5,3,7.7,9,6,High,3352,8,0,0,-1.1,-69,0,0,0,0,1,0,0,0,0,0,2026-08-31,33,33
U05216,7,30,163.1,73.2,27.5,2026-07-26,28,23,28,28,28,26.33,27.0,2.0,3,7,Light,0,0,0,1,3,5.4,8,7,Low,12076,10,0,0,-0.5,364,0,0,0,0,1,0,0,1,0,0,2026-08-25,30,30
U05217,9,38,173.1,62.9,21.0,2026-07-06,32,30,33,35,33,31.67,32.6,1.62,5,7,Medium,0,0,0,10,4,6.2,1,0,High,9891,10,1,0,1.1,-191,0,0,1,0,0,0,0,0,0,0,2026-08-08,33,33
U05218,4,27,158.5,56.8,22.6,2026-07-28,29,27,28,32,29,28.0,29.0,1.67,6,5,Medium,0,0,0,7,7,7.6,4,4,Low,7991,6,1,1,-0.5,374,0,0,0,0,0,1,0,1,0,1,2026-08-25,28,28
U05219,11,34,165.1,67.1,24.6,2026-04-09,29,29,28,27,30,28.67,28.6,1.02,3,5,Medium,0,0,0,5,10,8.2,6,3,Moderate,9649,10,0,0,0.1,129,0,1,0,0,0,0,0,0,0,0,2026-05-07,28,28
U05220,12,28,159.7,55.9,21.9,2026-03-21,31,30,28,34,29,29.67,30.4,2.06,3,6,Medium,0,0,0,10,9,8.0,2,2,Moderate,10638,3,0,0,0.7,-429,1,1,0,0,0,0,1,1,0,0,2026-04-24,34,34
U05221,11,21,158.3,54.6,21.8,2026-02-25,26,25,27,29,26,26.0,26.6,1.36,4,5,Light,0,0,0,8,10,7.3,3,3,Low,5469,1,0,0,3.7,-436,0,0,1,0,0,0,0,0,0,0,2026-03-24,27,27
U05222,6,25,169.8,64.9,22.5,2026-04-05,31,34,36,33,28,33.67,32.4,2.73,3,5,Light,0,0,0,6,9,5.7,5,6,Moderate,5088,9,1,0,-0.1,41,0,0,0,0,0,0,0,1,0,0,2026-05-06,31,31
U05223,9,23,150.9,48.7,21.4,2026-04-05,25,26,22,24,22,24.33,23.8,1.6,7,4,Medium,0,0,0,2,9,6.0,4,2,Moderate,5313,1,0,0,0.6,244,0,0,0,0,0,0,0,1,0,1,2026-04-30,25,25
U05224,5,21,157.2,60.0,24.3,2026-08-23,26,26,27,27,28,26.33,26.8,0.75,5,7,Light,0,0,0,8,3,6.9,3,6,Moderate,11583,7,1,0,-2.0,155,0,0,1,0,0,0,0,1,0,0,2026-09-19,27,27
U05225,4,21,156.5,66.4,27.1,2026-03-24,28,25,25,30,30,26.0,27.6,2.24,5,6,Light,0,0,0,6,2,7.4,4,2,Moderate,7064,6,0,0,-0.2,-474,0,0,0,0,0,0,0,0,0,0,2026-04-21,28,28
U05226,5,40,161.3,50.0,19.2,2026-05-11,30,29,30,31,30,29.67,30.0,0.63,3,4,Light,1,0,0,9,6,5.9,6,4,Low,7153,7,0,0,0.2,386,0,0,0,0,0,0,0,0,0,0,2026-06-12,32,32
U05227,9,32,163.6,52.7,19.7,2026-07-04,27,26,28,26,26,27.0,26.6,0.8,5,3,Light,0,1,0,7,3,5.2,6,1,High,11346,8,0,0,1.5,262,0,0,0,0,0,0,0,0,0,0,2026-07-30,26,26
U05228,5,19,164.8,68.7,25.3,2026-05-21,30,31,32,32,32,31.0,31.4,0.8,4,7,Medium,0,0,0,1,2,8.2,9,2,Low,4586,9,0,0,0.6,204,0,0,0,0,0,0,0,0,0,0,2026-06-19,29,29
U05229,4,18,153.5,54.0,22.9,2026-04-17,30,32,26,35,29,29.33,30.4,3.01,6,6,Medium,0,0,1,9,10,7.8,7,2,High,7640,5,0,0,-1.2,135,0,0,0,0,0,0,0,0,0,0,2026-05-18,31,31
U05230,3,19,164.5,53.6,19.8,2026-03-02,27,27,29,26,27,27.67,27.2,0.98,3,3,Heavy,0,1,0,10,8,7.8,4,1,Low,12683,9,0,0,0.1,50,0,0,1,0,0,0,0,0,0,0,2026-03-30,28,28
U05231,5,23,157.3,57.2,23.1,2026-08-13,31,30,30,34,29,30.33,30.8,1.72,6,6,Light,0,0,0,6,6,7.4,5,7,Moderate,4313,10,0,0,0.3,298,0,0,0,0,0,0,0,0,0,0,2026-09-15,33,33
U05232,7,20,151.1,55.5,24.3,2026-01-05,26,27,25,28,23,26.0,25.8,1.72,3,4,Medium,0,0,0,10,5,9.7,4,0,Moderate,9546,5,0,1,-1.1,370,0,0,1,0,0,0,0,0,0,1,2026-01-28,23,23
U05233,4,36,165.7,70.0,25.5,2026-06-29,32,32,33,35,33,32.33,33.0,1.1,5,7,Medium,0,0,0,5,7,7.1,4,3,Low,3143,10,0,0,2.0,-313,1,0,0,0,0,0,0,0,0,0,2026-07-30,31,31
U05234,10,27,155.9,52.3,21.5,2026-03-10,22,22,24,25,22,22.67,23.0,1.26,7,5,Medium,0,0,0,2,8,7.4,2,0,High,7088,3,1,1,1.7,-248,0,0,0,0,0,0,0,0,0,0,2026-03-31,21,21
U05235,8,31,159.3,58.4,23.0,2026-07-13,29,26,29,26,30,28.0,28.0,1.67,7,5,Light,0,0,0,5,3,7.9,5,0,Moderate,9923,10,0,0,0.9,467,0,0,0,0,0,0,0,1,0,0,2026-08-12,30,30
U05236,3,29,158.2,61.1,24.4,2026-04-21,28,30,31,28,30,29.67,29.4,1.2,6,7,Light,0,0,0,4,3,7.1,6,0,Low,8956,4,0,0,-0.7,-525,1,0,0,0,0,0,0,0,0,0,2026-05-20,29,29
U05237,8,29,146.5,39.3,18.3,2026-06-27,32,30,33,33,33,31.67,32.2,1.17,7,3,Light,0,0,0,4,2,7.9,3,3,Low,13603,1,0,0,-1.2,-361,0,0,1,0,0,0,1,1,0,0,2026-07-29,32,32
U05238,9,25,153.6,50.3,21.3,2026-01-01,33,34,32,33,33,33.0,33.0,0.63,3,3,Medium,0,0,1,7,5,6.4,8,1,Moderate,7028,5,0,0,-1.5,474,1,0,0,1,0,0,0,0,0,0,2026-02-01,31,31
U05239,6,30,167.2,67.1,24.0,2026-08-21,29,30,27,32,29,28.67,29.4,1.62,4,5,Medium,0,0,0,7,10,7.9,8,7,Low,7039,10,1,0,1.5,-533,0,0,1,0,0,0,0,0,0,0,2026-09-17,27,27
U05240,5,35,148.9,38.6,17.4,2026-08-09,33,32,33,29,34,32.67,32.2,1.72,5,4,Light,0,0,0,8,8,8.5,8,2,Moderate,7048,6,0,0,1.6,164,1,0,0,0,0,0,0,1,0,0,2026-09-11,33,33
U05241,7,21,162.5,66.5,25.2,2026-04-10,26,25,25,27,27,25.33,26.0,0.89,7,5,Medium,1,1,0,3,7,7.1,6,5,Moderate,4190,4,0,1,-1.5,-288,0,0,0,0,0,0,0,1,0,0,2026-05-03,23,23
U05242,9,26,153.0,49.4,21.1,2026-03-09,26,25,26,25,26,25.67,25.6,0.49,7,6,Light,0,0,0,2,9,5.8,9,5,High,11206,9,0,0,0.5,-578,0,0,0,0,0,0,0,0,0,0,2026-04-04,26,26
U05243,7,33,170.6,74.2,25.5,2026-04-21,28,27,30,25,30,28.33,28.0,1.9,7,7,Heavy,0,0,0,6,8,6.2,2,2,Low,9235,8,0,0,0.5,54,0,1,0,0,0,0,0,0,0,0,2026-05-20,29,29
U05244,8,20,149.5,51.9,23.2,2026-07-23,29,25,26,30,28,26.67,27.6,1.85,4,3,Medium,0,0,0,3,1,7.7,8,6,Moderate,11229,4,0,0,1.0,-453,0,0,0,0,0,0,0,1,0,1,2026-08-20,28,28
U05245,10,18,158.7,47.3,18.8,2026-08-21,31,33,30,29,33,31.33,31.2,1.6,6,3,Medium,0,0,0,9,9,6.5,4,2,Low,8562,10,0,0,-2.3,-384,0,1,0,0,0,0,0,0,0,0,2026-09-20,30,30
U05246,10,27,160.7,52.9,20.5,2026-06-16,27,25,23,28,27,25.0,26.0,1.79,6,4,Heavy,0,0,0,9,5,7.4,1,0,High,9699,1,0,0,-0.0,-410,0,0,0,0,0,0,0,0,0,0,2026-07-14,28,28
U05247,8,20,148.0,48.6,22.2,2026-07-06,29,31,27,31,30,29.0,29.6,1.5,4,5,Heavy,0,0,0,6,3,5.9,4,1,Low,9729,5,0,0,-1.5,303,1,0,0,0,0,0,0,1,0,0,2026-08-06,31,31
U05248,6,28,159.7,53.6,21.0,2026-02-06,29,28,29,30,28,28.67,28.8,0.75,7,5,Medium,0,0,0,8,4,6.5,7,5,High,12459,8,1,0,-1.1,-281,0,1,0,0,1,0,0,0,0,0,2026-03-11,33,33
U05249,2,35,156.0,41.9,17.2,2026-05-09,27,27,26,28,27,26.67,27.0,0.63,6,7,Heavy,0,0,1,1,5,7.6,8,5,Moderate,10615,2,0,0,0.1,404,0,0,0,1,0,0,0,0,0,0,2026-06-02,24,24
U05250,10,29,157.9,58.3,23.4,2026-07-06,37,38,37,40,38,37.33,38.0,1.1,6,5,Medium,0,0,1,1,3,6.6,1,0,Low,4977,2,0,0,0.4,47,1,0,1,1,0,0,0,0,0,0,2026-08-11,36,36
U05251,8,23,151.4,55.2,24.1,2026-04-13,31,33,29,32,30,31.0,31.0,1.41,3,4,Medium,0,0,0,4,7,8.5,9,6,Moderate,12129,7,0,0,1.0,-506,1,0,1,0,0,0,0,0,0,0,2026-05-15,32,32
U05252,12,24,165.9,54.2,19.7,2026-01-18,30,31,33,30,30,31.33,30.8,1.17,3,6,Light,0,0,0,8,6,7.1,7,4,Low,4723,9,0,0,-1.6,232,0,0,0,0,0,0,0,0,0,0,2026-02-16,29,29
U05253,8,39,163.6,53.0,19.8,2026-07-09,33,30,31,34,33,31.33,32.2,1.47,7,7,Medium,0,0,0,10,2,7.4,3,1,Moderate,2529,5,0,0,1.1,-517,0,1,0,0,0,0,0,0,0,0,2026-08-14,36,36
U05254,12,27,168.8,47.9,16.8,2026-06-15,30,30,31,31,28,30.33,30.0,1.1,4,3,Light,0,0,0,2,6,8.3,3,4,Moderate,2334,6,0,0,-0.5,-66,1,0,0,0,0,0,0,1,0,0,2026-07-15,30,30
U05255,3,26,161.5,72.5,27.8,2026-07-26,27,30,29,29,26,28.67,28.2,1.47,3,4,Light,0,0,0,9,3,7.5,1,6,Low,8352,3,0,0,-0.3,194,0,0,0,0,0,0,0,0,0,0,2026-08-23,28,28
U05256,9,25,161.9,70.5,26.9,2026-08-17,30,31,31,27,29,30.67,29.6,1.5,7,3,Heavy,0,0,0,1,2,5.4,1,5,Low,10696,9,0,0,0.2,-182,0,0,0,0,0,0,0,0,0,0,2026-09-18,32,32
U05257,11,38,159.1,64.0,25.3,2026-02-14,29,27,28,27,28,28.0,27.8,0.75,4,3,Light,0,0,0,4,8,7.9,1,4,Low,5949,8,0,0,-0.4,462,0,0,0,0,0,0,0,1,0,0,2026-03-13,27,27
U05258,4,22,157.5,84.3,34.0,2026-07-29,29,26,30,29,29,28.33,28.6,1.36,5,6,Medium,0,0,0,10,3,8.2,10,5,Low,7449,3,0,0,0.5,-115,1,0,0,0,0,0,0,0,0,0,2026-08-26,28,28
U05259,8,37,166.2,64.6,23.4,2026-08-10,31,29,31,32,29,30.33,30.4,1.2,3,4,Light,0,0,1,4,5,6.5,6,3,Moderate,5482,2,0,1,0.8,-365,0,0,0,1,1,0,0,0,0,0,2026-09-14,35,35
U05260,8,26,158.1,51.5,20.6,2026-01-10,28,28,32,29,28,29.33,29.0,1.55,6,3,Medium,0,0,0,1,3,8.0,10,2,Low,9018,1,0,0,-1.3,-294,0,0,0,0,0,0,0,0,0,0,2026-02-06,27,27
U05261,12,29,161.8,66.5,25.4,2026-03-30,29,31,28,30,27,29.33,29.0,1.41,6,7,Medium,0,0,0,9,10,5.6,8,5,Low,7574,6,0,1,0.8,-231,0,0,0,0,0,0,0,0,0,0,2026-04-27,28,28
U05262,12,32,161.0,44.3,17.1,2026-07-23,28,26,27,30,28,27.0,27.8,1.33,4,5,Light,0,0,0,2,5,8.4,4,7,Low,7117,9,0,0,2.1,308,0,0,0,0,0,0,0,0,0,0,2026-08-20,28,28
U05263,11,30,154.2,43.0,18.1,2026-08-04,27,33,31,29,26,30.33,29.2,2.56,5,3,Heavy,0,0,0,3,5,5.4,3,1,Moderate,4728,3,0,0,0.4,-405,0,0,0,0,0,0,0,1,0,0,2026-08-30,26,26
U05264,4,40,145.3,50.9,24.1,2026-08-10,30,32,28,28,33,30.0,30.2,2.04,5,6,Heavy,1,0,0,5,9,8.2,1,4,Moderate,6845,8,0,0,0.5,-369,0,0,0,0,0,0,0,0,1,0,2026-09-06,27,27
U05265,4,36,158.3,51.9,20.7,2026-08-16,29,28,28,29,31,28.33,29.0,1.1,5,7,Medium,0,0,0,5,6,5.9,4,3,Low,8489,2,0,0,-1.3,-318,0,0,0,0,0,0,0,1,0,0,2026-09-14,29,29
U05266,10,29,153.7,37.8,16.0,2026-01-16,29,27,27,28,31,27.67,28.4,1.5,5,6,Light,0,0,0,9,1,6.5,10,0,High,7386,10,0,1,0.1,473,0,0,0,0,0,0,0,1,0,0,2026-02-15,30,30
U05267,7,24,165.8,58.0,21.1,2026-03-04,34,33,37,35,33,34.67,34.4,1.5,7,4,Heavy,0,0,1,8,9,6.3,6,4,Moderate,5997,1,0,0,-1.4,-613,1,0,0,1,1,0,0,0,0,0,2026-04-07,34,34
U05268,10,29,168.2,71.9,25.4,2026-07-24,30,28,29,29,29,29.0,29.0,0.63,3,6,Medium,0,0,0,4,7,4.6,5,3,Moderate,8675,4,0,0,-0.2,210,0,0,0,0,0,0,0,0,0,0,2026-08-22,29,29
U05269,8,28,158.7,64.0,25.4,2026-03-31,31,32,29,29,34,30.67,31.0,1.9,4,6,Medium,0,0,0,8,4,6.9,6,4,Low,12391,10,0,0,0.7,304,0,0,0,0,0,0,0,0,0,0,2026-05-01,31,31
U05270,11,24,170.2,55.6,19.2,2026-03-20,26,24,27,25,29,25.67,26.2,1.72,3,3,Medium,0,0,0,8,10,6.1,4,4,Moderate,10312,5,0,0,0.3,-544,0,0,0,0,0,1,0,0,0,1,2026-04-15,26,26
U05271,5,23,158.6,61.4,24.4,2026-03-14,35,34,35,34,37,34.67,35.0,1.1,6,7,Heavy,0,0,0,10,4,7.0,6,2,Moderate,12482,1,1,0,0.6,-216,1,0,0,0,0,0,0,0,0,0,2026-04-15,32,32
U05272,8,27,158.6,59.4,23.6,2026-03-21,25,24,22,26,27,23.67,24.8,1.72,4,7,Heavy,0,0,0,3,2,7.0,2,4,Moderate,10195,4,0,0,0.5,-356,0,0,0,0,0,0,0,0,0,0,2026-04-14,24,24
U05273,11,33,165.5,75.9,27.7,2026-08-15,26,26,27,28,24,26.33,26.2,1.33,7,6,Medium,0,0,0,2,5,5.3,1,0,Moderate,2164,8,1,0,-1.2,-317,0,0,0,0,0,0,0,0,0,0,2026-09-10,26,26
U05274,5,38,161.1,59.4,22.9,2026-06-12,29,26,31,26,27,28.67,27.8,1.94,6,4,Heavy,1,0,0,5,8,6.1,1,6,High,7175,10,0,0,0.2,-664,0,0,0,0,0,0,0,0,0,0,2026-07-14,32,32
U05275,10,27,168.8,77.2,27.1,2026-04-03,29,28,32,28,28,29.67,29.0,1.55,7,7,Medium,0,0,0,10,7,7.4,8,2,Moderate,10625,8,0,0,0.7,57,1,0,0,0,0,1,0,0,0,0,2026-05-05,32,32
U05276,9,22,154.8,64.7,27.0,2026-06-08,32,33,30,31,32,31.67,31.6,1.02,6,5,Light,0,0,0,9,8,8.0,5,1,Moderate,11566,1,0,0,1.4,165,0,0,0,0,0,1,0,0,0,0,2026-07-12,34,34
U05277,6,23,147.6,44.7,20.5,2026-02-04,30,30,31,30,32,30.33,30.6,0.8,5,5,Heavy,0,0,0,6,4,6.3,6,3,Moderate,6326,6,0,1,-2.3,-516,0,0,0,0,0,0,0,0,0,0,2026-03-07,31,31
U05278,8,28,158.3,54.6,21.8,2026-05-26,33,35,32,34,33,33.33,33.4,1.02,4,7,Medium,0,0,0,6,4,6.1,2,1,Low,10061,9,0,0,0.4,-105,1,0,0,0,0,0,0,0,0,0,2026-06-28,33,33
U05279,6,40,174.5,80.7,26.5,2026-06-01,31,29,31,29,30,30.33,30.0,0.89,5,7,Light,0,0,0,6,5,7.2,7,1,Low,4549,5,0,0,-0.7,-180,0,0,0,0,0,1,0,0,0,0,2026-06-30,29,29
U05280,5,39,156.5,53.4,21.8,2026-06-13,30,29,30,33,29,29.67,30.2,1.47,5,3,Medium,0,0,0,10,8,7.1,7,7,Low,10166,3,0,0,0.3,348,1,0,0,0,0,0,0,0,0,0,2026-07-15,32,32
U05281,3,31,159.8,55.7,21.8,2026-02-10,31,34,32,32,32,32.33,32.2,0.98,6,7,Light,0,0,0,8,1,6.8,4,7,Moderate,8217,2,0,0,2.5,377,0,0,0,0,0,0,0,0,0,0,2026-03-13,31,31
U05282,9,34,152.1,60.8,26.3,2026-04-06,31,34,32,34,32,32.33,32.6,1.2,7,4,Medium,0,0,0,7,3,6.5,1,2,High,12975,10,0,0,0.7,-615,0,0,0,0,0,0,0,1,0,0,2026-05-08,32,32
U05283,12,22,165.4,65.9,24.1,2026-08-19,33,34,37,30,30,34.67,32.8,2.64,3,7,Heavy,0,0,0,1,9,7.0,4,5,Moderate,4684,6,0,0,1.3,158,1,0,1,0,0,0,0,0,0,0,2026-09-20,32,32
U05284,9,32,150.3,43.6,19.3,2026-07-03,30,31,30,30,29,30.33,30.0,0.63,6,5,Medium,0,0,0,9,8,5.5,3,0,Moderate,13331,8,0,0,-1.2,379,1,0,0,0,0,0,0,0,0,0,2026-08-03,31,31
U05285,12,40,160.9,55.4,21.4,2026-06-11,25,23,25,25,25,24.33,24.6,0.8,7,6,Medium,0,0,0,6,6,7.5,10,6,Moderate,2604,6,0,0,-0.4,-355,0,0,0,0,0,0,1,0,0,0,2026-07-06,25,25
U05286,8,30,162.8,59.4,22.4,2026-03-10,30,32,28,31,32,30.0,30.6,1.5,4,4,Medium,1,0,0,2,1,7.7,2,7,High,4403,2,0,0,0.1,-314,0,0,0,0,0,0,0,0,0,0,2026-04-07,28,28
U05287,4,21,160.5,68.5,26.6,2026-01-03,32,33,31,33,30,32.0,31.8,1.17,5,7,Medium,0,0,0,10,6,7.4,4,0,Moderate,3360,2,0,0,1.0,-550,0,0,0,0,0,0,0,0,0,0,2026-02-07,35,35
U05288,4,18,160.2,64.7,25.2,2026-02-03,31,33,33,29,34,32.33,32.0,1.79,6,5,Medium,1,0,0,8,5,4.9,7,5,Low,9623,1,0,0,-0.1,-243,0,0,0,0,0,0,0,0,0,0,2026-03-02,27,27
U05289,4,21,171.9,68.0,23.0,2026-02-03,32,30,31,30,33,31.0,31.2,1.17,5,4,Medium,0,0,0,5,8,7.4,5,7,High,8236,5,0,0,0.8,213,0,0,0,0,0,0,0,0,0,1,2026-03-09,34,34
U05290,3,30,166.2,54.1,19.6,2026-07-15,28,25,25,30,26,26.0,26.8,1.94,3,4,Medium,0,0,0,9,6,7.8,1,4,High,13669,2,0,1,0.1,24,0,0,0,0,0,0,0,0,0,0,2026-08-13,29,29
U05291,10,34,172.7,77.2,25.9,2026-04-13,35,36,34,35,35,35.0,35.0,0.63,5,6,Heavy,0,0,0,9,3,5.7,9,6,High,5822,1,0,0,-1.1,123,0,0,0,0,0,0,1,0,0,0,2026-05-19,36,36
U05292,3,26,164.5,61.2,22.6,2026-07-16,31,29,29,29,33,29.67,30.2,1.6,3,3,Medium,0,0,0,10,5,5.4,5,1,Low,2176,5,0,0,-0.4,-32,0,0,0,0,0,1,0,0,0,0,2026-08-16,31,31
U05293,3,26,147.7,47.6,21.8,2026-04-28,31,29,30,32,31,30.0,30.6,1.02,3,3,Light,0,0,0,8,5,7.9,9,3,Moderate,6476,1,0,1,-0.1,75,0,0,1,0,0,0,0,0,0,0,2026-05-30,32,32
U05294,8,21,165.4,78.2,28.6,2026-06-23,26,27,24,26,26,25.67,25.8,0.98,6,3,Light,1,0,0,8,1,7.2,10,5,Moderate,12328,8,0,0,1.2,-19,0,0,0,0,0,0,0,0,0,0,2026-07-18,25,25
U05295,12,24,161.5,59.5,22.8,2026-05-24,32,31,31,32,31,31.33,31.4,0.49,4,3,Medium,0,0,0,5,5,6.9,1,4,High,4718,9,0,0,1.1,-254,0,0,0,0,0,0,0,1,0,0,2026-06-25,32,32
U05296,10,27,158.5,64.1,25.5,2026-04-13,34,35,31,35,33,33.33,33.6,1.5,6,5,Medium,0,0,1,3,3,5.5,5,0,Low,5967,10,0,0,1.0,-8,0,0,0,1,0,0,0,0,0,0,2026-05-16,33,33
U05297,10,18,148.9,55.4,25.0,2026-06-25,29,31,30,28,30,30.0,29.6,1.02,3,5,Medium,0,0,0,1,1,7.4,9,5,Moderate,13358,2,0,0,-2.3,-586,1,0,0,0,0,0,0,1,0,0,2026-07-22,27,27
U05298,10,29,153.3,43.0,18.3,2026-07-02,31,32,29,35,30,30.67,31.4,2.06,6,5,Medium,0,0,0,10,5,6.8,6,4,Moderate,3756,7,0,0,0.9,-274,0,0,0,0,0,0,1,1,0,0,2026-08-02,31,31
U05299,4,37,145.0,45.2,21.5,2026-05-04,25,26,26,25,28,25.67,26.0,1.1,4,6,Medium,0,0,0,9,3,6.0,6,2,Low,5581,6,0,0,-1.1,-542,0,1,0,0,0,0,0,0,0,0,2026-06-01,28,28
U05300,3,34,159.8,44.7,17.5,2026-07-20,31,29,34,31,31,31.33,31.2,1.6,4,4,Light,0,0,1,3,4,7.8,10,6,High,4701,10,1,0,-1.0,-204,0,0,0,1,0,0,1,0,0,0,2026-08-19,30,30
U05301,10,23,165.5,69.3,25.3,2026-08-22,29,28,29,28,27,28.67,28.2,0.75,5,7,Heavy,0,1,0,1,3,6.0,9,2,High,4695,8,0,1,-0.8,-173,0,0,0,0,0,0,0,0,0,0,2026-09-21,30,30
U05302,5,31,155.4,54.1,22.4,2026-05-06,25,23,24,23,24,24.0,23.8,0.75,7,4,Medium,0,0,0,2,7,8.9,10,1,Moderate,4855,8,0,0,0.5,-220,0,0,0,0,0,0,0,0,0,0,2026-05-27,21,21
U05303,6,34,166.7,72.0,25.9,2026-01-15,30,31,27,28,30,29.33,29.2,1.47,6,3,Light,0,0,0,4,10,6.6,4,2,Moderate,13241,5,0,0,1.2,-419,1,0,0,0,0,0,0,0,0,0,2026-02-14,30,30
U05304,12,23,158.9,57.3,22.7,2026-01-31,27,30,26,29,25,27.67,27.4,1.85,7,4,Light,0,0,0,4,5,8.1,5,5,Low,3074,5,0,0,1.6,-518,0,0,0,0,0,0,0,0,0,0,2026-02-24,24,24
U05305,12,26,157.4,47.6,19.2,2026-03-27,23,23,22,26,23,22.67,23.4,1.36,6,7,Medium,0,0,0,6,4,5.5,9,0,Low,3537,3,0,0,-0.8,-628,0,1,0,0,0,0,0,0,0,0,2026-04-22,26,26
U05306,3,31,163.9,61.5,22.9,2026-02-16,27,28,27,27,28,27.33,27.4,0.49,4,5,Medium,0,0,0,2,6,7.3,2,6,Moderate,13901,1,0,0,1.3,-273,0,0,1,0,0,0,0,0,0,0,2026-03-15,27,27
U05307,10,23,164.7,78.7,29.0,2026-05-03,26,28,28,28,25,27.33,27.0,1.26,6,4,Medium,0,0,1,3,4,7.7,3,6,Low,8641,8,0,0,1.7,341,0,0,0,1,0,1,0,0,0,0,2026-05-28,25,25
U05308,10,29,169.1,45.8,16.0,2026-08-20,26,26,21,24,27,24.33,24.8,2.14,7,6,Medium,0,0,0,6,8,6.1,8,5,High,13000,3,0,0,0.8,444,1,0,0,0,0,0,0,0,0,0,2026-09-15,26,26
U05309,4,24,155.5,58.8,24.3,2026-08-27,27,29,29,29,23,28.33,27.4,2.33,4,5,Light,0,0,0,4,6,7.6,10,5,Low,10172,7,0,0,-0.3,-670,0,1,0,0,0,0,0,0,0,0,2026-09-24,28,28
U05310,9,27,165.5,65.5,23.9,2026-06-25,31,32,31,32,33,31.33,31.8,0.75,3,6,Light,0,1,0,7,5,7.5,4,5,Moderate,3113,8,0,0,1.4,-3,0,0,0,0,1,0,0,0,0,0,2026-07-25,30,30
U05311,12,23,167.0,60.2,21.6,2026-06-18,26,23,23,24,30,24.0,25.2,2.64,4,4,Medium,0,0,0,10,10,7.6,6,2,High,5431,9,1,0,-0.8,209,0,0,1,0,0,0,0,0,0,0,2026-07-15,27,27
U05312,11,32,162.5,52.8,20.0,2026-04-10,25,25,23,24,27,24.33,24.8,1.33,3,7,Medium,0,0,0,3,5,5.7,10,1,High,4562,4,0,0,1.2,-97,0,0,0,0,0,1,0,1,0,0,2026-05-04,24,24
U05313,4,28,150.3,53.5,23.7,2026-07-23,27,27,27,26,25,27.0,26.4,0.8,3,7,Medium,0,0,0,6,9,8.0,3,4,High,13704,4,0,1,-0.5,249,0,0,0,0,0,0,0,0,0,0,2026-08-19,27,27
U05314,3,28,154.2,59.7,25.1,2026-05-10,29,26,27,29,26,27.33,27.4,1.36,7,4,Heavy,0,0,1,8,10,7.7,2,7,Low,11801,9,0,0,-1.5,-225,0,0,0,1,0,0,0,0,0,0,2026-06-08,29,29
U05315,10,30,151.2,42.1,18.4,2026-02-28,30,32,28,32,33,30.0,31.0,1.79,4,6,Heavy,0,0,0,6,10,5.7,8,6,Low,8771,2,1,0,-1.2,185,0,1,0,0,0,0,0,0,0,0,2026-03-28,28,28
U05316,6,33,155.7,52.6,21.7,2026-03-22,26,26,28,26,26,26.67,26.4,0.8,3,5,Light,0,0,0,2,10,5.8,1,6,Moderate,5937,8,1,0,0.3,-634,0,0,0,0,0,0,0,1,0,0,2026-04-18,27,27
U05317,4,25,162.5,64.4,24.4,2026-03-22,31,30,29,32,29,30.0,30.2,1.17,6,7,Light,0,0,0,6,10,5.9,3,4,High,11136,5,0,0,-0.7,-368,0,0,0,0,0,0,0,0,0,1,2026-04-23,32,32
U05318,4,39,159.1,70.6,27.9,2026-07-18,27,24,29,27,25,26.67,26.4,1.74,3,6,Heavy,0,0,0,1,3,5.6,8,0,Moderate,2073,10,0,0,0.3,-331,0,0,1,0,1,0,0,1,0,0,2026-08-12,25,25
U05319,3,34,163.1,42.6,16.0,2026-07-02,32,37,33,30,32,34.0,32.8,2.32,6,3,Light,0,0,1,10,2,8.1,1,3,Moderate,9726,6,0,0,-0.1,-7,0,0,0,1,0,1,0,0,0,0,2026-08-03,32,32
U05320,4,30,155.9,60.3,24.8,2026-08-12,28,28,26,25,29,27.33,27.2,1.47,7,4,Medium,0,0,0,10,5,7.1,5,0,High,10460,9,0,0,0.1,351,0,0,0,0,0,0,0,0,0,0,2026-09-13,32,32
U05321,7,29,173.6,79.3,26.3,2026-01-05,26,27,25,29,23,26.0,26.0,2.0,7,6,Heavy,0,0,0,1,3,8.2,6,7,Moderate,2497,10,0,0,-2.5,-45,0,0,0,0,0,0,0,1,0,0,2026-01-28,23,23
U05322,9,32,147.9,51.2,23.4,2026-02-02,28,28,28,26,28,28.0,27.6,0.8,4,7,Light,0,0,0,9,7,7.6,4,4,High,7590,4,0,0,-1.1,-575,0,0,0,0,0,0,0,1,0,0,2026-03-05,31,31
U05323,9,18,170.0,71.7,24.8,2026-08-05,24,22,23,23,25,23.0,23.4,1.02,7,6,Medium,0,1,0,7,9,7.6,6,6,Moderate,13500,10,0,0,0.4,126,1,0,0,0,0,0,0,0,0,1,2026-08-31,26,26
U05324,5,24,166.0,57.0,20.7,2026-01-10,26,24,26,29,28,25.33,26.6,1.74,7,5,Medium,0,0,0,6,2,7.0,6,3,Low,10341,10,0,0,0.9,-154,0,1,0,0,0,0,0,1,0,0,2026-02-04,25,25
U05325,2,20,159.8,66.4,26.0,2026-02-22,33,32,34,32,31,33.0,32.4,1.02,5,6,Medium,0,0,0,2,9,8.1,6,1,Low,12139,10,0,0,-0.8,47,0,0,0,0,0,0,0,0,0,0,2026-03-24,30,30
U05326,9,25,160.8,57.4,22.2,2026-06-22,30,28,30,29,32,29.33,29.8,1.33,5,6,Medium,0,0,0,8,6,7.0,2,1,High,13749,8,0,0,-1.6,-601,1,1,0,0,0,0,1,0,0,0,2026-07-21,29,29
U05327,6,27,157.7,48.7,19.6,2026-06-10,30,32,30,26,30,30.67,29.6,1.96,3,6,Heavy,0,0,0,4,5,6.0,8,6,Low,9711,2,1,0,-0.0,196,0,0,1,0,0,0,0,0,1,0,2026-07-08,28,28
U05328,8,20,152.4,52.0,22.4,2026-07-23,28,26,30,27,29,28.0,28.0,1.41,7,4,Medium,0,0,0,9,10,7.4,5,6,Moderate,13168,5,0,0,-0.7,-139,0,0,0,0,0,1,0,0,0,0,2026-08-21,29,29
U05329,5,23,166.6,63.0,22.7,2026-01-02,25,23,24,25,26,24.0,24.6,1.02,4,7,Heavy,0,0,0,7,9,7.2,2,6,Low,12425,10,0,0,1.2,-529,0,0,0,0,0,0,0,0,0,0,2026-01-29,27,27
U05330,9,32,152.5,58.8,25.3,2026-04-09,24,23,23,23,20,23.33,22.6,1.36,7,7,Medium,0,0,0,7,6,7.8,3,4,Low,5909,9,1,0,0.9,1,0,0,0,0,0,0,0,0,0,0,2026-05-03,24,24
U05331,2,36,151.3,49.2,21.5,2026-05-06,35,35,33,36,35,34.33,34.8,0.98,4,4,Light,0,0,0,8,2,7.6,8,6,Moderate,8255,7,0,0,0.7,-691,0,0,0,0,0,1,0,1,1,0,2026-06-13,38,38
U05332,11,24,155.0,53.1,22.1,2026-06-26,29,27,30,29,30,28.67,29.0,1.1,5,3,Medium,0,1,0,2,5,5.6,8,5,High,13748,5,0,0,-0.0,-579,0,1,0,0,0,0,0,0,0,0,2026-07-30,34,34
U05333,3,26,164.6,64.5,23.8,2026-01-27,31,30,32,27,28,31.0,29.6,1.85,3,7,Medium,0,0,0,6,7,5.5,10,1,Low,13331,1,1,1,-0.0,414,1,1,1,0,0,0,0,0,1,1,2026-02-27,31,31
U05334,11,23,157.9,56.8,22.8,2026-05-28,32,31,31,31,34,31.33,31.8,1.17,4,3,Heavy,0,0,1,6,1,6.8,5,0,Moderate,2214,9,0,0,-0.5,199,1,0,0,1,0,1,0,0,0,0,2026-06-29,32,32
U05335,4,30,169.4,70.6,24.6,2026-08-23,31,30,30,32,27,30.33,30.0,1.67,6,6,Heavy,0,0,0,8,9,8.3,6,2,Low,10332,10,0,0,0.3,-296,0,1,0,0,0,0,0,0,0,0,2026-09-25,33,33
U05336,4,39,166.1,56.6,20.5,2026-08-05,28,30,26,28,24,28.0,27.2,2.04,5,5,Light,0,0,0,6,6,7.2,10,1,Moderate,4374,8,0,0,-0.1,-516,0,0,0,0,0,0,0,0,0,0,2026-09-01,27,27
U05337,12,27,175.7,65.4,21.2,2026-02-12,27,26,27,27,27,26.67,26.8,0.4,3,6,Medium,0,0,0,4,7,8.4,3,4,High,11856,6,0,0,0.6,450,0,0,0,0,0,0,0,0,0,0,2026-03-11,27,27
U05338,8,25,168.4,55.0,19.4,2026-06-19,30,31,29,29,29,30.0,29.6,0.8,3,5,Medium,0,0,0,8,2,7.8,8,2,High,12579,5,0,1,-0.4,-686,0,0,0,0,0,0,0,1,0,0,2026-07-19,30,30
U05339,4,38,167.0,60.5,21.7,2026-02-21,34,32,38,34,37,34.67,35.0,2.19,6,7,Heavy,0,0,0,6,9,6.8,10,1,Moderate,10372,8,0,0,2.5,108,0,1,0,0,0,0,0,0,0,0,2026-03-29,36,36
U05340,4,23,158.8,46.7,18.5,2026-01-08,28,26,30,29,29,28.0,28.4,1.36,4,6,Heavy,0,0,0,4,5,7.6,6,1,Moderate,8909,7,0,0,-0.7,-490,0,0,0,0,0,0,0,0,0,0,2026-02-06,29,29
U05341,9,35,168.0,73.4,26.0,2026-01-17,33,33,33,35,31,33.0,33.0,1.26,5,7,Medium,0,0,0,3,5,7.8,7,1,Low,13252,2,0,0,0.9,-365,1,0,0,0,1,1,0,0,0,1,2026-02-19,33,33
U05342,7,24,162.1,42.0,16.0,2026-02-08,28,28,27,24,27,27.67,26.8,1.47,4,3,Medium,1,0,0,10,7,7.1,5,3,Moderate,11972,10,0,0,-0.7,-601,0,0,0,0,0,0,0,0,0,0,2026-03-09,29,29
U05343,7,30,160.3,42.1,16.4,2026-03-05,28,27,29,26,26,28.0,27.2,1.17,7,6,Medium,0,0,0,9,4,5.6,6,2,Low,13460,8,0,0,0.2,-591,0,0,0,0,0,0,0,0,0,0,2026-04-02,28,28
U05344,12,32,158.6,41.5,16.5,2026-01-25,29,26,31,28,29,28.67,28.6,1.62,4,6,Medium,0,0,0,6,5,6.3,2,0,Moderate,2783,2,0,1,-0.8,-513,0,0,0,0,0,0,0,1,0,0,2026-02-25,31,31
U05345,9,33,155.7,65.9,27.2,2026-01-04,31,28,30,32,30,29.67,30.2,1.33,4,3,Light,0,0,0,4,8,7.4,8,4,Low,8903,4,0,0,-0.7,-187,1,0,0,0,0,0,0,0,0,0,2026-02-07,34,34
U05346,9,29,161.5,72.0,27.6,2026-08-23,31,32,32,29,31,31.67,31.0,1.1,4,7,Heavy,0,0,0,6,10,7.1,4,3,High,12410,6,0,1,1.3,110,0,0,0,0,1,0,0,1,0,0,2026-09-18,26,26
U05347,8,27,163.6,55.1,20.6,2026-04-08,26,25,24,25,25,25.0,25.0,0.63,6,4,Heavy,0,0,0,4,8,5.2,3,7,Low,10905,3,1,0,1.4,-437,0,0,0,0,1,0,0,1,0,0,2026-05-03,25,25
U05348,8,31,169.3,61.1,21.3,2026-05-16,31,31,31,28,31,31.0,30.4,1.2,5,5,Heavy,0,0,0,2,2,6.9,5,4,Low,8668,1,0,0,-1.3,-305,0,0,1,0,0,0,0,1,0,0,2026-06-13,28,28
U05349,4,25,171.2,58.9,20.1,2026-08-10,27,30,25,28,30,27.33,28.0,1.9,7,5,Light,0,0,0,1,9,6.0,5,5,High,3901,10,0,0,-1.3,-99,0,1,0,0,1,0,0,1,0,0,2026-09-02,23,23
U05350,4,25,169.7,77.8,27.0,2026-05-15,28,29,26,28,27,27.67,27.6,1.02,5,7,Light,0,0,0,4,7,6.8,6,6,Moderate,3696,6,0,0,-0.7,91,1,1,0,0,0,0,1,0,0,0,2026-06-11,27,27
U05351,11,39,167.0,62.8,22.5,2026-08-24,27,27,28,26,29,27.33,27.4,1.02,5,5,Medium,0,0,0,5,1,4.7,2,1,Moderate,10982,9,0,0,0.1,436,0,0,0,0,0,0,0,0,0,0,2026-09-21,28,28
U05352,10,39,169.6,51.2,17.8,2026-08-27,29,24,29,27,30,27.33,27.8,2.14,7,3,Medium,0,1,0,10,4,8.4,9,2,Low,5888,3,0,0,-0.2,412,0,0,0,0,0,0,0,0,0,0,2026-09-25,29,29
U05353,12,40,175.4,58.8,19.1,2026-06-23,32,32,35,33,30,33.0,32.4,1.62,3,3,Light,0,0,0,5,6,7.9,3,3,Moderate,13765,2,0,0,-0.8,207,0,0,0,0,0,0,0,0,0,0,2026-07-25,32,32
U05354,10,25,160.1,66.6,26.0,2026-02-13,31,33,30,31,31,31.33,31.2,0.98,3,7,Heavy,0,0,1,1,1,8.2,5,5,Low,13907,9,0,0,0.9,-300,0,0,0,1,0,0,0,0,0,0,2026-03-11,26,26
U05355,12,27,164.4,62.4,23.1,2026-08-24,33,34,31,31,33,32.67,32.4,1.2,7,4,Heavy,0,0,1,7,8,5.7,9,6,High,10022,2,1,0,-0.3,148,0,0,0,1,0,0,0,0,0,0,2026-09-26,33,33
U05356,5,19,159.0,54.9,21.7,2026-06-15,29,30,29,30,28,29.33,29.2,0.75,4,6,Light,0,0,0,9,4,7.6,5,4,Moderate,13683,5,0,0,0.8,194,0,1,0,0,0,0,0,0,0,0,2026-07-13,28,28
U05357,8,20,164.2,44.2,16.4,2026-03-17,28,28,29,26,27,28.33,27.6,1.02,3,4,Medium,0,0,0,7,10,6.9,10,1,Moderate,3778,10,0,1,-0.1,192,0,0,0,0,0,1,0,0,0,0,2026-04-16,30,30
U05358,5,31,164.3,70.5,26.1,2026-07-09,28,26,30,29,31,28.0,28.8,1.72,4,5,Light,0,0,0,3,9,6.6,8,2,Low,8149,5,0,0,0.2,325,0,0,0,0,0,0,0,0,0,0,2026-08-06,28,28
U05359,7,37,157.9,57.1,22.9,2026-08-09,26,25,24,26,25,25.0,25.2,0.75,3,6,Heavy,0,0,0,2,6,5.4,8,0,Low,12894,9,1,0,0.9,-667,0,0,0,0,0,0,0,0,0,0,2026-09-04,26,26
U05360,11,39,154.9,53.0,22.1,2026-03-24,32,35,31,31,35,32.67,32.8,1.83,7,4,Medium,0,0,0,2,6,6.9,7,5,Low,9363,3,0,0,-0.5,-445,0,1,0,0,0,0,0,0,0,0,2026-04-24,31,31
U05361,11,38,153.7,50.6,21.4,2026-07-17,31,31,29,33,32,30.33,31.2,1.33,5,3,Medium,0,0,1,7,2,6.3,9,4,Moderate,11667,6,0,0,-0.1,30,0,0,0,1,0,0,0,0,0,0,2026-08-15,29,29
U05362,2,22,152.9,47.2,20.2,2026-07-13,29,29,28,29,31,28.67,29.2,0.98,4,7,Medium,0,0,0,4,6,8.4,4,6,Moderate,7814,2,0,1,0.4,-502,0,0,1,0,0,0,0,0,0,0,2026-08-10,28,28
U05363,4,39,157.3,69.5,28.1,2026-07-12,33,34,33,34,32,33.33,33.2,0.75,4,6,Medium,0,0,1,2,9,8.6,2,6,Moderate,4672,10,0,1,1.1,-56,0,1,0,1,0,1,0,0,0,1,2026-08-12,31,31
U05364,8,21,158.3,61.4,24.5,2026-07-27,30,30,28,34,30,29.33,30.4,1.96,3,5,Light,0,0,0,6,5,7.1,9,1,Moderate,12122,8,0,0,-0.2,-406,0,0,1,0,0,0,0,0,0,0,2026-08-24,28,28
U05365,8,35,157.0,50.0,20.3,2026-07-27,32,36,29,29,32,32.33,31.6,2.58,4,3,Medium,0,0,0,4,5,7.1,7,1,High,7690,9,0,0,-1.1,-326,0,0,0,0,0,0,0,0,0,0,2026-08-28,32,32
U05366,9,18,162.7,84.4,31.9,2026-08-11,27,26,31,25,28,28.0,27.4,2.06,4,5,Medium,0,0,0,2,8,7.1,7,5,Moderate,5828,1,0,0,1.4,-28,1,0,0,0,0,0,0,1,0,0,2026-09-08,28,28
U05367,5,36,164.9,44.9,16.5,2026-05-04,28,29,31,31,29,29.33,29.6,1.2,5,5,Light,0,0,0,10,6,7.6,5,5,Low,9238,2,1,1,-0.3,493,0,0,0,0,0,0,0,0,0,0,2026-06-02,29,29
U05368,3,38,163.9,78.4,29.2,2026-02-12,33,35,33,34,32,33.67,33.4,1.02,5,7,Medium,0,0,0,10,3,7.5,7,3,Moderate,11541,10,0,0,0.0,-299,0,0,0,0,0,0,0,1,0,0,2026-03-21,37,37
U05369,4,24,157.1,64.2,26.0,2026-02-08,31,28,28,29,31,29.0,29.4,1.36,4,3,Heavy,0,0,0,10,5,6.4,2,1,Moderate,4891,10,1,0,0.5,-294,0,1,1,0,0,1,0,0,0,0,2026-03-13,33,33
U05370,9,30,160.4,42.5,16.5,2026-01-08,31,30,32,34,32,31.0,31.8,1.33,7,7,Medium,0,1,1,6,3,6.0,4,5,Moderate,8740,6,0,0,0.1,238,0,0,0,1,0,0,0,0,0,0,2026-02-07,30,30
U05371,2,24,151.5,48.9,21.3,2026-08-03,27,30,28,26,28,28.33,27.8,1.33,4,3,Heavy,0,0,0,6,8,5.4,6,2,Moderate,10103,5,0,0,1.3,-13,1,0,0,0,0,0,0,1,0,0,2026-08-31,28,28
U05372,5,35,151.7,43.0,18.7,2026-01-07,28,27,27,29,28,27.33,27.8,0.75,6,3,Medium,0,0,0,8,3,5.6,10,4,Moderate,2275,9,0,0,-0.7,-89,0,1,0,0,0,0,0,0,0,0,2026-02-08,32,32
U05373,7,32,167.9,70.5,25.0,2026-05-20,31,31,30,30,27,30.67,29.8,1.47,4,4,Medium,0,0,0,6,2,6.9,10,4,Moderate,8894,3,0,0,0.5,-10,0,0,0,0,0,0,0,1,0,1,2026-06-20,31,31
U05374,8,40,155.6,55.9,23.1,2026-05-31,30,30,31,28,31,30.33,30.0,1.1,7,3,Heavy,0,0,0,9,3,5.2,9,3,Low,11698,3,0,0,-0.5,-112,0,0,0,0,1,0,0,0,0,0,2026-07-01,31,31
U05375,11,39,146.2,47.2,22.1,2026-02-06,27,26,29,27,31,27.33,28.0,1.79,7,6,Medium,0,0,0,3,3,4.3,2,5,Moderate,5868,3,0,0,-1.3,-563,1,0,0,0,0,0,0,0,0,0,2026-03-08,30,30
U05376,9,36,158.5,68.6,27.3,2026-08-16,29,32,27,28,27,29.33,28.6,1.85,4,6,Medium,0,0,0,1,10,7.4,2,5,Low,8819,10,0,0,1.4,-230,0,0,0,0,0,0,0,0,0,0,2026-09-14,29,29
U05377,10,25,158.8,42.4,16.8,2026-01-11,29,30,30,27,31,29.67,29.4,1.36,6,4,Medium,0,0,0,2,4,7.8,9,0,Moderate,4592,7,0,0,-0.6,226,0,1,0,0,0,0,0,0,0,1,2026-02-08,28,28
U05378,12,32,156.0,51.1,21.0,2026-01-19,30,31,30,33,33,30.33,31.4,1.36,5,5,Heavy,0,0,0,2,3,8.9,7,0,Moderate,8828,4,0,0,-1.2,273,1,0,0,0,0,0,0,0,0,0,2026-02-19,31,31
U05379,2,38,161.5,50.9,19.5,2026-01-11,31,33,30,31,31,31.33,31.2,0.98,7,5,Heavy,0,0,0,10,6,8.9,3,0,Moderate,3918,4,0,0,1.3,280,0,0,0,0,0,0,0,0,0,0,2026-02-14,34,34
U05380,9,24,170.0,76.3,26.4,2026-02-01,28,28,27,29,26,27.67,27.6,1.02,4,3,Medium,0,0,0,6,2,7.5,2,0,Moderate,8896,9,0,0,1.3,199,0,1,1,0,0,0,0,0,0,0,2026-03-01,28,28
U05381,3,32,161.9,59.8,22.8,2026-06-17,29,31,30,33,30,30.0,30.6,1.36,3,5,Heavy,1,0,0,9,3,6.6,5,2,Moderate,6519,2,0,0,0.7,-408,0,1,0,0,0,0,0,1,0,0,2026-07-18,31,31
U05382,7,19,159.1,55.9,22.1,2026-07-03,30,31,29,28,30,30.0,29.6,1.02,4,7,Light,0,0,0,6,3,8.6,6,2,High,12826,1,1,1,-0.2,495,0,0,0,0,0,1,0,0,0,0,2026-07-31,28,28
U05383,6,31,161.2,49.4,19.0,2026-04-04,30,32,30,30,32,30.67,30.8,0.98,5,6,Heavy,0,0,1,1,6,7.6,5,1,High,3446,9,0,0,-2.1,-592,0,0,0,1,0,1,0,0,0,0,2026-05-04,30,30
U05384,8,25,167.7,81.6,29.0,2026-07-10,31,31,32,31,31,31.33,31.2,0.4,3,3,Heavy,0,0,0,5,2,6.1,10,5,Moderate,12272,7,0,0,-0.6,-513,0,0,0,0,0,0,0,0,0,0,2026-08-10,31,31
U05385,8,35,161.0,64.5,24.9,2026-02-28,28,25,31,26,28,28.0,27.6,2.06,7,3,Light,0,1,0,3,5,7.3,5,6,Low,11623,8,0,0,2.3,-319,0,0,0,0,0,0,0,0,0,0,2026-03-28,28,28
U05386,3,18,167.2,59.8,21.4,2026-02-11,28,29,26,29,29,27.67,28.2,1.17,4,7,Medium,1,0,0,5,4,7.0,10,0,Low,5990,7,0,0,0.9,-434,0,0,0,0,0,0,0,0,0,1,2026-03-09,26,26
U05387,11,30,164.3,50.7,18.8,2026-07-15,28,28,35,32,32,30.33,31.0,2.68,6,7,Medium,1,0,1,7,1,8.1,8,3,Low,9698,6,0,0,0.5,149,0,0,0,1,0,0,0,0,0,0,2026-08-09,25,25
U05388,10,37,148.6,46.6,21.1,2026-01-25,32,31,32,32,29,31.67,31.2,1.17,4,6,Medium,0,0,0,10,8,6.6,1,0,High,13988,9,0,0,-1.0,-594,0,1,1,0,0,0,0,0,0,0,2026-03-01,35,35
U05389,4,39,166.1,57.1,20.7,2026-03-12,30,33,31,28,29,31.33,30.2,1.72,6,6,Heavy,0,0,0,2,4,5.4,9,2,Low,3485,2,0,0,0.9,197,0,1,0,0,0,0,0,0,0,0,2026-04-13,32,32
U05390,7,35,151.6,62.7,27.3,2026-01-09,27,24,29,26,27,26.67,26.6,1.62,6,3,Medium,0,0,0,8,2,8.6,8,0,Moderate,9817,7,0,0,0.4,445,0,0,0,0,0,0,0,0,0,0,2026-02-07,29,29
U05391,3,38,161.7,66.4,25.4,2026-07-10,27,26,26,26,26,26.33,26.2,0.4,5,7,Medium,0,0,0,8,3,7.3,5,5,Low,5126,10,0,0,0.3,-219,0,0,0,0,0,0,0,0,0,0,2026-08-06,27,27
U05392,7,33,151.4,59.8,26.1,2026-02-27,32,30,35,34,30,32.33,32.2,2.04,7,4,Medium,0,0,1,2,7,6.7,4,3,Moderate,11140,3,0,0,-1.0,-549,0,0,0,1,0,0,0,0,0,0,2026-03-31,32,32
U05393,11,39,159.9,64.4,25.2,2026-06-20,26,25,26,27,26,25.67,26.0,0.63,5,6,Medium,0,0,0,3,10,6.2,9,7,Moderate,2964,8,0,1,0.5,387,0,1,0,0,0,0,0,0,1,0,2026-07-15,25,25
U05394,11,31,164.5,54.1,20.0,2026-05-26,30,33,27,30,27,30.0,29.4,2.24,7,5,Medium,0,0,0,1,5,7.4,10,1,Moderate,8872,10,0,0,-0.3,-171,0,1,0,0,1,0,0,0,0,0,2026-06-23,28,28
U05395,9,18,162.4,45.4,17.2,2026-04-01,29,29,28,30,30,28.67,29.2,0.75,6,4,Medium,0,0,0,4,5,6.4,7,4,Moderate,4159,1,1,0,1.0,137,0,0,0,0,0,0,0,0,0,0,2026-05-01,30,30
U05396,2,32,160.4,64.3,25.0,2026-07-26,33,34,32,36,32,33.0,33.4,1.5,4,7,Medium,0,0,1,10,4,6.0,4,5,Moderate,8724,1,0,0,0.9,-584,0,0,0,1,0,0,0,1,0,0,2026-08-31,36,36
U05397,7,24,164.7,80.6,29.7,2026-01-31,30,33,32,31,29,31.67,31.0,1.41,7,5,Light,0,0,0,5,8,5.8,7,1,Low,12701,10,0,1,0.5,-235,0,0,0,0,0,0,0,0,0,0,2026-03-03,31,31
U05398,4,29,155.9,54.4,22.4,2026-03-23,30,26,27,28,29,27.67,28.0,1.41,4,3,Medium,0,0,0,4,7,8.3,1,3,Moderate,13247,2,0,0,-0.9,191,1,1,0,0,0,0,0,0,0,0,2026-04-21,29,29
U05399,3,33,154.0,43.4,18.3,2026-07-18,30,32,32,32,32,31.33,31.6,0.8,6,5,Heavy,0,0,0,7,4,6.7,4,6,Low,7645,4,0,0,-0.5,-174,0,1,0,0,0,0,0,0,0,0,2026-08-19,32,32
U05400,2,19,146.2,48.3,22.6,2026-07-28,30,27,30,33,33,29.0,30.6,2.24,5,6,Medium,0,0,0,2,5,7.5,2,5,Moderate,2767,1,0,0,1.0,-45,1,0,0,0,0,0,0,1,0,1,2026-08-26,29,29
U05401,5,38,175.7,89.2,28.9,2026-08-01,34,34,34,33,37,34.0,34.4,1.36,7,3,Heavy,0,0,0,6,4,7.5,3,2,Low,2249,3,0,0,-0.6,0,0,1,1,0,0,0,0,1,0,0,2026-09-05,35,35
U05402,12,40,162.1,54.7,20.8,2026-07-21,31,28,26,29,30,28.33,28.8,1.72,4,3,Light,0,0,0,5,6,8.2,7,3,Low,11669,1,1,0,-0.3,-385,0,0,0,0,0,0,1,0,0,0,2026-08-23,33,33
U05403,11,37,157.8,59.5,23.9,2026-06-03,24,21,27,28,23,24.0,24.6,2.58,4,7,Heavy,0,0,0,6,9,8.1,3,3,Moderate,10574,6,0,0,-1.2,-66,0,0,1,0,0,0,0,0,0,0,2026-06-29,26,26
U05404,5,22,168.7,60.3,21.2,2026-06-23,32,34,33,30,33,33.0,32.4,1.36,5,6,Medium,0,0,0,6,9,5.5,10,0,Low,12018,9,0,0,-1.9,-460,0,0,1,0,0,0,0,0,0,0,2026-07-25,32,32
U05405,3,30,145.0,55.1,26.2,2026-05-23,29,29,27,28,29,28.33,28.4,0.8,3,5,Heavy,0,0,0,9,5,7.0,2,5,Low,12251,5,0,1,-1.3,-92,0,1,1,0,0,0,0,0,0,0,2026-06-23,31,31
U05406,3,19,165.4,43.8,16.0,2026-03-22,30,29,30,29,29,29.67,29.4,0.49,3,5,Light,0,0,0,9,7,8.7,4,5,Low,2764,9,0,0,1.0,410,0,0,0,0,0,0,0,0,0,0,2026-04-22,31,31
U05407,5,40,165.5,49.3,18.0,2026-02-12,33,32,32,31,32,32.33,32.0,0.63,3,7,Medium,0,1,0,4,10,5.7,5,3,Moderate,9662,7,1,0,-1.3,-500,1,0,1,0,0,0,0,0,0,0,2026-03-14,30,30
U05408,11,29,170.5,58.4,20.1,2026-02-22,36,35,35,38,35,35.33,35.8,1.17,4,6,Heavy,0,0,0,3,3,5.4,5,6,High,9426,4,0,1,0.6,-362,0,1,1,0,0,0,0,0,0,0,2026-04-02,39,39
U05409,3,39,165.6,53.2,19.4,2026-02-14,31,30,31,31,27,30.67,30.0,1.55,6,5,Heavy,0,0,0,7,5,8.3,10,3,High,5257,10,0,0,1.8,-269,0,0,1,0,0,1,0,0,0,0,2026-03-18,32,32
U05410,3,20,157.1,54.8,22.2,2026-08-07,24,25,25,22,24,24.67,24.0,1.1,6,3,Medium,0,0,0,6,6,8.1,8,2,Low,11887,2,0,0,-1.2,327,0,0,0,0,0,0,0,0,0,0,2026-08-31,24,24
U05411,7,18,168.5,77.5,27.3,2026-04-14,31,30,30,27,29,30.33,29.4,1.36,7,4,Heavy,0,0,0,10,8,8.1,5,7,High,13285,4,0,0,1.1,183,0,0,0,0,0,0,0,0,0,1,2026-05-19,35,35
U05412,11,26,163.6,54.9,20.5,2026-07-26,33,36,31,35,31,33.33,33.2,2.04,7,7,Light,0,0,0,5,10,6.6,2,6,Moderate,6665,9,0,0,1.8,-656,0,0,0,0,0,0,0,0,0,0,2026-08-27,32,32
U05413,10,25,155.4,47.3,19.6,2026-08-11,32,35,33,30,34,33.33,32.8,1.72,3,3,Medium,0,1,0,7,10,6.9,4,6,High,12920,10,0,0,0.7,488,0,1,0,0,0,0,0,0,0,0,2026-09-13,33,33
U05414,7,37,145.0,50.0,23.8,2026-02-26,29,24,30,31,27,27.67,28.2,2.48,7,4,Medium,0,0,0,3,1,6.5,9,6,Moderate,7947,4,0,1,-2.0,390,0,0,0,0,0,0,0,0,0,1,2026-03-24,26,26
U05415,2,24,160.5,41.2,16.0,2026-03-14,29,28,27,29,29,28.0,28.4,0.8,5,6,Heavy,0,0,0,1,2,7.3,6,7,Moderate,12811,1,0,0,-1.2,-604,0,0,0,0,0,0,0,0,0,0,2026-04-11,28,28
U05416,2,27,167.6,60.4,21.5,2026-06-21,30,32,28,27,32,30.0,29.8,2.04,6,7,Heavy,0,0,0,10,9,8.5,4,1,Moderate,13797,8,0,0,0.4,-226,0,0,0,0,0,0,0,0,0,0,2026-07-21,30,30
U05417,12,40,162.8,66.8,25.2,2026-04-22,31,29,30,31,31,30.0,30.4,0.8,3,6,Medium,0,0,1,4,10,5.0,7,5,Moderate,12254,4,1,0,-0.2,41,0,0,0,1,0,0,0,0,1,0,2026-05-22,30,30
U05418,11,23,155.6,47.5,19.6,2026-06-09,34,37,29,33,36,33.33,33.8,2.79,6,7,Medium,0,0,0,10,5,9.2,8,6,Moderate,9741,9,0,0,1.7,-331,1,0,0,0,0,1,0,0,0,0,2026-07-13,34,34
U05419,6,33,156.1,41.2,16.9,2026-02-06,32,33,29,34,31,31.33,31.8,1.72,7,5,Heavy,0,0,0,1,9,5.1,2,6,High,8939,5,0,1,1.3,-464,0,0,0,0,0,0,0,0,0,1,2026-03-11,33,33
U05420,5,30,158.8,62.5,24.8,2026-04-26,31,28,34,31,29,31.0,30.6,2.06,7,4,Heavy,0,0,0,9,2,7.1,6,1,Moderate,5219,2,0,0,1.8,196,0,0,0,0,0,0,0,0,0,1,2026-05-29,33,33
U05421,6,25,163.1,68.9,25.9,2026-07-27,33,34,29,34,33,32.0,32.6,1.85,5,5,Medium,0,0,0,1,8,7.1,8,1,Moderate,7507,6,0,0,-0.5,158,0,1,0,0,0,0,0,0,0,0,2026-08-30,34,34
U05422,12,22,176.1,49.6,16.0,2026-02-05,30,32,26,26,31,29.33,29.0,2.53,7,5,Light,0,0,0,10,5,6.9,4,5,Moderate,4308,6,0,0,0.4,242,0,0,1,0,0,0,0,0,0,0,2026-03-11,34,34
U05423,9,30,160.1,66.6,26.0,2026-04-11,30,29,29,29,30,29.33,29.4,0.49,6,4,Medium,1,0,0,1,2,7.3,2,4,Moderate,11433,4,1,0,-1.4,82,0,0,0,0,0,0,0,0,0,0,2026-05-10,29,29
U05424,10,25,158.2,59.1,23.6,2026-07-11,37,37,39,37,36,37.67,37.2,0.98,3,5,Heavy,0,0,1,5,10,6.5,2,5,Moderate,11692,1,0,0,-2.5,-197,0,0,0,1,0,0,0,0,0,0,2026-08-16,36,36
U05425,9,30,157.3,55.7,22.5,2026-04-06,31,31,32,36,31,31.33,32.2,1.94,7,4,Medium,0,0,0,9,5,7.2,5,0,Moderate,11579,7,0,0,0.1,-653,0,0,0,0,0,0,0,0,0,0,2026-05-08,32,32
U05426,4,40,160.6,65.8,25.5,2026-03-05,27,26,25,30,27,26.0,27.0,1.67,7,5,Medium,0,1,0,1,8,6.3,10,7,Moderate,2631,1,0,0,0.2,466,1,0,0,0,0,0,0,1,0,0,2026-03-29,24,24
U05427,4,20,166.1,57.1,20.7,2026-01-31,33,35,33,31,34,33.67,33.2,1.33,4,3,Heavy,0,0,0,8,9,5.7,8,0,High,4172,1,0,0,-1.6,66,0,0,1,0,0,0,0,0,0,0,2026-03-03,31,31
U05428,6,23,156.1,43.6,17.9,2026-02-08,28,27,28,27,29,27.67,27.8,0.75,5,7,Medium,0,0,0,3,5,7.3,10,2,Moderate,3482,10,1,0,-1.7,-304,0,0,0,0,0,1,0,0,0,0,2026-03-08,28,28
U05429,4,28,145.0,51.5,24.5,2026-03-24,32,33,33,32,33,32.67,32.6,0.49,4,6,Medium,0,0,1,1,3,6.5,2,7,Low,4648,2,0,0,-0.6,-50,0,1,0,1,0,0,0,0,0,0,2026-04-24,31,31
U05430,7,36,152.8,54.4,23.3,2026-08-02,34,35,33,35,34,34.0,34.2,0.75,6,3,Medium,0,0,1,2,6,6.0,9,3,Moderate,4279,1,0,1,-0.6,-23,0,0,1,1,0,0,0,0,0,0,2026-09-02,31,31
U05431,8,24,180.0,62.5,19.3,2026-01-01,29,30,29,29,31,29.33,29.6,0.8,7,5,Heavy,0,0,0,7,7,5.9,6,4,High,6837,2,0,0,0.0,68,0,0,0,0,0,0,0,0,0,0,2026-01-31,30,30
U05432,10,39,158.3,40.1,16.0,2026-08-28,35,34,35,33,35,34.67,34.4,0.8,6,6,Light,0,1,1,5,4,5.9,10,6,High,2233,7,0,0,0.2,137,1,0,0,1,0,0,0,0,0,0,2026-10-05,38,38
U05433,3,18,163.7,57.9,21.6,2026-07-01,31,28,32,27,29,30.33,29.4,1.85,5,7,Medium,0,0,0,8,4,5.7,2,4,High,13018,1,0,0,0.1,-592,0,0,0,0,0,0,1,0,0,0,2026-08-03,33,33
U05434,7,40,169.4,58.3,20.3,2026-04-27,28,27,29,28,28,28.0,28.0,0.63,4,6,Medium,0,0,0,5,2,7.6,7,1,High,3033,3,0,0,-1.3,234,1,0,0,0,0,0,0,1,0,0,2026-05-24,27,27
U05435,2,22,166.0,70.5,25.6,2026-04-09,30,28,29,31,28,29.0,29.2,1.17,7,7,Medium,1,0,0,8,9,5.3,5,5,Moderate,8321,3,0,0,0.1,-210,0,0,0,0,0,0,0,0,0,0,2026-05-11,32,32
U05436,12,18,178.1,73.6,23.2,2026-01-22,34,34,34,34,35,34.0,34.2,0.4,7,6,Heavy,0,0,1,8,8,7.6,10,3,High,2657,2,0,0,-0.5,-45,0,0,0,1,0,0,0,0,0,0,2026-02-26,35,35
U05437,5,31,160.7,70.0,27.1,2026-07-30,28,26,31,28,27,28.33,28.0,1.67,4,6,Light,0,0,0,4,6,8.1,4,6,Moderate,6327,9,0,0,0.4,216,0,0,1,0,0,1,0,0,0,1,2026-08-28,29,29
U05438,3,18,159.8,51.8,20.3,2026-02-23,29,29,29,29,27,29.0,28.6,0.8,3,4,Medium,0,0,1,4,5,6.3,4,5,Moderate,11404,4,0,0,0.1,377,0,0,0,1,0,0,0,0,0,0,2026-03-23,28,28
U05439,5,31,166.9,57.7,20.7,2026-06-06,28,30,28,29,29,28.67,28.8,0.75,4,4,Light,1,0,0,4,9,7.2,1,4,Moderate,10790,9,0,0,-1.0,471,0,1,1,0,0,0,0,0,0,0,2026-07-02,26,26
U05440,9,21,155.1,57.3,23.8,2026-03-07,30,30,31,27,31,30.33,29.8,1.47,5,6,Light,0,0,0,9,10,10.0,10,6,Moderate,8384,5,0,0,-0.5,460,0,1,0,0,0,0,0,0,0,0,2026-04-08,32,32
U05441,4,34,155.4,57.2,23.7,2026-05-21,25,25,23,25,26,24.33,24.8,0.98,3,4,Medium,0,0,0,7,3,5.5,4,5,Moderate,8340,10,0,0,-0.3,-510,0,1,0,0,0,0,1,0,0,0,2026-06-16,26,26
U05442,6,31,161.5,50.1,19.2,2026-07-02,29,33,28,27,27,30.0,28.8,2.23,5,4,Medium,1,0,0,2,1,6.4,2,0,Moderate,6891,5,0,0,-0.2,-338,1,0,1,0,0,0,0,0,0,1,2026-07-27,25,25
U05443,2,32,153.8,55.1,23.3,2026-07-29,31,31,27,34,33,29.67,31.2,2.4,5,7,Medium,0,0,0,10,8,6.8,1,1,Moderate,9167,9,0,0,-0.6,-671,0,0,0,0,0,0,0,0,0,0,2026-09-01,34,34
U05444,7,30,163.6,57.5,21.5,2026-04-13,34,36,28,34,32,32.67,32.8,2.71,7,3,Medium,1,0,0,2,9,5.2,2,1,High,4561,7,0,0,0.9,394,1,0,0,0,0,0,0,1,0,0,2026-05-16,33,33
U05445,8,33,157.9,74.8,30.0,2026-01-14,32,34,33,28,30,33.0,31.4,2.15,7,4,Light,0,0,0,9,1,7.3,1,4,High,7424,8,1,0,0.3,-455,0,0,1,0,0,0,0,0,0,0,2026-02-19,36,36
U05446,4,37,154.6,50.7,21.2,2026-04-25,28,27,26,27,30,27.0,27.6,1.36,4,5,Light,0,0,1,7,5,6.1,2,7,Low,8722,7,0,0,1.6,345,0,0,0,1,0,0,0,0,0,0,2026-05-24,29,29
U05447,8,36,155.3,49.2,20.4,2026-08-28,30,26,29,29,31,28.33,29.0,1.67,6,6,Heavy,0,0,0,6,3,5.8,6,7,Moderate,10579,3,0,0,-1.9,356,0,0,0,0,1,0,0,0,0,0,2026-09-29,32,32
U05448,12,19,163.0,44.1,16.6,2026-07-07,27,25,28,26,26,26.67,26.4,1.02,3,4,Light,0,0,0,2,9,5.9,6,1,Low,12239,5,0,0,0.4,228,0,0,0,0,0,0,0,1,0,0,2026-07-31,24,24
U05449,4,37,163.6,79.0,29.5,2026-07-08,28,28,26,29,28,27.33,27.8,0.98,6,3,Medium,0,0,0,2,9,6.3,1,5,High,11280,7,0,0,-0.2,-519,1,0,0,0,0,0,0,1,0,0,2026-08-06,29,29
U05450,8,28,150.6,59.6,26.3,2026-04-02,26,22,27,31,24,25.0,26.0,3.03,3,5,Medium,0,0,1,6,4,5.5,5,3,Moderate,4042,2,1,0,-0.3,39,0,0,0,0,0,0,0,0,0,0,2026-04-30,28,28
U05451,12,24,162.5,54.4,20.6,2026-01-27,30,30,28,30,30,29.33,29.6,0.8,3,6,Light,1,0,0,2,6,10.0,2,1,High,7413,9,0,0,1.9,-548,0,1,1,0,0,0,0,0,0,0,2026-02-25,29,29
U05452,8,36,154.3,59.8,25.1,2026-03-24,33,32,32,34,35,32.33,33.2,1.17,5,6,Medium,0,0,0,8,2,8.0,5,7,High,9705,3,0,1,1.1,90,1,0,0,0,0,0,0,0,0,0,2026-04-27,34,34
U05453,3,30,162.1,62.3,23.7,2026-07-08,29,26,31,28,30,28.67,28.8,1.72,6,6,Medium,1,0,0,7,10,7.7,1,5,Moderate,2569,3,0,1,1.0,387,0,0,0,0,0,0,0,0,0,0,2026-08-06,29,29
U05454,12,32,145.0,43.9,20.9,2026-05-21,25,24,27,24,26,25.33,25.2,1.17,4,5,Medium,0,0,0,1,2,6.4,5,4,Low,13597,4,0,0,1.3,463,0,0,0,0,0,0,0,0,0,0,2026-06-12,22,22
U05455,7,31,172.7,63.5,21.3,2026-02-10,31,34,30,32,36,31.67,32.6,2.15,7,3,Medium,0,0,0,5,5,7.4,7,7,Moderate,11400,8,0,0,-0.8,-355,0,0,0,0,0,0,0,0,0,1,2026-03-13,31,31
U05456,7,25,154.9,52.1,21.7,2026-05-19,38,42,39,36,40,39.67,39.0,2.0,5,7,Medium,0,0,1,2,4,4.8,5,3,High,11333,4,1,0,0.7,-364,0,0,1,1,0,0,1,0,0,0,2026-06-24,36,36
U05457,10,26,160.8,43.4,16.8,2026-03-21,30,33,32,30,30,31.67,31.0,1.26,6,4,Heavy,0,0,0,2,9,7.5,7,0,High,4703,8,0,1,0.5,-339,0,0,0,0,0,0,0,0,0,0,2026-04-20,30,30
U05458,4,22,158.0,51.9,20.8,2026-04-17,29,32,33,30,29,31.33,30.6,1.62,5,5,Medium,0,0,0,6,5,6.1,9,6,Moderate,5016,1,0,0,0.5,-551,0,0,0,0,1,0,0,0,0,0,2026-05-14,27,27
U05459,2,36,156.4,58.5,23.9,2026-03-30,29,27,30,27,31,28.67,28.8,1.6,3,5,Medium,0,0,0,5,9,8.4,9,4,Low,5232,10,0,0,-0.7,325,0,0,0,0,0,0,0,0,0,0,2026-04-29,30,30
U05460,2,27,159.2,60.3,23.8,2026-04-09,28,28,27,30,30,27.67,28.6,1.2,5,7,Medium,0,0,0,5,5,6.3,6,2,Moderate,11388,9,0,0,-0.5,231,0,0,1,0,0,0,0,0,0,1,2026-05-08,29,29
U05461,2,25,161.2,76.1,29.3,2026-01-06,28,27,22,27,27,25.67,26.2,2.14,7,4,Medium,0,0,0,3,10,7.9,7,6,Low,10748,8,0,0,2.3,48,0,0,0,0,0,0,0,0,0,0,2026-02-03,28,28
U05462,3,21,161.2,65.7,25.3,2026-05-02,31,30,29,30,30,30.0,30.0,0.63,5,7,Medium,1,1,0,9,5,7.1,9,3,High,5816,8,0,0,1.3,237,0,0,0,0,0,0,1,0,0,1,2026-06-02,31,31
U05463,4,37,166.9,56.5,20.3,2026-03-14,33,36,33,31,29,34.0,32.4,2.33,4,5,Medium,0,1,0,5,9,5.4,1,0,High,13115,5,0,0,0.7,-254,0,0,0,0,0,0,0,0,0,0,2026-04-18,35,35
U05464,3,21,163.1,42.6,16.0,2026-01-22,28,27,29,29,30,28.0,28.6,1.02,5,4,Medium,0,0,0,10,5,6.4,8,2,Low,6528,4,0,0,-0.4,64,0,0,0,0,0,0,0,0,0,0,2026-02-18,27,27
U05465,10,26,158.6,60.6,24.1,2026-03-04,30,30,28,29,33,29.33,30.0,1.67,7,4,Medium,0,0,0,6,10,4.8,5,7,Moderate,8086,2,0,0,-1.0,117,0,0,1,0,0,0,0,0,0,1,2026-04-03,30,30
U05466,12,36,149.6,51.7,23.1,2026-06-30,28,28,28,29,31,28.0,28.8,1.17,5,3,Medium,0,0,0,4,10,6.1,1,7,Moderate,13846,7,0,1,-2.0,-525,0,1,1,0,0,0,0,1,0,0,2026-07-29,29,29
U05467,7,26,164.6,72.9,26.9,2026-06-18,28,31,28,26,29,29.0,28.4,1.62,7,7,Medium,0,0,0,2,6,7.2,1,5,Moderate,11386,9,0,0,-0.8,352,1,1,0,0,0,1,0,0,0,0,2026-07-14,26,26
U05468,11,19,163.1,50.0,18.8,2026-06-30,31,33,31,33,27,31.67,31.0,2.19,6,3,Heavy,0,0,0,1,1,5.2,9,2,Low,11949,6,0,0,0.4,-73,1,0,0,0,0,0,0,0,0,0,2026-07-30,30,30
U05469,3,30,163.4,67.8,25.4,2026-08-03,29,29,27,28,28,28.33,28.2,0.75,4,3,Medium,1,0,0,3,4,4.6,5,7,Low,12672,3,0,0,0.2,465,0,0,0,0,0,0,0,0,0,0,2026-08-30,27,27
U05470,7,37,163.2,58.9,22.1,2026-06-27,33,34,35,32,30,34.0,32.8,1.72,5,7,Medium,0,1,1,2,2,6.6,8,3,Moderate,13185,10,0,1,-0.6,114,0,0,0,1,0,0,0,0,0,0,2026-07-28,31,31
U05471,12,34,163.9,59.1,22.0,2026-03-05,29,30,29,32,30,29.33,30.0,1.1,5,6,Heavy,0,0,0,7,8,5.8,1,2,Moderate,9967,5,0,1,0.1,50,0,0,0,0,0,0,0,0,1,0,2026-04-04,30,30
U05472,2,21,153.8,39.7,16.8,2026-07-30,30,29,30,29,30,29.67,29.6,0.49,7,6,Heavy,0,0,0,9,3,5.9,2,4,Moderate,8344,5,0,0,-0.2,458,0,0,0,0,0,0,0,0,0,0,2026-08-29,30,30
U05473,12,36,158.5,57.0,22.7,2026-07-13,30,30,30,33,30,30.0,30.6,1.2,7,6,Light,0,0,0,3,9,8.2,9,0,Low,3468,2,0,0,-1.8,-51,1,0,0,0,0,0,0,0,0,0,2026-08-10,28,28
U05474,8,21,171.5,67.9,23.1,2026-01-20,31,29,33,31,30,31.0,30.8,1.33,7,4,Heavy,0,0,0,7,9,5.5,9,1,Moderate,10143,5,0,0,0.2,-335,0,0,0,0,0,1,0,0,0,1,2026-02-22,33,33
U05475,6,40,150.8,65.0,28.6,2026-06-24,29,29,28,27,29,28.67,28.4,0.8,3,6,Medium,0,0,0,3,2,6.1,6,2,Moderate,5393,4,0,0,0.0,-271,0,0,0,0,0,0,0,0,0,0,2026-07-24,30,30
U05476,12,20,154.7,39.5,16.5,2026-05-11,25,23,26,23,26,24.67,24.6,1.36,5,4,Heavy,0,0,0,4,6,7.4,5,1,Low,8169,7,0,0,0.3,-189,0,1,0,0,0,0,0,0,0,0,2026-06-04,24,24
U05477,4,21,154.6,55.2,23.1,2026-06-27,33,34,32,32,32,33.0,32.6,0.8,5,4,Light,0,0,0,9,7,5.9,2,0,Low,3048,1,1,0,0.8,-188,0,0,0,0,1,0,0,0,0,0,2026-08-01,35,35
U05478,7,25,159.1,61.5,24.3,2026-06-12,29,29,27,31,30,28.33,29.2,1.33,5,5,Medium,0,0,0,6,5,6.7,2,0,High,13118,6,0,0,0.4,-103,0,0,1,0,1,0,0,0,0,1,2026-07-13,31,31
U05479,4,21,163.5,66.8,25.0,2026-06-03,29,29,29,30,29,29.0,29.2,0.4,6,4,Light,0,0,0,9,2,5.7,7,3,Low,12854,10,1,0,0.4,-68,0,0,0,0,0,0,0,0,0,1,2026-07-01,28,28
U05480,4,30,160.6,58.5,22.7,2026-06-30,29,25,30,29,32,28.0,29.0,2.28,7,3,Medium,0,0,0,7,8,8.3,3,3,Moderate,7228,10,0,0,-1.0,-152,0,0,0,0,0,0,0,0,0,0,2026-07-28,28,28
U05481,8,19,153.0,44.7,19.1,2026-02-07,32,31,30,32,32,31.0,31.4,0.8,7,7,Medium,1,0,0,10,2,6.7,3,4,Moderate,13018,6,0,0,0.1,-58,0,0,0,0,0,0,0,0,0,1,2026-03-15,36,36
U05482,3,28,158.3,64.2,25.6,2026-03-03,27,28,27,26,26,27.33,26.8,0.75,7,7,Medium,0,0,0,1,10,8.6,10,2,Moderate,10466,4,0,1,0.4,309,0,1,0,0,0,0,0,0,0,1,2026-03-30,27,27
U05483,11,25,169.4,69.4,24.2,2026-07-01,30,30,30,30,31,30.0,30.2,0.4,4,3,Heavy,0,0,0,4,4,6.1,10,1,Moderate,10805,9,0,0,-0.3,360,0,0,0,0,1,0,0,0,0,0,2026-07-31,30,30
U05484,9,38,155.7,48.7,20.1,2026-07-15,24,26,24,24,24,24.67,24.4,0.8,3,7,Medium,1,0,0,6,5,7.1,5,3,Low,9278,9,0,0,1.2,6,0,0,0,0,0,0,0,0,0,0,2026-08-09,25,25
U05485,12,36,157.9,54.9,22.0,2026-04-13,30,31,30,32,31,30.33,30.8,0.75,7,7,Medium,0,0,0,5,9,5.7,2,5,Low,13355,10,0,0,0.5,-71,0,1,0,0,0,0,0,1,1,0,2026-05-12,29,29
U05486,3,32,163.8,53.7,20.0,2026-07-06,30,26,30,29,31,28.67,29.2,1.72,6,5,Medium,0,0,0,7,8,7.7,7,3,High,3543,6,0,0,0.7,299,0,0,0,0,0,0,0,0,0,0,2026-08-07,32,32
U05487,3,38,156.1,53.9,22.1,2026-07-14,30,30,30,34,32,30.0,31.2,1.6,7,6,Heavy,0,0,0,6,1,8.4,4,4,Low,11018,8,0,1,-0.7,-106,0,1,0,0,0,0,0,0,0,0,2026-08-13,30,30
U05488,8,26,153.1,52.3,22.3,2026-08-09,34,37,36,36,34,35.67,35.4,1.2,5,5,Medium,0,0,0,1,10,7.7,7,3,High,7524,10,0,0,1.0,-535,0,0,1,0,0,0,0,0,1,0,2026-09-10,32,32
U05489,3,30,159.6,68.5,26.9,2026-06-08,31,31,30,31,29,30.67,30.4,0.8,7,6,Medium,0,0,0,5,5,6.7,9,2,Moderate,3238,1,0,0,-0.8,-391,1,0,0,0,0,0,0,0,0,0,2026-07-09,31,31
U05490,9,28,159.3,49.0,19.3,2026-05-02,32,32,32,34,33,32.0,32.6,0.8,7,7,Medium,0,0,0,5,5,5.7,5,4,Low,6397,2,0,0,-1.0,-531,0,1,0,0,0,0,0,0,0,0,2026-06-04,33,33
U05491,7,21,153.1,55.1,23.5,2026-04-19,32,32,32,32,34,32.0,32.4,0.8,4,3,Medium,0,0,0,4,5,7.2,10,3,Low,8161,7,0,1,-0.3,-445,0,0,0,0,1,0,0,0,0,0,2026-05-22,33,33
U05492,8,23,162.7,78.6,29.7,2026-04-22,29,30,24,33,28,27.67,28.8,2.93,4,6,Light,0,0,1,2,2,7.2,7,7,High,5624,10,1,0,0.8,-89,0,0,0,1,0,0,0,0,0,0,2026-05-20,28,28
U05493,9,33,180.0,87.2,26.9,2026-02-13,28,30,30,27,32,29.33,29.4,1.74,4,5,Medium,0,0,0,9,1,6.9,1,7,Moderate,4861,7,0,0,-0.6,68,1,0,0,0,0,0,0,0,0,0,2026-03-14,29,29
U05494,9,34,155.1,49.1,20.4,2026-02-18,27,29,26,28,26,27.33,27.2,1.17,3,4,Medium,0,0,0,10,9,7.3,5,4,High,10211,1,0,0,1.1,-638,0,0,0,0,0,0,0,0,0,0,2026-03-19,29,29
U05495,9,19,168.9,60.5,21.2,2026-06-13,28,31,30,27,25,29.67,28.2,2.14,5,5,Medium,0,0,0,4,5,6.0,7,3,Moderate,9620,9,0,0,0.5,-638,0,0,0,0,0,0,0,0,0,0,2026-07-06,23,23
U05496,6,30,157.5,44.9,18.1,2026-03-16,30,32,29,33,30,30.33,30.8,1.47,3,7,Medium,0,1,0,4,6,6.8,2,0,Low,3908,10,0,0,0.6,45,0,1,0,0,0,0,0,0,1,0,2026-04-13,28,28
U05497,6,32,163.2,64.2,24.1,2026-02-27,31,33,30,35,30,31.33,31.8,1.94,7,3,Medium,0,0,0,7,10,9.6,3,4,Low,13204,7,0,0,2.0,-664,1,1,0,0,0,0,0,0,0,0,2026-03-30,31,31
U05498,4,32,152.5,43.5,18.7,2026-05-04,31,30,32,32,34,31.0,31.8,1.33,7,3,Light,0,0,0,1,4,7.0,1,2,Low,2418,6,0,0,0.7,-548,0,1,0,0,0,0,0,0,0,0,2026-06-03,30,30
U05499,8,24,160.2,50.6,19.7,2026-06-28,29,29,25,28,29,27.67,28.0,1.55,4,7,Medium,0,0,0,6,6,6.4,9,7,Low,13610,3,0,0,-1.1,121,1,1,0,0,0,0,0,0,0,0,2026-07-25,27,27
U05500,12,18,160.7,41.3,16.0,2026-01-04,28,28,25,27,29,27.0,27.4,1.36,4,3,Medium,0,0,0,5,2,6.2,9,6,Moderate,11951,2,0,0,-1.0,374,0,0,0,0,0,1,0,0,0,0,2026-01-31,27,27
U05501,5,22,161.1,49.8,19.2,2026-05-08,26,26,26,23,29,26.0,26.0,1.9,4,5,Medium,0,0,0,6,6,6.9,1,6,High,11000,8,0,0,1.7,-563,0,0,0,0,0,0,0,0,0,1,2026-06-02,25,25
U05502,10,38,161.9,42.2,16.1,2026-06-07,32,32,32,32,33,32.0,32.2,0.4,4,7,Medium,0,0,1,4,10,6.1,1,1,Moderate,3237,3,0,0,0.0,-326,1,0,0,1,0,0,0,0,0,0,2026-07-07,30,30
U05503,10,28,165.2,70.4,25.8,2026-08-17,34,31,33,34,35,32.67,33.4,1.36,6,3,Heavy,0,0,0,4,7,7.3,6,1,Moderate,12937,4,0,0,-1.1,357,0,1,1,0,1,0,0,0,0,0,2026-09-22,36,36
U05504,6,38,159.6,51.7,20.3,2026-06-05,32,30,30,29,32,30.67,30.6,1.2,6,3,Medium,0,1,0,10,1,6.4,9,6,Moderate,4183,3,0,0,-0.7,-619,0,0,0,0,0,0,0,0,0,0,2026-07-08,33,33
U05505,2,20,164.7,59.9,22.1,2026-08-16,34,34,33,35,34,33.67,34.0,0.63,6,7,Heavy,0,0,1,5,10,5.2,6,4,Low,7406,5,0,0,1.6,-631,0,1,0,1,0,0,0,0,0,0,2026-09-16,31,31
U05506,10,34,160.0,70.4,27.5,2026-03-07,27,25,28,27,26,26.67,26.6,1.02,5,7,Medium,0,0,0,2,6,6.6,6,1,Moderate,10219,5,0,0,0.9,271,0,0,0,0,0,0,0,1,0,0,2026-04-01,25,25
U05507,10,29,159.7,58.1,22.8,2026-08-13,28,27,26,28,25,27.0,26.8,1.17,4,6,Heavy,0,0,0,6,2,9.1,5,5,Low,10314,6,0,0,-0.6,276,0,0,0,0,0,1,0,0,0,0,2026-09-10,28,28
U05508,9,19,154.9,70.3,29.3,2026-08-28,29,32,29,29,26,30.0,29.0,1.9,7,4,Medium,0,0,0,10,1,7.5,4,0,Moderate,7837,8,0,0,-0.5,102,0,0,0,0,0,0,0,0,0,0,2026-09-30,33,33
U05509,6,31,161.5,61.6,23.6,2026-07-28,30,30,32,30,33,30.67,31.0,1.26,4,5,Light,0,1,0,9,4,6.1,5,1,Moderate,4045,9,0,0,1.1,138,0,1,0,0,0,0,0,0,0,0,2026-08-29,32,32
U05510,2,25,167.8,66.5,23.6,2026-02-22,36,38,33,36,36,35.67,35.8,1.6,6,7,Medium,0,1,0,3,8,4.6,9,3,Moderate,3087,8,0,0,-0.6,-339,0,0,1,0,0,0,0,0,0,0,2026-04-01,38,38
U05511,10,28,159.6,57.1,22.4,2026-01-20,30,33,28,30,32,30.33,30.6,1.74,7,3,Light,0,0,0,8,7,7.4,6,3,Moderate,5989,3,1,0,0.4,-183,1,0,0,0,0,0,0,1,0,0,2026-02-21,32,32
U05512,8,24,150.3,47.2,20.9,2026-05-05,29,29,28,27,28,28.67,28.2,0.75,4,3,Medium,1,0,0,2,2,6.2,10,5,High,11508,7,0,0,0.1,374,0,0,1,0,0,0,0,0,0,0,2026-06-01,27,27
U05513,10,20,160.8,66.5,25.7,2026-01-07,27,27,27,30,30,27.0,28.2,1.47,5,4,Medium,0,0,0,9,1,8.1,1,4,Moderate,13023,2,0,0,2.2,305,0,0,0,0,0,0,0,0,0,0,2026-02-05,29,29
U05514,8,27,164.5,49.5,18.3,2026-04-01,32,31,32,31,30,31.67,31.2,0.75,5,4,Heavy,0,0,0,5,7,9.6,5,0,Moderate,6166,4,0,0,-0.4,-240,0,1,0,0,0,0,0,0,0,0,2026-05-02,31,31
U05515,10,38,159.2,59.3,23.4,2026-05-05,28,30,27,27,28,28.33,28.0,1.1,7,7,Light,0,0,0,7,10,6.2,5,2,Moderate,11932,8,0,0,0.3,376,1,0,1,0,0,0,0,0,0,0,2026-06-03,29,29
U05516,11,20,153.1,37.5,16.0,2026-04-16,35,35,36,34,35,35.33,35.0,0.63,3,3,Medium,0,0,0,9,10,8.9,4,1,High,5040,9,0,0,-0.9,-387,0,0,0,0,1,0,0,0,0,1,2026-05-21,35,35
U05517,5,35,157.0,59.9,24.3,2026-02-04,28,25,28,32,29,27.0,28.4,2.24,7,4,Medium,0,0,0,4,8,7.9,4,2,Moderate,13465,8,0,0,2.4,194,0,0,0,0,0,0,1,1,0,0,2026-03-03,27,27
U05518,12,23,172.9,97.8,32.7,2026-02-04,29,29,29,30,25,29.0,28.4,1.74,4,7,Medium,0,0,0,8,3,7.4,8,2,Moderate,10232,10,0,0,0.7,233,0,0,0,0,0,0,0,0,0,0,2026-03-09,33,33
U05519,4,25,161.6,63.7,24.4,2026-05-26,28,27,26,25,27,27.0,26.6,1.02,4,3,Medium,0,0,0,7,3,8.2,10,5,Moderate,7354,7,0,0,1.3,237,0,0,0,0,0,0,0,0,0,0,2026-06-26,31,31
U05520,12,28,157.3,48.7,19.7,2026-07-11,26,26,27,28,28,26.33,27.0,0.89,3,3,Medium,0,0,0,7,9,7.1,6,2,High,12785,5,0,0,-0.4,-264,0,0,0,0,0,0,0,0,0,0,2026-08-09,29,29
U05521,2,19,164.5,63.6,23.5,2026-05-14,33,32,28,29,30,31.0,30.4,1.85,7,5,Heavy,0,0,0,10,10,5.0,3,0,Low,2912,5,0,0,0.4,-189,0,0,0,0,0,0,0,1,0,1,2026-06-15,32,32
U05522,7,37,165.6,66.6,24.3,2026-08-20,30,27,30,31,28,29.0,29.2,1.47,4,4,Heavy,0,0,0,2,1,6.4,10,0,High,7102,5,0,0,0.2,-69,0,1,1,0,0,1,0,0,0,0,2026-09-18,29,29
U05523,10,27,167.5,45.2,16.1,2026-02-11,30,31,29,28,30,30.0,29.6,1.02,6,6,Medium,0,0,0,6,4,7.5,9,0,Low,2208,7,0,0,-0.5,-636,0,0,0,0,0,1,0,0,0,0,2026-03-14,31,31
U05524,9,37,164.0,83.4,31.0,2026-07-26,30,34,29,31,29,31.0,30.6,1.85,5,5,Light,0,0,0,1,5,5.2,8,6,High,5799,3,0,0,-0.6,-265,1,0,0,0,0,0,1,0,0,0,2026-08-27,32,32
U05525,10,24,154.7,57.9,24.2,2026-07-29,27,26,27,28,25,26.67,26.6,1.02,6,7,Light,0,0,0,10,6,4.5,8,7,High,3472,1,0,1,-0.8,-44,0,0,1,0,0,1,0,0,0,0,2026-08-29,31,31
U05526,8,32,168.4,65.5,23.1,2026-06-16,32,32,32,29,27,32.0,30.4,2.06,3,5,Heavy,0,0,1,2,1,6.7,6,3,Low,2508,9,0,0,-0.3,313,0,1,0,1,0,0,0,0,0,0,2026-07-19,33,33
U05527,9,20,159.6,63.4,24.9,2026-03-05,28,27,27,27,26,27.33,27.0,0.63,3,4,Heavy,0,0,0,8,8,5.8,9,4,Low,12270,2,0,0,0.5,-604,0,0,0,0,0,0,0,0,0,0,2026-04-02,28,28
U05528,4,18,158.0,63.2,25.3,2026-03-01,34,33,34,31,35,33.67,33.4,1.36,3,5,Medium,0,0,0,7,10,8.1,8,3,Moderate,10234,9,0,0,1.0,-408,0,0,1,0,0,0,0,0,0,0,2026-04-06,36,36
U05529,3,23,157.6,58.4,23.5,2026-05-30,26,28,26,26,20,26.67,25.2,2.71,5,7,Medium,0,0,0,1,6,7.6,8,3,Low,11848,4,0,0,-0.1,-9,0,0,1,0,0,0,0,0,0,0,2026-06-20,21,21
U05530,7,29,160.6,66.5,25.8,2026-08-26,37,36,36,37,36,36.33,36.4,0.49,6,4,Heavy,0,0,0,8,8,6.1,1,1,High,9227,6,0,0,0.1,141,1,0,0,0,0,0,1,0,0,0,2026-10-06,41,41
U05531,9,28,163.0,53.9,20.3,2026-04-16,27,27,30,25,28,28.0,27.4,1.62,3,6,Light,0,0,0,9,7,8.1,3,4,High,7066,1,0,0,1.6,-18,0,0,1,0,0,0,0,1,0,0,2026-05-16,30,30
U05532,4,39,165.4,53.1,19.4,2026-02-11,29,33,32,30,30,31.33,30.8,1.47,5,4,Light,0,1,0,10,2,6.7,5,3,Low,4050,10,0,1,0.3,-530,0,0,0,0,0,1,0,0,0,0,2026-03-16,33,33
U05533,11,25,145.0,35.5,16.9,2026-06-10,32,32,31,31,33,31.67,31.8,0.75,7,4,Medium,0,0,0,3,7,5.3,9,4,Low,13421,7,0,0,-2.9,346,0,0,0,0,0,0,0,0,0,0,2026-07-10,30,30
U05534,2,23,155.7,59.9,24.7,2026-01-10,27,28,27,27,28,27.33,27.4,0.49,5,7,Medium,0,0,0,1,6,8.1,7,2,Moderate,4452,9,0,0,0.4,475,0,0,1,0,0,0,1,1,0,0,2026-02-07,28,28
U05535,3,34,155.2,57.3,23.8,2026-04-02,28,24,27,28,27,26.33,26.8,1.47,7,3,Medium,0,0,0,5,10,8.6,8,1,Low,11710,3,0,0,-0.8,64,0,0,1,0,0,0,0,0,0,0,2026-05-01,29,29
U05536,7,18,157.7,68.9,27.7,2026-03-05,23,23,25,23,24,23.67,23.6,0.8,7,7,Medium,0,0,0,3,7,6.9,4,1,Moderate,13547,9,0,1,0.5,-553,0,0,0,0,0,0,0,0,0,0,2026-03-28,23,23
U05537,9,37,161.6,59.8,22.9,2026-07-24,25,26,23,25,24,24.67,24.6,1.02,7,5,Medium,0,0,1,6,9,5.6,1,3,Moderate,4392,10,0,0,-1.8,7,0,0,0,1,0,0,0,0,0,0,2026-08-18,25,25
U05538,7,25,172.6,80.7,27.1,2026-03-14,27,24,27,30,27,26.0,27.0,1.9,7,7,Medium,0,0,0,7,2,6.8,9,3,Moderate,7541,5,0,0,-1.5,251,0,1,0,0,0,0,1,0,0,1,2026-04-11,28,28
U05539,12,25,158.8,67.8,26.9,2026-05-20,27,27,28,29,28,27.33,27.8,0.75,6,5,Light,1,0,1,2,5,7.2,8,5,High,7775,9,0,0,-2.7,-502,0,0,1,1,0,0,0,0,0,0,2026-06-14,25,25
U05540,6,28,150.4,53.8,23.8,2026-03-18,31,30,31,33,27,30.67,30.4,1.96,5,4,Medium,0,0,0,4,8,6.8,4,6,High,5038,3,0,0,-0.0,406,1,0,0,0,0,0,0,0,0,0,2026-04-15,28,28
U05541,12,23,159.0,46.0,18.2,2026-06-06,28,28,27,28,26,27.67,27.4,0.8,4,6,Light,0,0,0,8,1,7.9,4,0,High,8086,6,0,0,0.9,-535,1,0,1,0,0,0,0,0,0,0,2026-07-03,27,27
U05542,3,40,158.7,57.2,22.7,2026-07-18,31,31,30,32,30,30.67,30.8,0.75,5,6,Medium,0,0,1,2,1,6.8,9,5,Low,12973,3,0,0,-1.1,-192,0,0,0,1,0,0,0,0,0,0,2026-08-16,29,29
U05543,9,21,145.0,39.9,19.0,2026-06-29,31,30,29,32,30,30.0,30.4,1.02,6,3,Medium,0,0,0,4,1,6.3,10,4,Moderate,6026,7,0,1,-0.1,170,0,1,0,0,0,0,0,0,0,0,2026-08-04,36,36
U05544,11,40,153.2,52.1,22.2,2026-01-26,32,32,34,34,29,32.67,32.2,1.83,6,3,Medium,0,0,0,10,4,7.5,5,6,High,9433,2,0,0,-1.7,-698,0,0,0,0,0,0,0,1,0,0,2026-02-26,31,31
U05545,4,29,162.4,53.3,20.2,2026-04-04,26,24,26,23,27,25.33,25.2,1.47,4,3,Heavy,0,1,0,6,7,6.6,7,3,Moderate,12545,10,1,0,0.5,154,0,0,0,0,0,0,0,0,0,0,2026-04-28,24,24
U05546,7,19,164.8,78.5,28.9,2026-07-31,31,29,30,32,31,30.0,30.6,1.02,6,4,Medium,0,0,0,1,8,8.7,7,2,Low,2517,3,0,0,-0.8,442,0,0,0,0,0,1,0,0,0,0,2026-08-28,28,28
U05547,7,24,158.8,61.5,24.4,2026-04-15,38,40,38,41,40,38.67,39.4,1.2,4,4,Medium,0,0,1,9,6,7.9,4,2,Low,10000,10,0,0,0.7,-269,0,0,0,1,1,0,0,0,0,1,2026-05-22,37,37
U05548,7,32,156.6,63.8,26.0,2026-06-04,30,29,31,29,30,30.0,29.8,0.75,3,7,Medium,1,0,0,1,7,4.8,2,1,Low,4384,2,1,0,-0.3,-417,0,0,0,0,0,0,0,0,0,1,2026-07-03,29,29
U05549,5,38,150.3,50.6,22.4,2026-02-14,27,28,28,28,29,27.67,28.0,0.63,6,3,Light,0,0,0,1,8,6.3,7,4,Low,5709,10,0,0,0.8,-402,0,0,0,0,0,0,0,0,0,0,2026-03-11,25,25
U05550,7,27,164.0,63.2,23.5,2026-06-12,29,30,28,27,29,29.0,28.6,1.02,4,4,Medium,0,0,0,4,4,7.9,3,4,Low,3808,6,0,0,-0.5,207,0,0,1,0,0,0,0,0,0,0,2026-07-10,28,28
U05551,10,24,156.1,53.6,22.0,2026-03-29,30,29,29,29,26,29.33,28.6,1.36,6,5,Medium,0,1,0,6,2,8.1,6,4,Low,5136,4,0,0,-0.2,-269,0,0,0,0,0,0,0,0,0,0,2026-04-28,30,30
U05552,6,34,153.0,42.8,18.3,2026-07-24,28,27,27,26,27,27.33,27.0,0.63,7,3,Medium,0,0,0,3,9,8.9,9,7,High,5830,10,0,0,1.6,-211,0,0,0,0,0,0,0,0,0,0,2026-08-24,31,31
U05553,5,25,154.6,53.1,22.2,2026-05-10,28,29,27,28,26,28.0,27.6,1.02,4,4,Light,0,0,0,3,10,7.6,5,3,Moderate,5131,9,0,0,-0.8,451,0,0,0,0,0,0,0,0,0,0,2026-06-04,25,25
U05554,12,38,156.9,55.1,22.4,2026-07-14,29,27,28,30,29,28.0,28.6,1.02,6,4,Light,0,1,0,4,9,7.4,10,1,Low,13270,8,0,0,0.7,343,0,1,0,0,0,0,0,0,0,0,2026-08-13,30,30
U05555,10,19,161.0,58.8,22.7,2026-06-30,31,29,30,32,30,30.0,30.4,1.02,3,3,Medium,0,0,1,10,2,7.2,3,2,Moderate,5530,6,0,0,-0.6,-238,0,0,0,1,0,0,0,0,0,1,2026-08-02,33,33
U05556,12,35,171.0,59.1,20.2,2026-08-05,28,29,30,30,27,29.0,28.8,1.17,4,6,Medium,0,0,0,9,3,8.9,8,1,Low,6956,3,0,0,-1.6,247,0,1,1,0,0,0,0,0,0,0,2026-09-04,30,30
U05557,8,30,169.6,57.2,19.9,2026-05-25,32,34,32,32,29,32.67,31.8,1.6,7,3,Medium,0,0,0,8,8,7.8,8,6,Moderate,11856,10,0,0,0.3,322,0,0,0,0,0,0,0,0,0,0,2026-06-26,32,32
U05558,4,28,145.0,43.3,20.6,2026-06-15,33,33,30,36,37,32.0,33.8,2.48,6,4,Medium,0,0,1,1,3,5.1,2,4,Low,10300,7,0,0,2.2,-481,0,0,0,1,0,0,0,0,0,0,2026-07-19,34,34
U05559,11,22,164.7,61.8,22.8,2026-07-31,31,29,33,28,29,31.0,30.0,1.79,7,3,Medium,1,0,0,10,7,9.4,8,3,High,4553,1,0,0,-0.5,-378,1,0,0,0,0,0,0,0,0,0,2026-09-03,34,34
U05560,2,18,158.7,67.5,26.8,2026-03-30,27,29,26,25,30,27.33,27.4,1.85,7,5,Medium,0,0,0,4,10,6.9,9,1,Moderate,13517,6,1,0,0.4,-76,1,0,0,0,0,0,0,0,0,0,2026-04-26,27,27
U05561,9,35,159.9,53.7,21.0,2026-05-28,26,26,28,29,26,26.67,27.0,1.26,7,3,Heavy,0,0,0,2,9,7.1,1,4,High,11542,9,0,0,1.0,-151,0,0,0,0,0,0,0,1,0,0,2026-06-23,26,26
U05562,8,39,166.8,54.8,19.7,2026-07-26,29,31,28,27,29,29.33,28.8,1.33,5,3,Heavy,0,0,0,4,6,6.1,4,6,Low,9519,1,0,0,0.5,35,0,0,0,0,0,0,0,0,0,0,2026-08-24,29,29
U05563,12,31,156.1,60.2,24.7,2026-04-19,32,31,29,27,30,30.67,29.8,1.72,5,7,Heavy,0,0,0,10,5,7.3,8,0,Moderate,7550,9,1,0,0.1,-556,0,1,0,0,0,0,0,0,0,0,2026-05-21,32,32
U05564,5,39,167.2,58.4,20.9,2026-07-02,35,36,38,35,36,36.33,36.0,1.1,6,4,Medium,0,0,1,7,9,7.2,10,7,Low,3336,1,0,0,0.1,400,0,0,0,1,0,0,1,0,0,0,2026-08-08,37,37
U05565,4,27,166.3,60.8,22.0,2026-01-22,25,25,25,25,28,25.0,25.6,1.2,4,7,Heavy,0,0,0,2,7,6.9,5,6,Low,2362,1,0,0,-0.6,-271,0,0,1,0,0,0,0,0,0,0,2026-02-14,23,23
U05566,3,32,160.7,62.0,24.0,2026-08-10,25,26,25,26,25,25.33,25.4,0.49,3,3,Light,0,0,0,8,10,7.5,7,6,Moderate,9207,10,0,0,0.1,-338,0,0,0,0,0,0,0,0,0,0,2026-09-05,26,26
U05567,8,18,162.7,69.6,26.3,2026-03-04,27,29,29,24,28,28.33,27.4,1.85,6,4,Heavy,0,0,0,6,8,6.7,8,6,High,9595,8,0,0,-1.2,-168,0,0,0,0,0,0,0,0,0,0,2026-03-31,27,27
U05568,10,38,161.0,83.7,32.3,2026-06-19,25,25,29,27,25,26.33,26.2,1.6,7,5,Light,0,0,0,3,6,6.3,10,5,Low,9489,3,0,0,1.1,6,0,0,0,0,0,0,0,0,0,1,2026-07-16,27,27
U05569,12,33,152.3,37.1,16.0,2026-03-29,30,30,30,30,33,30.0,30.6,1.2,5,5,Heavy,0,0,0,6,9,8.7,3,7,High,11009,8,0,1,1.8,93,0,0,0,0,0,0,0,0,0,0,2026-04-25,27,27
U05570,12,25,166.1,44.1,16.0,2026-04-12,30,28,30,29,31,29.33,29.6,1.02,3,4,Medium,0,0,0,3,10,6.4,7,4,Moderate,8784,5,0,0,0.2,-533,1,0,0,0,0,0,0,0,0,0,2026-05-13,31,31
U05571,10,22,157.3,50.5,20.4,2026-02-06,30,27,31,32,29,29.33,29.8,1.72,5,5,Light,0,0,0,6,3,6.5,2,6,High,6794,1,0,0,1.2,427,0,0,0,0,0,0,0,0,0,0,2026-03-07,29,29
U05572,2,26,164.6,63.1,23.3,2026-02-01,32,30,29,31,32,30.33,30.8,1.17,6,5,Light,0,0,0,9,8,5.9,8,5,Moderate,8605,6,0,0,-0.0,-251,0,0,0,0,0,0,0,0,0,1,2026-03-07,34,34
U05573,9,27,146.5,44.4,20.7,2026-08-20,32,34,34,32,31,33.33,32.6,1.2,6,5,Medium,0,0,0,9,3,6.7,4,0,High,10983,10,0,0,-0.1,-149,0,1,0,0,0,0,0,0,0,0,2026-09-23,34,34
U05574,2,40,154.7,54.3,22.7,2026-06-05,28,30,27,25,26,28.33,27.2,1.72,6,5,Light,0,0,0,5,5,7.2,4,3,Moderate,3245,6,0,0,1.6,111,0,0,1,0,0,0,0,0,0,0,2026-07-05,30,30
U05575,6,32,163.2,68.2,25.6,2026-01-13,24,24,26,23,22,24.67,23.8,1.33,4,5,Heavy,0,0,0,7,7,6.9,4,6,Moderate,9616,9,1,0,1.1,33,0,0,0,0,0,0,0,0,0,0,2026-02-05,23,23
U05576,6,25,170.7,64.7,22.2,2026-07-17,27,30,25,25,27,27.33,26.8,1.83,5,5,Heavy,0,0,0,10,2,8.5,2,2,High,5470,8,0,0,0.7,464,0,0,0,0,0,0,0,0,0,0,2026-08-15,29,29
U05577,8,25,158.1,57.5,23.0,2026-01-26,27,25,26,25,26,26.0,25.8,0.75,7,5,Medium,0,0,0,9,7,6.0,3,4,Moderate,9383,5,0,0,0.6,-245,0,0,0,0,0,0,0,1,0,1,2026-02-24,29,29
U05578,2,28,155.4,48.1,19.9,2026-02-24,33,28,31,35,33,30.67,32.0,2.37,3,5,Medium,0,0,1,7,8,7.6,10,4,Moderate,2104,3,0,0,0.1,-320,0,0,0,1,0,0,0,1,0,1,2026-03-30,34,34
U05579,4,36,157.0,64.8,26.3,2026-02-14,31,33,34,30,29,32.67,31.4,1.85,6,4,Medium,0,0,1,1,2,7.3,4,3,Low,8401,5,1,1,0.2,-155,0,0,1,1,0,0,0,0,0,0,2026-03-15,29,29
U05580,4,25,167.7,65.5,23.3,2026-06-25,27,29,26,28,26,27.33,27.2,1.17,6,5,Heavy,0,1,0,8,1,8.4,3,2,Low,13391,4,0,0,0.7,-302,0,0,0,0,0,0,0,0,0,0,2026-07-17,22,22
U05581,3,32,149.7,43.9,19.6,2026-04-01,30,27,33,28,32,30.0,30.0,2.28,4,7,Light,0,0,0,9,10,5.2,5,0,Moderate,5413,9,0,0,1.0,-638,0,0,0,0,0,0,0,0,0,0,2026-04-30,29,29
U05582,2,22,159.5,66.1,26.0,2026-08-20,32,36,31,33,30,33.0,32.4,2.06,4,6,Light,0,0,0,4,9,7.6,9,0,High,8982,3,0,0,-0.8,-77,1,0,0,0,0,0,0,0,0,0,2026-09-20,31,31
U05583,4,18,159.1,50.4,19.9,2026-01-09,29,32,29,29,31,30.0,30.0,1.26,6,4,Medium,0,0,0,6,2,6.5,7,1,High,10273,9,0,0,-2.5,45,0,0,0,0,0,0,0,0,0,1,2026-02-07,29,29
U05584,3,28,155.3,46.8,19.4,2026-06-08,34,32,31,31,34,32.33,32.4,1.36,5,6,Heavy,1,1,1,8,1,8.0,3,5,Low,9018,4,0,0,-1.0,-265,0,0,0,1,0,0,0,0,0,0,2026-07-12,34,34
U05585,10,21,156.9,47.5,19.3,2026-08-16,35,35,33,36,39,34.33,35.6,1.96,5,6,Heavy,0,0,1,3,8,5.4,3,6,Moderate,4259,4,0,0,-0.7,-490,1,0,0,1,0,0,0,1,0,0,2026-09-23,38,38
U05586,3,35,173.4,85.7,28.5,2026-01-05,27,29,27,28,24,27.67,27.0,1.67,6,7,Medium,0,0,0,9,7,9.2,5,2,High,3505,6,0,0,-0.2,-356,0,1,0,0,0,0,0,0,0,0,2026-02-01,27,27
U05587,3,32,151.8,49.5,21.5,2026-03-07,28,28,26,28,29,27.33,27.8,0.98,4,6,Medium,0,0,0,8,6,7.4,9,0,Low,12078,8,0,0,-1.0,-173,0,0,1,0,0,0,0,0,0,0,2026-04-03,27,27
U05588,9,34,173.9,77.4,25.6,2026-07-23,32,32,33,34,33,32.33,32.8,0.75,5,5,Medium,0,0,1,4,9,7.9,2,5,High,7813,9,0,0,-0.8,-556,0,0,0,1,0,0,0,0,0,0,2026-08-25,33,33
U05589,10,31,154.0,62.6,26.4,2026-04-17,27,30,28,29,30,28.33,28.8,1.17,7,3,Medium,0,0,0,2,4,6.3,7,0,Moderate,12614,2,0,0,-0.7,335,0,0,0,0,0,0,0,0,0,0,2026-05-13,26,26
U05590,10,19,150.6,39.9,17.6,2026-08-10,36,38,35,37,34,36.33,36.0,1.41,4,3,Medium,0,0,1,7,10,5.1,5,1,Low,9353,1,0,0,1.2,364,0,0,0,1,0,0,0,0,0,0,2026-09-17,38,38
U05591,5,37,157.5,46.4,18.7,2026-03-18,29,33,32,34,30,31.33,31.6,1.85,5,7,Light,0,0,0,1,6,8.4,7,4,High,9512,2,0,1,-0.6,-67,1,0,0,0,0,0,0,1,0,0,2026-04-15,28,28
U05592,3,25,162.7,45.8,17.3,2026-01-05,25,29,23,25,23,25.67,25.0,2.19,6,6,Medium,0,0,0,9,2,6.7,6,1,Low,6037,5,0,0,0.1,-660,0,1,0,0,0,0,1,0,0,0,2026-02-01,27,27
U05593,5,36,151.2,55.1,24.1,2026-04-10,31,31,31,30,33,31.0,31.2,0.98,5,4,Light,1,0,0,5,10,6.6,8,0,High,3953,5,0,0,-2.1,380,0,0,0,0,0,0,0,0,0,0,2026-05-14,34,34
U05594,10,36,162.6,65.0,24.6,2026-07-04,27,29,26,29,23,27.33,26.8,2.23,3,7,Heavy,0,0,0,3,5,5.4,10,5,Moderate,3608,8,0,0,-0.0,-411,0,0,0,0,0,0,0,0,0,0,2026-07-31,27,27
U05595,11,28,179.9,83.2,25.7,2026-01-06,28,29,28,29,25,28.33,27.8,1.47,3,3,Heavy,0,0,0,6,8,6.3,8,3,High,4798,6,0,0,-0.1,-345,0,1,0,0,0,0,0,0,0,0,2026-02-04,29,29
U05596,5,37,158.0,56.4,22.6,2026-01-25,28,27,28,28,24,27.67,27.0,1.55,3,3,Light,0,0,0,6,1,8.5,8,1,Moderate,11359,10,0,0,1.3,-50,0,0,0,0,0,0,0,0,0,0,2026-02-21,27,27
U05597,12,26,158.1,61.2,24.5,2026-02-15,30,29,29,31,30,29.33,29.8,0.75,7,6,Light,0,1,0,3,1,6.3,8,7,Low,5175,9,0,0,-0.3,324,0,0,0,0,0,0,0,0,0,0,2026-03-14,27,27
U05598,12,25,153.3,58.8,25.0,2026-07-19,32,31,31,29,34,31.33,31.4,1.62,6,5,Medium,0,1,0,2,9,7.4,1,7,Moderate,11920,9,0,1,0.6,-454,0,0,1,0,0,1,0,0,0,1,2026-08-19,31,31
U05599,4,22,159.7,56.6,22.2,2026-07-08,32,34,36,33,34,34.0,33.8,1.33,3,6,Medium,0,0,0,6,5,7.1,3,1,Low,13819,8,0,0,-0.7,265,0,0,1,0,1,0,0,0,0,0,2026-08-07,30,30
U05600,10,36,153.5,49.2,20.9,2026-02-25,30,31,32,31,29,31.0,30.6,1.02,7,6,Medium,0,0,0,8,7,8.2,4,4,High,6504,9,0,0,0.9,93,0,0,0,0,0,0,0,0,0,0,2026-03-27,30,30
U05601,4,25,165.1,63.0,23.1,2026-04-09,30,28,29,27,27,29.0,28.2,1.17,6,3,Light,0,0,0,3,6,6.3,6,7,Moderate,7571,9,0,1,-0.5,-364,0,0,0,0,0,0,0,1,0,0,2026-05-09,30,30
U05602,9,34,153.5,59.8,25.4,2026-06-14,35,35,35,34,35,35.0,34.8,0.4,5,3,Heavy,0,0,1,4,2,5.5,1,6,Moderate,10339,10,0,1,-1.2,-586,0,0,1,1,0,0,0,1,0,0,2026-07-21,37,37
U05603,10,26,158.9,69.2,27.4,2026-06-10,34,33,35,34,35,34.0,34.2,0.75,4,5,Medium,0,0,1,10,8,6.8,5,3,Moderate,4537,7,0,0,-0.4,-262,0,0,0,1,0,0,0,0,0,0,2026-07-16,36,36
U05604,4,26,159.2,78.1,30.8,2026-01-06,31,30,34,31,30,31.67,31.2,1.47,5,4,Medium,0,0,0,9,10,8.3,7,1,Moderate,3272,7,0,0,0.9,-137,0,0,0,0,0,0,1,0,0,0,2026-02-10,35,35
U05605,7,21,151.7,47.4,20.6,2026-04-04,30,27,26,28,28,27.67,27.8,1.33,7,3,Light,0,0,0,2,5,9.0,8,3,Moderate,6949,7,0,0,0.4,332,0,0,0,0,0,0,0,0,0,0,2026-05-05,31,31
U05606,4,30,163.2,64.2,24.1,2026-05-12,29,28,26,28,28,27.67,27.8,0.98,7,6,Medium,0,0,0,7,1,6.7,5,6,Low,13131,10,0,0,0.3,15,0,0,0,0,0,0,0,0,0,0,2026-06-11,30,30
U05607,7,28,159.2,63.6,25.1,2026-05-23,27,29,29,26,27,28.33,27.6,1.2,6,7,Medium,0,0,0,9,8,8.6,3,1,Moderate,13324,9,0,0,0.0,236,0,0,0,0,0,0,0,0,0,0,2026-06-20,28,28
U05608,5,21,168.0,45.2,16.0,2026-02-27,30,32,30,30,30,30.67,30.4,0.8,4,7,Heavy,0,0,0,4,5,7.4,1,6,Low,4152,8,0,0,2.0,-521,1,0,0,0,0,0,0,0,1,0,2026-03-31,32,32
U05609,3,32,162.2,53.7,20.4,2026-05-08,30,30,32,30,31,30.67,30.6,0.8,6,4,Medium,1,0,1,3,6,6.2,1,6,Low,4731,2,0,0,1.3,344,0,0,0,1,0,0,1,0,0,0,2026-06-06,29,29
U05610,9,18,160.6,54.7,21.2,2026-02-22,31,30,30,31,32,30.33,30.8,0.75,3,3,Light,0,0,0,4,8,8.7,4,2,Moderate,12212,3,1,0,1.1,-432,1,0,0,0,0,0,0,0,0,0,2026-03-28,34,34
U05611,10,28,165.6,65.8,24.0,2026-06-08,30,30,27,32,30,29.0,29.8,1.6,6,4,Light,0,0,0,4,8,7.8,7,1,Moderate,2657,8,0,0,-0.6,-288,0,0,0,0,0,0,0,0,0,0,2026-07-07,29,29
U05612,5,23,151.4,68.1,29.7,2026-07-07,24,22,25,25,24,23.67,24.0,1.1,7,4,Medium,0,0,0,5,3,7.4,3,5,Moderate,6390,3,0,0,0.9,-659,0,0,0,0,0,0,0,1,0,0,2026-07-31,24,24
U05613,7,20,152.8,50.4,21.6,2026-04-02,31,31,34,32,29,32.0,31.4,1.62,5,4,Medium,0,0,0,5,2,7.6,10,1,Moderate,7378,5,0,0,-0.5,68,1,0,0,0,0,0,0,0,0,0,2026-04-29,27,27
U05614,4,31,174.1,75.5,24.9,2026-06-24,29,32,30,27,29,30.33,29.4,1.62,7,7,Medium,0,0,0,2,3,7.0,2,7,High,8399,6,0,0,1.0,-119,0,0,0,0,0,0,0,0,0,0,2026-07-24,30,30
U05615,12,18,164.0,67.8,25.2,2026-03-22,30,29,29,33,29,29.33,30.0,1.55,5,7,Heavy,0,0,0,4,7,7.1,10,5,Moderate,12190,6,0,0,1.6,401,0,0,0,0,0,0,0,0,0,0,2026-04-23,32,32
U05616,8,35,159.8,40.9,16.0,2026-07-04,31,30,34,31,30,31.67,31.2,1.47,3,7,Heavy,0,0,0,6,1,5.7,1,1,Low,9837,1,0,0,0.1,397,1,1,0,0,1,0,0,0,0,0,2026-08-07,34,34
U05617,8,24,152.7,45.2,19.4,2026-01-09,34,34,34,34,34,34.0,34.0,0.0,5,6,Medium,0,1,0,9,2,5.3,2,2,Moderate,3634,10,0,1,2.6,-248,0,0,1,0,0,0,0,0,0,0,2026-02-12,34,34
U05618,10,39,151.9,51.2,22.2,2026-04-24,26,27,27,28,28,26.67,27.2,0.75,4,5,Medium,1,0,0,5,3,6.3,2,3,Moderate,10747,4,0,0,-1.5,-516,0,1,0,0,0,0,0,0,0,0,2026-05-18,24,24
U05619,9,21,153.4,57.2,24.3,2026-01-28,26,27,23,26,27,25.33,25.8,1.47,3,6,Medium,0,0,0,8,2,6.6,10,2,Moderate,5621,10,0,0,0.5,-276,0,0,0,0,0,0,0,0,0,0,2026-02-19,22,22
U05620,5,38,164.4,67.0,24.8,2026-07-16,28,29,26,31,25,27.67,27.8,2.14,6,6,Light,0,0,1,1,9,8.9,10,0,Low,7472,9,0,0,-1.3,-618,0,0,0,1,0,0,0,0,0,0,2026-08-15,30,30
U05621,11,34,160.1,59.0,23.0,2026-01-30,32,30,29,34,37,30.33,32.4,2.87,4,6,Light,0,0,0,2,7,4.1,10,7,High,13433,1,0,0,-0.9,57,0,0,0,0,0,1,0,0,0,0,2026-03-01,30,30
U05622,2,19,148.0,47.5,21.7,2026-03-28,29,32,28,31,27,29.67,29.4,1.85,7,6,Heavy,0,0,0,3,6,6.6,9,5,High,8656,8,0,0,3.4,324,0,0,0,0,0,0,0,1,0,0,2026-04-26,29,29
U05623,10,25,146.7,53.6,24.9,2026-06-24,29,31,29,31,30,29.67,30.0,0.89,6,7,Light,0,0,0,1,7,7.5,3,2,Moderate,13247,6,0,0,0.4,148,0,0,0,0,0,0,0,0,0,0,2026-07-21,27,27
U05624,9,37,170.2,90.7,31.3,2026-01-19,26,26,27,24,27,26.33,26.0,1.1,5,4,Medium,0,0,0,3,6,6.2,7,6,High,11934,1,0,0,-0.7,-700,0,0,1,0,0,0,0,0,0,0,2026-02-15,27,27
U05625,6,23,154.8,56.1,23.4,2026-08-12,32,31,34,33,34,32.33,32.8,1.17,6,4,Medium,0,0,0,9,4,5.4,7,0,Moderate,7259,10,0,0,-0.4,156,1,0,1,0,0,0,0,0,0,1,2026-09-16,35,35
U05626,7,20,157.4,65.4,26.4,2026-03-28,26,26,27,23,26,26.33,25.6,1.36,5,6,Medium,0,0,0,9,2,7.0,1,1,Low,10405,5,1,0,0.8,249,0,1,0,0,0,0,0,1,0,0,2026-04-24,27,27
U05627,2,34,164.8,63.3,23.3,2026-03-31,29,30,30,33,27,29.67,29.8,1.94,6,5,Medium,0,0,0,2,8,8.5,3,7,Low,11589,3,0,1,0.6,4,0,1,0,0,0,1,0,1,0,0,2026-05-01,31,31
U05628,6,19,168.8,69.8,24.5,2026-08-28,34,36,34,33,36,34.67,34.6,1.2,5,3,Medium,1,0,0,1,10,5.8,5,0,Low,11727,9,0,0,-0.5,-436,0,0,0,0,0,0,0,0,0,0,2026-10-03,36,36
U05629,2,30,145.0,44.2,21.0,2026-07-27,31,28,28,33,31,29.0,30.2,1.94,4,7,Medium,0,1,0,8,3,7.5,4,7,Low,7346,7,0,1,1.1,188,0,0,0,0,0,0,0,0,1,0,2026-08-30,34,34
U05630,2,25,157.0,59.9,24.3,2026-03-21,31,31,32,31,29,31.33,30.8,0.98,7,7,Heavy,0,1,0,3,4,8.1,5,4,Moderate,3128,5,0,0,0.4,389,0,0,0,0,0,0,0,0,0,0,2026-04-22,32,32
U05631,10,25,166.8,67.6,24.3,2026-02-08,28,29,26,30,27,27.67,28.0,1.41,5,6,Medium,0,0,0,1,2,6.4,5,0,Moderate,8068,1,0,0,0.4,299,0,0,0,0,0,0,0,0,0,0,2026-03-10,30,30
U05632,2,24,167.8,62.8,22.3,2026-02-19,27,29,24,27,27,26.67,26.8,1.6,5,4,Heavy,0,0,0,2,1,9.5,10,5,Moderate,7747,3,0,0,-0.9,-342,1,1,0,0,1,0,1,0,0,0,2026-03-16,25,25
U05633,8,23,167.8,67.9,24.1,2026-07-02,28,28,32,29,29,29.33,29.2,1.47,4,5,Medium,1,0,0,8,3,7.3,10,1,High,3420,6,0,0,1.1,-340,1,0,0,0,0,0,0,0,0,0,2026-08-01,30,30
U05634,9,37,148.0,50.2,22.9,2026-08-16,29,32,28,29,28,29.67,29.2,1.47,5,4,Light,0,0,0,7,1,8.8,6,2,High,11385,1,1,1,0.4,-64,0,1,0,0,0,0,0,0,0,0,2026-09-13,28,28
U05635,11,22,157.1,67.6,27.4,2026-02-25,29,29,28,26,26,28.67,27.6,1.36,6,6,Medium,0,0,0,6,3,6.0,9,4,High,10223,5,0,0,-1.9,-211,0,0,1,0,0,0,0,0,0,0,2026-03-23,26,26
U05636,9,26,162.8,65.5,24.7,2026-01-02,30,28,30,31,28,29.33,29.4,1.2,6,4,Medium,0,0,0,7,9,8.0,3,5,Moderate,4657,3,0,0,1.7,-670,0,0,1,0,0,0,0,0,0,0,2026-02-04,33,33
U05637,5,18,162.1,62.0,23.6,2026-05-23,30,28,26,30,27,28.0,28.2,1.6,4,4,Medium,0,0,0,8,4,5.6,2,6,Low,10962,4,0,0,-0.3,-111,1,0,0,0,1,0,0,0,1,0,2026-06-21,29,29
U05638,10,24,162.6,68.7,26.0,2026-01-14,31,33,33,33,32,32.33,32.4,0.8,6,4,Light,0,0,0,2,4,6.7,9,1,Moderate,3991,7,1,0,0.1,-457,0,0,0,0,0,0,0,0,0,1,2026-02-14,31,31
U05639,11,29,154.1,56.5,23.8,2026-03-28,30,30,28,30,31,29.33,29.8,0.98,7,5,Heavy,1,0,0,9,6,7.1,6,1,Low,7285,3,0,0,1.8,-560,0,0,0,0,0,0,1,1,0,1,2026-04-29,32,32
U05640,5,30,161.2,70.9,27.3,2026-06-23,26,28,25,24,25,26.33,25.6,1.36,5,6,Medium,0,0,0,5,5,7.3,6,2,High,11104,5,0,0,-0.6,-246,1,0,0,0,0,0,0,0,0,0,2026-07-17,24,24
U05641,12,37,165.8,61.6,22.4,2026-05-22,28,28,26,30,30,27.33,28.4,1.5,6,6,Heavy,0,0,0,3,4,7.8,3,1,Moderate,12081,4,0,0,-2.9,480,0,0,0,0,0,0,0,0,0,0,2026-06-17,26,26
U05642,3,39,165.6,52.9,19.3,2026-01-01,30,26,33,30,31,29.67,30.0,2.28,4,6,Light,0,0,0,5,6,6.8,6,7,Moderate,12105,2,0,0,-0.6,-495,1,0,0,0,0,0,0,0,0,0,2026-02-01,31,31
U05643,10,32,148.7,44.9,20.3,2026-06-20,28,28,26,25,30,27.33,27.4,1.74,5,5,Medium,0,0,0,9,6,7.7,7,7,High,12688,1,0,0,0.3,155,0,0,0,0,0,0,0,0,0,0,2026-07-20,30,30
U05644,6,24,165.5,59.7,21.8,2026-01-17,29,26,29,26,30,28.0,28.0,1.67,6,3,Light,0,0,0,3,8,8.2,8,3,High,3629,9,1,0,-1.4,-591,0,0,0,0,0,0,0,0,0,0,2026-02-16,30,30
U05645,9,26,164.9,72.3,26.6,2026-07-22,25,27,26,27,21,26.0,25.2,2.23,5,4,Medium,0,0,0,10,2,5.9,9,2,Moderate,9864,9,0,0,-0.1,-317,0,0,1,0,0,0,0,0,0,0,2026-08-17,26,26
U05646,7,37,157.4,64.7,26.1,2026-03-02,27,26,27,27,27,26.67,26.8,0.4,3,7,Heavy,0,0,0,8,8,8.1,5,0,High,10984,1,0,0,1.0,-208,0,0,0,0,0,0,0,0,0,0,2026-04-01,30,30
U05647,11,30,164.1,50.9,18.9,2026-02-23,32,30,33,32,29,31.67,31.2,1.47,4,7,Medium,0,0,0,10,8,8.5,7,3,Moderate,10459,4,0,0,-1.5,-615,1,1,0,0,0,0,0,0,0,0,2026-03-28,33,33
U05648,6,34,160.4,72.3,28.1,2026-06-03,30,28,29,26,28,29.0,28.2,1.33,5,6,Light,0,0,0,7,9,8.1,1,1,Moderate,4994,10,0,0,-1.6,402,0,0,0,0,0,1,0,0,0,0,2026-07-06,33,33
U05649,9,39,164.3,56.7,21.0,2026-02-15,30,33,34,31,27,32.33,31.0,2.45,3,4,Light,0,0,0,3,6,9.3,2,6,Low,11917,2,0,0,-1.1,-674,0,0,0,0,1,0,0,1,0,0,2026-03-16,29,29
U05650,8,28,149.5,46.3,20.7,2026-03-06,34,33,35,32,37,34.0,34.2,1.72,5,6,Medium,0,0,0,9,6,9.7,3,6,Low,7139,7,0,0,1.5,-231,0,0,0,0,0,0,0,0,0,0,2026-04-08,33,33
U05651,10,34,165.3,58.7,21.5,2026-06-03,29,31,32,30,29,30.67,30.2,1.17,3,5,Medium,0,0,0,7,4,7.0,2,4,Low,12897,8,0,0,-0.2,209,0,1,1,0,0,0,0,0,0,0,2026-07-02,29,29
U05652,3,35,169.6,57.2,19.9,2026-06-04,29,32,32,25,26,31.0,28.8,2.93,5,7,Light,0,0,0,7,5,6.9,5,4,Moderate,10153,4,0,0,0.6,-491,0,0,0,0,0,0,0,1,0,0,2026-07-07,33,33
U05653,8,37,166.0,63.1,22.9,2026-05-31,24,24,23,24,26,23.67,24.2,0.98,7,3,Light,0,0,0,3,4,8.3,7,2,Low,4535,4,0,0,-0.7,-405,0,0,0,0,0,0,0,0,0,0,2026-06-23,23,23
U05654,10,29,157.5,44.9,18.1,2026-03-16,34,33,30,31,35,32.33,32.6,1.85,4,4,Medium,0,0,0,10,8,8.9,6,0,Low,2779,6,0,0,0.6,112,0,0,0,0,0,1,0,0,0,0,2026-04-22,37,37
U05655,5,29,160.4,58.1,22.6,2026-04-19,28,27,26,30,28,27.0,27.8,1.33,4,4,Heavy,0,1,0,4,5,7.0,2,5,Moderate,12668,3,0,0,0.4,-692,0,0,0,0,0,0,0,0,0,0,2026-05-16,27,27
U05656,11,34,161.3,62.2,23.9,2026-03-15,30,27,27,30,31,28.0,29.0,1.67,5,5,Light,0,0,0,9,7,5.1,2,1,High,4594,9,0,0,-0.9,-647,0,1,0,0,0,0,0,0,0,0,2026-04-14,30,30
U05657,11,28,159.0,54.6,21.6,2026-07-09,26,26,29,27,25,27.0,26.6,1.36,7,6,Medium,0,0,0,6,9,7.9,3,7,High,2361,9,0,1,-0.8,-98,0,0,0,0,0,0,0,0,0,0,2026-08-07,29,29
U05658,9,26,171.1,53.9,18.4,2026-02-28,28,27,28,26,27,27.67,27.2,0.75,3,5,Light,0,0,0,10,5,8.4,3,1,Low,7568,2,0,0,0.3,-629,0,0,0,0,0,0,1,1,0,0,2026-03-30,30,30
U05659,6,23,155.0,51.9,21.6,2026-06-04,31,32,31,30,31,31.33,31.0,0.63,4,7,Heavy,0,0,0,7,8,5.0,9,3,Moderate,12829,8,1,0,0.3,70,0,0,1,0,0,0,0,1,0,0,2026-07-06,32,32
U05660,12,28,163.3,68.3,25.6,2026-03-08,28,27,27,28,27,27.33,27.4,0.49,3,4,Medium,1,0,0,3,3,7.2,5,2,Low,12332,3,0,0,-1.1,-543,1,0,0,0,0,0,0,0,0,0,2026-04-03,26,26
U05661,2,29,163.1,63.8,24.0,2026-04-27,30,32,29,31,29,30.33,30.2,1.17,7,6,Light,0,0,0,9,6,7.2,2,4,Moderate,13879,1,0,0,0.1,-352,1,1,0,0,0,0,0,0,0,0,2026-05-31,34,34
U05662,6,22,174.7,67.4,22.1,2026-06-19,31,31,28,30,32,30.0,30.4,1.36,7,6,Heavy,0,0,0,7,5,4.9,2,1,High,3012,10,0,0,-0.7,-86,0,1,0,0,0,1,0,0,0,0,2026-07-23,34,34
U05663,7,27,161.2,64.4,24.8,2026-07-27,33,33,29,32,33,31.67,32.0,1.55,4,3,Medium,0,0,1,9,5,7.2,1,1,Moderate,9853,3,0,0,-0.1,376,0,0,0,1,0,0,0,0,0,0,2026-08-31,35,35
U05664,8,25,159.1,62.3,24.6,2026-01-23,27,24,25,24,26,25.33,25.2,1.17,3,6,Heavy,0,0,0,1,2,6.3,10,6,High,13834,3,0,0,-1.2,-680,0,0,0,0,0,0,1,0,0,0,2026-02-18,26,26
U05665,4,34,163.1,68.6,25.8,2026-06-21,27,24,27,25,27,26.0,26.0,1.26,7,5,Medium,0,0,0,1,6,7.7,4,4,Low,9057,5,0,0,-0.7,188,0,0,0,0,0,0,0,0,0,0,2026-07-16,25,25
U05666,6,40,149.0,46.6,21.0,2026-06-03,29,27,30,27,29,28.67,28.4,1.2,5,5,Heavy,0,0,0,2,4,7.0,10,4,Moderate,10523,7,0,0,-0.5,-128,1,0,0,0,0,0,0,0,0,0,2026-07-02,29,29
U05667,5,20,168.8,64.4,22.6,2026-07-31,33,32,33,37,32,32.67,33.4,1.85,5,5,Light,0,0,0,7,6,5.9,7,4,Moderate,3779,6,0,0,-0.4,-257,0,0,0,0,0,0,0,0,0,0,2026-09-05,36,36
U05668,9,31,154.8,60.4,25.2,2026-07-26,29,31,26,26,27,28.67,27.8,1.94,5,7,Light,1,0,0,6,8,7.4,9,1,High,13733,4,0,0,-1.4,-421,1,0,0,0,0,0,0,0,0,0,2026-08-25,30,30
U05669,2,22,156.4,49.4,20.2,2026-03-22,29,29,30,29,28,29.33,29.0,0.63,6,7,Medium,0,0,0,5,7,7.3,6,0,Moderate,11608,6,0,0,0.1,19,0,0,0,0,0,0,1,0,0,0,2026-04-21,30,30
U05670,4,32,158.2,58.6,23.4,2026-04-24,24,26,25,24,25,25.0,24.8,0.75,7,4,Heavy,0,0,0,6,5,6.5,1,0,Moderate,10144,5,0,0,-0.6,-37,0,0,0,0,0,0,0,0,0,0,2026-05-17,23,23
U05671,11,21,155.6,54.0,22.3,2026-04-18,25,27,23,25,23,25.0,24.6,1.5,5,4,Heavy,0,0,0,1,8,6.9,8,1,Moderate,2278,10,0,0,0.6,103,0,0,0,0,0,0,0,0,0,0,2026-05-12,24,24
U05672,9,25,155.4,42.0,17.4,2026-01-06,28,29,27,29,27,28.0,28.0,0.89,3,5,Heavy,1,0,0,2,9,7.2,10,2,Moderate,4434,4,0,0,0.9,-472,0,0,0,0,0,0,0,0,0,0,2026-02-03,28,28
U05673,2,40,158.4,68.7,27.4,2026-01-16,27,24,27,27,26,26.0,26.2,1.17,4,3,Heavy,0,0,0,3,5,7.9,8,3,Low,5002,1,1,0,0.2,324,0,0,0,0,0,1,0,0,0,0,2026-02-12,27,27
U05674,7,32,151.4,60.5,26.4,2026-02-26,33,33,32,34,33,32.67,33.0,0.63,6,4,Medium,0,0,0,4,2,5.5,4,2,Moderate,3528,10,0,0,0.3,113,0,1,1,0,0,0,0,0,0,0,2026-04-02,35,35
U05675,4,24,161.8,47.1,18.0,2026-03-09,27,29,28,29,27,28.0,28.0,0.89,7,5,Medium,0,0,0,4,2,7.4,9,4,High,12104,4,0,0,0.4,-434,0,1,0,0,0,0,0,1,0,0,2026-04-04,26,26
U05676,7,23,155.4,57.0,23.6,2026-05-21,29,29,28,30,29,28.67,29.0,0.63,7,4,Light,0,0,0,8,2,7.7,4,4,Moderate,10746,4,0,0,0.3,33,1,0,0,0,0,0,0,0,0,0,2026-06-17,27,27
U05677,8,28,163.3,69.3,26.0,2026-03-29,26,29,27,23,26,27.33,26.2,1.94,7,5,Medium,0,0,0,3,6,8.4,4,4,Low,5727,10,0,0,0.2,431,0,1,0,0,0,1,0,0,0,0,2026-04-26,28,28
U05678,7,26,160.4,55.8,21.7,2026-01-27,32,31,33,34,34,32.0,32.8,1.17,3,7,Medium,0,0,0,1,10,7.4,8,4,Low,8382,2,0,1,1.1,-99,0,1,0,0,0,0,0,0,0,0,2026-02-26,30,30
U05679,5,39,164.4,64.1,23.7,2026-03-17,32,30,34,33,33,32.0,32.4,1.36,4,5,Heavy,0,0,0,9,8,9.4,3,6,Low,4796,4,0,0,1.2,373,1,0,0,0,0,0,0,0,0,0,2026-04-16,30,30
U05680,8,40,164.6,70.2,25.9,2026-02-13,33,36,30,31,33,33.0,32.6,2.06,4,7,Heavy,0,0,0,9,4,5.8,1,4,Moderate,9305,5,0,0,-1.1,120,0,0,0,0,0,0,0,0,0,0,2026-03-18,33,33
U05681,9,22,164.6,47.7,17.6,2026-02-23,27,28,26,27,24,27.0,26.4,1.36,4,3,Medium,0,1,0,10,2,8.8,10,5,Low,11116,9,0,0,-0.5,89,0,0,0,0,0,1,0,0,0,0,2026-03-23,28,28
U05682,8,35,161.9,44.6,17.0,2026-07-05,39,41,37,39,40,39.0,39.2,1.33,3,4,Medium,0,0,0,10,7,8.9,9,2,Moderate,9894,3,0,0,-0.9,-504,1,0,1,0,1,0,0,1,0,0,2026-08-10,36,36
U05683,4,36,162.7,48.7,18.4,2026-02-20,28,27,25,28,28,26.67,27.2,1.17,5,4,Light,1,0,1,7,6,5.7,10,0,High,3939,10,0,1,-0.6,-635,1,0,0,1,0,0,0,0,0,0,2026-03-22,30,30
U05684,9,27,147.1,43.7,20.2,2026-04-10,28,28,29,28,28,28.33,28.2,0.4,4,3,Heavy,0,0,0,7,7,7.4,5,0,High,12608,5,0,0,-0.4,273,0,0,0,0,0,0,0,0,0,0,2026-05-11,31,31
U05685,8,24,164.0,61.1,22.7,2026-04-03,29,32,28,29,30,29.67,29.6,1.36,7,3,Light,0,0,0,2,10,8.2,6,7,Low,10774,6,1,0,0.8,-552,0,0,0,0,0,0,0,0,0,0,2026-04-28,25,25
U05686,2,30,164.4,72.7,26.9,2026-01-23,29,25,30,29,27,28.0,28.0,1.79,3,4,Medium,0,0,0,3,10,7.1,8,6,Moderate,13212,6,0,0,-0.8,460,0,0,0,0,0,0,0,0,0,0,2026-02-18,26,26
U05687,6,19,151.0,40.6,17.8,2026-07-13,26,28,26,27,26,26.67,26.6,0.8,6,5,Medium,0,0,0,6,9,8.7,6,3,Low,9976,8,0,0,0.2,-686,0,0,0,0,0,0,0,0,0,0,2026-08-09,27,27
U05688,6,25,158.6,65.7,26.1,2026-06-04,32,33,32,31,32,32.33,32.0,0.63,7,4,Medium,0,0,0,8,4,4.7,6,2,Low,12785,1,0,0,-0.9,-159,0,0,0,0,0,0,0,0,0,1,2026-07-05,31,31
U05689,9,32,172.0,70.4,23.8,2026-03-27,26,25,26,25,25,25.67,25.4,0.49,6,5,Medium,0,0,0,6,3,7.2,9,4,Low,6639,3,0,0,0.2,447,0,0,0,0,0,0,0,0,0,0,2026-04-20,24,24
U05690,6,34,157.7,43.0,17.3,2026-04-28,36,34,35,37,36,35.0,35.6,1.02,7,5,Medium,0,0,1,6,9,6.3,6,5,High,9616,9,0,0,0.1,-214,0,1,0,1,0,0,0,0,0,0,2026-06-05,38,38
U05691,7,18,165.7,66.4,24.2,2026-08-26,32,32,33,30,31,32.33,31.6,1.02,5,4,Medium,0,0,0,8,9,5.9,5,6,Moderate,6683,4,0,0,1.1,-636,1,0,0,0,1,0,0,0,0,1,2026-09-29,34,34
U05692,11,24,153.2,58.2,24.8,2026-07-03,28,30,28,27,26,28.67,27.8,1.33,6,3,Medium,0,0,0,3,6,7.8,10,5,High,13880,8,1,0,0.1,-653,0,0,0,0,0,0,0,0,0,0,2026-07-31,28,28
U05693,9,20,151.9,62.3,27.0,2026-02-21,35,34,35,33,34,34.67,34.2,0.75,6,4,Light,1,0,0,2,6,7.5,1,7,Moderate,6572,9,0,0,1.7,40,0,1,1,0,0,0,0,0,0,0,2026-03-30,37,37
U05694,5,37,153.0,66.0,28.2,2026-06-17,29,31,30,26,30,30.0,29.2,1.72,5,4,Light,0,0,0,1,4,8.1,5,1,Moderate,8614,8,0,0,0.9,126,0,0,0,0,0,0,0,1,0,0,2026-07-12,25,25
U05695,7,27,168.8,46.4,16.3,2026-01-26,30,32,30,30,31,30.67,30.6,0.8,7,7,Heavy,0,0,0,2,9,6.4,6,5,Moderate,7612,8,1,0,-0.0,-152,0,0,0,0,0,0,0,1,0,0,2026-02-24,29,29
U05696,7,39,163.8,57.4,21.4,2026-06-16,29,30,31,30,33,30.0,30.6,1.36,6,5,Heavy,0,0,0,9,4,5.8,5,1,High,5473,7,0,0,-0.6,-546,0,1,0,0,0,0,0,1,0,0,2026-07-16,30,30
U05697,7,29,157.3,56.4,22.8,2026-06-23,28,30,27,27,29,28.33,28.2,1.17,6,6,Heavy,0,0,0,10,8,7.8,3,3,Low,7879,10,0,1,-0.9,-324,0,1,0,0,1,0,0,0,0,0,2026-07-22,29,29
U05698,8,33,150.5,51.4,22.7,2026-04-04,27,29,26,28,25,27.33,27.0,1.41,7,4,Heavy,0,0,0,3,2,6.5,9,1,Low,8945,4,0,0,-0.8,171,0,0,1,0,0,0,0,1,0,0,2026-04-29,25,25
U05699,2,25,162.1,81.5,31.0,2026-04-06,30,32,29,30,31,30.33,30.4,1.02,5,3,Heavy,0,0,0,7,1,5.2,7,5,Moderate,12929,9,0,0,-0.1,-602,0,1,0,0,0,0,0,0,0,0,2026-05-10,34,34
U05700,10,22,167.2,61.5,22.0,2026-08-15,27,25,32,29,29,28.0,28.4,2.33,7,6,Medium,0,0,0,5,8,8.0,8,7,Low,10008,1,1,1,-1.2,-216,0,0,0,0,0,0,0,0,0,0,2026-09-09,25,25
U05701,7,40,170.0,65.0,22.5,2026-07-31,29,29,28,29,28,28.67,28.6,0.49,7,7,Medium,0,0,0,9,4,5.4,10,5,Moderate,5770,3,0,0,0.2,-307,0,0,0,0,0,0,0,0,0,0,2026-09-04,35,35
U05702,9,28,148.1,51.5,23.5,2026-06-29,30,29,29,28,31,29.33,29.4,1.02,6,5,Medium,0,0,0,3,2,6.5,7,3,High,3658,9,0,0,-0.7,-486,0,0,0,0,0,1,0,0,0,0,2026-08-01,33,33
U05703,10,20,159.2,49.4,19.5,2026-05-29,26,27,26,25,25,26.33,25.8,0.75,3,4,Light,0,0,0,2,7,6.6,5,3,Moderate,13702,2,0,1,0.6,284,0,0,0,0,0,0,0,0,0,0,2026-06-24,26,26
U05704,5,24,148.1,57.9,26.4,2026-08-15,28,28,27,29,27,27.67,27.8,0.75,7,4,Medium,0,0,0,10,1,6.7,10,3,Low,10010,10,0,0,-0.3,-494,0,0,0,0,0,0,0,1,0,0,2026-09-13,29,29
U05705,10,19,157.5,51.1,20.6,2026-07-08,28,26,30,31,30,28.0,29.0,1.79,3,7,Heavy,0,0,0,2,3,9.7,2,2,Low,13181,2,0,0,0.6,406,0,0,0,0,0,0,0,0,0,0,2026-08-03,26,26
U05706,12,26,165.1,62.1,22.8,2026-05-23,28,26,28,30,29,27.33,28.2,1.33,3,7,Heavy,0,0,0,10,5,7.5,2,6,Low,13042,2,0,0,0.5,-329,0,0,0,0,0,0,0,0,0,0,2026-06-20,28,28
U05707,4,22,154.8,64.7,27.0,2026-08-13,29,27,28,29,30,28.0,28.6,1.02,7,5,Medium,1,1,0,1,3,7.1,5,6,Moderate,4699,10,1,0,-1.0,23,0,1,0,0,1,0,0,1,0,0,2026-09-10,28,28
U05708,6,21,158.0,48.2,19.3,2026-06-23,33,33,34,34,36,33.33,34.0,1.1,3,3,Medium,0,1,0,10,9,6.7,9,0,Moderate,13902,4,0,0,1.5,410,0,0,0,0,0,0,0,0,0,0,2026-07-26,33,33
U05709,5,31,164.2,55.0,20.4,2026-03-06,32,32,31,31,33,31.67,31.8,0.75,4,5,Light,1,0,0,5,1,7.8,8,0,Moderate,9895,2,0,0,0.5,-411,0,0,0,0,0,0,0,0,0,0,2026-04-09,34,34
U05710,2,31,146.5,40.6,18.9,2026-04-04,27,23,24,28,28,24.67,26.0,2.1,6,4,Medium,0,0,0,8,9,6.4,7,2,Moderate,6417,4,0,0,-0.6,-22,0,1,0,0,1,0,0,0,0,0,2026-05-01,27,27
U05711,3,39,155.2,38.5,16.0,2026-07-04,30,31,32,31,31,31.0,31.0,0.63,4,5,Medium,0,0,0,10,2,7.8,2,2,Moderate,9780,6,0,0,-0.2,364,0,0,1,0,0,0,0,0,0,0,2026-08-03,30,30
U05712,7,25,166.4,52.1,18.8,2026-01-02,26,25,26,25,30,25.67,26.4,1.85,5,6,Medium,0,0,0,6,4,7.8,1,0,Moderate,6805,6,1,0,-0.1,-127,0,0,0,0,0,0,0,0,0,0,2026-01-27,25,25
U05713,11,21,167.8,76.9,27.3,2026-02-20,27,28,30,27,25,28.33,27.4,1.62,4,7,Light,1,0,0,10,2,6.7,9,3,High,12310,5,0,0,0.7,301,1,0,0,0,0,0,0,0,0,0,2026-03-19,27,27
U05714,9,21,158.7,60.2,23.9,2026-06-06,30,30,30,31,27,30.0,29.6,1.36,5,4,Light,0,0,0,7,6,7.1,6,4,Low,3606,10,0,0,-2.3,425,0,0,1,0,0,0,0,1,0,1,2026-07-06,30,30
U05715,5,23,156.8,71.5,29.1,2026-06-22,27,27,25,26,28,26.33,26.6,1.02,3,7,Medium,1,0,0,3,10,6.7,5,4,Moderate,6799,6,0,0,-0.0,406,0,0,0,0,0,0,0,1,0,0,2026-07-19,27,27
U05716,5,39,172.9,64.9,21.7,2026-08-19,28,29,30,32,26,29.0,29.0,2.0,3,6,Medium,0,0,0,5,5,6.8,7,4,Low,7420,1,1,0,0.7,-99,0,0,0,0,0,0,0,0,0,0,2026-09-21,33,33
U05717,7,29,153.1,48.5,20.7,2026-05-09,28,26,26,27,31,26.67,27.6,1.85,5,4,Medium,0,0,0,9,9,8.3,2,0,High,4874,8,0,0,2.5,-459,0,0,0,0,0,0,0,0,0,1,2026-06-06,28,28
U05718,12,18,159.1,51.1,20.2,2026-05-19,31,33,31,29,32,31.67,31.2,1.33,7,6,Medium,1,0,1,6,4,7.8,1,6,High,12389,4,0,0,-2.4,-546,0,0,1,1,0,0,0,0,0,0,2026-06-18,30,30
U05719,3,27,145.0,51.5,24.5,2026-06-27,27,28,26,27,26,27.0,26.8,0.75,4,3,Medium,0,0,0,4,8,7.1,7,6,Low,5302,9,0,0,2.2,383,0,0,1,0,0,0,0,0,1,0,2026-07-24,27,27
U05720,2,40,159.3,49.0,19.3,2026-01-06,35,34,32,32,34,33.67,33.4,1.2,4,6,Light,0,0,0,10,7,7.3,5,4,Moderate,5695,5,0,0,2.0,257,0,1,0,0,0,0,0,0,0,0,2026-02-10,35,35
U05721,12,28,153.1,59.1,25.2,2026-06-23,32,32,30,33,33,31.33,32.0,1.1,7,3,Light,0,0,0,8,4,5.6,2,5,Moderate,10435,3,0,0,-0.6,-588,1,1,0,0,0,0,0,0,0,0,2026-07-25,32,32
U05722,4,20,157.2,56.8,23.0,2026-03-16,33,32,34,32,32,33.0,32.6,0.8,6,5,Light,0,0,0,1,8,7.4,2,5,High,2028,1,0,0,1.1,280,1,1,1,0,0,0,0,0,0,0,2026-04-12,27,27
U05723,9,21,150.8,38.4,16.9,2026-06-11,32,29,33,30,31,31.33,31.0,1.41,7,4,Heavy,0,0,0,1,5,6.9,4,0,High,6515,4,0,0,-0.4,-301,0,0,1,0,0,0,1,0,1,0,2026-07-12,31,31
U05724,3,28,169.6,49.2,17.1,2026-04-27,36,33,36,36,36,35.0,35.4,1.2,6,7,Heavy,1,1,1,6,10,7.2,1,4,Moderate,11389,5,1,0,2.0,-408,0,0,0,1,1,0,1,0,0,0,2026-06-01,35,35
U05725,8,25,166.2,60.2,21.8,2026-07-12,30,31,28,32,28,29.67,29.8,1.6,4,6,Light,0,0,1,1,3,6.7,8,2,Moderate,5510,6,1,0,1.9,108,0,0,0,1,0,0,0,0,0,0,2026-08-12,31,31
U05726,2,29,156.7,71.7,29.2,2026-05-17,29,28,29,28,30,28.67,28.8,0.75,5,7,Medium,0,0,0,9,10,8.0,5,7,Moderate,12554,3,0,0,1.1,418,0,0,0,0,0,0,0,0,0,0,2026-06-17,31,31
U05727,7,32,167.1,65.6,23.5,2026-06-13,29,30,30,30,30,29.67,29.8,0.4,5,4,Medium,0,1,0,7,5,8.0,1,1,High,10982,4,0,0,0.5,-324,0,0,1,0,0,0,1,0,0,0,2026-07-13,30,30
U05728,7,35,152.1,66.4,28.7,2026-06-19,31,30,31,35,31,30.67,31.6,1.74,6,7,Medium,0,0,1,3,5,6.2,1,1,Moderate,10378,4,0,0,0.2,119,0,0,0,1,0,0,0,0,0,0,2026-07-20,31,31
U05729,11,32,168.6,69.4,24.4,2026-03-24,30,32,30,28,29,30.67,29.8,1.33,4,6,Medium,0,0,0,9,7,6.7,7,1,Low,10922,4,0,0,0.2,-271,0,0,0,0,0,0,0,0,0,0,2026-04-26,33,33
U05730,2,39,152.5,57.7,24.8,2026-07-17,28,29,28,27,29,28.33,28.2,0.75,6,3,Light,0,0,0,8,3,7.4,8,2,Moderate,5328,9,0,1,0.5,80,0,0,0,0,0,0,0,0,0,0,2026-08-16,30,30
U05731,12,23,164.4,47.3,17.5,2026-08-05,27,27,28,26,24,27.33,26.4,1.36,4,4,Medium,0,0,0,8,1,4.7,3,1,Moderate,6577,2,0,0,-0.0,257,1,0,0,0,0,0,1,0,0,0,2026-09-02,28,28
U05732,2,26,166.5,69.0,24.9,2026-08-20,32,31,35,32,33,32.67,32.6,1.36,5,3,Light,0,0,0,6,9,7.6,8,3,Low,13670,3,0,0,0.8,-365,1,0,0,0,0,0,0,0,0,0,2026-09-24,35,35
U05733,10,21,156.5,55.6,22.7,2026-08-03,29,27,31,26,24,29.0,27.4,2.42,3,6,Heavy,0,0,0,1,1,6.4,1,5,Moderate,8928,1,0,0,0.8,381,0,0,0,0,0,0,0,0,0,0,2026-09-01,29,29
U05734,10,34,147.8,47.2,21.6,2026-06-01,30,26,29,30,28,28.33,28.6,1.5,4,3,Medium,0,0,0,4,7,6.8,10,4,Low,8879,6,0,0,0.6,491,0,0,0,0,0,0,0,0,0,0,2026-07-01,30,30
U05735,7,23,155.9,53.2,21.9,2026-04-13,27,26,28,25,25,27.0,26.2,1.17,4,3,Heavy,1,0,0,6,5,5.6,9,7,Moderate,12194,8,0,0,0.0,-621,0,0,0,0,0,1,0,0,0,0,2026-05-13,30,30
U05736,2,18,163.3,56.8,21.3,2026-06-18,30,31,29,31,32,30.0,30.6,1.02,3,6,Medium,0,0,0,1,5,6.8,1,0,Moderate,3901,1,0,1,-0.3,-413,0,1,0,0,0,0,0,0,0,0,2026-07-16,28,28
U05737,8,36,158.8,55.2,21.9,2026-08-15,32,33,30,32,33,31.67,32.0,1.1,4,6,Medium,0,0,0,5,1,6.0,2,7,Moderate,3422,1,0,0,0.0,-56,1,0,0,0,0,0,0,1,0,0,2026-09-15,31,31
U05738,7,18,157.0,74.2,30.1,2026-08-08,27,26,27,25,27,26.67,26.4,0.8,3,5,Light,1,0,0,10,6,7.5,4,2,Low,7610,10,0,1,-0.8,-23,0,0,1,0,0,0,0,0,0,0,2026-09-06,29,29
U05739,2,23,166.0,59.2,21.5,2026-03-18,28,32,31,29,26,30.33,29.2,2.14,4,6,Heavy,0,0,0,3,10,9.9,8,7,Moderate,8415,10,0,0,0.5,400,0,0,0,0,0,0,0,0,0,1,2026-04-16,29,29
U05740,7,25,172.2,64.9,21.9,2026-01-30,32,31,30,34,34,31.0,32.2,1.6,3,3,Medium,0,0,1,3,9,7.3,9,3,High,9623,5,0,0,-0.0,-477,0,1,0,1,0,0,0,0,1,1,2026-03-03,32,32
U05741,3,29,170.4,80.4,27.7,2026-01-11,33,35,33,32,33,33.67,33.2,0.98,6,4,Heavy,0,0,0,5,6,5.7,7,4,Moderate,9232,8,0,0,-0.2,150,0,0,0,0,0,0,0,0,0,0,2026-02-16,36,36
U05742,11,26,145.0,44.8,21.3,2026-02-06,28,28,30,29,28,28.67,28.6,0.8,5,3,Heavy,0,0,0,10,7,8.3,7,6,Low,3755,2,0,0,-0.2,-99,0,0,0,0,0,0,0,0,0,1,2026-03-08,30,30
U05743,7,18,164.1,70.3,26.1,2026-02-03,29,31,32,29,30,30.67,30.2,1.17,5,7,Medium,0,0,0,8,5,6.5,7,2,Moderate,3554,6,1,0,-0.1,-67,1,0,0,0,0,0,0,0,0,0,2026-03-03,28,28
U05744,4,26,152.7,61.1,26.2,2026-01-26,32,30,32,31,29,31.33,30.8,1.17,7,3,Medium,0,0,0,5,1,7.2,9,5,Low,2702,2,0,0,1.3,-52,0,1,0,0,0,0,0,0,0,0,2026-02-25,30,30
U05745,6,38,168.2,64.5,22.8,2026-06-24,32,32,32,32,34,32.0,32.4,0.8,6,6,Medium,0,1,0,1,4,7.2,3,0,Moderate,4271,5,1,0,-0.0,81,0,0,0,0,0,0,0,0,0,0,2026-07-24,30,30
U05746,7,27,156.1,60.9,25.0,2026-07-26,31,34,33,32,32,32.67,32.4,1.02,7,7,Heavy,1,0,0,3,10,4.4,7,0,Low,6726,4,1,0,0.3,483,0,1,0,0,1,0,0,0,0,0,2026-08-26,31,31
U05747,7,24,156.2,55.6,22.8,2026-05-04,28,27,27,28,29,27.33,27.8,0.75,6,5,Light,0,0,0,3,6,7.4,10,3,Moderate,12166,10,0,0,0.1,425,0,0,0,0,0,0,0,0,0,0,2026-05-29,25,25
U05748,3,32,165.9,59.4,21.6,2026-03-25,29,31,27,32,31,29.0,30.0,1.79,7,4,Light,0,0,0,5,5,5.7,6,0,Moderate,5396,9,0,0,0.1,-51,1,0,0,0,0,0,0,0,0,0,2026-04-23,29,29
U05749,9,36,151.3,55.6,24.3,2026-01-02,31,36,31,33,31,32.67,32.4,1.96,4,4,Medium,0,0,0,10,10,6.6,8,6,High,10612,8,0,0,-1.1,14,0,0,0,0,0,1,0,0,0,0,2026-02-03,32,32
U05750,4,22,158.9,45.4,18.0,2026-07-15,25,25,27,26,22,25.67,25.0,1.67,3,6,Medium,0,0,0,4,2,6.1,2,4,High,6811,3,0,0,-1.1,-102,0,0,0,0,0,0,0,1,0,0,2026-08-12,28,28
U05751,9,34,166.7,63.4,22.8,2026-06-12,33,30,30,36,35,31.0,32.8,2.48,6,6,Light,0,0,0,5,8,4.7,8,2,Moderate,3423,1,0,0,-0.1,-245,1,1,0,0,0,0,0,1,0,0,2026-07-13,31,31
U05752,3,26,167.9,61.2,21.7,2026-01-27,23,20,20,24,22,21.0,21.8,1.6,6,4,Medium,1,0,0,9,5,6.0,9,7,Low,11098,1,0,0,-0.2,-310,0,0,1,0,0,0,0,0,1,0,2026-02-19,23,23
U05753,10,21,155.1,48.4,20.1,2026-05-15,38,38,38,39,37,38.0,38.0,0.63,6,7,Medium,1,0,0,8,1,5.6,6,1,Moderate,10002,8,0,0,1.0,-377,0,1,1,0,1,0,0,0,0,1,2026-06-24,40,40
U05754,4,25,156.8,65.2,26.5,2026-08-12,31,29,36,32,30,32.0,31.6,2.42,5,3,Medium,0,0,0,2,2,7.4,2,3,Moderate,4424,8,0,0,-0.0,-267,1,0,1,0,0,0,0,1,0,0,2026-09-11,30,30
U05755,4,29,172.5,57.1,19.2,2026-06-27,28,27,28,29,30,27.67,28.4,1.02,3,7,Medium,0,0,0,8,9,6.8,4,3,Low,12489,5,0,0,0.7,44,0,0,0,0,0,0,0,0,0,0,2026-07-26,29,29
U05756,11,40,171.1,52.1,17.8,2026-07-20,30,29,30,31,28,29.67,29.6,1.02,4,5,Light,0,0,0,1,4,10.0,5,6,Low,4786,1,0,0,-0.9,-197,0,0,0,0,0,0,0,0,0,0,2026-08-18,29,29
U05757,12,37,162.2,54.2,20.6,2026-08-13,26,22,25,24,28,24.33,25.0,2.0,4,6,Medium,0,0,0,2,4,6.8,6,1,Moderate,2386,2,0,1,0.7,-482,1,0,0,0,0,0,0,1,0,0,2026-09-08,26,26
U05758,6,21,164.6,72.1,26.6,2026-06-10,36,37,36,37,33,36.33,35.8,1.47,7,3,Medium,0,0,1,7,7,7.1,1,0,Low,3152,9,0,1,-1.3,-291,0,1,0,1,0,0,0,0,0,0,2026-07-18,38,38
U05759,4,28,162.7,42.4,16.0,2026-03-02,30,31,29,30,29,30.0,29.8,0.75,3,3,Medium,0,0,0,1,2,6.1,9,7,Low,10691,3,0,0,0.7,474,1,0,0,0,0,0,0,1,0,0,2026-03-28,26,26
U05760,8,19,154.7,59.6,24.9,2026-01-31,32,29,31,33,33,30.67,31.6,1.5,7,7,Medium,0,0,0,6,4,8.3,3,7,Low,5818,3,0,0,1.1,-258,0,0,1,0,1,0,0,0,0,0,2026-03-03,31,31
U05761,4,29,165.3,57.1,20.9,2026-03-19,27,26,27,26,30,26.67,27.2,1.47,7,7,Light,0,0,0,2,3,7.7,4,7,Moderate,9325,4,0,0,-0.5,-85,0,0,1,0,0,0,0,0,0,0,2026-04-15,27,27
U05762,8,22,166.9,50.1,18.0,2026-08-12,29,27,29,32,28,28.33,29.0,1.67,3,7,Heavy,0,0,0,8,2,7.6,7,7,Moderate,13299,2,0,0,-0.7,370,0,1,0,0,0,0,0,0,0,0,2026-09-09,28,28
U05763,12,20,154.7,59.1,24.7,2026-06-27,27,25,27,25,27,26.33,26.2,0.98,4,4,Light,0,0,0,8,6,6.8,6,2,High,13960,5,0,0,0.9,-404,0,0,0,0,0,0,0,0,0,0,2026-07-25,28,28
U05764,8,34,152.3,57.8,24.9,2026-02-19,29,30,26,28,29,28.33,28.4,1.36,5,5,Heavy,0,0,0,2,8,7.9,3,2,Moderate,2862,1,0,0,-1.0,381,0,0,0,0,0,0,0,0,0,0,2026-03-17,26,26
U05765,7,39,155.1,56.5,23.5,2026-08-26,32,34,35,33,32,33.67,33.2,1.17,3,3,Medium,0,1,0,5,8,7.6,6,5,Low,11696,1,0,0,-0.7,-165,0,0,0,0,0,0,1,0,0,1,2026-09-28,33,33
U05766,10,21,167.5,60.3,21.5,2026-08-04,28,30,31,27,27,29.67,28.6,1.62,4,3,Medium,0,0,0,9,10,7.0,7,3,Moderate,4058,1,0,0,0.0,258,0,0,0,0,0,0,0,0,0,0,2026-09-04,31,31
U05767,2,37,155.6,62.2,25.7,2026-01-16,30,31,28,29,33,29.67,30.2,1.72,3,5,Medium,0,0,0,4,4,6.5,5,7,Moderate,12374,3,0,0,-0.2,196,0,0,0,0,0,0,0,0,0,0,2026-02-12,27,27
U05768,3,31,159.4,69.1,27.2,2026-05-10,30,29,29,30,31,29.33,29.8,0.75,6,6,Medium,0,0,0,1,10,7.3,8,5,Low,5875,4,0,0,-0.6,163,1,0,0,0,1,0,0,0,0,0,2026-06-08,29,29
U05769,3,28,161.0,71.0,27.4,2026-04-28,29,31,29,26,28,29.67,28.6,1.62,5,5,Medium,0,0,0,2,6,7.3,9,5,High,5066,8,0,0,-0.2,-564,0,0,0,0,0,0,0,0,0,0,2026-05-27,29,29
U05770,2,33,157.1,62.7,25.4,2026-03-30,26,29,28,26,29,27.67,27.6,1.36,3,5,Medium,0,0,0,4,9,6.9,10,1,Low,11354,8,0,0,0.2,-410,0,1,0,0,0,0,0,0,0,0,2026-04-24,25,25
U05771,7,23,154.6,57.4,24.0,2026-05-05,28,29,31,30,26,29.33,28.8,1.72,3,5,Medium,0,0,0,3,4,7.3,5,5,Moderate,10272,6,0,0,-0.3,-278,1,0,0,0,0,0,0,0,0,1,2026-05-31,26,26
U05772,2,24,145.0,51.1,24.3,2026-06-23,28,29,26,30,25,27.67,27.6,1.85,3,4,Medium,0,0,1,1,2,8.0,6,2,Low,3322,8,0,0,0.6,432,0,0,0,1,0,0,0,1,0,0,2026-07-19,26,26
U05773,12,33,166.8,68.7,24.7,2026-01-05,28,27,28,23,31,27.67,27.4,2.58,6,4,Heavy,0,0,0,10,6,7.8,7,3,High,4014,5,1,0,-0.2,486,1,0,0,0,0,0,0,0,0,0,2026-02-01,27,27
U05774,8,36,160.3,64.0,24.9,2026-01-03,30,30,29,27,29,29.67,29.0,1.1,5,7,Medium,0,0,0,10,8,6.3,5,3,Moderate,11989,6,1,0,-2.2,-431,1,0,0,0,0,0,0,0,0,0,2026-02-07,35,35
U05775,5,22,176.5,62.0,19.9,2026-02-23,31,31,28,33,30,30.0,30.6,1.62,4,7,Medium,0,0,0,8,6,6.3,3,4,Low,12116,3,0,0,-0.3,204,0,0,0,0,0,0,0,0,0,1,2026-03-27,32,32
U05776,3,39,167.0,64.4,23.1,2026-03-21,29,28,32,28,29,29.67,29.2,1.47,3,6,Heavy,0,0,0,1,1,7.7,7,6,Moderate,10383,2,0,0,-0.8,-304,1,0,0,0,0,0,0,0,0,0,2026-04-17,27,27
U05777,5,35,160.2,48.8,19.0,2026-03-26,29,29,30,31,24,29.33,28.6,2.42,6,5,Medium,0,0,0,7,5,7.2,10,4,Moderate,10027,9,0,0,0.7,486,0,1,0,0,0,0,0,0,0,0,2026-04-24,29,29
U05778,10,23,162.8,55.9,21.1,2026-04-06,31,31,28,33,30,30.0,30.6,1.62,4,6,Medium,0,0,1,7,1,9.1,3,5,Moderate,13075,4,0,0,-0.5,-511,0,0,0,1,0,0,0,0,0,1,2026-05-09,33,33
U05779,12,34,159.3,45.4,17.9,2026-01-06,30,33,30,31,30,31.0,30.8,1.17,7,4,Medium,0,0,0,5,4,7.9,5,4,Moderate,5611,8,0,0,-0.6,481,0,0,1,0,0,0,1,0,0,0,2026-02-06,31,31
U05780,11,25,158.6,47.8,19.0,2026-01-17,30,32,28,29,28,30.0,29.4,1.5,6,5,Light,0,0,0,10,8,6.3,2,5,High,13472,2,0,1,0.8,-522,0,0,0,0,0,0,0,1,0,0,2026-02-18,32,32
U05781,5,27,164.2,76.0,28.2,2026-08-08,32,34,32,33,31,32.67,32.4,1.02,4,7,Medium,0,0,0,2,5,7.1,8,6,Moderate,12167,8,0,0,1.3,-326,0,0,0,0,0,0,0,0,1,0,2026-09-08,31,31
U05782,3,30,159.9,54.7,21.4,2026-08-19,31,29,31,31,32,30.33,30.8,0.98,5,4,Medium,0,0,1,4,5,7.9,1,5,Moderate,3426,10,1,0,0.3,-347,0,0,1,1,0,1,0,0,0,1,2026-09-18,30,30
U05783,8,19,161.5,59.2,22.7,2026-03-07,29,31,28,28,26,29.33,28.4,1.62,3,5,Medium,0,1,0,8,3,6.8,2,1,Moderate,10056,7,0,0,-2.3,488,0,0,1,0,0,0,0,1,0,0,2026-04-06,30,30
U05784,4,25,154.7,47.4,19.8,2026-06-06,30,30,29,28,29,29.67,29.2,0.75,5,4,Medium,0,0,0,4,1,4.8,8,2,Low,5746,1,0,0,0.0,-473,0,0,0,0,0,0,0,0,0,0,2026-07-04,28,28
U05785,11,18,145.0,54.7,26.0,2026-02-09,32,34,34,32,34,33.33,33.2,0.98,7,3,Medium,0,0,0,6,1,4.2,2,1,Moderate,11969,9,0,1,-0.7,-56,0,1,0,0,0,0,0,0,0,0,2026-03-15,34,34
U05786,11,38,167.5,56.1,20.0,2026-02-09,25,25,24,26,27,24.67,25.4,1.02,5,6,Medium,0,0,0,9,2,7.4,8,0,High,8466,3,0,0,1.5,-395,0,0,0,0,0,0,0,0,0,0,2026-03-07,26,26
U05787,11,18,156.4,45.5,18.6,2026-03-19,32,31,34,30,32,32.33,31.8,1.33,5,5,Medium,0,0,0,8,10,5.9,4,1,Moderate,6232,9,0,0,0.9,60,0,1,0,0,0,0,0,0,0,0,2026-04-20,32,32
U05788,7,40,160.0,50.7,19.8,2026-03-20,26,25,24,27,25,25.0,25.4,1.02,4,5,Light,0,0,0,7,9,8.5,6,3,Moderate,7699,8,0,1,0.4,-287,0,1,0,0,1,0,0,0,0,0,2026-04-20,31,31
U05789,9,36,171.4,65.2,22.2,2026-08-06,33,33,31,36,33,32.33,33.2,1.6,5,7,Medium,0,0,0,4,4,9.3,6,1,Low,8055,4,1,0,-0.2,-682,0,0,0,0,1,0,0,1,0,0,2026-09-10,35,35
U05790,8,28,154.0,60.2,25.4,2026-02-24,30,30,26,31,27,28.67,28.8,1.94,4,5,Medium,0,0,0,9,10,6.5,8,4,High,10425,9,0,0,-1.6,-316,0,1,0,0,0,0,0,1,0,0,2026-03-26,30,30
U05791,5,27,163.5,53.2,19.9,2026-02-20,28,29,25,27,28,27.33,27.4,1.36,5,3,Medium,0,0,0,7,4,4.9,2,3,High,11477,5,0,0,0.1,-109,0,0,0,0,0,0,0,0,0,0,2026-03-18,26,26
U05792,8,33,154.8,54.9,22.9,2026-01-25,31,33,27,31,32,30.33,30.8,2.04,5,4,Light,0,0,0,1,7,7.1,1,5,High,12372,6,0,0,-0.7,316,0,1,0,0,0,1,0,1,0,0,2026-02-22,28,28
U05793,10,27,167.9,58.9,20.9,2026-03-10,29,29,24,25,28,27.33,27.0,2.1,6,6,Light,0,0,0,7,4,8.6,10,3,Moderate,2243,9,1,0,0.8,31,0,0,0,0,0,0,0,0,0,1,2026-04-08,29,29
U05794,6,19,159.9,70.3,27.5,2026-01-30,28,27,29,26,30,28.0,28.0,1.41,3,3,Medium,0,0,0,10,1,6.7,1,3,Low,3055,6,0,0,0.8,-694,0,0,0,0,0,0,0,1,0,0,2026-02-28,29,29
U05795,10,25,162.8,63.3,23.9,2026-04-23,31,31,32,30,30,31.33,30.8,0.75,7,5,Medium,0,0,0,9,1,5.4,5,4,Moderate,7728,6,1,1,1.5,238,0,0,0,0,0,0,0,1,0,0,2026-05-23,30,30
U05796,6,33,155.7,38.8,16.0,2026-02-25,33,34,34,32,35,33.67,33.6,1.02,4,3,Medium,0,0,0,10,7,5.1,8,0,Moderate,9940,9,0,1,0.5,39,0,0,0,0,0,0,0,0,0,0,2026-04-01,35,35
U05797,3,39,157.8,44.6,17.9,2026-07-08,33,32,33,34,34,32.67,33.2,0.75,3,5,Light,0,0,1,6,6,9.4,10,5,High,6492,1,0,0,-1.7,197,1,0,1,1,0,1,0,0,0,0,2026-08-11,34,34
U05798,12,22,145.0,36.2,17.2,2026-04-08,33,31,35,33,31,33.0,32.6,1.5,3,6,Medium,0,0,0,10,5,8.4,1,5,Low,11571,7,0,0,0.1,352,1,0,1,0,0,0,0,1,0,0,2026-05-11,33,33
U05799,5,39,154.3,52.1,21.9,2026-05-12,26,25,26,23,26,25.67,25.2,1.17,5,3,Medium,0,0,0,10,7,7.4,1,7,Moderate,10204,4,0,0,0.3,-589,1,0,0,0,0,0,0,0,0,0,2026-06-09,28,28
U05800,3,27,156.6,58.1,23.7,2026-01-16,31,32,30,31,30,31.0,30.8,0.75,6,6,Light,0,0,0,7,6,5.8,4,1,Moderate,7718,1,0,0,1.8,203,0,0,0,0,0,0,0,1,0,0,2026-02-15,30,30
U05801,2,19,175.5,55.4,18.0,2026-03-31,29,28,26,28,29,27.67,28.0,1.1,5,4,Medium,0,1,0,2,8,7.8,10,1,Low,6197,10,0,0,0.5,-92,0,0,0,0,0,0,0,0,0,0,2026-04-29,29,29
U05802,3,40,164.3,64.0,23.7,2026-01-14,29,29,29,28,29,29.0,28.8,0.4,5,3,Heavy,0,0,0,1,10,6.8,9,0,High,12000,8,0,0,1.6,159,0,0,0,0,0,0,0,0,0,0,2026-02-11,28,28
U05803,12,37,159.9,57.0,22.3,2026-03-11,33,31,32,36,33,32.0,33.0,1.67,7,7,Medium,0,0,0,10,2,5.2,9,7,Moderate,5057,8,0,0,-0.1,-115,1,0,1,0,0,0,0,0,0,0,2026-04-14,34,34
U05804,5,22,166.5,76.5,27.6,2026-07-30,22,22,26,20,26,23.33,23.2,2.4,3,7,Medium,0,0,0,8,3,6.5,5,0,High,6660,10,0,0,0.1,144,1,0,0,0,0,0,0,0,0,1,2026-08-22,23,23
U05805,9,22,157.8,58.8,23.6,2026-08-24,29,31,28,30,27,29.33,29.0,1.41,3,5,Medium,0,0,0,5,4,6.0,1,7,Moderate,12174,1,0,1,-1.8,147,0,0,0,0,0,0,0,0,0,0,2026-09-23,30,30
U05806,4,36,153.5,57.3,24.3,2026-06-28,29,28,25,31,30,27.33,28.6,2.06,6,6,Medium,0,0,0,2,2,8.7,5,2,Moderate,3965,8,0,0,-0.9,-278,1,0,0,0,0,0,1,0,0,1,2026-07-23,25,25
U05807,2,30,163.6,42.8,16.0,2026-07-11,29,29,30,32,30,29.33,30.0,1.1,4,6,Light,0,0,0,3,7,7.8,7,2,Low,9313,8,0,1,-0.1,191,0,0,0,0,0,0,1,0,0,0,2026-08-08,28,28
U05808,4,19,167.4,67.5,24.1,2026-03-23,27,30,28,25,28,28.33,27.6,1.62,7,5,Medium,0,0,0,10,8,6.7,2,6,Moderate,11950,7,0,1,-0.1,331,0,1,1,0,0,1,0,0,0,0,2026-04-21,29,29
U05809,3,37,165.1,63.0,23.1,2026-05-03,29,27,29,29,30,28.33,28.8,0.98,6,6,Light,0,1,0,3,7,4.0,9,5,Low,10796,5,0,0,0.9,-180,0,0,1,0,0,1,0,0,0,0,2026-06-03,31,31
U05810,5,37,164.2,52.6,19.5,2026-08-10,30,29,30,32,33,29.67,30.8,1.47,3,4,Light,0,0,0,4,4,6.6,3,0,Low,8216,10,0,0,0.7,32,0,0,0,0,0,0,0,1,0,0,2026-09-08,29,29
U05811,6,27,157.2,43.5,17.6,2026-05-18,30,32,29,30,29,30.33,30.0,1.1,4,6,Medium,0,0,0,1,10,6.5,1,4,Moderate,12745,8,0,1,1.8,-545,0,0,1,0,1,0,0,1,0,1,2026-06-15,28,28
U05812,5,20,156.7,39.3,16.0,2026-07-15,29,27,28,28,31,28.0,28.6,1.36,4,6,Heavy,0,0,0,2,2,7.5,4,1,Moderate,12036,10,0,0,-0.6,278,0,0,0,0,0,0,0,0,0,0,2026-08-13,29,29
U05813,11,25,155.4,63.5,26.3,2026-01-07,31,31,35,29,29,32.33,31.0,2.19,4,6,Light,0,0,0,8,7,7.6,9,4,Low,4561,9,0,0,1.0,152,0,0,0,0,0,0,0,0,0,0,2026-02-07,31,31
U05814,8,18,170.9,65.1,22.3,2026-05-04,27,28,29,25,30,28.0,27.8,1.72,3,7,Heavy,0,0,0,2,1,7.1,8,4,Low,6930,3,0,0,0.7,-492,0,0,0,0,0,1,0,0,0,1,2026-06-01,28,28
U05815,4,18,158.6,56.1,22.3,2026-08-18,31,29,34,29,29,31.33,30.4,1.96,7,6,Medium,0,0,0,6,8,7.3,3,4,Moderate,4734,5,0,0,0.5,-78,0,0,1,0,0,0,0,0,0,0,2026-09-18,31,31
U05816,10,20,160.5,72.4,28.1,2026-06-08,28,27,28,26,25,27.67,26.8,1.17,4,3,Medium,0,0,0,8,9,6.4,1,1,Low,12080,4,0,0,-0.4,231,0,0,0,0,0,0,0,1,0,0,2026-07-08,30,30
U05817,5,19,154.6,38.2,16.0,2026-01-09,27,28,27,31,31,27.33,28.8,1.83,6,7,Medium,0,0,0,3,4,7.9,3,3,Moderate,10139,6,0,0,-0.9,-188,0,0,0,0,0,1,0,0,0,1,2026-02-04,26,26
U05818,9,34,175.8,68.9,22.3,2026-06-01,26,26,27,27,23,26.33,25.8,1.47,4,5,Light,1,0,0,7,3,8.0,9,6,Moderate,10077,1,0,0,-0.0,-80,0,1,0,0,0,0,0,0,0,0,2026-06-26,25,25
U05819,6,32,151.8,52.5,22.8,2026-08-28,32,33,30,34,34,31.67,32.6,1.5,4,7,Medium,1,0,0,2,4,6.9,5,1,Moderate,12615,10,0,0,-0.8,-221,0,1,0,0,0,0,0,0,1,0,2026-09-26,29,29
U05820,4,26,161.6,54.8,21.0,2026-06-21,27,26,24,29,26,25.67,26.4,1.62,4,3,Medium,1,0,0,2,4,6.9,7,0,Moderate,10379,2,0,0,1.0,31,0,0,0,0,0,0,1,0,1,0,2026-07-16,25,25
U05821,3,34,164.6,46.1,17.0,2026-07-03,32,33,35,31,34,33.33,33.0,1.41,4,6,Medium,0,0,0,6,6,7.7,7,2,Low,11905,2,0,0,-0.1,195,0,0,1,0,0,0,0,1,0,0,2026-08-06,34,34
U05822,3,21,148.7,58.6,26.5,2026-07-22,28,31,29,28,28,29.33,28.8,1.17,5,6,Medium,0,0,0,1,4,6.4,3,6,High,4468,1,0,0,-2.8,297,0,1,0,0,0,0,0,1,0,0,2026-08-18,27,27
U05823,7,37,162.6,57.4,21.7,2026-04-07,26,27,26,25,26,26.33,26.0,0.63,6,3,Medium,0,0,0,7,6,7.0,2,4,Moderate,12133,10,1,0,0.8,-446,1,0,0,0,0,0,0,0,0,0,2026-05-03,26,26
U05824,4,35,177.5,71.5,22.7,2026-04-18,25,22,25,26,28,24.0,25.2,1.94,4,4,Medium,1,0,0,4,1,8.5,9,4,Moderate,7410,2,0,0,-0.7,-378,0,0,0,0,0,0,0,0,0,0,2026-05-12,24,24
U05825,3,32,152.8,63.7,27.3,2026-05-15,28,31,30,27,25,29.67,28.2,2.14,6,3,Medium,1,0,0,10,3,7.0,2,0,Moderate,5925,4,0,0,1.8,-315,0,0,0,0,0,0,0,0,0,0,2026-06-11,27,27
U05826,5,33,156.5,60.7,24.8,2026-07-29,25,27,27,27,25,26.33,26.2,0.98,3,4,Light,0,0,0,10,8,9.0,10,3,High,2047,9,0,0,-0.4,-34,0,0,0,0,0,0,0,0,0,0,2026-08-25,27,27
U05827,10,40,151.4,53.2,23.2,2026-03-22,28,31,31,30,27,30.0,29.4,1.62,4,4,Heavy,0,0,0,6,1,7.7,6,7,High,5914,9,0,0,-0.3,113,0,0,0,0,0,0,1,0,0,0,2026-04-20,29,29
U05828,12,20,153.5,41.5,17.6,2026-03-03,31,32,30,30,31,31.0,30.8,0.75,3,5,Light,0,0,0,10,9,6.7,7,0,Moderate,13947,8,0,0,-1.0,-483,0,0,0,0,0,0,0,0,0,0,2026-04-06,34,34
U05829,4,35,166.5,44.4,16.0,2026-04-09,32,31,36,32,32,33.0,32.6,1.74,3,3,Heavy,0,0,1,6,4,7.6,10,6,Low,11122,8,0,0,-0.5,261,0,0,0,1,0,0,0,0,0,1,2026-05-06,27,27
U05830,5,31,155.2,52.3,21.7,2026-07-05,33,33,32,33,32,32.67,32.6,0.49,4,7,Medium,0,0,0,7,9,7.1,10,2,High,4666,6,0,0,-2.9,-613,0,1,0,0,0,0,0,0,1,0,2026-08-09,35,35
U05831,4,29,157.4,65.7,26.5,2026-05-07,28,25,31,30,33,28.0,29.4,2.73,6,3,Medium,0,0,0,2,2,5.8,2,4,Moderate,12539,6,1,1,0.5,-512,0,0,0,0,0,0,0,0,0,0,2026-06-04,28,28
U05832,10,28,156.8,50.6,20.6,2026-05-24,30,30,34,30,30,31.33,30.8,1.6,6,7,Light,0,0,0,5,4,5.6,7,1,Low,8468,10,0,0,0.0,-93,0,0,0,0,0,0,0,0,0,0,2026-06-23,30,30
U05833,9,37,162.6,67.9,25.7,2026-06-01,28,27,28,26,27,27.67,27.2,0.75,5,5,Medium,0,0,0,7,1,7.6,5,6,High,12266,7,0,0,-0.1,58,0,1,1,0,0,0,0,0,0,0,2026-06-28,27,27
U05834,3,38,156.6,65.0,26.5,2026-06-24,28,27,31,27,27,28.67,28.0,1.55,7,4,Medium,0,0,0,2,10,6.1,3,5,Low,12502,2,0,0,0.4,300,1,0,0,0,1,0,0,0,0,0,2026-07-21,27,27
U05835,7,22,155.9,44.5,18.3,2026-01-10,26,26,24,28,30,25.33,26.8,2.04,3,6,Heavy,0,0,1,3,9,6.9,3,1,Moderate,10664,9,0,0,1.8,-24,0,1,0,1,0,0,0,0,0,0,2026-02-02,23,23
U05836,6,38,163.7,59.2,22.1,2026-08-16,28,28,28,25,29,28.0,27.6,1.36,4,3,Medium,0,0,0,1,5,5.6,8,0,Low,3245,5,0,0,-1.5,-15,0,1,0,0,0,0,0,0,0,1,2026-09-12,27,27
U05837,3,37,162.2,64.7,24.6,2026-03-03,30,31,29,32,31,30.0,30.6,1.02,3,6,Medium,1,0,0,1,5,6.5,7,3,High,2238,10,0,1,-0.5,-401,1,1,0,0,0,0,0,0,0,0,2026-04-01,29,29
U05838,11,27,145.8,48.5,22.8,2026-02-04,30,31,30,27,31,30.33,29.8,1.47,3,6,Light,0,0,0,10,3,5.5,8,0,High,7078,2,0,0,0.4,255,0,0,0,0,0,0,0,0,0,0,2026-03-10,34,34
U05839,6,24,172.6,77.5,26.0,2026-02-27,31,28,33,31,29,30.67,30.4,1.74,3,3,Light,0,1,0,2,10,6.2,3,5,Moderate,11325,7,0,0,-0.1,-178,0,0,0,0,1,0,0,0,0,0,2026-03-27,28,28
U05840,12,30,173.9,76.2,25.2,2026-08-03,28,27,29,34,29,28.0,29.4,2.42,6,6,Medium,0,0,0,7,9,7.9,8,5,High,9973,8,0,0,-0.6,-141,0,1,0,0,0,0,0,0,0,0,2026-09-02,30,30
U05841,2,37,159.0,49.0,19.4,2026-07-27,29,30,27,29,27,28.67,28.4,1.2,5,5,Medium,0,0,0,1,9,7.0,4,0,Low,6703,7,1,0,-1.2,394,0,1,0,0,0,0,0,0,0,0,2026-08-23,27,27
U05842,10,27,163.8,56.9,21.2,2026-03-18,32,30,34,31,32,32.0,31.8,1.33,3,3,Heavy,0,0,0,5,1,7.2,1,7,Moderate,3352,10,0,0,-1.2,87,0,0,0,0,0,0,0,0,0,0,2026-04-21,34,34
U05843,10,35,161.5,61.6,23.6,2026-03-24,30,31,28,27,29,29.67,29.0,1.41,4,7,Medium,0,0,0,7,8,7.6,2,5,Low,2010,1,1,1,-1.9,-259,1,0,0,0,0,0,0,0,0,0,2026-04-22,29,29
U05844,6,22,170.5,84.0,28.9,2026-05-27,26,26,26,26,27,26.0,26.2,0.4,7,7,Heavy,0,0,0,4,3,8.1,9,3,Moderate,13905,10,0,0,2.3,-572,0,0,0,0,0,1,0,1,0,0,2026-06-22,26,26
U05845,12,38,153.3,46.8,19.9,2026-08-25,31,33,34,26,28,32.67,30.4,3.01,3,5,Medium,0,0,1,1,8,9.1,8,0,Moderate,5402,4,0,1,-0.6,169,0,0,0,0,0,0,0,1,0,0,2026-09-26,32,32
U05846,4,34,153.3,46.1,19.6,2026-06-23,33,31,35,31,33,33.0,32.6,1.5,5,3,Light,0,0,0,1,2,5.4,5,0,Moderate,7696,5,0,0,-0.7,37,1,0,1,0,0,0,0,1,0,0,2026-07-25,32,32
U05847,2,28,161.6,45.4,17.4,2026-06-21,29,27,27,29,29,27.67,28.2,0.98,6,4,Medium,0,0,1,3,10,7.8,8,4,Moderate,8364,9,0,0,0.1,-510,0,0,0,1,0,0,0,0,0,0,2026-07-19,28,28
U05848,11,33,158.7,58.2,23.1,2026-04-14,30,33,29,28,30,30.67,30.0,1.67,7,3,Medium,0,0,0,4,9,7.0,4,0,Low,8186,10,0,1,0.2,-84,0,1,0,0,0,0,0,0,0,0,2026-05-14,30,30
U05849,10,23,164.3,72.6,26.9,2026-06-09,28,29,27,28,31,28.0,28.6,1.36,3,7,Medium,0,0,0,10,7,6.5,7,7,Low,3754,3,0,1,2.1,-68,0,0,0,0,0,0,1,0,0,0,2026-07-07,28,28
U05850,2,20,151.5,59.7,26.0,2026-03-10,27,32,27,25,27,28.67,27.6,2.33,4,5,Medium,0,0,0,4,9,7.0,4,1,Moderate,11869,2,0,1,0.4,-625,0,0,1,0,0,0,0,1,0,0,2026-04-04,25,25
U05851,9,18,167.4,74.8,26.7,2026-03-15,35,35,36,34,35,35.33,35.0,0.63,3,6,Heavy,0,0,1,7,1,6.7,9,6,Low,2950,1,0,0,1.6,353,0,1,0,1,0,0,0,0,0,0,2026-04-19,35,35
U05852,2,36,158.7,60.7,24.1,2026-02-14,30,30,32,31,30,30.67,30.6,0.8,6,6,Medium,0,0,0,8,2,8.7,6,2,High,6910,9,0,0,-0.4,-340,0,0,0,0,0,0,0,1,0,0,2026-03-17,31,31
U05853,2,34,163.6,66.1,24.7,2026-03-21,23,25,21,21,21,23.0,22.2,1.6,3,7,Light,0,0,0,5,9,5.5,6,6,High,6542,6,0,1,-0.4,-408,0,0,0,0,0,0,0,0,0,1,2026-04-14,24,24
U05854,12,39,161.6,61.1,23.4,2026-07-21,34,34,32,37,33,33.33,34.0,1.67,3,7,Medium,1,0,0,7,5,8.9,8,3,Moderate,2307,9,0,0,-1.0,-574,0,0,1,0,0,1,0,0,0,0,2026-08-25,35,35
U05855,12,40,150.5,38.5,17.0,2026-02-27,27,27,29,28,26,27.67,27.4,1.02,7,5,Light,0,0,0,2,8,6.9,8,6,Moderate,5534,7,0,0,-0.9,50,0,1,0,0,0,0,0,0,0,0,2026-03-23,24,24
U05856,9,27,159.7,57.4,22.5,2026-04-25,28,30,30,30,28,29.33,29.2,0.98,6,4,Medium,0,0,0,6,1,6.1,5,6,Moderate,3957,4,0,0,1.6,-403,1,0,0,0,0,0,0,1,1,0,2026-05-21,26,26
U05857,12,22,159.8,51.3,20.1,2026-05-15,34,36,34,33,35,34.67,34.4,1.02,6,3,Medium,0,1,0,8,9,7.3,6,6,High,3565,5,0,0,-0.1,17,0,1,0,0,1,0,0,0,0,0,2026-06-20,36,36
U05858,8,25,149.8,41.5,18.5,2026-01-29,30,34,31,32,28,31.67,31.0,2.0,5,7,Heavy,0,0,0,3,3,7.9,9,0,High,6037,5,0,0,0.3,358,1,0,0,0,0,0,0,0,0,0,2026-02-25,27,27
U05859,4,22,157.7,54.0,21.7,2026-03-16,33,33,32,35,32,32.67,33.0,1.1,4,4,Heavy,0,0,0,8,9,8.3,9,1,Moderate,2064,4,0,0,1.8,-78,0,1,0,0,0,0,0,0,0,0,2026-04-17,32,32
U05860,6,22,155.2,54.4,22.6,2026-08-28,37,35,38,35,38,36.67,36.6,1.36,5,6,Heavy,0,0,1,8,5,5.9,10,4,Moderate,13592,2,0,0,-0.6,-459,0,0,0,1,0,0,0,0,0,0,2026-10-07,40,40
U05861,4,40,165.2,55.1,20.2,2026-04-06,27,29,26,29,26,27.33,27.4,1.36,6,5,Light,0,0,0,3,6,6.7,6,6,Low,11594,8,0,0,1.6,211,1,0,0,0,0,0,0,0,0,0,2026-05-03,27,27
U05862,10,36,163.6,66.1,24.7,2026-06-23,29,29,30,26,28,29.33,28.4,1.36,6,6,Medium,0,0,0,7,6,5.4,2,1,Moderate,12809,3,0,0,0.5,-211,0,0,0,0,0,0,0,0,0,0,2026-07-20,27,27
U05863,11,26,164.5,54.4,20.1,2026-01-23,31,32,31,28,32,31.33,30.8,1.47,4,7,Heavy,0,0,0,4,2,8.4,6,4,Moderate,3119,4,1,0,0.9,-16,0,0,0,0,0,0,0,0,0,0,2026-02-20,28,28
U05864,2,22,155.7,49.9,20.6,2026-05-31,33,35,31,38,32,33.0,33.8,2.48,6,3,Medium,0,1,0,5,7,6.4,7,2,Low,10985,5,0,1,-1.6,119,0,0,0,0,0,0,0,0,0,0,2026-07-05,35,35
U05865,10,36,150.8,53.0,23.3,2026-07-19,28,29,31,26,28,29.33,28.4,1.62,5,7,Light,0,0,1,1,3,8.1,6,7,Moderate,9385,4,0,0,-0.3,-330,0,0,0,1,0,0,0,0,0,0,2026-08-14,26,26
U05866,3,37,158.4,73.3,29.2,2026-02-25,30,29,32,29,32,30.33,30.4,1.36,4,7,Medium,0,0,0,1,8,5.6,2,4,Moderate,3104,2,0,0,1.5,-496,0,0,1,0,0,0,0,0,0,1,2026-03-28,31,31
U05867,10,37,160.8,66.5,25.7,2026-04-20,30,29,32,30,28,30.33,29.8,1.33,7,6,Medium,0,0,0,1,6,7.1,4,3,Moderate,11585,10,0,0,1.6,384,0,1,0,0,0,0,0,1,0,1,2026-05-19,29,29
U05868,10,25,167.3,68.9,24.6,2026-06-29,29,27,31,30,28,29.0,29.0,1.41,4,6,Light,0,0,0,3,10,6.8,8,4,Low,11413,4,0,0,1.9,-179,0,0,0,0,0,0,0,0,0,0,2026-07-27,28,28
U05869,4,24,158.7,55.9,22.2,2026-04-20,29,33,26,27,28,29.33,28.6,2.42,5,5,Heavy,0,0,0,2,5,6.2,10,6,Moderate,5983,1,0,0,-0.1,-189,0,1,0,0,0,0,0,0,0,0,2026-05-19,29,29
U05870,10,22,174.2,68.3,22.5,2026-02-08,26,24,21,27,28,23.67,25.2,2.48,5,6,Light,0,0,0,5,9,9.0,7,4,Moderate,4088,2,0,0,1.1,481,0,0,0,0,0,0,0,0,0,0,2026-03-08,28,28
U05871,11,23,162.0,75.3,28.7,2026-05-01,27,23,29,30,26,26.33,27.0,2.45,3,4,Heavy,0,0,0,2,7,7.3,7,5,Low,12266,9,0,1,-0.2,419,1,0,0,0,0,1,0,0,0,0,2026-05-30,29,29
U05872,5,40,160.5,52.6,20.4,2026-03-02,31,31,32,32,33,31.33,31.8,0.75,7,5,Medium,0,0,0,9,8,7.4,4,7,Moderate,6744,6,0,1,0.7,-610,0,1,0,0,0,0,0,0,0,0,2026-04-04,33,33
U05873,7,24,170.0,68.8,23.8,2026-02-17,32,33,34,31,28,33.0,31.6,2.06,3,5,Medium,0,1,0,3,5,6.5,8,1,High,7148,2,0,0,0.4,-132,0,0,0,0,0,0,0,0,0,0,2026-03-21,32,32
U05874,8,37,156.2,57.1,23.4,2026-08-08,29,28,32,29,27,29.67,29.0,1.67,3,3,Medium,1,0,0,2,4,7.8,10,4,High,6167,9,0,0,-0.7,-261,0,0,0,0,1,0,0,0,0,0,2026-09-03,26,26
U05875,11,23,151.3,53.6,23.4,2026-03-15,28,26,30,28,28,28.0,28.0,1.26,6,6,Medium,0,0,0,4,7,8.8,6,2,High,6220,4,0,0,-1.6,-605,1,1,0,0,1,0,0,0,0,0,2026-04-11,27,27
U05876,2,26,156.4,60.2,24.6,2026-08-20,29,30,31,28,27,30.0,29.0,1.41,4,7,Medium,0,0,1,10,8,6.4,3,0,Moderate,11734,9,1,0,-0.5,-553,0,0,1,1,1,0,0,0,0,1,2026-09-19,30,30
U05877,8,27,154.6,60.5,25.3,2026-05-24,28,30,28,28,28,28.67,28.4,0.8,3,3,Heavy,0,0,0,5,9,8.9,3,4,Moderate,9560,1,0,1,0.8,-645,1,0,0,0,0,0,0,0,0,0,2026-06-20,27,27
U05878,2,23,145.0,63.9,30.4,2026-01-18,31,30,32,29,31,31.0,30.6,1.02,4,4,Medium,0,0,0,8,10,7.3,4,7,Moderate,11517,5,0,1,-1.0,153,1,0,1,0,0,1,1,0,0,0,2026-02-20,33,33
U05879,12,28,171.2,54.5,18.6,2026-05-25,32,31,35,30,33,32.67,32.2,1.72,7,6,Light,0,0,0,5,8,7.0,4,5,High,13429,7,0,0,2.2,-681,0,0,0,0,0,0,0,0,0,0,2026-06-23,29,29
U05880,9,33,161.3,66.3,25.5,2026-04-15,26,26,26,28,23,26.0,25.8,1.6,5,6,Light,0,0,0,3,10,7.3,8,2,Moderate,8094,8,0,0,-0.2,392,0,0,0,0,0,0,0,0,0,0,2026-05-11,26,26
U05881,9,31,171.6,81.3,27.6,2026-06-08,29,30,27,30,30,28.67,29.2,1.17,5,4,Medium,0,0,0,5,1,5.8,3,5,High,2198,5,1,0,-0.9,345,0,0,0,0,0,0,0,0,0,0,2026-07-03,25,25
U05882,6,31,160.3,54.0,21.0,2026-01-10,33,33,34,34,32,33.33,33.2,0.75,7,6,Heavy,0,0,0,7,3,6.8,5,6,Low,2370,10,0,0,-1.0,-286,1,1,0,0,0,0,0,0,1,0,2026-02-10,31,31
U05883,5,34,167.6,65.7,23.4,2026-05-22,27,29,27,26,28,27.67,27.4,1.02,6,6,Heavy,0,0,0,8,4,7.3,10,5,Moderate,10480,2,0,0,0.1,310,0,0,0,0,0,0,0,1,0,0,2026-06-18,27,27
U05884,10,37,160.1,57.2,22.3,2026-07-21,31,29,31,32,29,30.33,30.4,1.2,3,5,Medium,1,0,1,4,6,6.7,3,6,Moderate,7372,9,0,0,-0.6,-377,0,0,0,1,0,0,0,0,0,0,2026-08-19,29,29
U05885,7,40,165.6,65.5,23.9,2026-07-22,35,35,34,37,38,34.67,35.8,1.47,6,4,Medium,0,0,0,9,8,6.2,6,4,High,7895,3,0,1,0.2,93,0,0,0,0,1,0,0,0,0,0,2026-08-28,37,37
U05886,4,32,161.0,56.8,21.9,2026-05-10,30,30,34,26,28,31.33,29.6,2.65,7,5,Medium,0,0,0,3,4,8.5,10,4,Moderate,12057,9,0,0,-0.2,-602,0,1,0,0,0,0,0,0,0,0,2026-06-10,31,31
U05887,12,18,167.6,44.9,16.0,2026-04-22,32,30,30,31,30,30.67,30.6,0.8,6,7,Medium,0,0,0,4,3,7.9,9,0,Low,4923,2,0,0,0.1,406,1,0,0,0,0,0,0,0,0,0,2026-05-28,36,36
U05888,2,27,164.1,64.6,24.0,2026-05-05,25,27,22,22,26,24.67,24.4,2.06,6,3,Medium,0,0,0,3,7,7.1,8,7,Moderate,6023,10,0,0,-0.6,-452,0,0,0,0,0,0,0,0,0,1,2026-05-28,23,23
U05889,12,25,164.4,53.5,19.8,2026-01-11,21,24,21,20,22,22.0,21.6,1.36,4,4,Medium,0,0,0,1,8,5.6,2,1,Moderate,3379,8,0,0,0.3,-165,0,0,0,0,0,0,0,0,0,0,2026-01-31,20,20
U05890,10,27,155.1,59.2,24.6,2026-08-23,30,30,29,28,29,29.67,29.2,0.75,7,3,Light,0,0,0,2,4,6.5,7,3,Moderate,6328,9,0,1,-0.4,435,0,0,0,0,0,0,0,0,0,0,2026-09-22,30,30
U05891,7,24,160.6,54.9,21.3,2026-06-04,29,33,29,28,28,30.33,29.4,1.85,4,3,Medium,0,0,0,9,7,4.7,2,2,Low,9849,6,0,0,0.3,-161,0,0,0,0,0,0,0,0,0,0,2026-07-07,33,33
U05892,4,25,151.0,54.5,23.9,2026-03-28,27,24,31,26,27,27.33,27.0,2.28,3,7,Medium,0,0,0,7,5,6.9,2,0,Low,12723,6,0,0,-1.3,-650,0,0,0,0,0,0,0,0,0,1,2026-04-25,28,28
U05893,9,33,159.0,53.3,21.1,2026-07-13,32,32,34,35,35,32.67,33.6,1.36,5,5,Medium,0,0,0,7,1,6.4,2,4,Low,9583,10,0,0,-0.5,72,1,0,0,0,0,0,0,0,0,0,2026-08-16,34,34
U05894,11,23,145.0,46.7,22.2,2026-01-22,29,28,30,27,29,29.0,28.6,1.02,7,7,Light,0,0,0,6,5,7.5,1,2,Moderate,12206,9,0,0,0.5,498,0,0,0,0,0,0,0,0,0,0,2026-02-17,26,26
U05895,12,31,160.1,59.2,23.1,2026-02-20,28,28,28,28,32,28.0,28.8,1.6,5,4,Light,0,0,0,7,5,6.2,9,5,Moderate,7437,7,0,0,1.1,-180,0,0,1,0,0,0,0,1,0,0,2026-03-20,28,28
U05896,8,26,157.2,57.6,23.3,2026-01-16,29,31,30,32,29,30.0,30.2,1.17,5,4,Medium,0,0,0,1,7,5.5,1,7,Low,13296,6,0,0,0.6,-157,0,0,0,0,0,0,0,0,0,0,2026-02-10,25,25
U05897,11,34,162.2,63.4,24.1,2026-05-12,25,25,27,23,25,25.67,25.0,1.26,5,5,Light,0,0,0,9,2,7.8,7,2,Low,9568,5,0,0,-0.4,-501,0,1,1,0,0,0,0,1,0,0,2026-06-09,28,28
U05898,3,33,168.2,58.8,20.8,2026-05-02,33,32,31,34,34,32.0,32.8,1.17,4,4,Heavy,0,0,0,2,3,7.8,3,4,Moderate,10738,9,0,0,0.8,-591,0,0,0,0,0,0,0,0,0,0,2026-06-02,31,31
U05899,9,40,159.3,60.9,24.0,2026-07-05,30,30,29,31,29,29.67,29.8,0.75,3,4,Light,0,0,0,8,4,6.2,4,0,Low,10974,3,1,0,0.6,176,1,0,0,0,0,0,0,0,0,0,2026-08-05,31,31
U05900,6,40,164.8,52.7,19.4,2026-02-19,31,32,34,30,29,32.33,31.2,1.72,4,5,Medium,0,0,0,9,7,6.4,8,1,Moderate,4857,6,0,0,-1.2,-314,0,0,0,0,0,0,0,0,0,0,2026-03-20,29,29
U05901,6,38,145.9,55.1,25.9,2026-05-14,26,30,25,26,26,27.0,26.6,1.74,7,6,Heavy,0,1,0,4,2,7.0,10,5,Moderate,6593,2,1,0,-0.9,-668,1,0,0,0,0,0,0,0,0,0,2026-06-08,25,25
U05902,11,38,172.3,76.9,25.9,2026-04-10,26,26,29,24,26,27.0,26.2,1.6,3,6,Medium,0,0,0,3,2,5.6,6,4,Moderate,8214,5,0,0,0.6,219,1,0,0,0,0,0,0,0,0,0,2026-05-07,27,27
U05903,3,25,158.6,40.2,16.0,2026-01-22,32,33,31,31,31,32.0,31.6,0.8,5,3,Heavy,0,0,0,6,7,6.2,7,5,Moderate,9756,10,0,0,-0.4,-15,0,0,1,0,0,0,0,0,0,0,2026-02-22,31,31
U05904,10,22,155.9,42.5,17.5,2026-07-30,28,28,28,27,29,28.0,28.0,0.63,6,7,Light,0,0,0,2,9,7.2,7,7,Moderate,5127,5,0,0,0.9,429,0,1,0,0,0,0,0,0,0,0,2026-08-26,27,27
U05905,12,19,160.7,75.7,29.3,2026-08-23,30,28,31,28,30,29.67,29.4,1.2,5,3,Medium,0,1,0,9,4,6.2,9,3,Moderate,8994,9,1,0,1.2,-415,0,0,0,0,1,0,0,0,0,0,2026-09-22,30,30
U05906,5,36,148.7,59.5,26.9,2026-05-28,28,30,28,28,30,28.67,28.8,0.98,5,7,Medium,0,0,0,5,1,8.0,2,4,Moderate,12464,5,0,0,-0.9,-248,0,0,0,0,0,0,0,0,0,0,2026-06-24,27,27
U05907,6,40,158.7,57.2,22.7,2026-03-19,30,30,31,30,31,30.33,30.4,0.49,3,6,Medium,0,0,0,1,4,8.0,4,2,High,10328,10,0,0,0.4,-171,1,1,0,0,1,0,0,0,0,0,2026-04-16,28,28
U05908,4,20,166.4,58.1,21.0,2026-04-22,31,32,30,32,33,31.0,31.6,1.02,4,7,Medium,0,0,0,3,8,7.1,9,2,Low,5490,6,1,0,0.3,-96,0,0,0,0,1,0,0,0,0,0,2026-05-22,30,30
U05909,6,18,159.2,47.1,18.6,2026-07-29,33,33,31,32,32,32.33,32.2,0.75,3,6,Heavy,0,0,0,3,2,5.5,9,5,High,2451,1,0,0,-0.8,276,1,0,0,0,0,0,0,0,1,0,2026-08-28,30,30
U05910,9,38,169.0,62.3,21.8,2026-06-08,29,24,29,30,28,27.33,28.0,2.1,6,7,Heavy,0,0,0,6,9,7.1,3,2,High,4027,3,0,0,-1.2,489,0,1,0,0,0,0,0,0,0,0,2026-07-07,29,29
U05911,11,40,162.2,50.2,19.1,2026-04-25,33,33,36,31,30,34.0,32.6,2.06,7,7,Heavy,0,0,0,1,10,8.3,1,1,Low,8312,8,0,1,2.5,-687,0,0,0,0,0,0,0,0,0,0,2026-05-27,32,32
U05912,11,24,165.0,71.9,26.4,2026-02-24,29,31,29,29,27,29.67,29.0,1.26,4,7,Light,0,0,0,6,5,8.5,4,1,Moderate,9082,6,0,0,0.2,-416,0,0,1,0,0,0,0,0,0,0,2026-03-21,25,25
U05913,4,19,157.4,56.2,22.7,2026-07-01,30,31,29,26,31,30.0,29.4,1.85,7,6,Medium,0,0,0,6,4,6.4,3,3,High,12465,5,0,0,0.9,-363,1,0,0,0,0,0,0,0,0,0,2026-08-01,31,31
U05914,2,29,158.4,49.9,19.9,2026-05-25,30,33,25,33,32,29.33,30.6,3.01,6,7,Heavy,0,0,1,3,1,7.8,6,2,Moderate,7642,9,0,0,0.8,-608,0,0,1,1,0,0,0,0,0,0,2026-06-24,30,30
U05915,12,28,156.3,59.1,24.2,2026-06-06,29,28,29,28,28,28.67,28.4,0.49,7,4,Heavy,0,0,0,7,8,8.8,3,4,Low,8845,7,0,0,1.1,-652,0,0,0,0,0,0,0,0,0,0,2026-07-04,28,28
U05916,6,21,162.4,59.6,22.6,2026-05-02,26,23,25,24,24,24.67,24.4,1.02,7,3,Light,0,0,0,7,2,6.2,8,4,Low,10561,9,0,1,0.2,-525,0,0,0,0,0,0,0,0,0,0,2026-05-31,29,29
U05917,3,32,167.0,49.4,17.7,2026-07-09,27,30,30,27,29,29.0,28.6,1.36,5,6,Medium,1,0,0,5,1,7.1,5,7,Moderate,6570,6,1,0,-0.5,-170,0,0,0,0,0,0,0,0,0,0,2026-08-04,26,26
U05918,3,29,155.5,53.7,22.2,2026-01-09,28,29,29,34,28,28.67,29.6,2.24,3,5,Medium,1,0,0,5,4,7.9,7,7,High,6187,7,0,0,-2.4,-100,0,0,0,0,0,0,0,1,0,0,2026-02-04,26,26
U05919,11,24,152.6,44.2,19.0,2026-08-15,36,34,36,36,36,35.33,35.6,0.8,6,6,Medium,1,0,1,8,8,6.7,3,2,Moderate,9386,2,1,0,1.4,87,0,0,0,1,0,0,0,0,0,0,2026-09-19,35,35
U05920,4,40,159.5,57.7,22.7,2026-05-12,27,28,26,27,26,27.0,26.8,0.75,3,7,Light,0,0,0,5,4,6.4,9,7,Low,3222,7,0,0,-2.4,442,0,0,0,0,0,0,0,0,0,0,2026-06-08,27,27
U05921,3,36,153.9,54.5,23.0,2026-07-27,35,34,35,32,36,34.67,34.4,1.36,6,7,Medium,0,0,0,10,8,8.1,10,3,Low,8973,4,0,0,2.0,-601,0,1,1,0,0,0,0,0,0,0,2026-09-02,37,37
U05922,5,37,154.4,50.8,21.3,2026-03-14,30,32,30,32,29,30.67,30.6,1.2,6,5,Medium,0,0,0,5,3,7.7,9,6,Moderate,9478,2,0,0,2.6,159,0,0,0,0,0,0,0,0,0,0,2026-04-12,29,29
U05923,4,28,145.0,37.6,17.9,2026-01-01,28,31,29,28,32,29.33,29.6,1.62,7,6,Medium,0,0,0,8,10,6.2,1,3,Moderate,4775,9,0,0,-0.2,176,0,0,0,0,0,0,0,0,0,0,2026-01-29,28,28
U05924,6,26,166.3,55.9,20.2,2026-08-02,30,31,29,29,27,30.0,29.2,1.33,4,7,Medium,0,0,0,3,9,6.5,1,3,Low,12654,6,1,0,-0.6,113,0,1,0,0,0,0,0,1,0,0,2026-08-30,28,28
U05925,12,25,145.0,46.5,22.1,2026-03-20,30,34,28,30,30,30.67,30.4,1.96,7,6,Medium,0,0,0,8,6,6.5,5,0,High,12171,1,0,0,-0.9,-152,0,0,0,0,1,0,0,0,0,0,2026-04-23,34,34
U05926,6,20,147.4,43.9,20.2,2026-02-05,29,28,29,29,31,28.67,29.2,0.98,4,3,Heavy,0,0,0,1,7,7.0,4,6,Moderate,13522,1,1,0,-0.6,361,1,1,0,0,0,0,0,0,0,0,2026-03-04,27,27
U05927,10,38,165.2,63.0,23.1,2026-03-05,28,27,30,28,25,28.33,27.6,1.62,5,6,Medium,0,0,0,9,4,5.5,1,2,Low,9934,1,0,0,-0.3,120,0,0,0,0,0,0,0,0,0,0,2026-04-05,31,31
U05928,7,32,165.2,78.1,28.6,2026-05-24,29,30,28,32,30,29.0,29.8,1.33,7,7,Medium,1,0,0,2,4,6.1,4,1,Moderate,11303,10,0,0,-1.1,-64,0,0,0,0,0,0,0,0,0,0,2026-06-23,30,30
U05929,8,28,150.3,53.3,23.6,2026-08-22,30,29,30,31,28,29.67,29.6,1.02,4,5,Medium,0,0,0,3,9,6.6,5,7,High,2378,3,0,0,2.4,-444,0,0,0,0,0,0,0,0,0,0,2026-09-23,32,32
U05930,5,34,153.4,40.0,17.0,2026-02-14,31,34,28,32,31,31.0,31.2,1.94,6,4,Medium,0,0,0,10,1,7.1,7,6,Low,13472,1,0,1,-0.2,-232,0,0,0,0,1,0,0,0,0,0,2026-03-21,35,35
U05931,10,22,157.5,55.6,22.4,2026-01-31,29,27,30,31,29,28.67,29.2,1.33,4,7,Medium,0,0,1,2,8,7.9,1,5,Low,10584,10,0,0,-0.5,426,0,0,0,1,0,0,0,0,1,1,2026-03-01,29,29
U05932,12,38,178.0,75.1,23.7,2026-08-18,30,32,30,27,26,30.67,29.0,2.19,5,6,Medium,0,0,1,3,7,5.8,9,1,Moderate,3242,6,0,0,-0.6,317,0,0,1,1,0,1,0,0,0,0,2026-09-15,28,28
U05933,7,38,165.5,55.9,20.4,2026-04-03,30,30,29,31,31,29.67,30.2,0.75,4,6,Light,0,0,0,3,8,6.1,7,6,Moderate,12735,9,0,0,0.2,-266,0,0,0,0,0,0,0,0,0,0,2026-05-03,30,30
U05934,2,35,165.7,56.3,20.5,2026-08-02,33,31,33,34,32,32.33,32.6,1.02,4,3,Medium,0,0,0,10,5,6.6,3,0,Moderate,4886,6,0,0,-1.1,381,1,0,0,0,0,0,0,0,0,0,2026-09-06,35,35
U05935,5,21,154.3,55.5,23.3,2026-05-07,26,27,26,28,23,26.33,26.0,1.67,7,5,Medium,0,0,0,6,2,7.9,10,7,High,4286,1,0,1,1.9,-250,0,0,0,0,0,0,0,0,0,0,2026-06-01,25,25
U05936,7,38,165.2,55.1,20.2,2026-06-29,23,25,22,22,25,23.33,23.4,1.36,3,6,Medium,0,0,0,4,3,7.0,9,3,Low,9944,3,0,0,-0.0,-207,0,0,0,0,0,0,0,1,0,1,2026-07-25,26,26
U05937,12,25,164.5,70.9,26.2,2026-05-21,33,34,34,34,34,33.67,33.8,0.4,7,5,Heavy,0,0,0,4,7,6.0,1,6,Moderate,4578,3,0,0,-1.7,81,1,1,0,0,0,0,0,0,0,0,2026-06-23,33,33
U05938,2,35,152.8,42.5,18.2,2026-04-16,30,32,28,32,30,30.0,30.4,1.5,3,5,Heavy,0,0,0,8,2,7.1,6,5,Moderate,2845,1,0,0,-1.7,18,0,0,0,0,0,0,0,0,0,0,2026-05-18,32,32
U05939,10,26,164.9,87.8,32.3,2026-05-01,26,23,27,30,26,25.33,26.4,2.24,4,5,Medium,0,0,0,2,6,7.8,3,2,Moderate,13184,1,0,0,-0.7,-221,0,0,0,0,0,0,0,0,0,0,2026-05-25,24,24
U05940,9,26,171.6,64.5,21.9,2026-06-08,26,27,25,26,28,26.0,26.4,1.02,4,3,Heavy,0,0,0,4,1,6.5,5,7,Low,4677,9,0,0,0.2,-317,0,0,0,0,0,0,0,0,0,0,2026-07-07,29,29
U05941,4,30,159.3,50.0,19.7,2026-06-21,26,25,26,29,26,25.67,26.4,1.36,6,7,Medium,0,0,0,3,7,7.7,5,4,High,8204,4,0,0,-1.0,375,0,0,1,0,0,0,0,0,0,0,2026-07-14,23,23
U05942,10,40,152.3,43.6,18.8,2026-01-18,32,34,34,36,31,33.33,33.4,1.74,6,7,Medium,0,0,1,3,10,7.1,7,7,Low,5880,10,0,0,1.0,-483,0,0,0,1,0,0,0,0,0,0,2026-02-19,32,32
U05943,7,29,151.4,53.2,23.2,2026-02-14,30,31,30,31,31,30.33,30.6,0.49,5,3,Heavy,0,0,0,4,10,6.9,9,2,Moderate,6537,9,0,0,-0.6,-685,0,0,0,0,0,0,0,0,0,0,2026-03-19,33,33
U05944,9,24,160.3,48.6,18.9,2026-01-24,27,30,28,28,26,28.33,27.8,1.33,5,7,Light,0,0,0,9,4,7.2,9,3,Low,10551,2,0,0,0.6,-695,0,0,0,0,0,0,0,0,0,0,2026-02-22,29,29
U05945,8,40,163.9,54.3,20.2,2026-06-23,25,24,27,27,25,25.33,25.6,1.2,5,3,Light,0,0,0,10,2,6.9,7,2,Low,9194,1,1,0,1.0,-461,0,0,1,0,1,0,0,0,0,0,2026-07-21,28,28
U05946,5,28,147.9,55.8,25.5,2026-02-16,32,33,34,31,31,33.0,32.2,1.17,3,4,Medium,0,0,0,4,2,7.0,2,6,Moderate,2000,4,0,1,0.1,132,0,1,1,0,0,0,0,0,0,0,2026-03-21,33,33
U05947,2,32,152.9,41.1,17.6,2026-01-21,29,27,29,28,31,28.33,28.8,1.33,4,7,Heavy,0,0,0,10,4,6.8,6,1,Moderate,7921,3,0,0,0.4,-605,0,0,0,0,0,0,0,0,0,0,2026-02-22,32,32
U05948,8,32,153.3,68.6,29.2,2026-01-07,33,34,33,29,28,33.33,31.4,2.42,4,4,Heavy,0,0,0,5,2,5.9,9,2,Moderate,13580,9,0,0,0.2,-674,1,0,0,0,0,1,0,0,0,0,2026-02-14,38,38
U05949,10,37,156.8,70.8,28.8,2026-04-10,30,29,30,32,34,29.67,31.0,1.79,7,5,Medium,0,0,0,7,9,7.9,1,7,High,13752,4,0,0,-0.4,-31,0,0,0,0,0,0,1,0,0,0,2026-05-11,31,31
U05950,4,31,159.1,59.2,23.4,2026-07-09,31,30,28,30,30,29.67,29.8,0.98,3,7,Medium,1,0,0,10,7,9.0,10,0,Moderate,12742,2,1,0,0.5,-620,0,0,0,0,1,0,0,0,0,0,2026-08-11,33,33
U05951,5,20,162.2,49.5,18.8,2026-03-15,30,29,29,30,31,29.33,29.8,0.75,7,4,Medium,1,0,0,1,10,6.0,1,3,Moderate,9931,2,0,0,1.2,-245,0,0,1,0,0,0,0,0,0,0,2026-04-15,31,31
U05952,8,33,156.4,56.0,22.9,2026-03-18,30,31,31,31,30,30.67,30.6,0.49,5,3,Heavy,0,0,0,9,10,8.0,5,1,Moderate,6979,7,0,0,-0.3,431,0,0,0,0,0,0,0,0,0,0,2026-04-19,32,32
U05953,6,26,147.1,57.3,26.5,2026-02-05,28,25,25,28,27,26.0,26.6,1.36,4,5,Medium,0,0,0,9,9,7.8,3,0,Low,4128,2,1,1,0.6,-589,0,0,0,0,0,0,0,0,0,0,2026-03-05,28,28
U05954,10,31,159.4,59.7,23.5,2026-08-26,26,27,24,27,26,25.67,26.0,1.1,7,5,Medium,0,0,0,7,3,5.7,3,3,Moderate,12241,7,0,0,0.8,-335,0,0,0,0,0,0,0,0,0,0,2026-09-21,26,26
U05955,9,22,151.6,55.2,24.0,2026-04-12,27,29,24,30,27,26.67,27.4,2.06,3,5,Heavy,0,0,0,4,9,6.5,8,0,High,9706,3,0,0,-2.3,226,0,0,1,0,0,0,0,0,0,0,2026-05-09,27,27
U05956,4,20,156.9,60.3,24.5,2026-06-18,32,28,33,31,28,31.0,30.4,2.06,6,5,Light,0,0,0,9,7,6.9,7,0,Moderate,9095,3,0,0,0.5,-264,1,1,0,0,0,0,0,0,0,0,2026-07-20,32,32
U05957,9,27,160.3,70.9,27.6,2026-05-09,29,32,26,27,31,29.0,29.0,2.28,3,4,Medium,0,0,0,5,10,8.1,7,6,Low,11859,8,0,0,-0.7,58,0,0,0,0,0,0,0,0,0,0,2026-06-04,26,26
U05958,8,36,164.5,51.7,19.1,2026-02-09,24,22,26,26,25,24.0,24.6,1.5,3,6,Light,0,0,0,4,5,6.8,9,1,Low,8615,1,1,0,0.6,-146,0,1,0,0,0,0,0,0,0,0,2026-03-04,23,23
U05959,2,38,149.4,41.7,18.7,2026-08-19,31,28,30,30,33,29.67,30.4,1.62,6,6,Medium,1,0,0,3,1,7.3,4,7,Moderate,5522,1,0,0,-1.5,32,0,0,0,0,1,1,0,0,0,0,2026-09-19,31,31
U05960,10,34,171.0,61.1,20.9,2026-04-22,32,32,30,31,31,31.33,31.2,0.75,6,6,Medium,0,0,0,10,7,8.6,5,4,Moderate,13824,9,0,1,2.6,19,0,0,0,0,0,0,0,1,0,0,2026-05-24,32,32
U05961,8,23,154.3,49.8,20.9,2026-05-21,28,31,29,27,25,29.33,28.0,2.0,5,7,Medium,0,0,0,4,1,6.1,3,1,High,5378,9,0,0,-0.6,464,0,1,0,0,0,0,0,0,0,0,2026-06-17,27,27
U05962,9,21,152.5,39.1,16.8,2026-06-03,29,28,30,28,26,29.0,28.2,1.33,3,6,Medium,0,0,0,1,2,4.7,2,7,Low,11120,1,1,0,1.8,-274,0,0,0,0,0,0,0,0,0,0,2026-07-02,29,29
U05963,7,23,154.4,51.0,21.4,2026-05-11,31,33,31,30,34,31.67,31.8,1.47,4,4,Medium,0,1,0,10,7,6.1,3,2,Low,12965,4,0,0,-0.9,-21,0,0,0,0,0,0,0,0,0,0,2026-06-11,31,31
U05964,4,33,172.3,91.4,30.8,2026-01-26,30,32,29,33,32,30.33,31.2,1.47,4,5,Medium,0,0,0,3,6,9.0,2,6,Moderate,6706,5,0,0,0.6,83,0,0,0,0,0,0,0,0,0,0,2026-02-24,29,29
U05965,10,35,164.8,78.8,29.0,2026-04-07,24,22,26,20,25,24.0,23.4,2.15,3,4,Medium,0,0,0,1,5,8.6,7,7,High,10632,2,0,0,-0.5,399,0,0,0,0,0,0,0,0,0,0,2026-05-04,27,27
U05966,6,23,156.1,57.0,23.4,2026-05-09,28,27,29,27,28,28.0,27.8,0.75,4,7,Medium,0,0,0,3,9,5.7,6,1,Low,3617,1,0,0,1.1,-556,0,1,0,0,0,0,0,0,0,0,2026-06-05,27,27
U05967,3,20,158.7,61.5,24.4,2026-06-13,27,27,28,25,26,27.33,26.6,1.02,6,6,Medium,0,0,0,2,3,7.6,5,3,Moderate,6084,7,0,0,0.6,212,0,0,0,0,0,0,0,0,0,0,2026-07-10,27,27
U05968,10,29,172.2,63.2,21.3,2026-03-20,34,35,34,32,35,34.33,34.0,1.1,5,3,Light,0,0,0,6,2,6.1,6,2,Moderate,13836,6,0,1,-1.1,-590,0,0,1,0,1,0,0,0,0,0,2026-04-20,31,31
U05969,8,31,173.6,57.0,18.9,2026-08-24,29,30,28,28,31,29.0,29.2,1.17,6,7,Light,0,0,0,8,4,7.5,4,4,High,3569,9,0,0,1.8,-533,0,0,0,0,0,0,0,0,0,0,2026-09-20,27,27
U05970,9,28,161.8,66.8,25.5,2026-03-06,32,33,29,32,32,31.33,31.6,1.36,5,3,Light,0,0,0,5,5,7.9,3,5,High,12571,5,0,0,2.3,250,0,1,1,0,0,0,0,0,1,1,2026-04-09,34,34
U05971,8,37,161.1,62.5,24.1,2026-05-17,29,31,29,29,29,29.67,29.4,0.8,4,4,Light,1,0,0,6,10,6.6,9,7,High,7551,3,0,0,-2.5,341,0,0,0,0,0,0,0,0,0,0,2026-06-15,29,29
U05972,11,22,164.6,52.3,19.3,2026-06-19,30,27,29,33,30,28.67,29.8,1.94,4,5,Light,0,0,0,9,10,6.9,8,2,Moderate,7821,8,0,0,-2.7,48,0,0,0,0,0,0,0,0,0,0,2026-07-23,34,34
U05973,10,35,159.1,59.5,23.5,2026-02-28,34,37,33,36,33,34.67,34.6,1.62,7,5,Medium,1,0,0,8,2,4.7,7,6,Moderate,10250,5,0,0,0.3,-494,0,0,0,0,1,1,0,0,0,0,2026-04-03,34,34
U05974,10,27,169.5,49.4,17.2,2026-04-25,26,28,30,27,23,28.0,26.8,2.32,5,3,Heavy,0,0,0,5,10,8.0,6,2,Low,2418,5,0,0,-0.8,-105,0,0,1,0,0,0,0,0,0,0,2026-05-18,23,23
U05975,5,25,161.6,45.7,17.5,2026-06-17,25,25,25,26,27,25.0,25.6,0.8,4,3,Medium,0,0,0,1,2,8.4,3,1,Moderate,11658,2,0,0,0.6,317,1,0,0,0,0,0,0,0,0,0,2026-07-11,24,24
U05976,9,24,155.4,65.2,27.0,2026-06-01,27,31,29,27,27,29.0,28.2,1.6,5,5,Light,0,0,0,8,7,5.6,2,6,Low,4789,10,0,0,1.7,-473,0,0,0,0,0,0,0,0,0,0,2026-07-03,32,32
U05977,8,27,161.9,55.8,21.3,2026-05-13,30,31,33,28,31,31.33,30.6,1.62,6,7,Medium,0,0,0,1,4,6.4,4,6,Moderate,11855,8,0,0,0.3,-377,0,0,0,0,1,0,0,1,0,0,2026-06-09,27,27
U05978,5,35,172.8,50.8,17.0,2026-06-05,30,27,28,28,31,28.33,28.8,1.47,3,4,Medium,0,1,1,1,3,8.4,2,0,High,12474,6,0,0,-0.9,-345,0,0,1,1,0,0,0,0,0,0,2026-07-04,29,29
U05979,6,39,165.6,79.0,28.8,2026-06-06,28,27,28,26,28,27.67,27.4,0.8,5,6,Light,0,0,0,2,7,6.6,1,2,Moderate,5366,10,0,0,1.2,-261,0,0,0,0,0,0,1,0,0,0,2026-07-02,26,26
U05980,4,19,160.3,61.7,24.0,2026-04-25,30,27,29,28,30,28.67,28.8,1.17,6,6,Medium,0,0,0,4,4,6.6,8,0,Low,10695,1,0,0,-0.8,-180,1,0,0,0,0,0,0,1,0,0,2026-05-24,29,29
U05981,9,33,167.2,60.4,21.6,2026-07-20,34,30,38,33,32,34.0,33.4,2.65,4,6,Medium,0,0,0,4,6,6.8,7,2,Moderate,2098,3,1,0,0.2,73,1,1,0,0,0,0,0,0,0,0,2026-08-26,37,37
U05982,6,25,165.4,56.9,20.8,2026-03-24,31,33,30,30,32,31.33,31.2,1.17,4,5,Light,0,0,1,3,1,8.3,6,7,Low,10183,3,0,0,-2.2,461,0,0,0,1,0,0,0,0,0,1,2026-04-23,30,30
U05983,10,30,159.6,44.3,17.4,2026-07-27,29,28,31,30,28,29.33,29.2,1.17,6,6,Heavy,0,0,1,2,1,6.9,2,2,High,8893,7,0,0,0.6,308,0,0,1,1,0,0,0,0,0,0,2026-08-26,30,30
U05984,8,18,157.4,64.2,25.9,2026-08-18,31,31,27,28,28,29.67,29.0,1.67,5,6,Medium,0,0,0,9,10,8.5,9,3,Low,2801,1,0,0,2.6,-337,1,0,0,0,0,0,0,0,0,0,2026-09-19,32,32
U05985,9,20,160.7,55.3,21.4,2026-03-09,29,29,30,29,31,29.33,29.6,0.8,3,5,Light,0,0,0,1,8,7.8,5,7,Moderate,12335,10,0,0,-0.7,-226,0,0,0,0,0,0,0,0,0,0,2026-04-07,29,29
U05986,4,32,165.9,65.8,23.9,2026-03-11,27,25,28,29,27,26.67,27.2,1.33,3,5,Light,0,0,0,6,1,7.2,2,4,Low,9887,4,0,0,-0.9,-239,0,0,0,0,0,0,0,0,0,0,2026-04-12,32,32
U05987,4,20,159.0,51.3,20.3,2026-07-25,27,26,29,27,26,27.33,27.0,1.1,6,5,Heavy,0,0,0,4,4,7.1,4,6,Moderate,6173,5,0,0,0.5,422,0,0,0,0,0,0,0,0,0,0,2026-08-19,25,25
U05988,9,39,164.0,55.1,20.5,2026-02-11,24,25,24,24,23,24.33,24.0,0.63,6,6,Heavy,0,0,0,8,1,8.1,6,5,Moderate,9530,2,0,0,0.4,-531,0,1,0,0,0,0,0,0,0,0,2026-03-09,26,26
U05989,5,33,162.9,53.3,20.1,2026-08-24,27,26,25,25,29,26.0,26.4,1.5,6,7,Medium,0,0,0,2,10,6.9,4,3,Low,8847,9,0,0,0.2,209,0,0,0,0,0,0,0,0,0,0,2026-09-20,27,27
U05990,9,30,150.3,50.8,22.5,2026-05-10,29,26,26,31,27,27.0,27.8,1.94,5,3,Medium,0,0,0,8,9,6.5,3,1,Low,5368,6,0,0,-0.8,-245,1,0,0,0,0,0,0,0,0,0,2026-06-10,31,31
U05991,3,38,152.1,63.4,27.4,2026-02-04,27,27,25,27,21,26.33,25.4,2.33,7,7,Medium,0,0,0,5,10,9.2,1,1,Moderate,5853,3,0,0,-1.0,363,0,0,1,0,0,0,0,0,0,1,2026-03-02,26,26
U05992,12,39,156.8,57.0,23.2,2026-02-08,29,28,29,30,31,28.67,29.4,1.02,7,3,Heavy,0,0,0,8,1,6.8,7,6,Moderate,8369,2,0,0,0.0,156,1,0,0,0,0,0,0,0,0,0,2026-03-10,30,30
U05993,11,33,159.1,62.3,24.6,2026-03-08,31,31,30,30,32,30.67,30.8,0.75,4,5,Medium,0,0,0,9,10,7.3,6,6,High,2957,10,0,0,1.1,-335,0,0,1,0,1,0,1,0,0,1,2026-04-07,30,30
U05994,10,31,156.0,55.7,22.9,2026-07-28,30,32,30,32,34,30.67,31.6,1.5,4,6,Medium,0,0,0,2,7,7.5,10,0,Low,13910,4,0,0,0.4,-257,0,0,0,0,0,0,0,0,0,1,2026-08-28,31,31
U05995,9,25,156.2,51.2,21.0,2026-02-11,29,29,30,25,30,29.33,28.6,1.85,7,5,Heavy,0,0,0,5,4,6.3,2,0,Low,8711,6,0,0,1.6,194,0,0,0,0,0,0,0,0,0,0,2026-03-12,29,29
U05996,6,36,162.8,42.9,16.2,2026-08-22,29,28,30,28,30,29.0,29.0,0.89,5,7,Medium,0,0,0,3,8,6.5,9,4,Moderate,11091,10,0,0,0.8,-170,0,0,0,0,0,0,0,0,0,0,2026-09-22,31,31
U05997,10,20,161.6,57.5,22.0,2026-04-11,26,24,27,23,27,25.67,25.4,1.62,7,3,Medium,0,0,0,9,2,6.1,9,6,Low,10306,6,0,0,-0.3,400,0,0,0,0,0,0,0,1,0,0,2026-05-09,28,28
U05998,3,29,159.6,54.8,21.5,2026-03-01,32,32,31,30,33,31.67,31.6,1.02,7,4,Medium,0,0,0,10,9,7.0,7,7,High,10022,9,0,0,-1.1,-318,0,0,0,0,0,0,0,0,1,0,2026-04-04,34,34
U05999,11,32,165.1,72.2,26.5,2026-01-14,29,29,31,29,29,29.67,29.4,0.8,3,6,Medium,0,0,0,1,10,9.6,2,7,Moderate,13864,5,0,0,0.7,-44,0,0,1,0,0,0,0,0,0,0,2026-02-11,28,28
U06000,2,37,164.6,71.8,26.5,2026-05-15,30,30,29,30,33,29.67,30.4,1.36,4,6,Heavy,0,0,0,1,9,8.6,6,1,Moderate,12479,4,0,0,0.2,-489,1,1,0,0,0,0,0,0,0,0,2026-06-13,29,29
U06001,3,27,147.9,52.1,23.8,2026-05-16,32,31,33,34,33,32.0,32.6,1.02,6,7,Light,0,0,1,2,7,7.1,5,7,Moderate,4561,2,0,0,-1.0,-47,0,0,0,1,0,0,0,0,0,0,2026-06-16,31,31
U06002,11,20,168.1,66.4,23.5,2026-03-08,22,24,23,22,20,23.0,22.2,1.33,6,3,Heavy,0,0,0,4,7,7.5,3,6,High,5930,5,0,0,1.1,-66,0,1,0,0,0,0,0,0,0,0,2026-04-02,25,25
U06003,3,21,163.6,64.5,24.1,2026-03-30,36,35,36,37,35,35.67,35.8,0.75,4,7,Heavy,0,0,1,9,10,6.2,7,4,Moderate,10934,7,1,0,-0.2,-50,0,1,1,1,0,1,0,0,0,1,2026-05-06,37,37
U06004,8,29,164.3,49.1,18.2,2026-06-22,29,28,30,30,32,29.0,29.8,1.33,6,5,Medium,0,0,0,5,4,4.9,2,2,High,7876,2,0,0,0.7,-444,0,0,1,0,1,0,0,0,0,0,2026-07-25,33,33
U06005,8,29,169.2,50.4,17.6,2026-01-24,29,32,29,27,29,30.0,29.2,1.6,3,3,Medium,0,0,0,9,5,6.5,3,5,Low,13521,4,0,0,0.4,-647,0,0,1,0,0,0,0,0,0,0,2026-02-23,30,30
U06006,6,24,158.7,64.2,25.5,2026-03-29,28,30,28,26,28,28.67,28.0,1.26,5,6,Medium,0,0,0,2,1,7.7,9,4,Low,11830,10,0,0,0.3,418,0,0,0,0,0,0,0,1,0,0,2026-04-25,27,27
U06007,9,19,160.2,64.2,25.0,2026-05-10,29,28,27,29,32,28.0,29.0,1.67,3,3,Medium,0,0,0,6,3,8.9,2,2,Moderate,13027,7,1,0,0.3,-548,0,0,0,0,0,0,1,0,0,0,2026-06-09,30,30
U06008,8,23,162.1,57.5,21.9,2026-05-12,28,27,27,28,28,27.33,27.6,0.49,5,5,Medium,0,0,0,2,4,7.7,9,7,Low,13357,3,1,0,-1.1,264,1,0,0,0,0,0,0,0,0,0,2026-06-08,27,27
U06009,2,34,153.6,51.0,21.6,2026-07-31,26,25,26,28,27,25.67,26.4,1.02,4,7,Heavy,0,0,0,4,6,5.5,8,1,Low,11219,3,0,0,-1.5,-683,0,0,0,0,0,0,0,0,0,0,2026-08-29,29,29
U06010,4,31,162.0,65.6,25.0,2026-04-05,27,25,29,29,25,27.0,27.0,1.79,5,6,Light,0,0,0,5,7,7.2,9,3,Low,12997,6,0,0,1.3,467,1,0,0,0,0,0,0,0,0,0,2026-05-01,26,26
U06011,3,22,150.9,54.0,23.7,2026-05-05,29,28,29,29,30,28.67,29.0,0.63,6,6,Medium,1,0,0,2,2,5.3,2,6,Moderate,4628,10,0,0,0.8,-469,1,0,0,0,0,0,0,0,0,0,2026-06-02,28,28
U06012,8,20,161.6,53.0,20.3,2026-03-25,29,30,30,28,27,29.67,28.8,1.17,6,5,Medium,0,0,0,6,2,6.2,5,2,Moderate,6554,2,0,0,0.4,425,0,0,1,0,0,0,0,0,0,0,2026-04-23,29,29
U06013,12,39,152.4,59.7,25.7,2026-04-10,31,33,31,30,32,31.67,31.4,1.02,5,4,Medium,0,0,1,5,1,6.9,2,3,Moderate,13796,2,1,0,0.7,-176,0,0,0,1,0,0,0,0,0,0,2026-05-11,31,31
U06014,2,38,154.3,56.4,23.7,2026-01-24,29,28,30,30,32,29.0,29.8,1.33,6,4,Medium,0,0,0,4,1,5.5,9,5,Moderate,6129,1,0,0,-1.7,-219,0,0,0,0,0,0,0,0,0,0,2026-02-24,31,31
U06015,12,30,155.8,43.2,17.8,2026-05-22,34,31,33,33,34,32.67,33.0,1.1,4,5,Light,0,0,0,1,5,5.7,6,5,Moderate,7042,5,0,0,0.3,310,0,0,1,0,0,0,1,0,0,0,2026-06-28,37,37
U06016,9,25,155.2,50.3,20.9,2026-04-05,29,29,30,28,28,29.33,28.8,0.75,7,7,Medium,0,0,0,8,6,6.2,7,0,Moderate,13831,1,0,0,-0.9,127,0,1,0,0,0,1,0,0,0,0,2026-05-06,31,31
U06017,10,33,166.7,71.4,25.7,2026-01-23,28,27,29,30,28,28.0,28.4,1.02,3,4,Heavy,0,0,0,6,2,7.5,8,2,High,9520,6,0,1,0.3,410,0,0,0,0,0,0,0,0,0,1,2026-02-20,28,28
U06018,12,19,157.8,66.5,26.7,2026-04-27,31,32,33,31,29,32.0,31.2,1.33,7,4,Light,0,0,0,1,2,5.8,7,1,Moderate,10172,3,0,0,-0.6,482,0,0,0,0,0,0,0,0,0,0,2026-06-01,35,35
U06019,6,25,146.5,48.7,22.7,2026-08-04,31,29,32,30,28,30.67,30.0,1.41,6,6,Heavy,0,0,0,7,1,7.0,2,3,Low,4856,4,0,0,-0.6,-308,0,0,0,0,0,0,0,0,0,1,2026-09-06,33,33
U06020,8,23,157.9,61.8,24.8,2026-08-04,27,27,30,24,28,28.0,27.2,1.94,4,5,Medium,0,0,0,3,4,6.9,1,7,High,7487,1,0,0,-0.9,-378,0,0,0,0,0,0,1,0,1,0,2026-08-30,26,26
U06021,12,26,148.8,55.6,25.1,2026-05-07,32,32,30,35,33,31.33,32.4,1.62,3,6,Light,0,0,0,10,1,6.9,5,4,Moderate,10969,3,0,0,-1.1,-401,0,0,0,0,0,0,0,1,0,0,2026-06-11,35,35
U06022,3,26,165.2,77.5,28.4,2026-07-21,29,31,30,27,30,30.0,29.4,1.36,6,6,Heavy,0,1,0,10,2,5.7,3,5,High,4497,4,0,0,-0.4,-30,0,0,0,0,0,0,0,0,0,0,2026-08-21,31,31
U06023,5,40,157.0,43.6,17.7,2026-01-12,30,28,30,30,30,29.33,29.6,0.8,3,3,Medium,0,0,0,1,5,6.5,1,0,Low,11527,2,0,0,2.3,127,0,0,0,0,0,0,0,0,0,0,2026-02-09,28,28
U06024,12,27,166.8,82.6,29.7,2026-03-18,30,28,31,26,29,29.67,28.8,1.72,7,4,Heavy,0,0,0,1,4,5.5,6,2,Moderate,2826,2,0,0,0.2,164,0,0,0,0,0,0,0,0,0,0,2026-04-18,31,31
U06025,12,31,171.2,52.8,18.0,2026-04-22,29,32,27,26,30,29.33,28.8,2.14,6,6,Heavy,1,0,0,6,1,6.6,4,5,Moderate,9082,7,0,1,-0.6,-99,0,0,0,0,0,0,0,1,0,0,2026-05-25,33,33
U06026,7,18,172.6,58.7,19.7,2026-01-12,33,34,31,33,33,32.67,32.8,0.98,3,5,Heavy,0,0,0,8,4,5.7,1,0,Moderate,13945,10,0,0,-1.0,44,0,0,0,0,0,0,0,0,0,0,2026-02-12,31,31
U06027,3,19,167.9,75.6,26.8,2026-04-18,30,33,30,29,29,31.0,30.2,1.47,7,4,Light,0,0,0,1,10,6.9,9,3,Moderate,8411,8,0,1,-1.8,-229,0,1,1,0,0,0,0,0,0,1,2026-05-15,27,27
U06028,8,22,155.2,56.8,23.6,2026-07-10,28,27,30,26,28,28.33,27.8,1.33,4,4,Medium,0,0,0,10,1,5.2,5,4,Moderate,5114,6,0,1,1.1,-311,0,0,0,0,0,1,0,0,0,0,2026-08-09,30,30
U06029,10,27,160.4,70.0,27.2,2026-07-22,28,31,28,31,31,29.0,29.8,1.47,4,4,Medium,0,0,0,8,5,6.4,4,1,Low,10184,3,1,0,-1.8,316,0,1,0,0,0,0,0,0,0,0,2026-08-20,29,29
U06030,2,30,158.5,52.5,20.9,2026-04-17,28,27,28,27,25,27.67,27.0,1.1,3,5,Medium,0,0,0,7,3,7.3,10,7,Moderate,11449,3,0,0,0.5,417,0,0,0,0,0,0,0,1,0,0,2026-05-16,29,29
U06031,10,38,161.9,64.5,24.6,2026-03-10,26,26,24,25,24,25.33,25.0,0.89,4,7,Light,0,0,0,6,3,6.7,4,3,Low,9101,5,0,0,-0.1,-389,0,0,0,0,0,0,0,0,0,1,2026-04-06,27,27
U06032,12,24,165.1,57.0,20.9,2026-01-12,33,33,33,33,35,33.0,33.4,0.8,7,4,Medium,0,0,1,4,6,6.8,7,6,High,8994,4,0,1,-0.0,454,0,1,1,1,1,0,0,0,0,0,2026-02-14,33,33
U06033,3,32,159.4,58.9,23.2,2026-01-20,30,31,28,29,29,29.67,29.4,1.02,5,7,Light,0,0,0,9,1,7.7,9,0,Moderate,12463,8,0,0,0.8,-654,0,1,0,0,0,0,0,0,0,0,2026-02-20,31,31
U06034,8,26,169.6,81.1,28.2,2026-02-05,31,28,33,29,30,30.67,30.2,1.72,6,6,Light,0,0,0,8,9,8.1,5,2,Moderate,11634,1,0,1,0.0,-343,0,0,0,0,0,1,0,0,0,0,2026-03-05,28,28
U06035,10,29,159.6,72.1,28.3,2026-02-05,29,29,30,30,30,29.33,29.6,0.49,3,7,Medium,0,0,1,1,3,6.4,8,3,Moderate,11765,8,0,0,0.9,152,0,0,0,1,0,0,0,0,0,0,2026-03-05,28,28
U06036,2,33,172.5,71.1,23.9,2026-08-03,30,29,31,29,29,30.0,29.6,0.8,6,5,Light,0,0,0,6,8,7.5,5,6,Moderate,8645,3,0,0,2.9,250,0,0,0,0,0,0,0,0,0,0,2026-09-02,30,30
U06037,5,37,162.1,58.9,22.4,2026-08-06,25,23,28,24,28,25.33,25.6,2.06,7,7,Heavy,0,0,0,9,4,7.8,1,4,High,4451,8,0,1,0.4,497,0,1,1,0,0,0,0,1,0,0,2026-08-30,24,24
U06038,7,35,164.3,68.8,25.5,2026-02-13,31,30,31,33,31,30.67,31.2,0.98,6,7,Medium,0,0,0,6,3,5.4,1,6,Low,12115,4,1,0,-1.5,323,0,0,0,0,0,0,0,1,0,0,2026-03-19,34,34
U06039,12,23,161.8,65.2,24.9,2026-01-21,33,34,29,34,37,32.0,33.4,2.58,5,7,Medium,1,0,1,9,7,6.6,6,2,Moderate,12685,1,0,0,-0.4,-579,0,0,0,1,0,0,0,0,0,0,2026-02-22,32,32
U06040,9,30,154.6,49.2,20.6,2026-06-17,33,31,36,33,32,33.33,33.0,1.67,6,5,Light,0,0,1,10,4,8.4,9,3,Moderate,7609,7,0,0,-2.4,-380,1,0,0,1,0,0,0,0,0,0,2026-07-17,30,30
U06041,7,26,163.0,51.0,19.2,2026-04-13,26,25,24,22,29,25.0,25.2,2.32,4,5,Medium,0,0,0,7,2,7.3,10,5,High,5946,2,1,0,-1.1,12,0,0,0,0,0,0,0,0,0,0,2026-05-08,25,25
U06042,10,27,168.9,68.5,24.0,2026-01-21,29,28,26,31,32,27.67,29.2,2.14,6,3,Light,0,0,0,10,6,6.2,1,1,Low,6941,4,0,1,0.5,-9,0,0,0,0,0,0,0,0,0,0,2026-02-22,32,32
U06043,4,35,151.2,43.4,19.0,2026-03-31,34,33,37,35,39,34.67,35.6,2.15,3,6,Medium,0,0,0,8,3,6.8,3,4,High,2798,1,0,1,-0.5,454,0,0,0,0,0,0,0,0,0,0,2026-05-05,35,35
U06044,9,27,166.0,59.8,21.7,2026-06-18,30,30,30,31,29,30.0,30.0,0.63,7,7,Medium,0,0,0,4,4,5.4,10,5,Low,3349,5,0,0,0.8,-584,0,1,0,0,0,0,0,0,0,0,2026-07-16,28,28
U06045,9,28,159.9,56.5,22.1,2026-02-12,29,31,31,28,28,30.33,29.4,1.36,7,7,Medium,0,0,1,1,4,6.4,4,6,Low,6799,5,0,0,1.0,-658,0,0,0,1,0,0,0,0,0,0,2026-03-13,29,29
U06046,4,24,151.6,54.7,23.8,2026-06-14,32,34,33,30,33,33.0,32.4,1.36,4,5,Light,0,0,0,5,1,4.9,2,7,Low,10104,9,0,0,2.2,-424,0,0,1,0,0,0,0,1,0,0,2026-07-19,35,35
U06047,3,27,159.5,48.8,19.2,2026-04-11,30,33,32,33,31,31.67,31.8,1.17,6,3,Heavy,0,0,0,1,7,6.5,8,1,Moderate,6511,3,1,0,0.8,8,0,1,1,0,0,0,0,0,0,1,2026-05-10,29,29
U06048,3,40,163.3,54.7,20.5,2026-08-20,27,30,25,27,31,27.33,28.0,2.19,6,5,Light,0,0,0,7,6,5.4,7,2,Low,6698,5,0,0,-0.2,342,0,0,0,0,0,0,0,0,0,0,2026-09-14,25,25
U06049,11,25,164.4,68.4,25.3,2026-07-14,30,30,31,28,28,30.33,29.4,1.2,3,3,Medium,0,1,0,2,9,7.9,9,7,Low,12255,5,1,0,-1.1,263,0,1,0,0,0,1,0,0,0,0,2026-08-12,29,29
U06050,3,20,156.9,55.4,22.5,2026-08-11,31,26,30,29,34,29.0,30.0,2.61,7,3,Medium,0,0,0,4,3,6.5,9,0,Moderate,13761,10,0,0,0.7,430,0,0,0,0,1,0,0,0,0,0,2026-09-10,30,30
U06051,12,18,161.5,57.9,22.2,2026-07-24,25,24,26,27,28,25.0,26.0,1.41,3,5,Medium,0,0,0,7,8,6.2,1,3,Moderate,13879,3,0,0,0.9,-122,0,0,1,0,0,0,0,1,0,0,2026-08-23,30,30
U06052,5,36,150.5,45.3,20.0,2026-03-26,30,27,28,29,29,28.33,28.6,1.02,6,3,Medium,0,0,0,10,1,7.2,9,7,Moderate,12659,7,1,0,-1.0,48,0,1,0,0,0,0,0,0,0,0,2026-04-25,30,30
U06053,2,21,156.6,42.7,17.4,2026-06-29,28,25,29,27,26,27.33,27.0,1.41,5,7,Light,0,0,0,7,9,6.4,8,1,High,12560,2,0,0,0.2,-468,0,1,0,0,0,0,0,0,0,0,2026-07-29,30,30
U06054,8,24,166.1,58.8,21.3,2026-02-25,30,28,32,33,27,30.0,30.0,2.28,4,7,Heavy,0,0,0,6,7,5.3,3,3,High,3472,8,0,0,-1.7,476,0,0,0,0,0,0,0,0,0,0,2026-03-29,32,32
U06055,2,19,162.0,47.5,18.1,2026-08-18,28,31,27,29,28,28.67,28.6,1.36,5,4,Light,0,0,0,9,2,6.8,6,0,High,13507,8,0,0,-0.2,-186,0,0,0,0,1,0,0,0,0,0,2026-09-15,28,28
U06056,5,37,169.1,62.6,21.9,2026-05-12,37,33,40,37,38,36.67,37.0,2.28,6,4,Medium,0,0,0,10,8,6.2,7,5,Moderate,4746,2,0,0,0.5,127,0,0,1,0,1,0,0,0,0,0,2026-06-19,38,38
U06057,7,19,161.9,79.7,30.4,2026-07-11,29,28,29,26,28,28.67,28.0,1.1,4,7,Light,0,0,0,5,3,7.6,6,5,Low,4697,7,0,0,0.2,128,0,0,0,0,0,0,0,0,0,0,2026-08-10,30,30
U06058,12,39,152.1,62.2,26.9,2026-04-07,28,30,28,28,28,28.67,28.4,0.8,5,5,Light,0,0,0,10,3,8.4,7,4,Moderate,11608,3,0,0,1.0,101,0,1,0,0,0,0,0,1,0,0,2026-05-05,28,28
U06059,12,32,155.7,44.1,18.2,2026-06-06,28,31,27,28,31,28.67,29.0,1.67,4,7,Heavy,0,0,0,5,1,8.0,4,6,High,3931,7,0,0,-0.1,147,0,0,0,0,0,0,0,0,0,0,2026-07-04,28,28
U06060,5,32,163.4,56.6,21.2,2026-01-25,30,32,28,30,29,30.0,29.8,1.33,4,4,Medium,0,0,1,10,7,5.7,8,3,High,9824,4,1,1,-0.9,-564,0,0,1,1,0,0,0,0,1,1,2026-02-25,31,31
U06061,5,27,161.6,64.5,24.7,2026-03-05,28,30,28,29,26,28.67,28.2,1.33,5,4,Medium,0,0,0,1,1,6.7,2,2,Moderate,4004,8,0,1,-0.7,-402,0,0,1,0,0,1,0,0,0,0,2026-04-02,28,28
U06062,10,37,157.3,56.7,22.9,2026-04-16,29,30,28,30,28,29.0,29.0,0.89,3,7,Light,0,0,0,3,10,5.7,9,0,Moderate,10186,3,0,0,-0.0,84,0,0,0,0,0,0,0,0,0,0,2026-05-16,30,30
U06063,2,21,153.1,53.0,22.6,2026-05-17,30,28,30,28,29,29.33,29.0,0.89,3,6,Light,0,0,0,3,10,6.5,6,2,Moderate,10146,2,1,0,0.8,-142,0,0,0,0,0,0,0,0,0,0,2026-06-14,28,28
U06064,8,37,155.0,42.0,17.5,2026-07-26,30,29,31,32,33,30.0,31.0,1.41,7,4,Medium,0,0,0,5,9,5.9,7,2,Low,4652,5,0,0,0.4,-88,0,0,0,0,0,0,0,0,0,1,2026-08-26,31,31
U06065,3,40,170.4,77.5,26.7,2026-01-19,30,28,31,29,28,29.67,29.2,1.17,5,5,Medium,1,0,0,1,4,8.0,7,1,Low,13522,3,0,0,1.5,263,0,0,1,0,0,1,0,0,0,0,2026-02-21,33,33
U06066,6,25,153.6,52.6,22.3,2026-02-26,27,25,26,23,29,26.0,26.0,2.0,5,5,Light,0,0,1,2,2,6.6,10,3,Moderate,5749,4,0,0,-1.6,124,0,0,0,1,0,0,1,0,0,0,2026-03-27,29,29
U06067,11,32,157.6,58.4,23.5,2026-06-20,28,28,31,31,29,29.0,29.4,1.36,7,5,Heavy,0,0,0,1,7,8.1,9,6,Moderate,2873,2,1,0,0.0,-637,1,0,0,0,0,0,0,0,0,0,2026-07-20,30,30
U06068,11,20,170.6,58.8,20.2,2026-07-01,28,26,28,28,30,27.33,28.0,1.26,6,3,Medium,1,0,0,8,10,6.4,7,2,Moderate,4147,8,0,0,0.5,-404,0,0,0,0,0,0,0,0,0,1,2026-07-30,29,29
U06069,5,22,156.5,54.4,22.2,2026-08-04,29,31,30,30,26,30.0,29.2,1.72,4,6,Medium,0,1,0,3,4,6.0,3,4,Moderate,11176,8,0,0,-0.8,-226,0,1,0,0,0,0,0,0,0,0,2026-08-31,27,27
U06070,8,40,164.1,51.7,19.2,2026-01-30,25,25,27,23,26,25.67,25.2,1.33,5,6,Light,0,0,0,1,3,5.5,4,2,Moderate,13048,4,0,0,-0.5,-403,0,0,0,0,0,1,0,0,0,0,2026-02-27,28,28
U06071,10,29,172.6,69.4,23.3,2026-01-08,29,30,30,29,30,29.67,29.6,0.49,4,4,Medium,0,0,0,3,1,8.9,7,4,Moderate,12195,7,0,0,-1.0,412,0,1,0,0,0,0,0,1,0,0,2026-02-04,27,27
U06072,8,34,152.8,45.1,19.3,2026-02-05,31,29,33,28,31,31.0,30.4,1.74,4,7,Medium,0,0,0,4,2,8.4,7,7,Moderate,5450,8,0,0,0.3,-325,0,0,0,0,0,0,0,1,0,1,2026-03-04,27,27
U06073,10,30,156.0,62.8,25.8,2026-06-06,29,29,30,28,30,29.33,29.2,0.75,3,3,Heavy,1,0,0,9,5,8.5,6,1,High,11745,9,0,0,-1.0,-323,0,0,1,0,0,0,0,0,0,0,2026-07-08,32,32
U06074,11,38,152.6,47.3,20.3,2026-06-06,29,25,29,30,30,27.67,28.6,1.85,5,3,Heavy,1,0,0,5,7,6.3,9,5,Moderate,11292,10,0,0,-2.0,-593,0,0,0,0,0,0,0,0,0,0,2026-07-08,32,32
U06075,2,25,165.9,44.0,16.0,2026-04-18,29,30,28,27,31,29.0,29.0,1.41,6,7,Heavy,0,0,0,1,4,8.5,1,1,Low,12957,3,0,1,0.5,-466,0,0,0,0,0,0,0,1,0,0,2026-05-15,27,27
U06076,2,18,155.4,55.1,22.8,2026-07-01,28,31,30,25,29,29.67,28.6,2.06,6,5,Medium,0,0,0,4,9,8.8,10,5,Low,12876,7,0,1,0.5,-303,1,0,0,0,0,0,0,0,0,0,2026-07-26,25,25
U06077,3,34,160.3,63.0,24.5,2026-07-07,28,27,27,28,27,27.33,27.4,0.49,6,5,Heavy,0,0,0,6,9,7.8,9,6,Low,10603,9,0,0,-1.6,-585,0,1,0,0,0,0,0,0,0,0,2026-08-05,29,29
U06078,5,35,157.8,70.0,28.1,2026-05-24,28,29,30,28,27,29.0,28.4,1.02,5,7,Light,0,0,0,10,10,6.3,10,4,Moderate,5787,6,1,0,-0.1,-573,0,1,0,0,0,0,0,0,0,1,2026-06-22,29,29
U06079,7,36,160.6,54.2,21.0,2026-05-17,26,26,26,25,26,26.0,25.8,0.4,3,4,Medium,0,0,0,4,1,7.1,3,7,Moderate,9700,9,0,0,-0.1,246,0,0,0,0,0,0,0,0,0,0,2026-06-11,25,25
U06080,2,35,159.1,57.0,22.5,2026-06-16,33,34,32,37,35,33.0,34.2,1.72,7,4,Light,0,0,1,2,9,7.8,8,0,High,4435,8,1,0,1.3,388,1,0,1,1,0,0,0,0,0,0,2026-07-18,32,32
U06081,4,19,173.0,67.9,22.7,2026-07-10,31,33,34,32,32,32.67,32.4,1.02,4,7,Medium,1,0,1,6,2,5.6,5,6,Moderate,10995,8,0,1,1.0,245,0,0,0,1,0,0,0,1,0,0,2026-08-09,30,30
U06082,6,35,166.0,53.5,19.4,2026-05-19,29,32,26,29,31,29.0,29.4,2.06,4,6,Light,0,1,0,4,2,7.3,9,4,Low,5785,3,0,0,1.6,-331,0,0,0,0,1,0,0,0,0,0,2026-06-17,29,29
U06083,4,33,163.8,70.8,26.4,2026-07-10,28,30,29,25,27,29.0,27.8,1.72,6,6,Medium,1,0,0,10,1,8.4,10,3,Low,7165,4,0,0,-0.9,-292,0,0,0,0,0,0,0,0,0,0,2026-08-07,28,28
U06084,10,40,166.7,55.6,20.0,2026-01-03,28,30,27,28,26,28.33,27.8,1.33,3,5,Heavy,0,0,0,8,5,7.4,4,0,Moderate,8413,6,0,0,0.2,40,0,0,0,0,0,0,0,0,0,0,2026-02-01,29,29
U06085,11,26,146.0,49.9,23.4,2026-05-31,25,25,26,23,26,25.33,25.0,1.1,3,3,Medium,0,0,0,3,9,7.1,8,3,Moderate,13748,1,0,0,0.4,427,1,1,1,0,0,0,0,0,0,0,2026-06-22,22,22
U06086,6,39,146.6,41.0,19.1,2026-06-09,31,31,33,29,31,31.67,31.0,1.26,7,5,Medium,0,0,0,8,3,7.2,5,3,Moderate,3692,5,0,0,1.9,435,0,0,1,0,0,0,0,0,0,0,2026-07-09,30,30
U06087,12,29,159.8,58.0,22.7,2026-06-13,28,29,29,30,27,28.67,28.6,1.02,4,7,Medium,0,0,0,2,5,5.4,2,7,Moderate,6212,3,1,0,-1.1,-440,0,0,0,0,0,0,0,1,0,0,2026-07-12,29,29
U06088,7,38,150.8,48.9,21.5,2026-06-01,33,34,32,32,32,33.0,32.6,0.8,5,7,Medium,0,0,1,10,4,6.4,9,1,Moderate,5847,1,0,0,0.5,-219,0,0,1,1,0,0,0,0,0,0,2026-07-10,39,39
U06089,7,28,161.0,62.5,24.1,2026-07-06,30,31,33,33,29,31.33,31.2,1.6,6,7,Light,0,0,0,9,3,5.6,1,7,Moderate,3577,6,0,0,0.9,168,0,0,0,0,0,0,0,0,0,0,2026-08-05,30,30
U06090,9,26,149.8,39.0,17.4,2026-05-01,30,27,31,33,30,29.33,30.2,1.94,5,3,Medium,0,0,0,4,8,5.8,1,1,Moderate,13055,8,0,0,-3.2,449,0,0,0,0,1,0,0,0,0,0,2026-06-01,31,31
U06091,11,34,156.5,56.6,23.1,2026-07-26,32,29,34,32,35,31.67,32.4,2.06,5,6,Medium,1,0,1,2,9,6.1,7,5,High,4817,4,0,1,0.1,-415,0,0,1,1,0,0,0,0,0,0,2026-08-25,30,30
U06092,2,22,153.1,43.8,18.7,2026-08-26,27,26,27,26,30,26.67,27.2,1.47,7,5,Medium,0,0,0,4,7,7.0,5,2,Moderate,2456,4,1,0,1.8,51,0,0,0,0,0,0,0,0,0,0,2026-09-21,26,26
U06093,9,30,145.0,50.5,24.0,2026-06-04,37,39,38,37,37,38.0,37.6,0.8,7,5,Light,1,0,1,3,6,6.1,9,7,Moderate,9248,6,0,0,-0.6,454,0,0,1,1,1,0,0,1,0,0,2026-07-08,34,34
U06094,6,28,149.7,50.9,22.7,2026-04-03,29,29,30,30,30,29.33,29.6,0.49,5,7,Medium,0,0,0,7,10,9.3,5,7,High,8623,4,1,0,0.0,65,0,0,0,0,0,0,0,0,0,1,2026-05-02,29,29
U06095,5,35,167.7,62.2,22.1,2026-07-05,27,29,28,27,31,28.0,28.4,1.5,6,3,Medium,0,0,0,10,7,7.0,2,6,Low,2755,7,0,1,1.3,-61,0,0,0,0,0,0,0,0,0,0,2026-08-03,29,29
U06096,4,18,150.9,42.4,18.6,2026-04-25,25,25,25,20,28,25.0,24.6,2.58,6,7,Medium,0,0,0,7,5,6.0,1,6,Moderate,5872,3,0,0,1.7,47,0,0,0,0,0,0,0,0,0,0,2026-05-19,24,24
U06097,10,37,151.9,51.5,22.3,2026-05-12,29,31,30,28,26,30.0,28.8,1.72,3,7,Medium,0,0,0,7,6,8.9,8,1,High,9856,8,0,0,-1.0,-637,0,0,0,0,0,0,0,0,0,0,2026-06-10,29,29
U06098,9,32,171.4,65.8,22.4,2026-08-17,25,26,25,24,24,25.33,24.8,0.75,4,7,Heavy,0,0,0,7,2,7.2,8,4,Moderate,13853,8,0,1,-0.2,301,0,0,0,0,0,0,0,0,0,0,2026-09-09,23,23
U06099,10,34,156.1,58.0,23.8,2026-04-22,31,28,31,29,31,30.0,30.0,1.26,3,4,Medium,0,0,0,10,4,7.2,7,5,High,7772,3,0,0,0.9,270,0,1,0,0,0,0,0,0,0,1,2026-05-27,35,35
U06100,10,25,165.0,52.5,19.3,2026-04-02,34,30,33,34,33,32.33,32.8,1.47,6,7,Medium,1,0,1,7,7,7.6,5,3,Moderate,10260,8,1,0,0.2,-138,0,1,0,1,0,1,1,0,0,0,2026-05-10,38,38
U06101,12,23,164.4,54.9,20.3,2026-03-20,29,29,27,29,31,28.33,29.0,1.26,3,3,Heavy,0,0,0,1,9,6.8,7,6,Moderate,2569,10,0,0,-1.9,-530,0,1,0,0,0,0,0,0,0,1,2026-04-19,30,30
U06102,6,18,167.2,56.5,20.2,2026-01-17,28,29,26,29,30,27.67,28.4,1.36,6,4,Medium,0,0,0,7,3,7.6,6,1,High,12612,5,0,1,0.6,276,0,1,0,0,0,0,0,1,0,0,2026-02-17,31,31
U06103,12,39,150.4,52.9,23.4,2026-08-27,32,32,34,34,34,32.67,33.2,0.98,3,6,Medium,0,0,0,4,1,5.0,10,4,Moderate,10215,5,0,0,-0.6,283,0,0,0,0,0,0,0,0,0,0,2026-09-27,31,31
U06104,2,39,149.1,58.9,26.5,2026-07-31,31,34,32,31,32,32.33,32.0,1.1,6,5,Medium,0,0,0,9,8,7.1,1,5,Low,2729,3,0,0,0.9,178,0,0,0,0,0,0,0,0,0,0,2026-09-01,32,32
U06105,8,20,162.8,62.8,23.7,2026-02-07,35,37,35,34,34,35.67,35.0,1.1,4,4,Heavy,0,0,1,9,9,7.0,3,0,Low,6921,6,0,0,1.1,209,0,0,0,1,0,0,0,0,0,0,2026-03-17,38,38
U06106,7,27,164.7,72.7,26.8,2026-02-25,28,29,26,28,32,27.67,28.6,1.96,5,6,Light,0,0,0,2,5,7.0,2,7,Moderate,6042,2,0,0,-0.1,-470,0,1,0,0,0,0,0,0,0,0,2026-03-26,29,29
U06107,10,38,158.8,60.3,23.9,2026-03-18,29,30,31,27,28,30.0,29.0,1.41,4,4,Heavy,0,0,0,2,1,9.0,4,1,Moderate,5472,6,0,0,-0.1,81,0,0,0,0,0,0,0,0,0,0,2026-04-19,32,32
U06108,7,37,164.7,71.9,26.5,2026-08-03,27,29,26,26,28,27.33,27.2,1.17,7,3,Light,0,0,0,4,5,6.1,5,2,Moderate,11080,7,0,0,-0.1,95,0,0,0,0,0,0,0,0,0,0,2026-09-01,29,29
U06109,10,30,175.2,62.0,20.2,2026-06-30,25,27,22,25,25,24.67,24.8,1.6,3,7,Light,0,0,0,5,10,6.9,7,7,High,7801,9,0,0,0.3,-613,0,0,0,0,0,0,0,0,0,0,2026-07-28,28,28
U06110,4,30,159.0,51.6,20.4,2026-04-20,29,27,29,30,29,28.33,28.8,0.98,4,5,Heavy,0,0,0,4,6,7.7,5,2,Moderate,6870,6,0,0,0.6,311,0,1,1,0,0,0,0,0,0,0,2026-05-19,29,29
U06111,3,20,159.4,64.3,25.3,2026-03-06,30,30,29,28,30,29.67,29.4,0.8,7,4,Medium,0,0,0,9,9,6.0,10,6,Moderate,10644,6,0,0,1.0,-149,1,0,0,0,0,0,0,0,0,0,2026-04-08,33,33
U06112,11,26,167.9,76.4,27.1,2026-06-06,26,25,28,25,25,26.33,25.8,1.17,4,7,Medium,0,0,0,6,10,7.3,3,1,Low,2156,5,0,0,1.5,-67,0,1,0,0,0,0,0,1,0,0,2026-07-02,26,26
U06113,9,21,164.6,65.0,24.0,2026-07-17,31,33,30,29,30,31.33,30.6,1.36,3,6,Medium,0,0,0,2,8,5.4,3,5,Moderate,2947,5,0,0,1.3,-237,0,0,0,0,0,0,0,0,0,0,2026-08-15,29,29
U06114,4,22,156.8,51.6,21.0,2026-07-18,36,37,36,37,38,36.33,36.8,0.75,6,7,Medium,0,0,1,9,9,7.6,4,5,Moderate,2299,5,0,0,0.1,-399,0,1,0,1,0,0,0,0,0,1,2026-08-24,37,37
U06115,8,23,172.6,61.1,20.5,2026-07-16,29,28,30,31,33,29.0,30.2,1.72,6,4,Medium,1,0,0,2,8,6.5,6,2,Moderate,7610,10,0,0,0.5,16,1,0,0,0,1,0,0,0,0,0,2026-08-14,29,29
U06116,5,34,160.6,41.3,16.0,2026-03-28,26,29,25,29,29,26.67,27.6,1.74,3,6,Light,0,0,0,9,9,7.0,5,5,Moderate,10834,1,0,0,1.2,46,1,1,0,0,0,0,0,0,0,0,2026-04-25,28,28
U06117,5,21,162.5,67.6,25.6,2026-04-21,27,23,27,25,29,25.67,26.2,2.04,5,4,Medium,0,0,0,5,6,8.4,8,6,Moderate,4189,8,0,0,-0.2,-161,0,1,0,0,0,0,0,0,0,0,2026-05-20,29,29
U06118,2,22,163.5,52.4,19.6,2026-05-11,24,20,25,24,24,23.0,23.4,1.74,3,4,Medium,1,0,0,6,10,6.6,10,0,Low,10292,8,0,0,0.5,-222,0,0,0,0,0,0,0,0,0,0,2026-06-03,23,23
U06119,6,24,165.6,59.8,21.8,2026-01-30,29,27,30,26,31,28.67,28.6,1.85,6,3,Light,0,0,0,5,6,7.0,10,6,Moderate,4964,10,0,0,-0.1,-684,0,1,0,0,0,0,0,0,0,0,2026-03-01,30,30
U06120,2,39,161.4,46.6,17.9,2026-03-24,29,27,29,28,29,28.33,28.4,0.8,3,7,Medium,0,0,0,10,8,5.8,4,4,Moderate,7347,2,0,1,2.1,-153,0,0,0,0,0,0,0,0,0,0,2026-04-25,32,32
U06121,10,29,160.1,47.9,18.7,2026-05-27,31,33,33,29,32,32.33,31.6,1.5,7,6,Light,0,0,0,4,1,8.4,8,6,Moderate,13157,5,0,0,2.7,-93,0,0,0,0,0,0,0,1,0,0,2026-06-26,30,30
U06122,4,37,157.7,50.7,20.4,2026-03-13,34,36,34,35,32,34.67,34.2,1.33,7,6,Medium,0,0,0,8,3,4.8,1,6,Moderate,3545,7,1,0,-1.9,-263,0,1,0,0,1,0,0,0,0,0,2026-04-20,38,38
U06123,5,30,150.3,53.3,23.6,2026-04-18,30,33,30,33,28,31.0,30.8,1.94,5,7,Medium,0,0,0,10,7,8.1,1,2,Low,6493,9,0,0,-0.1,-361,0,0,0,0,0,0,0,1,1,0,2026-05-19,31,31
U06124,9,30,160.4,52.2,20.3,2026-07-13,29,29,28,30,31,28.67,29.4,1.02,5,7,Light,0,0,0,1,5,8.4,5,2,Low,8912,2,0,0,-1.4,305,0,0,0,0,0,0,0,0,0,0,2026-08-09,27,27
U06125,7,23,160.3,53.7,20.9,2026-02-19,30,29,31,30,25,30.0,29.0,2.1,3,7,Medium,0,0,0,8,6,7.5,2,3,Low,13939,6,0,0,2.7,-344,0,1,0,0,0,0,0,0,0,0,2026-03-23,32,32
U06126,3,34,156.2,53.4,21.9,2026-03-29,29,27,31,27,27,29.0,28.2,1.6,5,6,Medium,0,0,0,1,9,8.3,6,4,Moderate,10044,8,0,0,0.3,190,0,1,0,0,0,0,0,0,0,0,2026-04-22,24,24
U06127,4,39,166.4,60.1,21.7,2026-06-21,30,35,32,28,30,32.33,31.0,2.37,5,7,Light,0,0,0,6,6,6.6,4,1,Low,9866,10,0,1,0.2,389,0,0,1,0,0,0,0,0,0,0,2026-07-20,29,29
U06128,6,23,160.8,44.7,17.3,2026-08-08,30,32,32,26,30,31.33,30.0,2.19,4,4,Medium,0,0,0,10,3,7.2,9,7,Low,6185,1,1,0,1.8,-651,0,0,0,0,1,0,0,1,0,0,2026-09-06,29,29
U06129,8,20,167.9,72.4,25.7,2026-06-19,29,30,30,33,30,29.67,30.4,1.36,5,7,Heavy,0,0,1,10,5,8.6,7,7,Moderate,2411,6,0,1,-0.7,-628,0,1,0,1,0,0,0,1,0,0,2026-07-20,31,31
U06130,10,29,166.3,56.4,20.4,2026-02-16,27,26,28,27,29,27.0,27.4,1.02,6,4,Medium,0,0,0,8,2,8.1,9,4,Moderate,5437,4,0,0,-1.9,-235,0,0,0,0,0,0,0,0,0,0,2026-03-18,30,30
U06131,3,39,170.9,59.0,20.2,2026-08-20,31,31,32,30,30,31.33,30.8,0.75,7,4,Light,0,0,1,2,2,7.6,10,5,Moderate,6140,2,0,0,0.5,-53,0,0,0,1,0,0,0,0,0,0,2026-09-19,30,30
U06132,10,35,160.1,63.3,24.7,2026-01-06,26,26,26,25,27,26.0,26.0,0.63,5,7,Heavy,0,0,0,7,8,6.4,6,3,Moderate,8075,2,0,0,-1.5,156,1,0,0,0,0,0,0,0,0,0,2026-02-04,29,29
U06133,5,39,158.5,48.2,19.2,2026-04-01,33,32,34,32,34,33.0,33.0,0.89,4,6,Heavy,1,0,0,8,5,7.0,10,4,High,9155,4,0,1,-0.1,-638,0,1,0,0,0,0,0,0,0,0,2026-05-07,36,36
U06134,11,24,162.1,63.9,24.3,2026-03-22,26,26,27,27,25,26.33,26.2,0.75,7,4,Heavy,0,0,0,9,9,6.9,8,7,Moderate,8572,9,0,0,1.0,242,0,0,0,0,0,0,0,0,0,0,2026-04-19,28,28
U06135,12,30,170.6,63.7,21.9,2026-01-18,28,26,25,29,26,26.33,26.8,1.47,7,7,Medium,0,0,0,10,9,8.1,3,5,Low,8181,10,1,0,0.8,-551,0,0,0,0,0,0,0,0,0,1,2026-02-15,28,28
U06136,12,27,163.1,64.9,24.4,2026-08-14,29,28,28,28,28,28.33,28.2,0.4,6,7,Light,0,1,0,6,6,7.9,1,5,Moderate,9642,4,0,0,1.1,78,0,0,0,0,0,0,0,0,0,0,2026-09-11,28,28
U06137,11,33,155.2,52.5,21.8,2026-06-24,31,31,31,29,30,31.0,30.4,0.8,6,3,Heavy,0,0,0,9,8,7.6,4,3,High,5340,7,0,0,-0.3,-426,0,1,0,0,0,0,0,0,0,0,2026-07-25,31,31
U06138,6,39,158.5,64.8,25.8,2026-07-20,26,26,24,25,27,25.33,25.6,1.02,5,4,Medium,0,0,0,4,5,7.3,4,4,Moderate,6723,6,1,0,-0.8,209,0,0,0,0,0,0,0,0,0,0,2026-08-14,25,25
U06139,5,35,169.5,94.8,33.0,2026-01-19,29,30,25,31,28,28.0,28.6,2.06,4,4,Heavy,0,0,0,2,4,7.5,2,5,Moderate,10342,1,0,1,-2.1,-565,0,0,0,0,0,0,0,0,0,0,2026-02-19,31,31
U06140,8,28,157.5,44.2,17.8,2026-05-20,29,27,30,25,31,28.67,28.4,2.15,5,3,Heavy,0,0,0,2,2,7.1,3,0,Low,9798,6,0,1,0.6,-135,0,0,0,0,0,0,0,0,0,0,2026-06-19,30,30
U06141,12,20,163.4,70.0,26.2,2026-05-20,29,30,29,30,30,29.33,29.6,0.49,4,6,Medium,0,0,0,6,4,4.8,5,0,Moderate,11424,3,1,0,-1.2,-81,0,0,0,0,1,0,0,0,0,0,2026-06-17,28,28
U06142,3,20,152.8,53.0,22.7,2026-08-02,30,32,29,32,30,30.33,30.6,1.2,7,3,Light,0,0,0,8,8,6.0,1,1,Moderate,2551,5,1,0,-0.9,127,0,1,0,0,0,0,0,0,0,0,2026-09-02,31,31
U06143,3,27,170.6,46.6,16.0,2026-05-01,31,32,32,32,30,31.67,31.4,0.8,6,3,Medium,0,0,0,4,7,5.7,4,4,Moderate,5604,6,0,0,-0.1,-224,0,0,0,0,0,0,0,0,0,0,2026-06-01,31,31
U06144,10,25,166.1,67.6,24.5,2026-06-03,28,29,30,27,27,29.0,28.2,1.17,4,5,Medium,0,0,0,6,9,7.4,7,1,Low,12836,5,0,0,-0.4,-603,0,0,0,0,0,0,0,0,0,0,2026-06-30,27,27
